@Model:X12; Fireware:V2.1.3; Hardware:V1.0.0; SN:2411089990

$1;1;0;2;0;0;50339;31135;0;374;0;3462;3465;3465;3467;3462;3462;3457;3454;3447;0;0;0;22
$1;1;1000;2;0;0;50337;31136;0;374;0;3463;3465;3465;3468;3462;3462;3457;3454;3447;0;0;0;36
$1;1;2000;2;0;235;49964;31224;0;374;0;3468;3469;3469;3472;3466;3466;3462;3459;3452;0;0;0;40
$1;1;3000;2;0;1347;49642;31703;3;377;0;3497;3495;3496;3502;3491;3492;3491;3485;3482;0;0;0;17
$1;1;4000;2;0;1486;49619;31748;7;377;0;3504;3502;3503;3509;3497;3499;3499;3492;3489;0;0;0;19
$1;128;4000;330;150;17;16;16;18;14;16;19;16;18;0;0;0;46
$1;1;5000;2;0;1497;49605;31757;12;378;0;3506;3504;3505;3511;3499;3501;3500;3494;3491;0;0;0;33
$1;1;6000;2;0;1498;49594;31763;16;379;0;3507;3504;3505;3512;3500;3502;3501;3495;3492;0;0;0;39
$1;1;7000;2;0;1502;49581;31769;20;379;0;3508;3505;3506;3513;3500;3502;3502;3495;3493;0;0;0;33
$1;1;8000;2;0;1501;49574;31773;24;379;0;3508;3506;3507;3513;3501;3503;3502;3496;3493;0;0;0;41
$1;1;9000;2;0;1499;49564;31776;28;379;0;3509;3506;3507;3514;3501;3503;3503;3496;3494;0;0;0;32
$1;1;10000;2;0;1499;49557;31780;33;380;0;3509;3507;3508;3514;3501;3504;3503;3497;3494;0;0;0;21
$1;1;11000;2;0;1499;49550;31783;37;380;0;3509;3507;3508;3515;3502;3504;3504;3497;3494;0;0;0;17
$1;1;12000;2;0;1498;49549;31787;41;380;0;3510;3507;3508;3515;3502;3504;3504;3498;3495;0;0;0;24
$1;1;13000;2;0;1500;49544;31794;45;380;0;3510;3508;3509;3515;3503;3505;3505;3498;3495;0;0;0;29
$1;1;14000;2;0;1497;49540;31796;49;381;0;3511;3508;3509;3515;3503;3505;3505;3499;3496;0;0;0;29
$1;1;15000;2;0;1499;49535;31802;53;381;0;3511;3509;3510;3516;3503;3506;3506;3499;3496;0;0;0;19
$1;1;16000;2;0;1501;49529;31804;58;381;0;3512;3509;3510;3516;3504;3506;3506;3499;3497;0;0;0;21
$1;1;17000;2;0;1498;49525;31808;62;381;0;3512;3510;3510;3517;3504;3506;3506;3500;3497;0;0;0;20
$1;1;18000;2;0;1502;49518;31812;66;382;0;3512;3510;3511;3517;3504;3507;3507;3500;3498;0;0;0;21
$1;1;19000;2;0;1499;49516;31814;70;382;0;3513;3510;3511;3517;3505;3507;3507;3500;3498;0;0;0;24
$1;1;20000;2;0;1499;49510;31815;74;382;0;3513;3511;3511;3518;3505;3507;3507;3501;3498;0;0;0;30
$1;1;21000;2;0;1500;49500;31819;78;383;0;3513;3511;3512;3518;3505;3508;3508;3501;3498;0;0;0;29
$1;1;22000;2;0;1500;49499;31820;82;383;0;3513;3511;3512;3519;3506;3508;3508;3501;3499;0;0;0;19
$1;1;23000;2;0;1497;49497;31822;87;383;0;3514;3511;3512;3518;3506;3508;3508;3501;3499;0;0;0;18
$1;1;24000;2;0;1500;49489;31825;91;384;0;3514;3512;3512;3519;3506;3508;3508;3502;3499;0;0;0;19
$1;1;25000;2;0;1501;49478;31827;95;384;0;3514;3512;3513;3520;3507;3509;3509;3502;3499;0;0;0;17
$1;1;26000;2;0;1502;49468;31830;99;385;0;3514;3512;3513;3520;3507;3509;3509;3502;3500;0;0;0;26
$1;1;27000;2;0;1501;49469;31832;103;386;0;3515;3512;3513;3520;3507;3509;3509;3503;3500;0;0;0;42
$1;1;28000;2;0;1500;49474;31834;108;386;0;3515;3513;3513;3520;3507;3509;3510;3503;3500;0;0;0;44
$1;1;29000;2;0;1500;49471;31838;112;387;0;3515;3513;3514;3521;3508;3510;3510;3503;3501;0;0;0;46
$1;1;30000;2;0;1499;49457;31841;116;387;0;3516;3513;3514;3521;3508;3510;3510;3503;3501;0;0;0;42
$1;1;31000;2;0;1501;49446;31845;120;387;0;3516;3514;3514;3521;3508;3510;3511;3504;3501;0;0;0;43
$1;1;32000;2;0;1499;49453;31847;124;388;0;3516;3514;3515;3521;3508;3511;3511;3504;3502;0;0;0;38
$1;1;33000;2;0;1498;49446;31849;128;388;0;3516;3514;3515;3521;3509;3511;3511;3504;3502;0;0;0;33
$1;1;34000;2;0;1499;49415;31850;132;388;0;3517;3514;3515;3521;3509;3511;3511;3505;3502;0;0;0;34
$1;1;35000;2;0;1500;49402;31851;137;389;0;3517;3514;3515;3521;3509;3511;3512;3505;3502;0;0;0;34
$1;1;36000;2;0;1499;49405;31853;141;389;0;3517;3514;3515;3522;3509;3512;3512;3505;3502;0;0;0;36
$1;1;37000;2;0;1497;49390;31853;145;389;0;3517;3515;3516;3522;3509;3512;3512;3505;3502;0;0;0;38
$1;1;38000;2;0;1502;49398;31858;149;390;0;3517;3515;3516;3523;3510;3512;3512;3505;3503;0;0;0;43
$1;1;39000;2;0;1499;49418;31859;153;390;0;3518;3515;3516;3523;3510;3512;3513;3506;3503;0;0;0;33
$1;1;40000;2;0;1499;49426;31861;158;391;0;3518;3515;3516;3523;3510;3512;3513;3506;3503;0;0;0;35
$1;1;41000;2;0;1502;49420;31863;162;391;0;3518;3516;3517;3523;3510;3513;3513;3506;3504;0;0;0;40
$1;1;42000;2;0;1500;49418;31864;166;391;0;3518;3516;3517;3523;3510;3513;3513;3506;3504;0;0;0;33
$1;1;43000;2;0;1498;49419;31865;170;391;0;3518;3516;3517;3523;3511;3513;3513;3506;3504;0;0;0;38
$1;1;44000;2;0;1500;49419;31867;174;392;0;3518;3516;3517;3524;3511;3513;3514;3507;3504;0;0;0;37
$1;1;45000;2;0;1501;49417;31869;178;392;0;3519;3516;3517;3524;3511;3513;3514;3507;3504;0;0;0;40
$1;1;46000;2;0;1502;49414;31870;182;394;0;3519;3517;3517;3524;3511;3514;3514;3507;3504;0;0;0;38
$1;1;47000;2;0;1498;49414;31871;187;394;0;3519;3517;3518;3524;3511;3514;3514;3507;3505;0;0;0;47
$1;1;48000;2;0;1499;49412;31874;191;395;0;3519;3517;3518;3524;3512;3514;3514;3507;3505;0;0;0;39
$1;1;49000;2;0;1499;49411;31876;195;395;0;3519;3517;3518;3525;3512;3514;3514;3508;3505;0;0;0;45
$1;1;50000;2;0;1501;49409;31878;199;396;0;3520;3517;3518;3525;3512;3514;3515;3508;3505;0;0;0;38
$1;1;51000;2;0;1501;49406;31880;203;396;0;3520;3518;3518;3525;3512;3515;3515;3508;3505;0;0;0;33
$1;1;52000;2;0;1503;49404;31882;208;397;0;3520;3517;3518;3526;3512;3515;3515;3508;3505;0;0;0;38
$1;1;53000;2;0;1498;49395;31881;212;397;0;3520;3518;3518;3526;3512;3515;3515;3508;3506;0;0;0;47
$1;1;54000;2;0;1499;49399;31883;216;397;0;3520;3518;3519;3526;3512;3515;3515;3508;3506;0;0;0;34
$1;1;55000;2;0;1498;49390;31887;220;398;0;3521;3518;3519;3526;3513;3515;3516;3509;3506;0;0;0;39
$1;1;56000;2;0;1499;49386;31889;224;398;0;3521;3518;3519;3526;3513;3516;3516;3509;3507;0;0;0;42
$1;1;57000;2;0;1500;49388;31890;229;398;0;3521;3519;3519;3526;3513;3516;3516;3509;3507;0;0;0;32
$1;1;58000;2;0;1498;49387;31891;233;399;0;3521;3519;3520;3526;3513;3516;3516;3509;3507;0;0;0;33
$1;1;59000;2;0;1499;49389;31895;237;399;0;3521;3519;3520;3526;3513;3516;3517;3510;3507;0;0;0;38
$1;1;60000;2;0;1501;49388;31897;241;399;0;3522;3520;3520;3527;3514;3516;3517;3510;3508;0;0;0;46
$1;1;61000;2;0;1499;49386;31899;245;400;0;3522;3520;3520;3527;3514;3516;3517;3510;3508;0;0;0;44
$1;1;62000;2;0;1499;49384;31899;249;400;0;3522;3520;3520;3527;3514;3516;3517;3510;3508;0;0;0;33
$1;1;63000;2;0;1499;49380;31900;254;401;0;3522;3520;3520;3527;3514;3517;3517;3510;3508;0;0;0;41
$1;1;64000;2;0;1500;49378;31900;258;402;0;3522;3520;3520;3527;3514;3517;3517;3510;3508;0;0;0;39
$1;128;64000;332;150;18;16;15;18;14;16;18;16;19;0;0;0;22
$1;1;65000;2;0;1501;49376;31903;262;403;0;3522;3520;3521;3527;3514;3517;3518;3511;3508;0;0;0;45
$1;1;66000;2;0;1500;49366;31905;266;403;0;3522;3520;3521;3528;3514;3517;3518;3511;3508;0;0;0;35
$1;1;67000;2;0;1499;49371;31906;270;404;0;3523;3520;3521;3528;3515;3517;3518;3511;3509;0;0;0;39
$1;1;68000;2;0;1499;49354;31907;274;404;0;3523;3521;3521;3528;3515;3517;3518;3511;3509;0;0;0;43
$1;1;69000;2;0;1449;49383;31889;278;404;0;3522;3520;3521;3527;3514;3516;3517;3510;3508;0;0;0;38
$1;1;70000;2;0;1496;49364;31908;283;405;0;3523;3521;3521;3528;3515;3518;3518;3511;3509;0;0;0;39
$1;1;71000;2;0;1498;49364;31911;287;405;0;3523;3521;3522;3528;3515;3518;3518;3511;3509;0;0;0;39
$1;1;72000;2;0;1453;49383;31896;291;405;0;3523;3521;3521;3528;3515;3517;3518;3511;3508;0;0;0;46
$1;1;73000;2;0;1491;49364;31910;295;406;0;3523;3521;3521;3528;3515;3518;3519;3511;3509;0;0;0;47
$1;1;74000;2;0;1500;49359;31914;299;406;0;3523;3521;3522;3529;3515;3518;3519;3512;3509;0;0;0;38
$1;1;75000;2;0;1500;49357;31915;303;406;0;3524;3521;3522;3529;3516;3518;3519;3512;3510;0;0;0;38
$1;1;76000;2;0;1475;49361;31908;308;407;0;3523;3521;3522;3529;3516;3518;3519;3512;3510;0;0;0;34
$1;1;77000;2;0;1488;49353;31912;312;407;0;3524;3521;3522;3528;3516;3518;3519;3512;3510;0;0;0;38
$1;1;78000;2;0;1498;49341;31918;316;407;0;3524;3522;3522;3529;3516;3519;3519;3512;3510;0;0;0;38
$1;1;79000;2;0;1500;49340;31919;320;407;0;3524;3522;3523;3529;3516;3519;3520;3512;3510;0;0;0;41
$1;1;80000;2;0;1499;49336;31920;324;408;0;3524;3522;3523;3529;3516;3519;3520;3512;3510;0;0;0;46
$1;1;81000;2;0;1498;49343;31921;328;409;0;3524;3522;3523;3530;3516;3519;3520;3513;3511;0;0;0;40
$1;1;82000;2;0;1498;49342;31922;332;409;0;3524;3522;3523;3530;3516;3519;3520;3513;3511;0;0;0;34
$1;1;83000;2;0;1446;49366;31904;337;409;0;3524;3521;3522;3529;3516;3519;3519;3512;3510;0;0;0;39
$1;1;84000;2;0;1494;49343;31923;341;410;0;3524;3522;3523;3530;3516;3519;3520;3513;3511;0;0;0;36
$1;1;85000;2;0;1498;49337;31925;345;410;0;3525;3523;3523;3530;3517;3520;3520;3513;3511;0;0;0;35
$1;1;86000;2;0;1499;49335;31926;349;410;0;3525;3522;3523;3530;3517;3519;3520;3513;3511;0;0;0;39
$1;1;87000;2;0;1499;49331;31928;353;410;0;3525;3523;3523;3531;3517;3520;3521;3513;3511;0;0;0;44
$1;1;88000;2;0;1498;49332;31930;357;410;0;3525;3523;3524;3530;3517;3520;3521;3513;3511;0;0;0;42
$1;1;89000;2;0;1500;49329;31933;361;410;0;3525;3523;3524;3531;3517;3520;3521;3514;3512;0;0;0;34
$1;1;90000;2;0;1502;49330;31934;366;410;0;3526;3523;3524;3531;3517;3520;3521;3514;3512;0;0;0;35
$1;1;91000;2;0;1499;49327;31933;370;410;0;3526;3523;3524;3531;3517;3520;3521;3514;3511;0;0;0;36
$1;1;92000;2;0;1499;49328;31935;374;410;0;3526;3523;3524;3531;3518;3520;3521;3514;3512;0;0;0;38
$1;1;93000;2;0;1499;49327;31935;378;410;0;3526;3524;3524;3531;3518;3521;3521;3514;3512;0;0;0;34
$1;1;94000;2;0;1500;49327;31939;382;410;0;3526;3524;3524;3531;3518;3521;3522;3514;3512;0;0;0;46
$1;1;95000;2;0;1499;49326;31940;387;410;0;3526;3524;3525;3531;3518;3521;3522;3515;3512;0;0;0;36
$1;1;96000;2;0;1500;49322;31942;391;411;0;3526;3524;3525;3531;3518;3521;3522;3515;3513;0;0;0;39
$1;1;97000;2;0;1500;49319;31943;395;411;0;3526;3524;3525;3532;3518;3521;3522;3515;3513;0;0;0;40
$1;1;98000;2;0;1500;49319;31944;399;411;0;3527;3524;3525;3531;3519;3521;3522;3515;3513;0;0;0;47
$1;1;99000;2;0;1501;49316;31945;403;411;0;3527;3524;3525;3532;3519;3522;3522;3515;3513;0;0;0;37
$1;1;100000;2;0;1499;49317;31946;407;411;0;3527;3525;3525;3532;3519;3522;3522;3515;3513;0;0;0;19
$1;1;101000;2;0;1501;49315;31947;412;411;0;3527;3525;3525;3532;3519;3522;3523;3515;3513;0;0;0;20
$1;1;102000;2;0;1500;49313;31947;416;411;0;3527;3524;3525;3532;3519;3522;3522;3515;3513;0;0;0;20
$1;1;103000;2;0;1498;49313;31949;420;411;0;3527;3525;3525;3532;3519;3522;3523;3515;3514;0;0;0;25
$1;1;104000;2;0;1499;49311;31949;424;411;0;3527;3525;3526;3532;3519;3522;3523;3516;3513;0;0;0;30
$1;1;105000;2;0;1499;49309;31950;428;410;0;3527;3525;3526;3532;3519;3522;3523;3516;3514;0;0;0;20
$1;1;106000;2;0;1498;49307;31951;432;410;0;3527;3525;3526;3532;3520;3522;3523;3516;3514;0;0;0;24
$1;1;107000;2;0;1501;49306;31953;437;410;0;3528;3525;3526;3532;3520;3522;3523;3516;3514;0;0;0;17
$1;1;108000;2;0;1499;49308;31953;441;410;0;3528;3525;3526;3532;3520;3523;3523;3516;3514;0;0;0;16
$1;1;109000;2;0;1460;49310;31938;445;410;0;3527;3525;3525;3532;3519;3522;3522;3515;3513;0;0;0;21
$1;1;110000;2;0;1494;49292;31953;449;410;0;3528;3525;3526;3532;3520;3522;3523;3516;3514;0;0;0;31
$1;1;111000;2;0;1498;49296;31955;453;409;0;3528;3526;3526;3533;3520;3523;3523;3516;3514;0;0;0;16
$1;1;112000;2;0;1450;49319;31937;457;410;0;3527;3525;3526;3532;3519;3522;3523;3515;3513;0;0;0;27
$1;1;113000;2;0;1494;49297;31955;462;410;0;3528;3526;3526;3532;3520;3523;3523;3516;3514;0;0;0;20
$1;1;114000;2;0;1487;49299;31953;465;410;0;3528;3525;3526;3533;3520;3523;3523;3516;3514;0;0;0;28
$1;1;115000;2;0;1453;49317;31941;470;410;0;3527;3525;3526;3532;3520;3522;3523;3516;3514;0;0;0;27
$1;1;116000;2;0;1467;49310;31947;474;410;0;3527;3525;3526;3533;3520;3523;3523;3516;3514;0;0;0;26
$1;1;117000;2;0;1456;49314;31944;478;410;0;3527;3525;3526;3532;3520;3522;3523;3516;3514;0;0;0;18
$1;1;118000;2;0;1471;49304;31951;482;410;0;3528;3526;3526;3533;3520;3523;3523;3516;3515;0;0;0;21
$1;1;119000;2;0;1468;49307;31949;486;410;0;3528;3525;3526;3532;3520;3523;3523;3516;3514;0;0;0;17
$1;1;120000;2;0;1444;49317;31942;490;409;0;3527;3525;3526;3532;3520;3522;3523;3516;3514;0;0;0;30
$1;1;121000;2;0;1493;49293;31961;494;409;0;3528;3526;3527;3533;3521;3523;3524;3517;3515;0;0;0;22
$1;1;122000;2;0;1488;49294;31959;498;409;0;3528;3526;3527;3533;3521;3523;3524;3517;3515;0;0;0;31
$1;1;123000;2;0;1497;49291;31965;503;409;0;3529;3526;3527;3533;3521;3524;3525;3517;3515;0;0;0;30
$1;1;124000;2;0;1471;49301;31956;507;408;0;3528;3526;3527;3533;3521;3523;3524;3517;3515;0;0;0;27
$1;128;124000;334;148;16;16;15;17;14;16;19;16;19;0;0;0;44
$1;1;125000;2;0;1498;49288;31967;511;408;0;3529;3527;3527;3534;3521;3524;3524;3517;3516;0;0;0;27
$1;1;126000;2;0;1499;49285;31968;515;408;0;3529;3527;3528;3534;3521;3524;3525;3518;3516;0;0;0;30
$1;1;127000;2;0;1500;49283;31970;519;408;0;3529;3527;3528;3534;3522;3524;3525;3518;3516;0;0;0;30
$1;1;128000;2;0;1499;49279;31969;523;409;0;3529;3527;3527;3535;3521;3524;3525;3518;3516;0;0;0;24
$1;1;129000;2;0;1452;49298;31952;528;409;0;3528;3526;3527;3534;3521;3523;3524;3517;3515;0;0;0;25
$1;1;130000;2;0;1497;49274;31970;532;409;0;3529;3527;3528;3535;3522;3524;3525;3518;3516;0;0;0;22
$1;1;131000;2;0;1502;49269;31972;536;408;0;3530;3527;3528;3535;3522;3524;3525;3518;3516;0;0;0;25
$1;1;132000;2;0;1502;49262;31973;540;408;0;3530;3527;3528;3535;3522;3524;3525;3518;3516;0;0;0;17
$1;1;133000;2;0;1501;49268;31973;544;408;0;3530;3527;3528;3536;3522;3524;3525;3518;3516;0;0;0;30
$1;1;134000;2;0;1502;49267;31975;548;408;0;3530;3527;3528;3536;3522;3525;3525;3518;3516;0;0;0;30
$1;1;135000;2;0;1499;49268;31976;553;407;0;3530;3528;3528;3535;3522;3525;3525;3518;3517;0;0;0;24
$1;1;136000;2;0;1500;49265;31978;557;407;0;3530;3528;3528;3535;3522;3525;3526;3519;3517;0;0;0;31
$1;1;137000;2;0;1498;49259;31980;561;407;0;3530;3528;3528;3535;3522;3525;3526;3519;3517;0;0;0;19
$1;1;138000;2;0;1498;49256;31981;565;407;0;3530;3528;3529;3535;3523;3525;3526;3519;3517;0;0;0;22
$1;1;139000;2;0;1502;49257;31983;569;406;0;3531;3528;3529;3535;3523;3525;3526;3519;3517;0;0;0;26
$1;1;140000;2;0;1499;49259;31983;573;406;0;3531;3528;3529;3535;3523;3525;3526;3519;3517;0;0;0;18
$1;1;141000;2;0;1500;49258;31983;577;406;0;3531;3528;3529;3536;3523;3525;3526;3519;3517;0;0;0;20
$1;1;142000;2;0;1501;49259;31985;582;406;0;3531;3528;3529;3536;3523;3526;3526;3519;3518;0;0;0;23
$1;1;143000;2;0;1498;49259;31985;586;405;0;3531;3529;3529;3536;3523;3526;3526;3520;3518;0;0;0;27
$1;1;144000;2;0;1500;49255;31986;590;406;0;3531;3529;3529;3536;3523;3526;3527;3520;3518;0;0;0;22
$1;1;145000;2;0;1499;49254;31987;594;406;0;3531;3529;3529;3536;3523;3526;3526;3520;3518;0;0;0;19
$1;1;146000;2;0;1500;49253;31988;598;406;0;3531;3529;3529;3536;3523;3526;3527;3520;3518;0;0;0;20
$1;1;147000;2;0;1499;49252;31988;602;406;0;3531;3529;3529;3536;3523;3526;3527;3520;3518;0;0;0;21
$1;1;148000;2;0;1500;49252;31990;606;406;0;3531;3529;3530;3536;3523;3526;3527;3520;3518;0;0;0;30
$1;1;149000;2;0;1500;49251;31991;611;406;0;3531;3529;3530;3536;3524;3526;3527;3520;3518;0;0;0;28
$1;1;150000;2;0;1501;49250;31992;615;406;0;3532;3529;3530;3537;3524;3526;3527;3520;3519;0;0;0;16
$1;1;151000;2;0;1499;49246;31993;619;405;0;3532;3529;3530;3536;3524;3526;3527;3520;3518;0;0;0;24
$1;1;152000;2;0;1499;49242;31993;623;405;0;3532;3529;3530;3536;3524;3526;3527;3520;3519;0;0;0;23
$1;1;153000;2;0;1486;49242;31987;627;405;0;3531;3529;3530;3536;3524;3526;3527;3520;3518;0;0;0;27
$1;1;154000;2;0;1497;49241;31994;631;405;0;3532;3529;3530;3537;3524;3527;3527;3520;3519;0;0;0;24
$1;1;155000;2;0;1499;49241;31995;635;404;0;3532;3529;3530;3537;3524;3527;3527;3520;3519;0;0;0;19
$1;1;156000;2;0;1499;49243;31995;639;404;0;3532;3529;3530;3537;3524;3527;3527;3520;3519;0;0;0;30
$1;1;157000;2;0;1499;49242;31996;643;404;0;3532;3530;3530;3537;3524;3527;3528;3521;3519;0;0;0;22
$1;1;158000;2;0;1450;49265;31979;647;404;0;3531;3529;3530;3536;3524;3526;3527;3520;3518;0;0;0;24
$1;1;159000;2;0;1494;49242;31995;652;403;0;3532;3530;3530;3537;3524;3527;3527;3521;3519;0;0;0;30
$1;1;160000;2;0;1497;49239;31996;656;404;0;3532;3530;3530;3537;3524;3527;3528;3521;3519;0;0;0;20
$1;1;161000;2;0;1498;49236;31996;660;404;0;3532;3530;3530;3537;3525;3527;3528;3521;3519;0;0;0;17
$1;1;162000;2;0;1501;49233;31999;664;404;0;3532;3530;3530;3537;3525;3527;3528;3521;3519;0;0;0;29
$1;1;163000;2;0;1499;49234;31999;668;404;0;3532;3530;3531;3537;3525;3527;3528;3521;3520;0;0;0;28
$1;1;164000;2;0;1447;49258;31981;672;404;0;3532;3529;3530;3536;3524;3527;3527;3520;3519;0;0;0;29
$1;1;165000;2;0;1496;49234;31998;677;404;0;3532;3530;3530;3538;3525;3527;3528;3521;3519;0;0;0;30
$1;1;166000;2;0;1466;49247;31988;681;403;0;3532;3529;3530;3537;3524;3527;3527;3521;3519;0;0;0;16
$1;1;167000;2;0;1495;49233;32000;685;404;0;3532;3530;3531;3537;3525;3528;3528;3521;3520;0;0;0;21
$1;1;168000;2;0;1500;49228;32002;689;403;0;3533;3530;3531;3538;3525;3528;3528;3521;3520;0;0;0;26
$1;1;169000;2;0;1499;49227;32003;693;403;0;3533;3530;3531;3537;3525;3528;3528;3522;3520;0;0;0;19
$1;1;170000;2;0;1493;49226;32000;697;403;0;3533;3530;3531;3538;3525;3528;3528;3521;3520;0;0;0;27
$1;1;171000;2;0;1477;49234;31995;702;402;0;3532;3530;3531;3538;3525;3527;3528;3521;3520;0;0;0;23
$1;1;172000;2;0;1463;49241;31990;706;402;0;3532;3530;3530;3537;3525;3527;3527;3521;3519;0;0;0;25
$1;1;173000;2;0;1497;49226;32005;710;402;0;3533;3530;3531;3538;3525;3528;3528;3522;3520;0;0;0;21
$1;1;174000;2;0;1497;49225;32005;714;402;0;3533;3530;3531;3538;3525;3528;3529;3522;3520;0;0;0;20
$1;1;175000;2;0;1477;49234;31997;718;402;0;3533;3530;3531;3537;3525;3528;3528;3521;3520;0;0;0;27
$1;1;176000;2;0;1486;49228;32001;722;401;0;3533;3530;3531;3538;3525;3528;3528;3522;3520;0;0;0;24
$1;1;177000;2;0;1482;49226;32000;726;402;0;3533;3530;3531;3537;3525;3528;3528;3521;3520;0;0;0;25
$1;1;178000;2;0;1500;49216;32007;730;402;0;3533;3531;3531;3538;3526;3528;3529;3522;3521;0;0;0;16
$1;1;179000;2;0;1501;49215;32009;734;402;0;3533;3531;3532;3538;3526;3529;3529;3522;3521;0;0;0;27
$1;1;180000;2;0;1502;49211;32010;738;402;0;3534;3531;3532;3538;3526;3528;3529;3522;3521;0;0;0;24
$1;1;181000;2;0;1447;49231;31991;742;402;0;3533;3530;3531;3537;3525;3528;3528;3521;3520;0;0;0;31
$1;1;182000;2;0;1460;49228;31996;746;402;0;3533;3530;3531;3538;3525;3528;3528;3522;3520;0;0;0;30
$1;1;183000;2;0;1438;49240;31990;751;402;0;3533;3530;3531;3538;3525;3528;3528;3521;3520;0;0;0;31
$1;1;184000;2;0;1491;49212;32009;755;402;0;3534;3531;3532;3538;3526;3529;3529;3522;3521;0;0;0;22
$1;128;184000;333;148;16;16;15;18;14;16;18;16;19;0;0;0;47
$1;1;185000;2;0;1499;49210;32012;759;401;0;3534;3531;3532;3539;3526;3529;3529;3523;3521;0;0;0;24
$1;1;186000;2;0;1443;49236;31994;763;401;0;3533;3531;3531;3538;3526;3528;3529;3522;3520;0;0;0;17
$1;1;187000;2;0;1493;49209;32011;767;401;0;3534;3531;3532;3539;3526;3529;3530;3522;3521;0;0;0;31
$1;1;188000;2;0;1499;49207;32015;771;401;0;3534;3531;3532;3539;3527;3529;3530;3523;3521;0;0;0;23
$1;1;189000;2;0;1499;49205;32015;776;401;0;3534;3532;3532;3539;3527;3529;3530;3523;3521;0;0;0;16
$1;1;190000;2;0;1499;49199;32018;780;401;0;3534;3532;3533;3539;3527;3529;3530;3523;3521;0;0;0;27
$1;1;191000;2;0;1499;49185;32019;784;400;0;3535;3532;3533;3539;3527;3529;3530;3523;3522;0;0;0;17
$1;1;192000;2;0;1500;49195;32019;788;400;0;3535;3532;3532;3540;3527;3529;3530;3523;3522;0;0;0;17
$1;1;193000;2;0;1500;49194;32021;792;400;0;3535;3532;3533;3539;3527;3529;3530;3523;3522;0;0;0;30
$1;1;194000;2;0;1501;49184;32021;796;401;0;3535;3532;3533;3539;3527;3530;3530;3523;3522;0;0;0;20
$1;1;195000;2;0;1498;49182;32021;801;401;0;3535;3532;3533;3539;3527;3529;3530;3524;3522;0;0;0;28
$1;1;196000;2;0;1498;49186;32022;805;401;0;3535;3532;3533;3540;3527;3530;3530;3524;3522;0;0;0;26
$1;1;197000;2;0;1498;49188;32023;809;401;0;3535;3532;3533;3540;3527;3530;3530;3524;3522;0;0;0;24
$1;1;198000;2;0;1499;49190;32023;813;401;0;3535;3533;3533;3540;3527;3530;3530;3524;3522;0;0;0;21
$1;1;199000;2;0;1500;49189;32025;817;400;0;3535;3533;3533;3540;3527;3530;3531;3524;3522;0;0;0;31
$1;1;200000;2;0;1499;49189;32025;821;400;0;3535;3533;3533;3540;3527;3530;3531;3524;3523;0;0;0;25
$1;1;201000;2;0;1499;49186;32026;825;400;0;3535;3533;3533;3540;3528;3530;3531;3524;3523;0;0;0;31
$1;1;202000;2;0;1501;49186;32027;830;400;0;3535;3533;3533;3540;3528;3530;3531;3524;3523;0;0;0;25
$1;1;203000;2;0;1500;49184;32028;834;400;0;3535;3533;3534;3540;3528;3530;3531;3524;3523;0;0;0;23
$1;1;204000;2;0;1501;49182;32028;838;400;0;3536;3533;3534;3540;3528;3530;3531;3524;3523;0;0;0;24
$1;1;205000;2;0;1497;49185;32028;842;400;0;3536;3533;3534;3540;3528;3530;3531;3524;3523;0;0;0;29
$1;1;206000;2;0;1501;49181;32030;846;399;0;3536;3533;3534;3540;3528;3530;3531;3524;3523;0;0;0;30
$1;1;207000;2;0;1499;49183;32030;851;399;0;3536;3533;3534;3540;3528;3531;3531;3524;3523;0;0;0;26
$1;1;208000;2;0;1500;49181;32031;855;399;0;3536;3533;3534;3540;3528;3531;3531;3525;3523;0;0;0;18
$1;1;209000;2;0;1498;49178;32031;859;399;0;3536;3533;3534;3540;3528;3531;3531;3525;3523;0;0;0;25
$1;1;210000;2;0;1501;49178;32032;863;399;0;3536;3534;3534;3541;3528;3531;3532;3525;3523;0;0;0;31
$1;1;211000;2;0;1498;49177;32031;867;399;0;3536;3534;3534;3541;3528;3531;3531;3525;3523;0;0;0;20
$1;1;212000;2;0;1500;49175;32032;871;400;0;3536;3534;3534;3541;3528;3531;3532;3525;3524;0;0;0;18
$1;1;213000;2;0;1498;49174;32033;875;400;0;3536;3534;3534;3541;3528;3531;3531;3525;3523;0;0;0;19
$1;1;214000;2;0;1501;49171;32034;880;400;0;3536;3534;3534;3541;3528;3531;3532;3525;3524;0;0;0;25
$1;1;215000;2;0;1498;49172;32034;884;400;0;3536;3534;3534;3541;3529;3531;3532;3525;3524;0;0;0;31
$1;1;216000;2;0;1499;49171;32034;888;400;0;3536;3534;3534;3541;3529;3531;3532;3525;3524;0;0;0;18
$1;1;217000;2;0;1498;49171;32034;892;399;0;3536;3534;3535;3541;3529;3531;3532;3525;3523;0;0;0;24
$1;1;218000;2;0;1498;49170;32035;896;399;0;3536;3534;3535;3541;3529;3531;3532;3525;3524;0;0;0;20
$1;1;219000;2;0;1499;49170;32036;900;399;0;3536;3534;3535;3541;3529;3531;3532;3525;3524;0;0;0;25
$1;1;220000;2;0;1502;49168;32037;905;399;0;3536;3534;3535;3541;3529;3532;3532;3526;3524;0;0;0;29
$1;1;221000;2;0;1447;49193;32018;909;399;0;3536;3533;3534;3540;3528;3531;3531;3524;3523;0;0;0;26
$1;1;222000;2;0;1450;49191;32019;912;399;0;3535;3533;3533;3540;3528;3530;3531;3524;3523;0;0;0;19
$1;1;223000;2;0;1435;49198;32014;916;399;0;3535;3533;3534;3540;3528;3530;3531;3524;3522;0;0;0;23
$1;1;224000;2;0;1438;49194;32017;920;399;0;3535;3533;3534;3540;3528;3530;3531;3524;3523;0;0;0;22
$1;1;225000;2;0;1466;49179;32026;925;399;0;3536;3533;3534;3541;3528;3531;3531;3525;3523;0;0;0;26
$1;1;226000;2;0;1452;49186;32022;929;398;0;3536;3533;3534;3541;3529;3531;3531;3525;3523;0;0;0;22
$1;1;227000;2;0;1472;49175;32029;933;399;0;3536;3534;3534;3541;3528;3531;3532;3525;3523;0;0;0;29
$1;1;228000;2;0;1485;49166;32034;937;398;0;3536;3534;3535;3541;3529;3531;3532;3525;3524;0;0;0;22
$1;1;229000;2;0;1497;49157;32039;941;399;0;3537;3534;3535;3541;3529;3532;3532;3526;3524;0;0;0;26
$1;1;230000;2;0;1500;49154;32041;945;399;0;3537;3534;3535;3542;3530;3532;3533;3526;3524;0;0;0;31
$1;1;231000;2;0;1501;49154;32042;949;399;0;3537;3534;3535;3542;3530;3532;3533;3526;3525;0;0;0;17
$1;1;232000;2;0;1497;49155;32041;953;399;0;3537;3534;3535;3542;3529;3532;3533;3526;3525;0;0;0;29
$1;1;233000;2;0;1448;49177;32025;957;399;0;3536;3534;3535;3541;3529;3532;3532;3525;3524;0;0;0;25
$1;1;234000;2;0;1459;49169;32030;961;399;0;3536;3534;3535;3541;3529;3532;3532;3526;3524;0;0;0;19
$1;1;235000;2;0;1492;49150;32041;965;399;0;3537;3535;3535;3542;3530;3532;3533;3526;3525;0;0;0;22
$1;1;236000;2;0;1499;49142;32043;970;399;0;3537;3535;3536;3542;3529;3532;3533;3526;3525;0;0;0;16
$1;1;237000;2;0;1500;49138;32045;974;399;0;3537;3535;3535;3542;3530;3533;3533;3526;3525;0;0;0;21
$1;1;238000;2;0;1498;49138;32045;978;398;0;3537;3535;3536;3542;3530;3533;3533;3526;3525;0;0;0;20
$1;1;239000;2;0;1502;49137;32047;982;398;0;3538;3535;3536;3543;3530;3533;3533;3527;3525;0;0;0;16
$1;1;240000;2;0;1500;49136;32047;986;398;0;3538;3535;3536;3543;3530;3533;3533;3527;3525;0;0;0;25
$1;1;241000;2;0;1497;49126;32046;990;398;0;3538;3535;3536;3543;3530;3533;3533;3527;3525;0;0;0;16
$1;1;242000;2;0;1471;49147;32038;995;398;0;3537;3535;3535;3542;3530;3532;3533;3526;3524;0;0;0;28
$1;1;243000;2;0;1487;49139;32044;999;398;0;3537;3535;3536;3543;3530;3532;3533;3526;3525;0;0;0;25
$1;1;244000;2;0;1498;49135;32048;1003;397;0;3538;3535;3536;3543;3530;3533;3533;3527;3525;0;0;0;43
$1;128;244000;333;149;17;16;15;18;14;16;18;16;19;0;0;0;32
$1;1;245000;2;0;1500;49136;32049;1007;397;0;3538;3535;3536;3543;3530;3533;3534;3527;3526;0;0;0;40
$1;1;246000;2;0;1498;49136;32050;1011;398;0;3538;3535;3536;3543;3530;3533;3534;3527;3526;0;0;0;43
$1;1;247000;2;0;1447;49162;32032;1015;398;0;3537;3535;3535;3542;3530;3532;3533;3526;3524;0;0;0;33
$1;1;248000;2;0;1464;49155;32039;1019;398;0;3537;3535;3536;3542;3530;3532;3533;3526;3525;0;0;0;46
$1;1;249000;2;0;1439;49167;32031;1024;398;0;3537;3534;3536;3543;3530;3532;3533;3526;3525;0;0;0;32
$1;1;250000;2;0;1493;49140;32050;1028;398;0;3538;3535;3536;3543;3530;3533;3534;3527;3525;0;0;0;47
$1;1;251000;2;0;1496;49131;32052;1032;398;0;3538;3536;3536;3544;3531;3533;3534;3527;3526;0;0;0;34
$1;1;252000;2;0;1497;49128;32053;1036;398;0;3538;3536;3536;3544;3531;3533;3534;3527;3526;0;0;0;45
$1;1;253000;2;0;1499;49130;32056;1040;398;0;3539;3536;3537;3544;3531;3534;3534;3528;3526;0;0;0;39
$1;1;254000;2;0;1501;49130;32058;1044;398;0;3539;3536;3537;3543;3531;3534;3535;3528;3526;0;0;0;44
$1;1;255000;2;0;1496;49121;32057;1049;397;0;3539;3536;3537;3543;3531;3534;3535;3528;3526;0;0;0;47
$1;1;256000;2;0;1498;49088;32058;1053;397;0;3539;3536;3537;3544;3531;3534;3534;3528;3526;0;0;0;34
$1;1;257000;2;0;1501;49073;32060;1057;397;0;3539;3536;3537;3544;3531;3534;3535;3528;3527;0;0;0;41
$1;1;258000;2;0;1486;49089;32055;1061;397;0;3539;3536;3537;3543;3531;3534;3534;3528;3526;0;0;0;41
$1;1;259000;2;0;1470;49085;32049;1065;397;0;3538;3536;3537;3543;3531;3533;3534;3527;3526;0;0;0;45
$1;1;260000;2;0;1496;49088;32060;1069;397;0;3539;3537;3537;3544;3531;3534;3535;3528;3527;0;0;0;42
$1;1;261000;2;0;1502;49089;32063;1073;397;0;3539;3536;3537;3544;3532;3534;3535;3528;3527;0;0;0;44
$1;1;262000;2;0;1498;49080;32062;1078;396;0;3539;3537;3537;3544;3532;3534;3535;3528;3527;0;0;0;46
$1;1;263000;2;0;1433;49087;32037;1081;397;0;3538;3535;3536;3543;3531;3533;3533;3527;3525;0;0;0;36
$1;1;264000;2;0;1463;49082;32048;1085;397;0;3538;3536;3537;3543;3531;3533;3534;3527;3526;0;0;0;41
$1;1;265000;2;0;1474;49088;32054;1089;397;0;3539;3536;3537;3544;3531;3534;3534;3528;3526;0;0;0;43
$1;1;266000;2;0;1498;49092;32065;1093;398;0;3539;3537;3537;3544;3532;3534;3535;3528;3527;0;0;0;37
$1;1;267000;2;0;1488;49093;32061;1097;397;0;3539;3536;3537;3544;3532;3534;3535;3528;3527;0;0;0;42
$1;1;268000;2;0;1486;49097;32061;1101;397;0;3539;3537;3537;3544;3532;3535;3535;3528;3527;0;0;0;33
$1;1;269000;2;0;1497;49090;32066;1105;397;0;3540;3537;3538;3544;3532;3535;3535;3529;3527;0;0;0;36
$1;1;270000;2;0;1498;49096;32067;1109;397;0;3540;3537;3538;3544;3532;3535;3535;3529;3527;0;0;0;40
$1;1;271000;2;0;1498;49095;32068;1113;397;0;3540;3537;3538;3544;3532;3535;3535;3529;3527;0;0;0;46
$1;1;272000;2;0;1500;49094;32068;1118;397;0;3540;3537;3538;3545;3532;3535;3536;3529;3528;0;0;0;42
$1;1;273000;2;0;1501;49096;32070;1122;397;0;3540;3538;3538;3545;3532;3535;3536;3529;3528;0;0;0;39
$1;1;274000;2;0;1499;49094;32070;1126;396;0;3540;3538;3538;3545;3532;3535;3536;3529;3528;0;0;0;39
$1;1;275000;2;0;1500;49085;32069;1130;396;0;3540;3537;3538;3545;3532;3535;3536;3529;3528;0;0;0;39
$1;1;276000;2;0;1500;49074;32069;1134;396;0;3540;3538;3538;3545;3532;3535;3536;3529;3528;0;0;0;33
$1;1;277000;2;0;1500;49073;32071;1138;396;0;3540;3538;3538;3545;3532;3535;3536;3529;3528;0;0;0;34
$1;1;278000;2;0;1498;49069;32070;1142;396;0;3540;3538;3538;3545;3533;3535;3536;3529;3528;0;0;0;43
$1;1;279000;2;0;1491;49063;32068;1146;395;0;3540;3538;3538;3545;3532;3535;3536;3529;3528;0;0;0;38
$1;1;280000;2;0;1497;49059;32071;1151;395;0;3540;3538;3539;3545;3533;3535;3536;3529;3528;0;0;0;33
$1;1;281000;2;0;1499;49062;32072;1155;396;0;3540;3538;3539;3545;3533;3536;3536;3530;3528;0;0;0;41
$1;1;282000;2;0;1502;49058;32073;1159;397;0;3540;3538;3538;3546;3533;3536;3536;3530;3528;0;0;0;46
$1;1;283000;2;0;1501;49065;32074;1163;397;0;3541;3538;3539;3545;3533;3536;3536;3530;3528;0;0;0;47
$1;1;284000;2;0;1475;49069;32066;1167;396;0;3540;3538;3538;3545;3533;3535;3536;3529;3528;0;0;0;43
$1;1;285000;2;0;1493;49068;32071;1171;396;0;3540;3538;3539;3545;3533;3536;3536;3529;3528;0;0;0;32
$1;1;286000;2;0;1500;49061;32075;1176;397;0;3541;3538;3539;3546;3533;3536;3536;3530;3528;0;0;0;41
$1;1;287000;2;0;1485;49068;32069;1180;396;0;3540;3538;3539;3545;3533;3535;3536;3529;3528;0;0;0;33
$1;1;288000;2;0;1500;49054;32076;1184;396;0;3541;3538;3539;3546;3533;3536;3536;3530;3528;0;0;0;46
$1;1;289000;2;0;1499;49041;32078;1188;396;0;3541;3538;3539;3546;3533;3536;3537;3530;3529;0;0;0;40
$1;1;290000;2;0;1500;49038;32079;1193;396;0;3541;3538;3539;3546;3533;3536;3537;3530;3529;0;0;0;36
$1;1;291000;2;0;1499;49033;32080;1197;396;0;3541;3538;3539;3545;3533;3536;3537;3530;3529;0;0;0;46
$1;1;292000;2;0;1498;49029;32080;1201;395;0;3541;3538;3539;3546;3534;3536;3537;3530;3529;0;0;0;44
$1;1;293000;2;0;1502;49027;32083;1205;395;0;3541;3539;3539;3546;3534;3536;3537;3530;3529;0;0;0;39
$1;1;294000;2;0;1501;49025;32082;1209;395;0;3541;3539;3539;3546;3534;3536;3537;3530;3529;0;0;0;44
$1;1;295000;2;0;1500;49028;32084;1213;395;0;3541;3539;3539;3546;3534;3537;3537;3530;3529;0;0;0;45
$1;1;296000;2;0;1500;49027;32083;1218;395;0;3541;3539;3539;3546;3534;3537;3537;3531;3530;0;0;0;36
$1;1;297000;2;0;1499;49030;32084;1222;395;0;3541;3539;3540;3546;3534;3537;3537;3531;3529;0;0;0;42
$1;1;298000;2;0;1500;49026;32085;1226;395;0;3542;3539;3540;3546;3534;3537;3537;3531;3529;0;0;0;37
$1;1;299000;2;0;1498;49020;32084;1230;396;0;3542;3539;3540;3546;3534;3537;3537;3531;3529;0;0;0;39
$1;1;300000;2;0;1499;49020;32085;1234;396;0;3542;3539;3540;3546;3534;3537;3538;3531;3529;0;0;0;45
$1;1;301000;2;0;1501;49018;32087;1238;396;0;3542;3539;3540;3546;3534;3537;3538;3531;3530;0;0;0;33
$1;1;302000;2;0;1499;49024;32087;1243;396;0;3542;3539;3540;3546;3534;3537;3538;3531;3530;0;0;0;33
$1;1;303000;2;0;1498;49028;32088;1247;396;0;3542;3539;3540;3546;3534;3537;3538;3531;3530;0;0;0;38
$1;1;304000;2;0;1500;49033;32089;1251;396;0;3542;3539;3540;3546;3534;3537;3538;3531;3530;0;0;0;45
$1;1;305000;2;0;1502;49035;32090;1255;396;0;3542;3539;3540;3547;3534;3537;3538;3531;3530;0;0;0;37
$1;128;305000;333;148;17;16;15;18;14;16;18;16;18;0;0;0;36
$1;1;306000;2;0;1500;49037;32090;1259;395;0;3542;3539;3540;3547;3535;3537;3538;3531;3530;0;0;0;40
$1;1;307000;2;0;1500;49041;32091;1263;395;0;3542;3539;3540;3547;3535;3537;3538;3531;3530;0;0;0;32
$1;1;308000;2;0;1499;49040;32091;1267;395;0;3542;3540;3540;3547;3535;3537;3538;3531;3530;0;0;0;37
$1;1;309000;2;0;1499;49041;32092;1272;395;0;3542;3540;3540;3547;3535;3537;3538;3531;3530;0;0;0;34
$1;1;310000;2;0;1500;49029;32092;1276;395;0;3542;3540;3540;3547;3535;3538;3538;3532;3530;0;0;0;45
$1;1;311000;2;0;1501;49025;32093;1280;395;0;3542;3540;3541;3547;3535;3538;3538;3532;3530;0;0;0;40
$1;1;312000;2;0;1501;49026;32094;1284;395;0;3543;3540;3541;3547;3535;3538;3538;3532;3530;0;0;0;42
$1;1;313000;2;0;1499;49034;32094;1288;394;0;3543;3540;3541;3547;3535;3538;3538;3532;3531;0;0;0;36
$1;1;314000;2;0;1501;49039;32096;1292;394;0;3543;3540;3541;3547;3535;3538;3539;3532;3531;0;0;0;38
$1;1;315000;2;0;1500;49036;32095;1297;394;0;3543;3540;3541;3547;3535;3538;3539;3532;3531;0;0;0;47
$1;1;316000;2;0;1498;49033;32095;1301;394;0;3543;3540;3541;3547;3535;3538;3539;3532;3531;0;0;0;39
$1;1;317000;2;0;1501;49028;32097;1305;395;0;3543;3540;3541;3548;3535;3538;3539;3532;3531;0;0;0;37
$1;1;318000;2;0;1498;49030;32097;1309;396;0;3543;3540;3541;3547;3535;3538;3539;3532;3531;0;0;0;34
$1;1;319000;2;0;1499;49025;32098;1313;395;0;3543;3540;3541;3548;3535;3538;3539;3532;3531;0;0;0;46
$1;1;320000;2;0;1500;49009;32097;1317;395;0;3543;3540;3541;3548;3535;3538;3539;3532;3531;0;0;0;32
$1;1;321000;2;0;1499;49010;32098;1322;395;0;3543;3540;3541;3548;3535;3538;3539;3532;3531;0;0;0;33
$1;1;322000;2;0;1483;49012;32092;1326;395;0;3543;3540;3541;3547;3535;3538;3538;3532;3531;0;0;0;43
$1;1;323000;2;0;1499;49017;32099;1330;395;0;3543;3541;3541;3548;3536;3538;3539;3532;3531;0;0;0;36
$1;1;324000;2;0;1500;49018;32101;1334;395;0;3543;3541;3541;3548;3536;3538;3539;3533;3531;0;0;0;40
$1;1;325000;2;0;1501;49021;32102;1338;395;0;3543;3541;3542;3548;3536;3538;3539;3533;3531;0;0;0;46
$1;1;326000;2;0;1498;49021;32101;1343;395;0;3543;3541;3541;3548;3536;3538;3539;3533;3531;0;0;0;32
$1;1;327000;2;0;1499;49021;32102;1347;395;0;3544;3541;3542;3548;3536;3539;3539;3533;3532;0;0;0;33
$1;1;328000;2;0;1498;49022;32102;1351;395;0;3544;3541;3542;3548;3536;3539;3540;3533;3532;0;0;0;37
$1;1;329000;2;0;1479;49030;32095;1355;395;0;3543;3541;3541;3548;3536;3538;3539;3532;3531;0;0;0;42
$1;1;330000;2;0;1497;49019;32103;1359;394;0;3543;3541;3542;3548;3536;3539;3539;3533;3532;0;0;0;42
$1;1;331000;2;0;1498;49018;32103;1363;394;0;3544;3541;3542;3548;3536;3539;3539;3533;3532;0;0;0;43
$1;1;332000;2;0;1459;49036;32088;1368;394;0;3543;3540;3541;3548;3535;3538;3539;3532;3531;0;0;0;37
$1;1;333000;2;0;1495;49011;32103;1372;394;0;3544;3541;3542;3549;3536;3539;3539;3533;3532;0;0;0;44
$1;1;334000;2;0;1486;48998;32099;1375;394;0;3543;3541;3542;3548;3536;3538;3539;3533;3532;0;0;0;34
$1;1;335000;2;0;1498;48990;32104;1379;395;0;3544;3541;3542;3548;3536;3539;3540;3533;3532;0;0;0;36
$1;1;336000;2;0;1480;48998;32097;1383;395;0;3543;3541;3541;3548;3536;3539;3539;3533;3531;0;0;0;33
$1;1;337000;2;0;1501;49001;32105;1388;395;0;3544;3541;3542;3549;3537;3539;3540;3533;3532;0;0;0;40
$1;1;338000;2;0;1501;49007;32106;1392;395;0;3544;3541;3542;3548;3536;3539;3540;3533;3532;0;0;0;41
$1;1;339000;2;0;1499;49010;32106;1396;395;0;3544;3541;3542;3548;3537;3539;3540;3534;3532;0;0;0;44
$1;1;340000;2;0;1498;49009;32107;1400;395;0;3544;3542;3542;3549;3537;3539;3540;3534;3532;0;0;0;32
$1;1;341000;2;0;1500;49009;32108;1404;395;0;3544;3542;3543;3549;3537;3539;3540;3534;3533;0;0;0;42
$1;1;342000;2;0;1489;49010;32104;1409;394;0;3544;3542;3542;3549;3537;3539;3540;3534;3532;0;0;0;33
$1;1;343000;2;0;1490;49009;32104;1413;394;0;3544;3542;3542;3549;3536;3539;3540;3533;3532;0;0;0;45
$1;1;344000;2;0;1441;49029;32088;1416;394;0;3543;3541;3541;3548;3536;3538;3539;3533;3531;0;0;0;46
$1;1;345000;2;0;1485;49005;32104;1421;394;0;3544;3541;3542;3549;3536;3539;3540;3533;3532;0;0;0;33
$1;1;346000;2;0;1498;49002;32109;1425;394;0;3544;3542;3543;3549;3537;3539;3540;3534;3532;0;0;0;36
$1;1;347000;2;0;1497;49001;32109;1429;394;0;3544;3542;3543;3549;3537;3540;3540;3534;3533;0;0;0;42
$1;1;348000;2;0;1498;48998;32110;1433;394;0;3544;3542;3543;3549;3537;3540;3541;3534;3533;0;0;0;32
$1;1;349000;2;0;1500;48999;32112;1437;394;0;3545;3542;3543;3550;3537;3540;3541;3534;3533;0;0;0;47
$1;1;350000;2;0;1502;49000;32113;1441;394;0;3545;3542;3543;3550;3537;3540;3541;3534;3533;0;0;0;45
$1;1;351000;2;0;1500;49002;32113;1445;394;0;3545;3542;3543;3550;3537;3540;3541;3534;3533;0;0;0;40
$1;1;352000;2;0;1498;49003;32113;1450;394;0;3545;3542;3543;3550;3537;3540;3541;3534;3533;0;0;0;46
$1;1;353000;2;0;1499;49000;32114;1454;395;0;3545;3542;3543;3550;3537;3540;3541;3534;3533;0;0;0;47
$1;1;354000;2;0;1498;49000;32114;1458;395;0;3545;3542;3543;3550;3537;3540;3541;3534;3533;0;0;0;37
$1;1;355000;2;0;1482;49009;32108;1462;395;0;3544;3542;3543;3549;3537;3540;3541;3534;3533;0;0;0;43
$1;1;356000;2;0;1498;49000;32116;1466;396;0;3545;3542;3543;3550;3537;3540;3541;3534;3533;0;0;0;43
$1;1;357000;2;0;1499;48998;32116;1470;396;0;3545;3543;3543;3550;3537;3540;3541;3535;3533;0;0;0;37
$1;1;358000;2;0;1500;48992;32117;1475;396;0;3545;3543;3544;3550;3537;3541;3541;3535;3533;0;0;0;35
$1;1;359000;2;0;1499;48983;32117;1479;397;0;3545;3543;3543;3550;3537;3541;3541;3535;3534;0;0;0;46
$1;1;360000;2;0;1484;48985;32113;1483;397;0;3545;3542;3543;3550;3537;3540;3541;3534;3533;0;0;0;41
$1;1;361000;2;0;1496;48972;32117;1487;397;0;3545;3543;3543;3551;3537;3541;3542;3535;3533;0;0;0;32
$1;1;362000;2;0;1492;48989;32116;1490;397;0;3545;3543;3543;3551;3537;3540;3542;3535;3533;0;0;0;37
$1;1;363000;2;0;1499;48985;32119;1495;398;0;3545;3543;3544;3551;3538;3541;3542;3535;3534;0;0;0;40
$1;1;364000;2;0;1485;48994;32115;1499;398;0;3545;3543;3543;3550;3537;3540;3542;3535;3534;0;0;0;42
$1;1;365000;2;0;1480;48991;32113;1503;398;0;3545;3542;3543;3550;3537;3540;3541;3535;3533;0;0;0;42
$1;128;365000;332;149;17;16;15;18;14;16;18;16;19;0;0;0;35
$1;1;366000;2;0;1495;48978;32119;1507;398;0;3545;3543;3544;3551;3538;3541;3542;3535;3534;0;0;0;41
$1;1;367000;2;0;1500;48964;32123;1511;399;0;3546;3543;3544;3551;3538;3541;3542;3535;3534;0;0;0;36
$1;1;368000;2;0;1498;48960;32121;1516;399;0;3546;3543;3544;3551;3538;3541;3542;3535;3534;0;0;0;42
$1;1;369000;2;0;1501;48959;32125;1520;399;0;3546;3543;3544;3551;3538;3541;3542;3535;3534;0;0;0;33
$1;1;370000;2;0;1501;48957;32126;1524;399;0;3546;3544;3544;3551;3538;3541;3542;3536;3534;0;0;0;36
$1;1;371000;2;0;1498;48953;32127;1528;400;0;3546;3544;3544;3551;3538;3541;3543;3536;3534;0;0;0;43
$1;1;372000;2;0;1503;48957;32128;1532;401;0;3546;3544;3544;3552;3538;3542;3543;3536;3535;0;0;0;43
$1;1;373000;2;0;1498;48958;32127;1536;402;0;3546;3544;3544;3551;3538;3541;3543;3536;3535;0;0;0;46
$1;1;374000;2;0;1501;48962;32128;1541;402;0;3546;3544;3544;3551;3538;3542;3543;3536;3535;0;0;0;45
$1;1;375000;2;0;1449;48992;32109;1545;403;0;3545;3543;3544;3550;3538;3541;3542;3535;3534;0;0;0;45
$1;1;376000;2;0;1499;48969;32127;1549;403;0;3546;3544;3544;3552;3538;3541;3543;3536;3534;0;0;0;35
$1;1;377000;2;0;1498;48970;32127;1553;404;0;3546;3544;3544;3552;3538;3542;3543;3536;3534;0;0;0;36
$1;1;378000;2;0;1498;48968;32128;1557;404;0;3546;3544;3545;3552;3538;3542;3543;3536;3535;0;0;0;41
$1;1;379000;2;0;1498;48963;32130;1562;405;0;3547;3544;3545;3552;3539;3542;3543;3536;3535;0;0;0;45
$1;1;380000;2;0;1499;48946;32132;1566;405;0;3547;3544;3545;3551;3539;3542;3543;3536;3535;0;0;0;40
$1;1;381000;2;0;1500;48944;32132;1570;405;0;3547;3544;3545;3552;3539;3542;3543;3536;3535;0;0;0;46
$1;1;382000;2;0;1498;48943;32132;1574;405;0;3547;3544;3545;3552;3539;3542;3543;3536;3535;0;0;0;46
$1;1;383000;2;0;1499;48942;32133;1578;406;0;3547;3544;3545;3552;3539;3542;3543;3536;3535;0;0;0;33
$1;1;384000;2;0;1499;48943;32134;1582;406;0;3547;3544;3545;3552;3539;3542;3544;3537;3535;0;0;0;35
$1;1;385000;2;0;1499;48942;32136;1586;406;0;3547;3545;3545;3552;3539;3542;3544;3537;3536;0;0;0;39
$1;1;386000;2;0;1501;48938;32136;1591;406;0;3547;3545;3545;3552;3539;3543;3544;3537;3535;0;0;0;45
$1;1;387000;2;0;1499;48934;32136;1595;407;0;3547;3544;3545;3552;3539;3542;3544;3537;3535;0;0;0;37
$1;1;388000;2;0;1500;48928;32137;1599;408;0;3547;3545;3545;3552;3539;3542;3544;3537;3535;0;0;0;37
$1;1;389000;2;0;1499;48926;32137;1603;408;0;3547;3545;3545;3552;3539;3543;3544;3537;3535;0;0;0;42
$1;1;390000;2;0;1502;48926;32139;1607;409;0;3547;3545;3546;3552;3540;3543;3544;3537;3536;0;0;0;36
$1;1;391000;2;0;1498;48937;32139;1611;409;0;3547;3545;3545;3552;3539;3543;3544;3537;3536;0;0;0;45
$1;1;392000;2;0;1499;48928;32139;1616;409;0;3548;3545;3546;3552;3539;3543;3544;3537;3536;0;0;0;42
$1;1;393000;2;0;1500;48921;32140;1620;409;0;3548;3545;3546;3552;3540;3543;3544;3537;3536;0;0;0;38
$1;1;394000;2;0;1500;48922;32140;1624;409;0;3548;3545;3546;3553;3540;3543;3544;3537;3536;0;0;0;39
$1;1;395000;2;0;1425;48956;32114;1628;409;0;3546;3544;3545;3551;3539;3542;3543;3536;3535;0;0;0;42
$1;1;396000;2;0;1491;48920;32137;1632;409;0;3547;3545;3545;3553;3540;3543;3544;3537;3536;0;0;0;37
$1;1;397000;2;0;1498;48920;32140;1637;409;0;3548;3545;3546;3553;3540;3543;3544;3537;3536;0;0;0;36
$1;1;398000;2;0;1501;48923;32141;1641;409;0;3548;3545;3546;3553;3540;3543;3544;3537;3536;0;0;0;41
$1;1;399000;2;0;1499;48921;32141;1645;409;0;3548;3545;3546;3553;3540;3543;3544;3537;3536;0;0;0;46
$1;1;400000;2;0;1498;48926;32142;1649;409;0;3548;3545;3546;3553;3540;3543;3544;3537;3537;0;0;0;33
$1;1;401000;2;0;1498;48937;32143;1653;409;0;3548;3545;3546;3553;3540;3543;3545;3538;3537;0;0;0;36
$1;1;402000;2;0;1500;48942;32145;1657;409;0;3548;3546;3546;3553;3540;3543;3545;3538;3537;0;0;0;36
$1;1;403000;2;0;1501;48939;32145;1662;409;0;3548;3545;3546;3553;3540;3543;3545;3538;3537;0;0;0;45
$1;1;404000;2;0;1501;48932;32145;1666;410;0;3548;3546;3546;3553;3540;3543;3545;3538;3536;0;0;0;47
$1;1;405000;2;0;1498;48937;32145;1670;410;0;3548;3546;3546;3554;3540;3544;3545;3538;3537;0;0;0;44
$1;1;406000;2;0;1501;48935;32146;1674;410;0;3548;3546;3546;3553;3540;3544;3545;3538;3537;0;0;0;44
$1;1;407000;2;0;1499;48929;32146;1679;410;0;3548;3546;3546;3554;3540;3544;3545;3538;3537;0;0;0;42
$1;1;408000;2;0;1465;48942;32134;1683;410;0;3548;3545;3546;3553;3540;3543;3544;3537;3536;0;0;0;39
$1;1;409000;2;0;1461;48941;32132;1687;410;0;3548;3545;3546;3553;3540;3543;3544;3537;3536;0;0;0;35
$1;1;410000;2;0;1495;48924;32145;1691;410;0;3548;3546;3546;3554;3541;3544;3545;3538;3537;0;0;0;41
$1;1;411000;2;0;1486;48926;32142;1694;410;0;3548;3545;3546;3553;3540;3543;3545;3538;3537;0;0;0;40
$1;1;412000;2;0;1447;48939;32129;1698;410;0;3548;3545;3546;3553;3540;3543;3544;3537;3536;0;0;0;38
$1;1;413000;2;0;1466;48927;32135;1703;409;0;3548;3545;3546;3553;3540;3543;3544;3537;3536;0;0;0;45
$1;1;414000;2;0;1497;48912;32148;1707;409;0;3548;3546;3546;3554;3541;3544;3545;3538;3537;0;0;0;33
$1;1;415000;2;0;1501;48914;32150;1711;409;0;3549;3546;3547;3554;3541;3544;3545;3538;3537;0;0;0;38
$1;1;416000;2;0;1483;48928;32143;1715;409;0;3548;3546;3547;3553;3541;3544;3545;3538;3537;0;0;0;33
$1;1;417000;2;0;1497;48912;32149;1719;409;0;3549;3546;3547;3554;3541;3544;3545;3538;3537;0;0;0;44
$1;1;418000;2;0;1485;48916;32145;1724;408;0;3549;3546;3547;3554;3541;3544;3545;3538;3537;0;0;0;39
$1;1;419000;2;0;1468;48933;32140;1728;408;0;3548;3546;3546;3554;3541;3544;3545;3538;3537;0;0;0;43
$1;1;420000;2;0;1497;48915;32152;1732;409;0;3549;3546;3547;3554;3541;3544;3545;3538;3537;0;0;0;44
$1;1;421000;2;0;1499;48915;32152;1736;409;0;3549;3547;3547;3554;3541;3544;3545;3539;3538;0;0;0;40
$1;1;422000;2;0;1499;48915;32152;1740;409;0;3549;3547;3547;3554;3541;3544;3546;3539;3538;0;0;0;41
$1;1;423000;2;0;1497;48915;32152;1744;409;0;3549;3546;3547;3554;3541;3545;3545;3539;3538;0;0;0;33
$1;1;424000;2;0;1500;48907;32154;1749;409;0;3549;3547;3547;3554;3541;3545;3546;3539;3538;0;0;0;35
$1;1;425000;2;0;1460;48935;32140;1753;409;0;3549;3546;3547;3553;3541;3544;3545;3538;3537;0;0;0;32
$1;128;425000;333;148;17;15;15;18;14;16;18;16;19;0;0;0;35
$1;1;426000;2;0;1497;48920;32154;1757;409;0;3549;3547;3548;3554;3542;3545;3546;3539;3538;0;0;0;40
$1;1;427000;2;0;1469;48937;32143;1761;408;0;3549;3546;3547;3554;3541;3544;3545;3538;3537;0;0;0;45
$1;1;428000;2;0;1495;48928;32154;1765;408;0;3549;3547;3548;3554;3541;3545;3546;3539;3538;0;0;0;47
$1;1;429000;2;0;1459;48945;32142;1769;408;0;3549;3547;3547;3554;3541;3544;3545;3538;3537;0;0;0;45
$1;1;430000;2;0;1445;48952;32138;1774;408;0;3549;3546;3547;3554;3541;3544;3545;3538;3537;0;0;0;46
$1;1;431000;2;0;1496;48926;32156;1778;407;0;3550;3547;3548;3554;3542;3545;3546;3539;3538;0;0;0;32
$1;1;432000;2;0;1500;48920;32159;1782;407;0;3550;3547;3548;3555;3542;3545;3546;3539;3538;0;0;0;32
$1;1;433000;2;0;1487;48928;32153;1786;407;0;3549;3547;3548;3554;3542;3545;3546;3539;3538;0;0;0;32
$1;1;434000;2;0;1500;48922;32160;1790;407;0;3550;3547;3548;3555;3542;3545;3546;3540;3538;0;0;0;35
$1;1;435000;2;0;1453;48943;32142;1794;407;0;3549;3547;3547;3554;3541;3544;3545;3539;3537;0;0;0;32
$1;1;436000;2;0;1494;48923;32159;1798;407;0;3550;3547;3548;3555;3542;3545;3546;3539;3538;0;0;0;32
$1;1;437000;2;0;1474;48935;32152;1802;407;0;3549;3547;3548;3555;3542;3545;3546;3539;3538;0;0;0;39
$1;1;438000;2;0;1482;48932;32154;1806;407;0;3549;3547;3548;3555;3542;3545;3546;3539;3538;0;0;0;36
$1;1;439000;2;0;1431;48961;32137;1810;407;0;3549;3546;3547;3554;3541;3544;3545;3538;3537;0;0;0;41
$1;1;440000;2;0;1481;48936;32155;1814;407;0;3550;3547;3548;3555;3542;3545;3546;3539;3538;0;0;0;38
$1;1;441000;2;0;1490;48936;32159;1818;407;0;3550;3548;3548;3555;3542;3545;3546;3539;3538;0;0;0;40
$1;1;442000;2;0;1499;48924;32163;1823;407;0;3550;3548;3548;3555;3542;3546;3546;3540;3539;0;0;0;44
$1;1;443000;2;0;1500;48922;32164;1827;407;0;3550;3548;3548;3556;3543;3546;3547;3540;3539;0;0;0;42
$1;1;444000;2;0;1487;48928;32160;1830;406;0;3550;3548;3548;3555;3542;3545;3546;3540;3539;0;0;0;42
$1;1;445000;2;0;1498;48921;32164;1835;406;0;3550;3548;3548;3556;3543;3546;3547;3540;3539;0;0;0;45
$1;1;446000;2;0;1489;48926;32162;1839;406;0;3550;3548;3549;3555;3542;3546;3547;3540;3539;0;0;0;32
$1;1;447000;2;0;1461;48939;32152;1843;405;0;3550;3547;3548;3555;3542;3545;3546;3539;3538;0;0;0;39
$1;1;448000;2;0;1494;48923;32164;1847;405;0;3550;3548;3549;3555;3543;3546;3547;3540;3539;0;0;0;42
$1;1;449000;2;0;1498;48921;32166;1851;405;0;3551;3548;3549;3555;3543;3546;3547;3540;3539;0;0;0;33
$1;1;450000;2;0;1448;48945;32149;1854;405;0;3550;3547;3548;3555;3542;3545;3546;3539;3538;0;0;0;45
$1;1;451000;2;0;1457;48942;32152;1858;404;0;3550;3547;3548;3555;3542;3545;3546;3539;3538;0;0;0;34
$1;1;452000;2;0;1485;48923;32163;1862;405;0;3550;3548;3548;3555;3543;3546;3547;3540;3539;0;0;0;32
$1;1;453000;2;0;1497;48913;32168;1867;405;0;3551;3548;3549;3556;3543;3546;3547;3540;3539;0;0;0;44
$1;1;454000;2;0;1501;48909;32171;1871;405;0;3551;3548;3549;3556;3543;3546;3547;3541;3540;0;0;0;46
$1;1;455000;2;0;1477;48917;32162;1875;405;0;3551;3548;3549;3556;3543;3546;3547;3540;3539;0;0;0;41
$1;1;456000;2;0;1496;48906;32171;1879;405;0;3551;3549;3549;3556;3543;3546;3547;3541;3540;0;0;0;37
$1;1;457000;2;0;1497;48894;32173;1883;405;0;3551;3549;3549;3556;3543;3547;3548;3541;3540;0;0;0;38
$1;1;458000;2;0;1498;48893;32174;1887;405;0;3551;3549;3549;3556;3543;3547;3548;3541;3540;0;0;0;34
$1;1;459000;2;0;1499;48896;32175;1891;404;0;3551;3549;3550;3556;3544;3547;3548;3541;3540;0;0;0;47
$1;1;460000;2;0;1499;48897;32175;1896;404;0;3551;3549;3550;3556;3544;3547;3548;3541;3540;0;0;0;35
$1;1;461000;2;0;1500;48902;32176;1900;404;0;3552;3549;3549;3556;3544;3547;3548;3541;3540;0;0;0;40
$1;1;462000;2;0;1499;48904;32176;1904;403;0;3552;3549;3550;3556;3544;3547;3548;3541;3540;0;0;0;39
$1;1;463000;2;0;1498;48898;32176;1908;403;0;3552;3549;3550;3556;3544;3547;3548;3541;3540;0;0;0;47
$1;1;464000;2;0;1500;48901;32177;1912;403;0;3552;3549;3550;3556;3544;3547;3548;3541;3540;0;0;0;35
$1;1;465000;2;0;1499;48899;32179;1916;403;0;3552;3549;3550;3556;3544;3547;3548;3542;3541;0;0;0;43
$1;1;466000;2;0;1501;48898;32179;1921;403;0;3552;3549;3550;3557;3544;3547;3548;3542;3541;0;0;0;44
$1;1;467000;2;0;1500;48896;32180;1925;402;0;3552;3549;3550;3556;3544;3548;3548;3542;3541;0;0;0;47
$1;1;468000;2;0;1500;48896;32179;1929;402;0;3552;3550;3550;3557;3544;3547;3548;3542;3541;0;0;0;44
$1;1;469000;2;0;1499;48890;32180;1933;403;0;3552;3549;3550;3557;3544;3547;3549;3542;3541;0;0;0;47
$1;1;470000;2;0;1498;48891;32180;1937;403;0;3552;3549;3550;3557;3544;3547;3548;3542;3541;0;0;0;34
$1;1;471000;2;0;1499;48889;32181;1941;403;0;3552;3549;3550;3557;3544;3548;3549;3542;3541;0;0;0;37
$1;1;472000;2;0;1501;48888;32183;1946;403;0;3552;3550;3550;3557;3544;3548;3549;3542;3541;0;0;0;42
$1;1;473000;2;0;1499;48891;32183;1950;403;0;3552;3550;3550;3557;3545;3548;3549;3542;3541;0;0;0;37
$1;1;474000;2;0;1498;48892;32183;1954;403;0;3552;3550;3551;3557;3545;3548;3549;3542;3541;0;0;0;37
$1;1;475000;2;0;1499;48891;32184;1958;403;0;3552;3550;3551;3557;3545;3548;3549;3542;3541;0;0;0;45
$1;1;476000;2;0;1498;48893;32185;1962;403;0;3553;3550;3551;3557;3545;3548;3549;3542;3541;0;0;0;36
$1;1;477000;2;0;1501;48892;32187;1966;402;0;3553;3550;3551;3557;3545;3548;3549;3542;3541;0;0;0;34
$1;1;478000;2;0;1498;48891;32185;1971;402;0;3553;3550;3551;3557;3545;3548;3549;3542;3541;0;0;0;43
$1;1;479000;2;0;1501;48891;32187;1975;402;0;3553;3550;3551;3557;3545;3548;3549;3542;3542;0;0;0;46
$1;1;480000;2;0;1499;48891;32187;1979;402;0;3553;3550;3551;3557;3545;3548;3549;3543;3541;0;0;0;38
$1;1;481000;2;0;1461;48909;32173;1983;402;0;3552;3550;3550;3557;3544;3547;3548;3542;3541;0;0;0;32
$1;1;482000;2;0;1495;48891;32186;1987;402;0;3553;3550;3551;3557;3545;3548;3549;3542;3541;0;0;0;41
$1;1;483000;2;0;1498;48884;32187;1991;401;0;3553;3550;3551;3557;3545;3548;3549;3543;3542;0;0;0;38
$1;1;484000;2;0;1498;48881;32188;1996;401;0;3553;3550;3551;3557;3545;3548;3549;3543;3542;0;0;0;44
$1;1;485000;2;0;1451;48895;32171;2000;401;0;3552;3550;3550;3556;3544;3548;3548;3542;3541;0;0;0;45
$1;128;485000;333;148;17;15;16;18;14;16;18;16;18;0;0;0;43
$1;1;486000;2;0;1493;48869;32186;2004;402;0;3553;3551;3551;3557;3545;3548;3549;3543;3541;0;0;0;45
$1;1;487000;2;0;1422;48901;32161;2008;402;0;3552;3550;3550;3556;3544;3547;3548;3541;3540;0;0;0;32
$1;1;488000;2;0;1467;48882;32177;2012;402;0;3552;3550;3550;3557;3545;3548;3548;3542;3540;0;0;0;36
$1;1;489000;2;0;1481;48867;32182;2016;402;0;3553;3550;3551;3557;3545;3548;3549;3542;3541;0;0;0;40
$1;1;490000;2;0;1496;48855;32188;2021;402;0;3553;3551;3551;3558;3545;3548;3549;3543;3542;0;0;0;37
$1;1;491000;2;0;1497;48854;32188;2025;402;0;3553;3551;3551;3558;3546;3549;3549;3543;3542;0;0;0;34
$1;1;492000;2;0;1488;48859;32186;2028;401;0;3553;3550;3551;3558;3545;3548;3549;3543;3542;0;0;0;33
$1;1;493000;2;0;1497;48855;32190;2033;401;0;3553;3551;3551;3558;3546;3549;3549;3543;3542;0;0;0;44
$1;1;494000;2;0;1466;48882;32180;2037;401;0;3553;3551;3551;3558;3545;3548;3549;3542;3542;0;0;0;41
$1;1;495000;2;0;1466;48882;32179;2041;401;0;3553;3550;3551;3557;3545;3548;3549;3542;3541;0;0;0;34
$1;1;496000;2;0;1497;48865;32191;2045;401;0;3553;3551;3551;3558;3546;3549;3550;3543;3542;0;0;0;34
$1;1;497000;2;0;1500;48862;32192;2049;401;0;3554;3551;3552;3558;3546;3549;3550;3543;3542;0;0;0;32
$1;1;498000;2;0;1446;48887;32175;2053;400;0;3553;3550;3551;3557;3545;3548;3549;3542;3541;0;0;0;38
$1;1;499000;2;0;1471;48881;32184;2058;400;0;3553;3551;3551;3558;3545;3548;3549;3543;3542;0;0;0;44
$1;1;500000;2;0;1486;48877;32189;2061;400;0;3553;3551;3552;3558;3546;3549;3550;3543;3542;0;0;0;34
$1;1;501000;2;0;1477;48885;32187;2065;400;0;3553;3551;3552;3558;3546;3549;3550;3543;3542;0;0;0;42
$1;1;502000;2;0;1479;48883;32188;2070;400;0;3553;3551;3551;3558;3546;3549;3549;3543;3542;0;0;0;33
$1;1;503000;2;0;1481;48882;32188;2074;401;0;3553;3551;3551;3558;3546;3549;3550;3543;3542;0;0;0;43
$1;1;504000;2;0;1455;48895;32181;2078;401;0;3553;3551;3551;3558;3546;3549;3549;3543;3542;0;0;0;46
$1;1;505000;2;0;1417;48911;32168;2082;401;0;3552;3551;3551;3557;3545;3548;3549;3542;3541;0;0;0;40
$1;1;506000;2;0;1434;48903;32174;2086;401;0;3552;3550;3551;3558;3545;3548;3549;3542;3541;0;0;0;46
$1;1;507000;2;0;1474;48885;32188;2090;401;0;3553;3551;3552;3558;3546;3549;3550;3543;3542;0;0;0;43
$1;1;508000;2;0;1478;48882;32189;2095;400;0;3554;3551;3552;3558;3546;3549;3550;3543;3542;0;0;0;45
$1;1;509000;2;0;1496;48871;32196;2099;400;0;3554;3551;3552;3559;3546;3549;3550;3544;3543;0;0;0;37
$1;1;510000;2;0;1489;48873;32196;2103;400;0;3554;3552;3553;3559;3547;3549;3550;3544;3543;0;0;0;32
$1;1;511000;2;0;1492;48871;32196;2107;400;0;3554;3551;3552;3559;3547;3550;3550;3544;3543;0;0;0;39
$1;1;512000;2;0;1499;48871;32199;2111;400;0;3554;3552;3552;3559;3546;3550;3550;3544;3543;0;0;0;37
$1;1;513000;2;0;1470;48885;32189;2115;400;0;3554;3551;3552;3558;3546;3549;3550;3543;3542;0;0;0;33
$1;1;514000;2;0;1472;48885;32191;2119;399;0;3554;3552;3552;3559;3546;3549;3550;3544;3543;0;0;0;34
$1;1;515000;2;0;1448;48897;32183;2124;399;0;3554;3551;3552;3558;3546;3549;3550;3543;3542;0;0;0;32
$1;1;516000;2;0;1492;48877;32199;2128;399;0;3554;3552;3553;3559;3546;3550;3551;3544;3543;0;0;0;33
$1;1;517000;2;0;1458;48894;32189;2132;399;0;3554;3552;3552;3559;3546;3550;3550;3544;3543;0;0;0;33
$1;1;518000;2;0;1491;48876;32200;2136;399;0;3554;3552;3553;3559;3547;3550;3551;3544;3543;0;0;0;32
$1;1;519000;2;0;1459;48891;32188;2140;399;0;3554;3552;3552;3559;3547;3549;3550;3544;3543;0;0;0;38
$1;1;520000;2;0;1449;48894;32187;2144;400;0;3554;3552;3552;3559;3547;3549;3550;3544;3542;0;0;0;37
$1;1;521000;2;0;1445;48896;32186;2148;400;0;3554;3552;3552;3558;3546;3549;3550;3544;3542;0;0;0;39
$1;1;522000;2;0;1492;48873;32203;2152;400;0;3555;3552;3553;3559;3547;3550;3551;3544;3543;0;0;0;40
$1;1;523000;2;0;1475;48881;32196;2157;400;0;3554;3552;3553;3559;3547;3550;3551;3544;3543;0;0;0;38
$1;1;524000;2;0;1444;48897;32187;2161;400;0;3554;3552;3552;3559;3547;3550;3550;3544;3543;0;0;0;33
$1;1;525000;2;0;1453;48892;32190;2165;400;0;3554;3552;3553;3559;3547;3550;3550;3544;3543;0;0;0;32
$1;1;526000;2;0;1497;48871;32207;2169;399;0;3555;3553;3553;3560;3548;3550;3551;3545;3544;0;0;0;34
$1;1;527000;2;0;1479;48878;32200;2173;399;0;3555;3552;3553;3560;3547;3550;3551;3544;3544;0;0;0;41
$1;1;528000;2;0;1480;48878;32200;2177;399;0;3555;3552;3553;3560;3547;3550;3551;3545;3543;0;0;0;34
$1;1;529000;2;0;1480;48879;32202;2182;399;0;3555;3552;3553;3560;3547;3550;3551;3545;3543;0;0;0;42
$1;1;530000;2;0;1489;48874;32205;2185;399;0;3555;3553;3553;3560;3548;3550;3551;3545;3544;0;0;0;47
$1;1;531000;2;0;1478;48878;32202;2190;399;0;3555;3552;3553;3560;3547;3550;3551;3545;3544;0;0;0;33
$1;1;532000;2;0;1498;48868;32210;2194;399;0;3555;3553;3554;3560;3548;3551;3552;3545;3544;0;0;0;33
$1;1;533000;2;0;1501;48866;32212;2198;398;0;3556;3553;3553;3561;3548;3551;3552;3545;3544;0;0;0;37
$1;1;534000;2;0;1499;48868;32211;2202;398;0;3556;3553;3554;3561;3548;3551;3552;3545;3544;0;0;0;40
$1;1;535000;2;0;1468;48884;32200;2206;398;0;3555;3553;3553;3560;3548;3550;3551;3545;3544;0;0;0;38
$1;1;536000;2;0;1496;48868;32212;2210;398;0;3556;3553;3554;3561;3548;3551;3552;3545;3544;0;0;0;37
$1;1;537000;2;0;1448;48889;32196;2215;398;0;3555;3553;3553;3560;3548;3550;3551;3545;3544;0;0;0;37
$1;1;538000;2;0;1447;48887;32197;2219;398;0;3555;3553;3553;3560;3547;3550;3551;3545;3544;0;0;0;41
$1;1;539000;2;0;1454;48885;32197;2223;398;0;3555;3553;3553;3559;3547;3550;3551;3545;3544;0;0;0;43
$1;1;540000;2;0;1495;48864;32213;2227;399;0;3556;3553;3554;3561;3548;3551;3552;3546;3545;0;0;0;45
$1;1;541000;2;0;1502;48859;32216;2231;399;0;3556;3553;3554;3561;3548;3551;3552;3546;3545;0;0;0;47
$1;1;542000;2;0;1474;48871;32209;2235;398;0;3556;3553;3554;3560;3548;3551;3552;3546;3545;0;0;0;44
$1;1;543000;2;0;1491;48864;32213;2239;398;0;3556;3553;3554;3560;3548;3551;3552;3546;3545;0;0;0;37
$1;1;544000;2;0;1500;48859;32218;2244;398;0;3556;3553;3554;3561;3549;3552;3553;3546;3545;0;0;0;38
$1;1;545000;2;0;1453;48880;32201;2248;398;0;3555;3553;3554;3560;3548;3551;3552;3545;3544;0;0;0;35
$1;1;546000;2;0;1496;48860;32219;2252;398;0;3556;3554;3554;3561;3548;3552;3553;3546;3545;0;0;0;32
$1;128;546000;334;149;17;16;15;18;14;16;18;16;19;0;0;0;34
$1;1;547000;2;0;1499;48859;32220;2256;398;0;3556;3554;3554;3561;3549;3552;3553;3546;3545;0;0;0;43
$1;1;548000;2;0;1500;48860;32221;2260;398;0;3557;3554;3554;3561;3549;3552;3553;3546;3545;0;0;0;42
$1;1;549000;2;0;1500;48862;32222;2264;398;0;3557;3554;3555;3561;3549;3552;3553;3547;3545;0;0;0;46
$1;1;550000;2;0;1500;48861;32223;2269;398;0;3557;3554;3555;3561;3549;3552;3553;3547;3546;0;0;0;42
$1;1;551000;2;0;1498;48859;32223;2273;397;0;3557;3554;3554;3561;3549;3552;3553;3547;3546;0;0;0;37
$1;1;552000;2;0;1500;48855;32224;2277;397;0;3557;3554;3555;3561;3549;3552;3553;3547;3546;0;0;0;40
$1;1;553000;2;0;1498;48857;32224;2281;397;0;3557;3554;3555;3561;3549;3552;3553;3547;3546;0;0;0;34
$1;1;554000;2;0;1501;48855;32225;2285;397;0;3557;3554;3555;3561;3549;3552;3553;3547;3546;0;0;0;35
$1;1;555000;2;0;1498;48852;32224;2289;398;0;3557;3554;3555;3561;3549;3552;3553;3547;3546;0;0;0;38
$1;1;556000;2;0;1498;48853;32225;2294;398;0;3557;3554;3555;3561;3549;3552;3553;3547;3546;0;0;0;41
$1;1;557000;2;0;1499;48853;32226;2298;398;0;3557;3555;3555;3562;3549;3553;3553;3547;3546;0;0;0;37
$1;1;558000;2;0;1499;48851;32227;2302;398;0;3557;3555;3555;3562;3549;3553;3553;3547;3546;0;0;0;43
$1;1;559000;2;0;1501;48852;32229;2306;398;0;3557;3555;3555;3562;3550;3553;3554;3548;3546;0;0;0;35
$1;1;560000;2;0;1499;48851;32228;2310;398;0;3557;3555;3555;3562;3550;3553;3554;3548;3546;0;0;0;44
$1;1;561000;2;0;1501;48850;32230;2314;397;0;3557;3555;3555;3562;3550;3553;3554;3548;3546;0;0;0;46
$1;1;562000;2;0;1498;48848;32229;2318;397;0;3557;3554;3555;3562;3550;3553;3554;3548;3546;0;0;0;32
$1;1;563000;2;0;1499;48847;32230;2323;397;0;3558;3555;3555;3562;3550;3553;3554;3548;3546;0;0;0;33
$1;1;564000;2;0;1499;48847;32231;2327;397;0;3558;3555;3555;3562;3550;3553;3554;3548;3546;0;0;0;35
$1;1;565000;2;0;1500;48846;32232;2331;397;0;3558;3555;3555;3562;3550;3553;3554;3548;3547;0;0;0;39
$1;1;566000;2;0;1500;48845;32232;2335;397;0;3558;3555;3556;3562;3550;3553;3554;3548;3547;0;0;0;32
$1;1;567000;2;0;1499;48843;32232;2339;397;0;3558;3555;3556;3562;3550;3553;3554;3548;3547;0;0;0;42
$1;1;568000;2;0;1498;48842;32233;2343;396;0;3558;3555;3556;3562;3550;3553;3554;3548;3547;0;0;0;40
$1;1;569000;2;0;1499;48840;32234;2348;396;0;3558;3555;3556;3562;3550;3553;3555;3548;3547;0;0;0;39
$1;1;570000;2;0;1501;48837;32235;2352;396;0;3558;3555;3556;3562;3550;3553;3554;3548;3547;0;0;0;36
$1;1;571000;2;0;1501;48835;32235;2356;396;0;3558;3555;3556;3562;3550;3553;3554;3548;3547;0;0;0;35
$1;1;572000;2;0;1498;48830;32234;2360;397;0;3558;3556;3556;3563;3550;3553;3554;3548;3547;0;0;0;35
$1;1;573000;2;0;1488;48833;32230;2364;397;0;3558;3555;3556;3562;3550;3553;3554;3548;3547;0;0;0;34
$1;1;574000;2;0;1500;48828;32236;2368;397;0;3558;3556;3556;3563;3551;3554;3554;3548;3547;0;0;0;32
$1;1;575000;2;0;1501;48831;32236;2372;397;0;3558;3555;3556;3563;3551;3554;3554;3548;3547;0;0;0;32
$1;1;576000;2;0;1501;48830;32237;2376;397;0;3558;3556;3556;3563;3551;3554;3555;3548;3547;0;0;0;37
$1;1;577000;2;0;1454;48839;32221;2380;397;0;3557;3555;3555;3562;3550;3553;3554;3547;3546;0;0;0;37
$1;1;578000;2;0;1464;48824;32224;2384;397;0;3557;3555;3556;3562;3550;3553;3554;3548;3546;0;0;0;40
$1;1;579000;2;0;1433;48834;32213;2388;397;0;3557;3555;3555;3562;3550;3553;3553;3547;3546;0;0;0;41
$1;1;580000;2;0;1489;48798;32233;2392;397;0;3558;3555;3556;3563;3551;3554;3554;3548;3547;0;0;0;44
$1;1;581000;2;0;1500;48778;32236;2396;397;0;3558;3556;3557;3563;3551;3554;3554;3548;3547;0;0;0;32
$1;1;582000;2;0;1498;48789;32237;2400;397;0;3559;3556;3556;3563;3551;3554;3555;3549;3548;0;0;0;43
$1;1;583000;2;0;1448;48803;32222;2404;396;0;3558;3555;3556;3562;3550;3553;3554;3548;3547;0;0;0;33
$1;1;584000;2;0;1492;48785;32236;2409;396;0;3558;3556;3557;3563;3551;3554;3555;3548;3547;0;0;0;44
$1;1;585000;2;0;1500;48791;32239;2413;396;0;3559;3556;3557;3564;3551;3554;3555;3549;3548;0;0;0;46
$1;1;586000;2;0;1500;48804;32241;2417;396;0;3559;3556;3557;3563;3551;3554;3555;3549;3548;0;0;0;34
$1;1;587000;2;0;1488;48812;32236;2420;396;0;3558;3556;3557;3563;3551;3554;3555;3549;3547;0;0;0;47
$1;1;588000;2;0;1499;48806;32240;2425;396;0;3559;3556;3557;3563;3551;3554;3555;3549;3548;0;0;0;47
$1;1;589000;2;0;1484;48800;32236;2429;396;0;3559;3556;3556;3563;3551;3554;3555;3549;3547;0;0;0;39
$1;1;590000;2;0;1486;48799;32237;2432;396;0;3559;3556;3556;3563;3551;3554;3555;3549;3548;0;0;0;38
$1;1;591000;2;0;1474;48803;32233;2437;397;0;3558;3556;3556;3563;3551;3554;3554;3549;3547;0;0;0;41
$1;1;592000;2;0;1471;48808;32233;2441;397;0;3558;3556;3556;3563;3551;3554;3555;3548;3547;0;0;0;37
$1;1;593000;2;0;1497;48796;32243;2445;397;0;3559;3556;3557;3564;3551;3554;3555;3549;3548;0;0;0;46
$1;1;594000;2;0;1499;48799;32243;2449;397;0;3559;3556;3557;3564;3552;3555;3555;3549;3548;0;0;0;38
$1;1;595000;2;0;1484;48805;32238;2453;397;0;3559;3556;3557;3564;3551;3554;3555;3549;3548;0;0;0;36
$1;1;596000;2;0;1497;48797;32242;2457;397;0;3559;3556;3557;3564;3551;3555;3555;3549;3548;0;0;0;41
$1;1;597000;2;0;1498;48798;32244;2461;397;0;3559;3557;3557;3564;3552;3555;3555;3549;3548;0;0;0;41
$1;1;598000;2;0;1499;48795;32246;2466;396;0;3559;3556;3557;3564;3552;3555;3556;3549;3548;0;0;0;44
$1;1;599000;2;0;1469;48812;32236;2470;396;0;3559;3556;3557;3564;3551;3554;3555;3549;3548;0;0;0;35
$1;1;600000;2;0;1497;48804;32247;2474;396;0;3559;3557;3557;3564;3552;3555;3556;3550;3549;0;0;0;45
$1;1;601000;2;0;1476;48817;32240;2478;396;0;3559;3557;3557;3564;3552;3555;3555;3549;3548;0;0;0;32
$1;1;602000;2;0;1491;48811;32245;2482;396;0;3559;3557;3557;3564;3552;3555;3555;3549;3548;0;0;0;44
$1;1;603000;2;0;1461;48826;32235;2486;396;0;3559;3556;3557;3564;3551;3554;3555;3549;3548;0;0;0;38
$1;1;604000;2;0;1443;48834;32229;2490;396;0;3559;3556;3557;3563;3552;3554;3555;3549;3548;0;0;0;44
$1;1;605000;2;0;1492;48806;32247;2495;396;0;3560;3557;3557;3565;3552;3555;3556;3549;3548;0;0;0;34
$1;1;606000;2;0;1499;48801;32249;2499;396;0;3560;3557;3557;3565;3552;3555;3556;3550;3549;0;0;0;38
$1;128;606000;330;149;17;16;15;18;14;16;18;16;19;0;0;0;33
$1;1;607000;2;0;1459;48822;32236;2503;395;0;3559;3557;3557;3564;3552;3555;3555;3549;3548;0;0;0;34
$1;1;608000;2;0;1497;48799;32250;2507;396;0;3560;3557;3558;3565;3552;3555;3556;3550;3549;0;0;0;41
$1;1;609000;2;0;1500;48798;32251;2511;396;0;3560;3557;3558;3565;3552;3555;3556;3550;3549;0;0;0;32
$1;1;610000;2;0;1500;48800;32252;2515;396;0;3560;3558;3558;3565;3553;3556;3556;3550;3549;0;0;0;44
$1;1;611000;2;0;1486;48808;32248;2519;396;0;3560;3557;3558;3565;3552;3555;3556;3550;3549;0;0;0;32
$1;1;612000;2;0;1484;48808;32248;2523;396;0;3560;3557;3558;3565;3552;3555;3556;3550;3549;0;0;0;40
$1;1;613000;2;0;1496;48798;32254;2527;396;0;3560;3558;3558;3565;3553;3556;3556;3550;3549;0;0;0;40
$1;1;614000;2;0;1443;48821;32235;2531;396;0;3559;3557;3558;3564;3552;3555;3556;3549;3549;0;0;0;36
$1;1;615000;2;0;1493;48793;32253;2535;396;0;3560;3557;3558;3565;3552;3556;3557;3550;3549;0;0;0;43
$1;1;616000;2;0;1498;48786;32256;2540;396;0;3560;3558;3558;3565;3553;3556;3557;3550;3550;0;0;0;38
$1;1;617000;2;0;1499;48785;32258;2544;396;0;3561;3558;3558;3565;3553;3556;3557;3551;3550;0;0;0;47
$1;1;618000;2;0;1500;48781;32259;2548;396;0;3561;3558;3558;3565;3553;3556;3557;3551;3550;0;0;0;40
$1;1;619000;2;0;1500;48769;32259;2552;396;0;3561;3558;3559;3565;3553;3556;3557;3551;3550;0;0;0;37
$1;1;620000;2;0;1499;48775;32260;2556;396;0;3561;3558;3559;3565;3553;3556;3557;3551;3550;0;0;0;45
$1;1;621000;2;0;1499;48774;32260;2560;395;0;3561;3558;3559;3565;3553;3556;3557;3551;3550;0;0;0;43
$1;1;622000;2;0;1501;48776;32261;2565;395;0;3561;3558;3559;3565;3553;3556;3557;3551;3550;0;0;0;46
$1;1;623000;2;0;1498;48774;32261;2569;395;0;3561;3558;3559;3565;3553;3556;3557;3551;3550;0;0;0;32
$1;1;624000;2;0;1498;48775;32261;2573;395;0;3561;3558;3559;3565;3553;3557;3557;3551;3550;0;0;0;44
$1;1;625000;2;0;1502;48776;32263;2577;395;0;3561;3559;3559;3565;3554;3557;3557;3551;3551;0;0;0;45
$1;1;626000;2;0;1499;48773;32263;2581;396;0;3561;3559;3559;3565;3553;3557;3558;3551;3550;0;0;0;43
$1;1;627000;2;0;1499;48767;32263;2585;396;0;3561;3559;3559;3566;3554;3557;3558;3551;3550;0;0;0;47
$1;1;628000;2;0;1499;48771;32264;2590;396;0;3561;3559;3559;3566;3554;3557;3558;3551;3550;0;0;0;36
$1;1;629000;2;0;1499;48770;32264;2594;396;0;3561;3559;3559;3566;3554;3557;3558;3551;3550;0;0;0;32
$1;1;630000;2;0;1498;48770;32264;2598;396;0;3561;3559;3559;3565;3554;3557;3558;3552;3550;0;0;0;37
$1;1;631000;2;0;1499;48774;32265;2602;396;0;3561;3559;3559;3566;3554;3557;3558;3552;3551;0;0;0;34
$1;1;632000;2;0;1499;48775;32266;2606;396;0;3562;3559;3559;3566;3554;3557;3558;3552;3551;0;0;0;36
$1;1;633000;2;0;1501;48770;32267;2611;396;0;3562;3559;3559;3566;3554;3557;3558;3552;3551;0;0;0;39
$1;1;634000;2;0;1501;48775;32268;2615;396;0;3562;3559;3559;3566;3554;3557;3558;3552;3551;0;0;0;46
$1;1;635000;2;0;1497;48775;32267;2619;396;0;3562;3559;3559;3566;3554;3557;3558;3552;3551;0;0;0;34
$1;1;636000;2;0;1500;48775;32268;2623;396;0;3562;3559;3560;3566;3554;3557;3558;3552;3551;0;0;0;34
$1;1;637000;2;0;1500;48775;32269;2627;396;0;3562;3559;3559;3566;3554;3557;3558;3552;3551;0;0;0;44
$1;1;638000;2;0;1498;48772;32269;2631;395;0;3562;3559;3560;3566;3554;3557;3558;3552;3551;0;0;0;42
$1;1;639000;2;0;1499;48769;32270;2636;395;0;3562;3559;3560;3566;3554;3557;3558;3552;3551;0;0;0;47
$1;1;640000;2;0;1502;48773;32272;2640;395;0;3562;3559;3560;3566;3554;3557;3558;3552;3551;0;0;0;42
$1;1;641000;2;0;1499;48775;32272;2644;395;0;3562;3559;3560;3566;3554;3557;3558;3552;3551;0;0;0;42
$1;1;642000;2;0;1499;48778;32272;2648;395;0;3562;3560;3560;3566;3554;3558;3558;3552;3551;0;0;0;45
$1;1;643000;2;0;1499;48776;32272;2652;395;0;3562;3559;3560;3566;3554;3557;3558;3552;3551;0;0;0;44
$1;1;644000;2;0;1498;48773;32272;2656;395;0;3562;3559;3560;3566;3554;3557;3558;3552;3551;0;0;0;43
$1;1;645000;2;0;1499;48770;32273;2661;396;0;3562;3559;3560;3566;3554;3558;3558;3552;3551;0;0;0;33
$1;1;646000;2;0;1500;48770;32273;2665;396;0;3562;3559;3560;3567;3555;3558;3559;3552;3552;0;0;0;37
$1;1;647000;2;0;1499;48770;32273;2669;396;0;3562;3560;3560;3566;3555;3558;3559;3552;3551;0;0;0;33
$1;1;648000;2;0;1499;48760;32273;2673;396;0;3562;3560;3560;3567;3555;3558;3559;3552;3551;0;0;0;37
$1;1;649000;2;0;1490;48761;32270;2677;396;0;3562;3560;3560;3566;3554;3558;3559;3552;3551;0;0;0;43
$1;1;650000;2;0;1500;48758;32274;2681;396;0;3562;3560;3560;3567;3555;3558;3559;3553;3551;0;0;0;45
$1;1;651000;2;0;1498;48765;32275;2685;395;0;3563;3560;3560;3567;3555;3558;3559;3553;3552;0;0;0;38
$1;1;652000;2;0;1501;48765;32276;2689;395;0;3563;3560;3560;3567;3555;3558;3559;3553;3552;0;0;0;43
$1;1;653000;2;0;1500;48770;32276;2694;395;0;3563;3560;3561;3567;3555;3558;3559;3553;3552;0;0;0;34
$1;1;654000;2;0;1498;48771;32277;2698;395;0;3563;3560;3561;3567;3555;3558;3559;3553;3552;0;0;0;41
$1;1;655000;2;0;1449;48796;32260;2702;394;0;3562;3560;3560;3566;3554;3558;3558;3552;3551;0;0;0;43
$1;1;656000;2;0;1493;48775;32276;2706;394;0;3563;3560;3561;3567;3555;3558;3559;3553;3552;0;0;0;34
$1;1;657000;2;0;1499;48771;32279;2710;394;0;3563;3560;3561;3567;3555;3558;3559;3553;3552;0;0;0;37
$1;1;658000;2;0;1482;48781;32273;2714;394;0;3563;3560;3561;3567;3555;3558;3559;3553;3552;0;0;0;33
$1;1;659000;2;0;1500;48773;32281;2719;394;0;3563;3560;3561;3567;3555;3559;3560;3553;3552;0;0;0;45
$1;1;660000;2;0;1450;48798;32262;2723;394;0;3562;3560;3560;3567;3555;3558;3559;3552;3551;0;0;0;43
$1;1;661000;2;0;1495;48777;32279;2727;394;0;3563;3560;3561;3568;3555;3559;3559;3553;3552;0;0;0;32
$1;1;662000;2;0;1451;48794;32263;2731;395;0;3562;3560;3560;3567;3555;3558;3559;3552;3552;0;0;0;36
$1;1;663000;2;0;1492;48775;32278;2735;396;0;3563;3560;3561;3567;3555;3558;3559;3553;3552;0;0;0;41
$1;1;664000;2;0;1498;48769;32281;2739;396;0;3563;3561;3561;3568;3555;3559;3560;3553;3552;0;0;0;38
$1;1;665000;2;0;1499;48762;32281;2743;397;0;3563;3560;3561;3568;3555;3559;3560;3553;3552;0;0;0;32
$1;1;666000;2;0;1484;48771;32275;2748;397;0;3563;3560;3561;3567;3555;3558;3560;3553;3552;0;0;0;35
$1;128;666000;333;149;17;15;16;18;14;16;18;16;19;0;0;0;36
$1;1;667000;2;0;1498;48763;32283;2752;397;0;3563;3561;3561;3568;3555;3559;3560;3553;3552;0;0;0;33
$1;1;668000;2;0;1444;48795;32262;2756;397;0;3562;3560;3560;3567;3554;3558;3559;3553;3551;0;0;0;42
$1;1;669000;2;0;1492;48745;32280;2760;397;0;3563;3561;3561;3568;3555;3559;3560;3553;3552;0;0;0;35
$1;1;670000;2;0;1480;48759;32276;2764;398;0;3563;3560;3561;3568;3555;3559;3560;3553;3552;0;0;0;38
$1;1;671000;2;0;1454;48744;32268;2769;398;0;3563;3561;3561;3567;3555;3559;3559;3553;3552;0;0;0;36
$1;1;672000;2;0;1444;48754;32264;2773;398;0;3563;3560;3561;3568;3555;3558;3559;3553;3552;0;0;0;47
$1;1;673000;2;0;1473;48740;32274;2777;398;0;3563;3561;3561;3568;3555;3558;3559;3553;3552;0;0;0;43
$1;1;674000;2;0;1497;48736;32284;2781;398;0;3564;3561;3562;3568;3556;3559;3560;3554;3553;0;0;0;43
$1;1;675000;2;0;1498;48736;32284;2785;399;0;3564;3561;3562;3568;3556;3559;3560;3554;3553;0;0;0;32
$1;1;676000;2;0;1473;48746;32276;2789;399;0;3563;3561;3561;3568;3555;3559;3560;3554;3552;0;0;0;38
$1;1;677000;2;0;1497;48750;32286;2794;399;0;3564;3561;3562;3568;3556;3559;3561;3554;3553;0;0;0;46
$1;1;678000;2;0;1499;48757;32287;2798;399;0;3564;3562;3562;3568;3556;3560;3561;3554;3553;0;0;0;44
$1;1;679000;2;0;1467;48773;32277;2802;400;0;3563;3561;3561;3568;3555;3559;3560;3554;3552;0;0;0;32
$1;1;680000;2;0;1442;48778;32269;2806;401;0;3563;3561;3561;3568;3555;3559;3560;3553;3552;0;0;0;39
$1;1;681000;2;0;1473;48738;32279;2810;402;0;3563;3561;3561;3569;3556;3559;3560;3553;3552;0;0;0;39
$1;1;682000;2;0;1458;48747;32273;2814;402;0;3563;3561;3561;3568;3555;3559;3560;3554;3552;0;0;0;46
$1;1;683000;2;0;1495;48718;32287;2818;403;0;3564;3562;3562;3569;3556;3559;3561;3554;3553;0;0;0;39
$1;1;684000;2;0;1445;48743;32272;2823;404;0;3563;3561;3562;3569;3556;3559;3560;3554;3552;0;0;0;34
$1;1;685000;2;0;1492;48720;32288;2827;404;0;3564;3562;3562;3569;3556;3560;3561;3554;3553;0;0;0;35
$1;1;686000;2;0;1436;48749;32269;2831;404;0;3563;3561;3561;3568;3555;3559;3560;3553;3553;0;0;0;32
$1;1;687000;2;0;1497;48736;32290;2835;405;0;3564;3562;3562;3569;3556;3560;3561;3554;3553;0;0;0;40
$1;1;688000;2;0;1499;48739;32291;2839;405;0;3564;3562;3562;3570;3556;3560;3561;3555;3553;0;0;0;34
$1;1;689000;2;0;1501;48738;32293;2843;405;0;3565;3562;3563;3569;3556;3560;3561;3555;3554;0;0;0;34
$1;1;690000;2;0;1452;48770;32277;2847;405;0;3564;3561;3562;3568;3556;3559;3560;3554;3553;0;0;0;32
$1;1;691000;2;0;1493;48752;32291;2852;406;0;3564;3562;3563;3569;3557;3560;3561;3555;3554;0;0;0;44
$1;1;692000;2;0;1468;48746;32284;2856;406;0;3564;3562;3562;3569;3556;3560;3561;3554;3553;0;0;0;40
$1;1;693000;2;0;1497;48747;32295;2860;406;0;3565;3562;3563;3569;3557;3560;3561;3555;3554;0;0;0;42
$1;1;694000;2;0;1479;48754;32288;2864;406;0;3564;3562;3562;3569;3556;3560;3561;3555;3553;0;0;0;33
$1;1;695000;2;0;1499;48739;32296;2868;407;0;3565;3562;3563;3570;3557;3560;3562;3555;3554;0;0;0;42
$1;1;696000;2;0;1469;48756;32285;2872;407;0;3564;3562;3563;3569;3557;3560;3561;3554;3554;0;0;0;45
$1;1;697000;2;0;1401;48791;32262;2876;408;0;3563;3561;3562;3568;3556;3559;3560;3554;3552;0;0;0;35
$1;1;698000;2;0;1487;48734;32293;2880;408;0;3565;3562;3563;3570;3557;3560;3561;3555;3554;0;0;0;42
$1;1;699000;2;0;1496;48720;32296;2885;409;0;3565;3562;3563;3570;3557;3560;3562;3555;3554;0;0;0;44
$1;1;700000;2;0;1501;48709;32300;2889;409;0;3565;3563;3563;3570;3557;3561;3562;3555;3555;0;0;0;42
$1;1;701000;2;0;1500;48710;32300;2893;409;0;3565;3563;3563;3570;3557;3561;3562;3556;3554;0;0;0;43
$1;1;702000;2;0;1499;48701;32301;2897;409;0;3565;3563;3563;3570;3557;3561;3562;3556;3554;0;0;0;44
$1;1;703000;2;0;1498;48707;32302;2901;409;0;3565;3563;3563;3570;3557;3561;3562;3556;3555;0;0;0;38
$1;1;704000;2;0;1500;48695;32303;2905;409;0;3566;3563;3563;3570;3557;3561;3562;3556;3555;0;0;0;45
$1;1;705000;2;0;1501;48695;32304;2910;409;0;3566;3563;3564;3570;3558;3561;3563;3556;3555;0;0;0;39
$1;1;706000;2;0;1501;48717;32304;2914;409;0;3566;3563;3564;3570;3558;3561;3562;3556;3555;0;0;0;42
$1;1;707000;2;0;1446;48748;32284;2918;409;0;3565;3562;3563;3569;3557;3560;3562;3555;3554;0;0;0;39
$1;1;708000;2;0;1494;48722;32302;2922;409;0;3566;3563;3563;3571;3558;3561;3562;3556;3555;0;0;0;42
$1;1;709000;2;0;1499;48705;32306;2926;409;0;3566;3563;3564;3570;3558;3561;3563;3556;3555;0;0;0;36
$1;1;710000;2;0;1500;48694;32307;2931;409;0;3566;3564;3564;3570;3558;3561;3563;3556;3555;0;0;0;36
$1;1;711000;2;0;1498;48702;32307;2935;409;0;3566;3563;3564;3570;3558;3561;3563;3556;3555;0;0;0;40
$1;1;712000;2;0;1501;48706;32308;2939;409;0;3566;3563;3564;3570;3558;3562;3563;3556;3555;0;0;0;46
$1;1;713000;2;0;1500;48710;32308;2943;409;0;3566;3563;3564;3571;3558;3562;3563;3556;3555;0;0;0;37
$1;1;714000;2;0;1499;48713;32309;2947;409;0;3566;3563;3564;3571;3558;3562;3563;3557;3555;0;0;0;36
$1;1;715000;2;0;1498;48718;32309;2951;410;0;3566;3563;3564;3571;3558;3562;3563;3557;3555;0;0;0;32
$1;1;716000;2;0;1499;48719;32309;2956;410;0;3566;3564;3564;3571;3558;3562;3563;3557;3556;0;0;0;32
$1;1;717000;2;0;1501;48723;32311;2960;410;0;3566;3564;3564;3571;3558;3562;3563;3557;3556;0;0;0;36
$1;1;718000;2;0;1498;48729;32310;2964;409;0;3566;3564;3564;3571;3558;3562;3563;3557;3556;0;0;0;45
$1;1;719000;2;0;1501;48726;32311;2968;409;0;3567;3564;3564;3571;3558;3562;3563;3557;3556;0;0;0;46
$1;1;720000;2;0;1498;48726;32311;2972;409;0;3567;3564;3564;3571;3559;3562;3563;3557;3556;0;0;0;47
$1;1;721000;2;0;1498;48724;32312;2977;409;0;3567;3564;3564;3571;3559;3562;3563;3557;3556;0;0;0;42
$1;1;722000;2;0;1502;48723;32315;2981;409;0;3567;3564;3564;3571;3559;3562;3564;3557;3556;0;0;0;37
$1;1;723000;2;0;1499;48725;32314;2985;408;0;3567;3564;3565;3571;3559;3562;3564;3557;3556;0;0;0;36
$1;1;724000;2;0;1501;48727;32314;2989;408;0;3567;3564;3565;3571;3559;3562;3564;3557;3556;0;0;0;45
$1;1;725000;2;0;1500;48730;32315;2993;408;0;3567;3564;3565;3571;3559;3562;3564;3557;3556;0;0;0;33
$1;1;726000;2;0;1499;48732;32315;2997;408;0;3567;3564;3565;3571;3559;3562;3564;3557;3556;0;0;0;37
$1;128;726000;335;151;18;16;16;18;14;16;18;16;19;0;0;0;34
$1;1;727000;2;0;1499;48733;32316;3001;408;0;3567;3564;3565;3571;3559;3563;3564;3557;3556;0;0;0;32
$1;1;728000;2;0;1500;48729;32316;3006;408;0;3567;3564;3565;3571;3559;3563;3564;3557;3556;0;0;0;34
$1;1;729000;2;0;1501;48728;32317;3010;409;0;3567;3565;3565;3571;3559;3563;3564;3557;3557;0;0;0;36
$1;1;730000;2;0;1498;48729;32317;3014;409;0;3567;3565;3565;3571;3559;3563;3564;3557;3557;0;0;0;40
$1;1;731000;2;0;1498;48726;32318;3018;409;0;3567;3564;3565;3571;3559;3563;3564;3557;3557;0;0;0;36
$1;1;732000;2;0;1500;48725;32319;3022;408;0;3567;3564;3565;3572;3559;3563;3564;3558;3557;0;0;0;33
$1;1;733000;2;0;1499;48724;32319;3026;408;0;3567;3565;3565;3572;3559;3563;3564;3558;3557;0;0;0;37
$1;1;734000;2;0;1499;48722;32320;3031;408;0;3567;3565;3565;3572;3559;3563;3564;3558;3557;0;0;0;40
$1;1;735000;2;0;1499;48719;32320;3035;408;0;3567;3565;3565;3571;3559;3563;3564;3558;3557;0;0;0;38
$1;1;736000;2;0;1500;48715;32321;3039;408;0;3567;3565;3565;3571;3559;3563;3564;3558;3557;0;0;0;37
$1;1;737000;2;0;1499;48713;32321;3043;407;0;3567;3565;3565;3572;3559;3563;3564;3558;3557;0;0;0;34
$1;1;738000;2;0;1499;48717;32321;3047;407;0;3568;3565;3565;3572;3560;3563;3564;3558;3557;0;0;0;40
$1;1;739000;2;0;1500;48717;32322;3051;407;0;3568;3565;3565;3572;3560;3563;3564;3558;3557;0;0;0;44
$1;1;740000;2;0;1499;48719;32322;3055;407;0;3568;3565;3565;3572;3560;3563;3564;3558;3557;0;0;0;41
$1;1;741000;2;0;1501;48718;32323;3060;406;0;3568;3565;3566;3572;3560;3563;3564;3558;3557;0;0;0;44
$1;1;742000;2;0;1500;48718;32325;3064;406;0;3568;3565;3566;3572;3560;3564;3565;3558;3557;0;0;0;42
$1;1;743000;2;0;1499;48717;32324;3068;406;0;3568;3565;3566;3572;3560;3563;3565;3558;3557;0;0;0;47
$1;1;744000;2;0;1500;48710;32324;3072;406;0;3568;3565;3566;3572;3560;3563;3565;3558;3557;0;0;0;37
$1;1;745000;2;0;1464;48712;32311;3076;407;0;3567;3565;3565;3572;3559;3563;3564;3558;3557;0;0;0;33
$1;1;746000;2;0;1446;48709;32305;3080;407;0;3567;3564;3565;3571;3559;3563;3563;3557;3556;0;0;0;47
$1;1;747000;2;0;1481;48702;32317;3084;407;0;3567;3565;3565;3572;3559;3563;3564;3558;3557;0;0;0;34
$1;1;748000;2;0;1448;48724;32307;3089;407;0;3567;3565;3565;3572;3559;3563;3564;3557;3556;0;0;0;46
$1;1;749000;2;0;1495;48706;32323;3093;407;0;3568;3565;3566;3572;3560;3563;3565;3558;3557;0;0;0;43
$1;1;750000;2;0;1501;48704;32327;3097;406;0;3568;3565;3566;3572;3560;3564;3565;3559;3558;0;0;0;37
$1;1;751000;2;0;1459;48725;32313;3101;406;0;3567;3565;3566;3572;3560;3563;3564;3558;3557;0;0;0;37
$1;1;752000;2;0;1496;48708;32326;3105;406;0;3568;3565;3566;3573;3560;3564;3565;3559;3558;0;0;0;46
$1;1;753000;2;0;1500;48705;32329;3109;406;0;3568;3566;3566;3573;3561;3564;3565;3559;3558;0;0;0;45
$1;1;754000;2;0;1500;48704;32329;3114;405;0;3568;3566;3566;3573;3561;3564;3565;3559;3558;0;0;0;36
$1;1;755000;2;0;1463;48718;32316;3118;405;0;3568;3565;3566;3572;3560;3563;3564;3558;3557;0;0;0;39
$1;1;756000;2;0;1496;48682;32327;3122;405;0;3568;3565;3566;3573;3560;3564;3565;3559;3558;0;0;0;46
$1;1;757000;2;0;1501;48683;32329;3126;405;0;3568;3566;3566;3573;3561;3564;3565;3559;3558;0;0;0;41
$1;1;758000;2;0;1481;48688;32322;3130;404;0;3568;3566;3566;3573;3560;3564;3565;3558;3558;0;0;0;41
$1;1;759000;2;0;1500;48686;32330;3134;404;0;3569;3566;3567;3573;3561;3564;3565;3559;3558;0;0;0;41
$1;1;760000;2;0;1498;48692;32329;3139;404;0;3568;3566;3567;3573;3561;3564;3565;3559;3558;0;0;0;34
$1;1;761000;2;0;1499;48692;32331;3143;405;0;3568;3566;3566;3573;3561;3564;3565;3559;3558;0;0;0;38
$1;1;762000;2;0;1499;48695;32331;3147;405;0;3569;3566;3566;3573;3561;3564;3565;3559;3558;0;0;0;39
$1;1;763000;2;0;1471;48713;32321;3152;405;0;3568;3565;3566;3572;3560;3564;3565;3558;3558;0;0;0;41
$1;1;764000;2;0;1477;48709;32323;3156;405;0;3568;3566;3566;3572;3560;3564;3565;3559;3558;0;0;0;39
$1;1;765000;2;0;1478;48696;32324;3160;405;0;3568;3566;3566;3573;3561;3564;3565;3559;3558;0;0;0;44
$1;1;766000;2;0;1498;48672;32333;3164;405;0;3569;3566;3567;3573;3561;3564;3565;3559;3559;0;0;0;40
$1;1;767000;2;0;1458;48695;32319;3168;404;0;3568;3566;3567;3573;3561;3564;3565;3559;3558;0;0;0;41
$1;1;768000;2;0;1480;48695;32326;3171;404;0;3568;3566;3566;3573;3561;3564;3565;3559;3558;0;0;0;38
$1;1;769000;2;0;1498;48675;32333;3176;404;0;3569;3566;3567;3573;3561;3564;3565;3559;3558;0;0;0;35
$1;1;770000;2;0;1500;48686;32334;3180;404;0;3569;3566;3567;3573;3561;3565;3566;3559;3558;0;0;0;43
$1;1;771000;2;0;1444;48715;32315;3184;403;0;3568;3566;3566;3573;3561;3564;3565;3559;3558;0;0;0;34
$1;1;772000;2;0;1494;48693;32333;3188;403;0;3569;3567;3567;3573;3561;3565;3566;3559;3558;0;0;0;40
$1;1;773000;2;0;1500;48682;32336;3192;403;0;3569;3567;3567;3574;3561;3565;3566;3560;3559;0;0;0;39
$1;1;774000;2;0;1504;48674;32338;3196;403;0;3569;3567;3567;3574;3562;3565;3566;3560;3559;0;0;0;36
$1;1;775000;2;0;1466;48692;32325;3200;402;0;3569;3566;3567;3573;3561;3564;3565;3559;3558;0;0;0;37
$1;1;776000;2;0;1490;48684;32333;3205;402;0;3569;3566;3567;3574;3562;3565;3565;3560;3558;0;0;0;37
$1;1;777000;2;0;1499;48675;32337;3209;403;0;3569;3567;3567;3574;3562;3565;3566;3560;3559;0;0;0;41
$1;1;778000;2;0;1498;48671;32337;3213;403;0;3569;3567;3567;3574;3562;3565;3566;3560;3559;0;0;0;40
$1;1;779000;2;0;1487;48677;32334;3217;403;0;3569;3567;3567;3574;3562;3565;3566;3560;3559;0;0;0;38
$1;1;780000;2;0;1499;48670;32339;3221;403;0;3569;3567;3567;3574;3562;3565;3566;3560;3559;0;0;0;32
$1;1;781000;2;0;1504;48664;32340;3225;403;0;3569;3567;3567;3575;3562;3565;3566;3560;3559;0;0;0;42
$1;1;782000;2;0;1501;48670;32340;3229;403;0;3569;3567;3568;3575;3562;3565;3566;3560;3559;0;0;0;42
$1;1;783000;2;0;1474;48679;32332;3233;403;0;3569;3567;3567;3574;3562;3565;3566;3560;3559;0;0;0;33
$1;1;784000;2;0;1492;48673;32338;3237;402;0;3569;3567;3567;3575;3562;3565;3566;3560;3559;0;0;0;42
$1;1;785000;2;0;1502;48669;32344;3242;402;0;3570;3567;3568;3574;3562;3565;3567;3560;3560;0;0;0;44
$1;1;786000;2;0;1500;48671;32343;3246;402;0;3570;3567;3568;3574;3562;3565;3567;3560;3559;0;0;0;45
$1;128;786000;329;147;17;16;15;17;14;16;18;16;18;0;0;0;32
$1;1;787000;2;0;1503;48675;32343;3250;402;0;3570;3567;3568;3575;3562;3565;3566;3560;3560;0;0;0;38
$1;1;788000;2;0;1499;48678;32343;3254;402;0;3570;3567;3568;3575;3563;3565;3566;3560;3559;0;0;0;41
$1;1;789000;2;0;1446;48707;32324;3259;401;0;3569;3566;3567;3574;3562;3565;3565;3560;3559;0;0;0;41
$1;1;790000;2;0;1473;48694;32333;3263;402;0;3569;3566;3567;3574;3562;3565;3566;3560;3559;0;0;0;35
$1;1;791000;2;0;1497;48686;32343;3267;401;0;3570;3567;3568;3575;3562;3566;3567;3560;3560;0;0;0;36
$1;1;792000;2;0;1500;48685;32345;3271;401;0;3570;3567;3568;3575;3563;3566;3567;3561;3560;0;0;0;42
$1;1;793000;2;0;1499;48686;32345;3275;401;0;3570;3568;3568;3575;3563;3566;3567;3561;3560;0;0;0;34
$1;1;794000;2;0;1499;48684;32345;3279;401;0;3570;3568;3568;3575;3563;3566;3567;3561;3560;0;0;0;43
$1;1;795000;2;0;1500;48683;32346;3284;402;0;3570;3568;3568;3575;3563;3566;3567;3561;3560;0;0;0;46
$1;1;796000;2;0;1499;48683;32346;3288;402;0;3570;3568;3568;3575;3563;3566;3567;3561;3560;0;0;0;32
$1;1;797000;2;0;1486;48691;32342;3292;402;0;3570;3568;3568;3575;3563;3566;3567;3560;3559;0;0;0;40
$1;1;798000;2;0;1498;48686;32347;3296;401;0;3570;3568;3568;3575;3563;3566;3567;3561;3560;0;0;0;39
$1;1;799000;2;0;1500;48685;32349;3300;401;0;3570;3568;3569;3575;3563;3566;3567;3561;3560;0;0;0;36
$1;1;800000;2;0;1499;48686;32348;3304;401;0;3570;3568;3568;3576;3563;3566;3567;3561;3560;0;0;0;46
$1;1;801000;2;0;1480;48696;32343;3308;401;0;3570;3568;3568;3575;3563;3566;3567;3561;3560;0;0;0;34
$1;1;802000;2;0;1500;48685;32350;3313;401;0;3571;3568;3569;3576;3563;3566;3567;3561;3560;0;0;0;33
$1;1;803000;2;0;1501;48684;32351;3317;401;0;3571;3568;3568;3576;3563;3566;3568;3561;3560;0;0;0;43
$1;1;804000;2;0;1499;48685;32352;3321;400;0;3571;3568;3569;3575;3563;3567;3568;3562;3561;0;0;0;43
$1;1;805000;2;0;1501;48684;32353;3325;400;0;3571;3568;3569;3575;3563;3567;3568;3562;3561;0;0;0;46
$1;1;806000;2;0;1500;48683;32354;3330;400;0;3571;3568;3569;3575;3563;3567;3568;3562;3561;0;0;0;40
$1;1;807000;2;0;1499;48684;32354;3334;400;0;3571;3568;3569;3575;3563;3567;3568;3562;3561;0;0;0;43
$1;1;808000;2;0;1452;48709;32338;3338;400;0;3570;3568;3568;3575;3563;3566;3567;3561;3560;0;0;0;45
$1;1;809000;2;0;1445;48710;32335;3342;400;0;3570;3568;3568;3575;3563;3566;3567;3561;3560;0;0;0;34
$1;1;810000;2;0;1492;48686;32352;3346;400;0;3571;3569;3569;3575;3563;3567;3568;3562;3561;0;0;0;38
$1;1;811000;2;0;1500;48685;32356;3350;400;0;3571;3569;3569;3575;3563;3567;3568;3562;3561;0;0;0;45
$1;1;812000;2;0;1498;48683;32356;3355;400;0;3571;3569;3569;3575;3564;3567;3568;3562;3561;0;0;0;42
$1;1;813000;2;0;1455;48704;32340;3359;400;0;3570;3568;3569;3575;3563;3566;3567;3561;3560;0;0;0;36
$1;1;814000;2;0;1496;48684;32356;3363;401;0;3571;3569;3569;3576;3564;3567;3568;3562;3561;0;0;0;34
$1;1;815000;2;0;1497;48683;32356;3367;400;0;3571;3568;3569;3576;3564;3567;3568;3562;3561;0;0;0;33
$1;1;816000;2;0;1500;48681;32359;3371;400;0;3571;3569;3569;3576;3564;3567;3568;3562;3561;0;0;0;38
$1;1;817000;2;0;1498;48680;32358;3375;400;0;3572;3569;3569;3576;3564;3567;3569;3562;3562;0;0;0;34
$1;1;818000;2;0;1498;48680;32359;3380;400;0;3572;3569;3569;3576;3564;3567;3568;3563;3562;0;0;0;38
$1;1;819000;2;0;1500;48678;32361;3384;400;0;3572;3569;3570;3576;3564;3567;3569;3563;3562;0;0;0;38
$1;1;820000;2;0;1498;48680;32360;3388;400;0;3572;3569;3570;3576;3564;3567;3569;3563;3562;0;0;0;38
$1;1;821000;2;0;1499;48681;32361;3392;400;0;3572;3569;3570;3576;3564;3568;3569;3563;3562;0;0;0;34
$1;1;822000;2;0;1499;48683;32361;3396;399;0;3572;3569;3570;3576;3564;3568;3569;3563;3562;0;0;0;32
$1;1;823000;2;0;1500;48684;32362;3400;399;0;3572;3569;3570;3576;3564;3568;3569;3563;3562;0;0;0;44
$1;1;824000;2;0;1499;48686;32363;3405;399;0;3572;3569;3570;3576;3565;3568;3569;3563;3562;0;0;0;45
$1;1;825000;2;0;1499;48684;32364;3409;399;0;3572;3570;3570;3576;3564;3568;3569;3563;3562;0;0;0;44
$1;1;826000;2;0;1498;48684;32364;3413;399;0;3572;3570;3570;3576;3565;3568;3569;3563;3562;0;0;0;36
$1;1;827000;2;0;1500;48683;32365;3417;399;0;3572;3569;3570;3576;3565;3568;3569;3563;3562;0;0;0;47
$1;1;828000;2;0;1501;48679;32365;3421;399;0;3572;3570;3570;3576;3565;3568;3569;3563;3562;0;0;0;41
$1;1;829000;2;0;1499;48679;32366;3425;399;0;3572;3570;3570;3577;3565;3568;3569;3563;3562;0;0;0;46
$1;1;830000;2;0;1500;48679;32367;3430;399;0;3572;3569;3570;3576;3565;3568;3569;3563;3563;0;0;0;42
$1;1;831000;2;0;1499;48680;32367;3434;399;0;3572;3570;3570;3576;3565;3568;3569;3563;3562;0;0;0;33
$1;1;832000;2;0;1501;48679;32368;3438;399;0;3572;3570;3570;3576;3565;3568;3569;3563;3562;0;0;0;39
$1;1;833000;2;0;1498;48681;32367;3442;399;0;3572;3570;3570;3576;3565;3568;3569;3563;3563;0;0;0;35
$1;1;834000;2;0;1501;48679;32369;3446;399;0;3572;3570;3571;3577;3565;3568;3569;3563;3562;0;0;0;41
$1;1;835000;2;0;1499;48680;32369;3450;399;0;3573;3570;3570;3577;3565;3568;3569;3564;3563;0;0;0;47
$1;1;836000;2;0;1500;48678;32369;3454;399;0;3573;3570;3571;3577;3565;3568;3570;3564;3563;0;0;0;39
$1;1;837000;2;0;1498;48679;32369;3459;399;0;3573;3570;3570;3577;3565;3568;3570;3564;3563;0;0;0;43
$1;1;838000;2;0;1501;48678;32371;3463;398;0;3573;3570;3571;3577;3565;3569;3570;3564;3563;0;0;0;37
$1;1;839000;2;0;1500;48677;32371;3467;398;0;3573;3570;3571;3577;3565;3569;3570;3564;3563;0;0;0;46
$1;1;840000;2;0;1500;48678;32371;3471;398;0;3573;3570;3571;3577;3565;3569;3570;3564;3563;0;0;0;40
$1;1;841000;2;0;1499;48678;32371;3475;398;0;3573;3570;3571;3577;3565;3569;3570;3564;3563;0;0;0;44
$1;1;842000;2;0;1498;48672;32371;3480;398;0;3573;3570;3571;3577;3565;3569;3570;3564;3563;0;0;0;46
$1;1;843000;2;0;1470;48677;32362;3484;398;0;3572;3570;3570;3577;3565;3568;3569;3563;3563;0;0;0;36
$1;1;844000;2;0;1498;48668;32372;3488;398;0;3573;3570;3571;3577;3565;3569;3570;3564;3563;0;0;0;40
$1;1;845000;2;0;1501;48656;32373;3492;399;0;3573;3571;3571;3577;3565;3569;3570;3564;3563;0;0;0;47
$1;1;846000;2;0;1498;48657;32371;3496;399;0;3573;3570;3571;3577;3565;3569;3570;3564;3563;0;0;0;43
$1;128;846000;332;147;17;16;15;17;14;16;18;16;18;0;0;0;41
$1;1;847000;2;0;1501;48662;32373;3500;399;0;3573;3570;3571;3577;3566;3569;3570;3564;3563;0;0;0;34
$1;1;848000;2;0;1499;48666;32374;3505;399;0;3573;3571;3571;3577;3566;3569;3570;3564;3563;0;0;0;42
$1;1;849000;2;0;1500;48658;32374;3509;399;0;3573;3571;3571;3577;3566;3569;3570;3564;3563;0;0;0;43
$1;1;850000;2;0;1489;48661;32371;3513;399;0;3573;3570;3571;3577;3565;3569;3570;3564;3563;0;0;0;37
$1;1;851000;2;0;1499;48665;32376;3517;398;0;3573;3571;3571;3577;3566;3569;3570;3564;3563;0;0;0;33
$1;1;852000;2;0;1498;48665;32376;3521;398;0;3573;3571;3571;3577;3566;3569;3570;3564;3564;0;0;0;33
$1;1;853000;2;0;1490;48672;32373;3525;398;0;3573;3571;3571;3578;3566;3569;3570;3564;3563;0;0;0;39
$1;1;854000;2;0;1497;48669;32376;3529;398;0;3573;3570;3571;3578;3566;3569;3570;3565;3564;0;0;0;35
$1;1;855000;2;0;1500;48667;32378;3533;398;0;3573;3571;3571;3578;3566;3569;3570;3565;3564;0;0;0;39
$1;1;856000;2;0;1485;48675;32372;3537;398;0;3573;3571;3571;3577;3566;3569;3570;3564;3563;0;0;0;44
$1;1;857000;2;0;1449;48692;32361;3541;398;0;3573;3570;3571;3577;3565;3569;3570;3564;3563;0;0;0;37
$1;1;858000;2;0;1496;48669;32377;3546;398;0;3574;3571;3571;3578;3566;3569;3570;3565;3564;0;0;0;32
$1;1;859000;2;0;1478;48678;32371;3550;397;0;3573;3571;3571;3577;3566;3569;3570;3564;3563;0;0;0;33
$1;1;860000;2;0;1452;48689;32364;3554;397;0;3573;3570;3571;3577;3566;3569;3570;3564;3563;0;0;0;44
$1;1;861000;2;0;1495;48665;32378;3558;397;0;3574;3571;3572;3578;3566;3570;3570;3565;3564;0;0;0;33
$1;1;862000;2;0;1489;48666;32377;3562;398;0;3573;3571;3571;3578;3566;3569;3570;3565;3564;0;0;0;41
$1;1;863000;2;0;1497;48660;32380;3566;398;0;3574;3571;3572;3578;3566;3570;3571;3565;3564;0;0;0;32
$1;1;864000;2;0;1446;48684;32361;3570;398;0;3573;3570;3571;3577;3566;3569;3570;3564;3563;0;0;0;44
$1;1;865000;2;0;1494;48664;32379;3574;398;0;3574;3571;3571;3578;3566;3570;3571;3565;3564;0;0;0;39
$1;1;866000;2;0;1498;48658;32381;3578;398;0;3574;3571;3572;3578;3567;3570;3571;3565;3564;0;0;0;46
$1;1;867000;2;0;1499;48660;32382;3583;398;0;3574;3572;3572;3578;3567;3570;3571;3565;3564;0;0;0;33
$1;1;868000;2;0;1498;48663;32381;3587;398;0;3574;3571;3572;3578;3567;3570;3571;3565;3564;0;0;0;40
$1;1;869000;2;0;1499;48662;32382;3591;398;0;3574;3571;3572;3579;3567;3570;3571;3565;3564;0;0;0;44
$1;1;870000;2;0;1500;48662;32383;3595;397;0;3574;3571;3572;3578;3567;3570;3571;3565;3564;0;0;0;46
$1;1;871000;2;0;1407;48708;32352;3599;397;0;3572;3570;3571;3577;3565;3568;3570;3564;3563;0;0;0;35
$1;1;872000;2;0;1470;48677;32373;3603;397;0;3573;3571;3571;3578;3566;3569;3570;3565;3564;0;0;0;33
$1;1;873000;2;0;1475;48675;32375;3607;397;0;3574;3571;3572;3578;3566;3570;3571;3565;3564;0;0;0;40
$1;1;874000;2;0;1498;48664;32384;3612;397;0;3574;3571;3572;3579;3567;3570;3571;3565;3564;0;0;0;38
$1;1;875000;2;0;1465;48681;32373;3616;397;0;3574;3571;3572;3579;3567;3570;3571;3565;3564;0;0;0;34
$1;1;876000;2;0;1491;48668;32383;3620;397;0;3574;3571;3572;3579;3567;3570;3571;3565;3565;0;0;0;38
$1;1;877000;2;0;1453;48690;32370;3624;396;0;3574;3571;3572;3578;3566;3570;3571;3565;3564;0;0;0;38
$1;1;878000;2;0;1493;48670;32384;3628;396;0;3575;3572;3572;3579;3567;3570;3571;3566;3565;0;0;0;44
$1;1;879000;2;0;1459;48680;32374;3632;396;0;3574;3572;3572;3579;3567;3570;3571;3565;3564;0;0;0;35
$1;1;880000;2;0;1463;48677;32374;3636;397;0;3574;3571;3572;3579;3567;3570;3571;3565;3564;0;0;0;34
$1;1;881000;2;0;1480;48669;32381;3641;397;0;3574;3572;3572;3578;3567;3570;3571;3565;3564;0;0;0;41
$1;1;882000;2;0;1480;48668;32381;3645;397;0;3574;3572;3572;3579;3567;3570;3571;3565;3564;0;0;0;46
$1;1;883000;2;0;1461;48678;32375;3649;397;0;3574;3571;3572;3578;3567;3570;3571;3565;3564;0;0;0;36
$1;1;884000;2;0;1446;48685;32369;3653;397;0;3574;3571;3572;3579;3567;3570;3571;3565;3564;0;0;0;35
$1;1;885000;2;0;1494;48662;32387;3657;397;0;3575;3572;3572;3579;3567;3570;3572;3566;3565;0;0;0;35
$1;1;886000;2;0;1501;48660;32390;3661;397;0;3575;3572;3573;3579;3567;3571;3572;3566;3565;0;0;0;44
$1;1;887000;2;0;1499;48661;32390;3665;397;0;3575;3572;3573;3580;3567;3571;3572;3566;3565;0;0;0;46
$1;1;888000;2;0;1498;48661;32391;3670;397;0;3575;3572;3573;3579;3568;3571;3572;3566;3565;0;0;0;44
$1;1;889000;2;0;1501;48660;32391;3674;397;0;3575;3572;3573;3580;3568;3571;3572;3566;3565;0;0;0;47
$1;1;890000;2;0;1499;48661;32392;3678;396;0;3575;3573;3573;3579;3568;3571;3572;3566;3565;0;0;0;47
$1;1;891000;2;0;1498;48662;32392;3682;396;0;3575;3573;3573;3580;3568;3571;3572;3566;3566;0;0;0;44
$1;1;892000;2;0;1499;48661;32392;3686;396;0;3575;3573;3573;3579;3568;3571;3572;3566;3566;0;0;0;47
$1;1;893000;2;0;1477;48670;32384;3691;396;0;3575;3573;3573;3579;3568;3570;3572;3566;3565;0;0;0;45
$1;1;894000;2;0;1471;48668;32384;3695;396;0;3575;3572;3573;3579;3567;3571;3572;3566;3565;0;0;0;46
$1;1;895000;2;0;1495;48653;32393;3699;396;0;3575;3573;3573;3580;3568;3571;3572;3566;3566;0;0;0;44
$1;1;896000;2;0;1499;48641;32394;3703;396;0;3575;3573;3573;3580;3568;3571;3572;3567;3566;0;0;0;36
$1;1;897000;2;0;1500;48638;32395;3707;395;0;3575;3573;3573;3580;3568;3571;3572;3567;3566;0;0;0;44
$1;1;898000;2;0;1475;48657;32387;3711;396;0;3575;3573;3573;3580;3568;3571;3572;3566;3565;0;0;0;44
$1;1;899000;2;0;1497;48648;32394;3716;396;0;3575;3573;3573;3580;3568;3571;3572;3567;3566;0;0;0;40
$1;1;900000;2;0;1480;48659;32389;3720;396;0;3575;3572;3573;3580;3568;3571;3572;3566;3565;0;0;0;37
$1;1;901000;2;0;1463;48670;32383;3724;396;0;3575;3572;3573;3580;3568;3571;3572;3566;3565;0;0;0;44
$1;1;902000;2;0;1447;48678;32378;3728;396;0;3574;3572;3572;3579;3567;3570;3571;3566;3565;0;0;0;34
$1;1;903000;2;0;1446;48674;32380;3732;396;0;3575;3572;3573;3579;3567;3571;3572;3566;3565;0;0;0;32
$1;1;904000;2;0;1429;48683;32374;3737;396;0;3575;3572;3573;3579;3567;3570;3571;3566;3565;0;0;0;42
$1;1;905000;2;0;1487;48658;32393;3741;396;0;3575;3573;3573;3580;3568;3571;3572;3567;3566;0;0;0;41
$1;1;906000;2;0;1490;48653;32394;3745;396;0;3575;3573;3573;3580;3568;3571;3572;3567;3566;0;0;0;36
$1;128;906000;332;145;16;16;15;18;13;15;18;16;18;0;0;0;36
$1;1;907000;2;0;1467;48667;32387;3749;396;0;3575;3573;3573;3580;3568;3571;3572;3566;3566;0;0;0;37
$1;1;908000;2;0;1498;48652;32399;3753;396;0;3576;3573;3574;3580;3569;3572;3573;3567;3567;0;0;0;47
$1;1;909000;2;0;1501;48651;32400;3757;396;0;3576;3573;3574;3581;3569;3572;3573;3567;3566;0;0;0;47
$1;1;910000;2;0;1469;48670;32390;3761;396;0;3575;3573;3574;3580;3568;3571;3572;3567;3566;0;0;0;33
$1;1;911000;2;0;1499;48653;32401;3765;396;0;3576;3573;3574;3581;3569;3572;3573;3567;3566;0;0;0;36
$1;1;912000;2;0;1489;48653;32397;3769;395;0;3576;3573;3574;3581;3568;3572;3573;3567;3566;0;0;0;32
$1;1;913000;2;0;1490;48654;32398;3774;395;0;3576;3573;3574;3581;3568;3572;3573;3567;3566;0;0;0;45
$1;1;914000;2;0;1448;48676;32384;3778;395;0;3575;3573;3573;3579;3568;3571;3572;3567;3566;0;0;0;47
$1;1;915000;2;0;1494;48653;32401;3782;395;0;3576;3573;3574;3581;3569;3572;3573;3567;3567;0;0;0;38
$1;1;916000;2;0;1500;48647;32403;3786;396;0;3576;3574;3574;3581;3569;3572;3573;3567;3567;0;0;0;46
$1;1;917000;2;0;1449;48670;32386;3790;396;0;3575;3573;3574;3580;3568;3571;3572;3567;3566;0;0;0;45
$1;1;918000;2;0;1461;48666;32391;3794;396;0;3576;3573;3574;3580;3568;3572;3572;3567;3566;0;0;0;45
$1;1;919000;2;0;1496;48648;32404;3799;396;0;3576;3574;3574;3581;3569;3572;3573;3568;3567;0;0;0;38
$1;1;920000;2;0;1487;48654;32401;3802;396;0;3576;3574;3574;3581;3569;3572;3573;3567;3567;0;0;0;38
$1;1;921000;2;0;1499;48647;32405;3807;396;0;3576;3574;3574;3581;3569;3572;3573;3568;3567;0;0;0;36
$1;1;922000;2;0;1485;48653;32401;3811;396;0;3576;3574;3574;3581;3569;3572;3573;3568;3567;0;0;0;44
$1;1;923000;2;0;1454;48669;32391;3815;395;0;3576;3573;3574;3581;3569;3572;3573;3567;3566;0;0;0;40
$1;1;924000;2;0;1493;48651;32405;3819;395;0;3576;3574;3575;3581;3569;3572;3574;3568;3567;0;0;0;38
$1;1;925000;2;0;1502;48645;32409;3823;395;0;3577;3574;3575;3582;3569;3573;3574;3568;3567;0;0;0;45
$1;1;926000;2;0;1446;48672;32392;3827;395;0;3576;3574;3574;3580;3569;3572;3573;3567;3567;0;0;0;33
$1;1;927000;2;0;1494;48649;32407;3831;395;0;3577;3574;3575;3581;3569;3573;3574;3568;3567;0;0;0;35
$1;1;928000;2;0;1500;48645;32410;3836;395;0;3577;3575;3575;3581;3569;3573;3574;3568;3568;0;0;0;35
$1;1;929000;2;0;1499;48645;32411;3840;395;0;3577;3575;3575;3581;3570;3573;3574;3568;3568;0;0;0;43
$1;1;930000;2;0;1444;48669;32392;3844;394;0;3576;3574;3574;3581;3569;3572;3573;3568;3567;0;0;0;36
$1;1;931000;2;0;1494;48645;32410;3848;395;0;3577;3575;3575;3581;3569;3573;3574;3568;3568;0;0;0;46
$1;1;932000;2;0;1499;48643;32413;3852;394;0;3577;3575;3575;3581;3570;3573;3574;3569;3568;0;0;0;38
$1;1;933000;2;0;1497;48641;32414;3856;394;0;3577;3575;3575;3581;3570;3573;3575;3569;3568;0;0;0;41
$1;1;934000;2;0;1499;48640;32415;3861;395;0;3577;3575;3575;3581;3570;3573;3575;3569;3568;0;0;0;37
$1;1;935000;2;0;1501;48643;32415;3865;395;0;3577;3575;3575;3581;3570;3574;3575;3569;3568;0;0;0;36
$1;1;936000;2;0;1500;48643;32416;3869;395;0;3577;3575;3576;3582;3570;3573;3575;3569;3568;0;0;0;46
$1;1;937000;2;0;1500;48643;32416;3873;395;0;3577;3575;3576;3581;3570;3573;3575;3569;3568;0;0;0;39
$1;1;938000;2;0;1499;48643;32416;3877;395;0;3578;3575;3576;3582;3570;3574;3575;3569;3568;0;0;0;38
$1;1;939000;2;0;1501;48641;32417;3881;395;0;3578;3575;3576;3581;3570;3574;3575;3569;3568;0;0;0;46
$1;1;940000;2;0;1501;48643;32417;3886;395;0;3578;3575;3576;3581;3570;3573;3575;3569;3568;0;0;0;34
$1;1;941000;2;0;1500;48641;32418;3890;395;0;3578;3575;3576;3582;3570;3574;3575;3569;3568;0;0;0;44
$1;1;942000;2;0;1499;48643;32417;3894;394;0;3578;3575;3575;3581;3570;3574;3575;3569;3569;0;0;0;39
$1;1;943000;2;0;1499;48645;32418;3898;394;0;3578;3575;3576;3582;3570;3574;3575;3569;3569;0;0;0;35
$1;1;944000;2;0;1502;48645;32420;3902;394;0;3578;3575;3576;3582;3570;3574;3575;3570;3568;0;0;0;39
$1;1;945000;2;0;1502;48646;32421;3906;394;0;3578;3575;3576;3582;3570;3574;3575;3570;3569;0;0;0;33
$1;1;946000;2;0;1500;48642;32420;3911;394;0;3578;3575;3576;3582;3571;3574;3575;3570;3569;0;0;0;34
$1;1;947000;2;0;1499;48640;32421;3915;394;0;3578;3575;3576;3582;3571;3574;3575;3569;3569;0;0;0;45
$1;1;948000;2;0;1501;48637;32422;3919;394;0;3578;3575;3576;3582;3571;3574;3575;3570;3569;0;0;0;37
$1;1;949000;2;0;1499;48637;32422;3923;394;0;3578;3575;3576;3582;3571;3574;3575;3570;3569;0;0;0;45
$1;1;950000;2;0;1501;48637;32423;3927;394;0;3578;3576;3576;3582;3571;3574;3576;3570;3569;0;0;0;32
$1;1;951000;2;0;1499;48638;32423;3932;394;0;3578;3576;3576;3582;3571;3574;3576;3570;3569;0;0;0;42
$1;1;952000;2;0;1500;48634;32424;3936;394;0;3578;3575;3576;3582;3571;3574;3576;3570;3569;0;0;0;36
$1;1;953000;2;0;1499;48632;32423;3940;395;0;3578;3576;3576;3582;3571;3574;3576;3570;3569;0;0;0;38
$1;1;954000;2;0;1499;48633;32424;3944;395;0;3578;3576;3576;3582;3571;3574;3576;3570;3569;0;0;0;35
$1;1;955000;2;0;1498;48634;32424;3948;395;0;3578;3576;3577;3582;3571;3575;3576;3570;3569;0;0;0;40
$1;1;956000;2;0;1501;48631;32426;3952;394;0;3578;3576;3576;3583;3571;3575;3576;3570;3569;0;0;0;39
$1;1;957000;2;0;1500;48629;32426;3956;394;0;3579;3576;3576;3582;3571;3575;3576;3570;3569;0;0;0;42
$1;1;958000;2;0;1497;48619;32426;3961;394;0;3579;3576;3576;3582;3571;3575;3576;3570;3569;0;0;0;45
$1;1;959000;2;0;1502;48620;32427;3965;394;0;3579;3576;3576;3583;3571;3575;3576;3570;3569;0;0;0;47
$1;1;960000;2;0;1496;48624;32426;3969;394;0;3579;3576;3576;3582;3571;3575;3576;3570;3569;0;0;0;33
$1;1;961000;2;0;1498;48618;32427;3973;394;0;3579;3576;3577;3583;3571;3575;3576;3571;3569;0;0;0;42
$1;1;962000;2;0;1500;48617;32428;3977;394;0;3579;3576;3577;3583;3571;3575;3576;3571;3569;0;0;0;45
$1;1;963000;2;0;1501;48621;32429;3981;393;0;3579;3576;3577;3583;3571;3575;3576;3571;3570;0;0;0;47
$1;1;964000;2;0;1500;48626;32429;3986;393;0;3579;3576;3577;3583;3571;3575;3577;3571;3570;0;0;0;40
$1;1;965000;2;0;1502;48625;32430;3990;393;0;3579;3576;3577;3583;3571;3575;3577;3571;3570;0;0;0;39
$1;1;966000;2;0;1499;48628;32429;3994;393;0;3579;3576;3577;3583;3571;3575;3576;3571;3570;0;0;0;39
$1;128;966000;331;149;18;16;15;17;14;16;18;16;19;0;0;0;41
$1;1;967000;2;0;1500;48629;32430;3998;393;0;3579;3576;3577;3583;3571;3575;3577;3571;3570;0;0;0;35
$1;1;968000;2;0;1499;48629;32430;4002;393;0;3579;3576;3577;3583;3571;3575;3577;3571;3570;0;0;0;32
$1;1;969000;2;0;1500;48629;32431;4006;393;0;3579;3576;3577;3583;3572;3575;3577;3571;3570;0;0;0;38
$1;1;970000;2;0;1499;48625;32430;4010;394;0;3579;3576;3577;3583;3572;3575;3577;3571;3570;0;0;0;34
$1;1;971000;2;0;1498;48620;32431;4015;395;0;3579;3576;3577;3583;3572;3575;3577;3571;3570;0;0;0;34
$1;1;972000;2;0;1498;48613;32431;4019;395;0;3579;3577;3577;3583;3572;3575;3577;3571;3570;0;0;0;44
$1;1;973000;2;0;1469;48618;32421;4023;395;0;3579;3576;3577;3583;3571;3575;3576;3570;3569;0;0;0;42
$1;1;974000;2;0;1486;48624;32429;4027;396;0;3579;3576;3577;3583;3571;3575;3577;3571;3570;0;0;0;36
$1;1;975000;2;0;1479;48631;32426;4031;396;0;3579;3576;3577;3583;3571;3575;3577;3571;3570;0;0;0;41
$1;1;976000;2;0;1497;48619;32433;4035;396;0;3579;3577;3577;3583;3572;3576;3577;3571;3570;0;0;0;33
$1;1;977000;2;0;1499;48613;32435;4039;397;0;3579;3577;3577;3584;3572;3576;3577;3571;3570;0;0;0;40
$1;1;978000;2;0;1501;48619;32436;4043;397;0;3580;3577;3577;3584;3572;3576;3577;3572;3571;0;0;0;39
$1;1;979000;2;0;1498;48623;32436;4048;397;0;3580;3577;3577;3584;3572;3576;3577;3571;3571;0;0;0;38
$1;1;980000;2;0;1453;48646;32419;4052;397;0;3579;3576;3577;3583;3571;3575;3577;3571;3570;0;0;0;35
$1;1;981000;2;0;1495;48628;32436;4056;398;0;3580;3577;3578;3584;3572;3576;3577;3571;3570;0;0;0;41
$1;1;982000;2;0;1498;48626;32437;4060;398;0;3580;3577;3578;3584;3572;3576;3578;3572;3571;0;0;0;32
$1;1;983000;2;0;1500;48624;32438;4064;398;0;3580;3577;3578;3584;3572;3576;3578;3572;3571;0;0;0;40
$1;1;984000;2;0;1500;48626;32438;4068;398;0;3580;3577;3578;3584;3572;3576;3578;3572;3571;0;0;0;33
$1;1;985000;2;0;1498;48628;32438;4073;398;0;3580;3577;3578;3584;3572;3576;3578;3572;3570;0;0;0;37
$1;1;986000;2;0;1484;48635;32433;4077;399;0;3579;3577;3578;3584;3572;3576;3578;3572;3570;0;0;0;47
$1;1;987000;2;0;1498;48629;32440;4081;399;0;3580;3577;3578;3584;3572;3576;3578;3572;3571;0;0;0;36
$1;1;988000;2;0;1498;48630;32440;4085;399;0;3580;3577;3578;3584;3572;3576;3578;3572;3571;0;0;0;39
$1;1;989000;2;0;1499;48625;32441;4089;400;0;3580;3577;3578;3584;3572;3576;3578;3572;3571;0;0;0;41
$1;1;990000;2;0;1500;48623;32441;4093;401;0;3580;3578;3578;3584;3572;3576;3578;3572;3571;0;0;0;35
$1;1;991000;2;0;1499;48624;32441;4097;402;0;3580;3578;3578;3584;3572;3576;3578;3572;3571;0;0;0;35
$1;1;992000;2;0;1500;48623;32441;4102;402;0;3580;3578;3578;3584;3572;3577;3578;3572;3571;0;0;0;42
$1;1;993000;2;0;1501;48623;32442;4106;403;0;3580;3577;3578;3585;3573;3577;3578;3572;3571;0;0;0;35
$1;1;994000;2;0;1500;48623;32442;4110;404;0;3580;3578;3578;3584;3572;3577;3578;3572;3571;0;0;0;42
$1;1;995000;2;0;1464;48641;32431;4114;404;0;3580;3577;3578;3584;3572;3576;3578;3572;3571;0;0;0;34
$1;1;996000;2;0;1496;48624;32442;4118;405;0;3580;3578;3578;3585;3573;3576;3578;3572;3571;0;0;0;41
$1;1;997000;2;0;1491;48626;32441;4122;405;0;3580;3578;3578;3585;3573;3576;3578;3572;3571;0;0;0;39
$1;1;998000;2;0;1466;48638;32433;4126;405;0;3580;3578;3578;3584;3572;3576;3578;3572;3571;0;0;0;46
$1;1;999000;2;0;1493;48627;32442;4130;406;0;3580;3578;3578;3585;3573;3577;3578;3572;3571;0;0;0;40
$1;1;1000000;2;0;1499;48623;32445;4134;406;0;3581;3578;3578;3585;3573;3577;3579;3573;3572;0;0;0;31
$1;1;1001000;2;0;1500;48624;32446;4139;406;0;3581;3578;3579;3585;3573;3577;3579;3573;3572;0;0;0;23
$1;1;1002000;2;0;1450;48649;32428;4143;406;0;3580;3578;3578;3584;3572;3576;3578;3572;3571;0;0;0;28
$1;1;1003000;2;0;1495;48627;32445;4147;406;0;3581;3578;3579;3585;3573;3577;3579;3573;3572;0;0;0;17
$1;1;1004000;2;0;1476;48637;32439;4151;407;0;3580;3578;3578;3585;3573;3577;3579;3572;3571;0;0;0;21
$1;1;1005000;2;0;1498;48623;32447;4155;408;0;3581;3578;3579;3585;3573;3577;3579;3573;3572;0;0;0;17
$1;1;1006000;2;0;1488;48627;32443;4159;408;0;3580;3578;3578;3585;3573;3577;3579;3573;3572;0;0;0;31
$1;1;1007000;2;0;1498;48620;32447;4163;409;0;3581;3578;3579;3585;3573;3577;3579;3573;3572;0;0;0;20
$1;1;1008000;2;0;1500;48615;32448;4167;409;0;3581;3578;3579;3586;3573;3577;3579;3573;3572;0;0;0;21
$1;1;1009000;2;0;1491;48614;32445;4171;409;0;3581;3578;3579;3586;3573;3577;3579;3573;3572;0;0;0;22
$1;1;1010000;2;0;1483;48619;32443;4175;409;0;3580;3578;3579;3585;3573;3577;3578;3573;3572;0;0;0;17
$1;1;1011000;2;0;1500;48614;32450;4179;409;0;3581;3578;3579;3585;3573;3577;3579;3573;3572;0;0;0;25
$1;1;1012000;2;0;1499;48616;32450;4183;409;0;3581;3578;3579;3586;3573;3577;3579;3573;3572;0;0;0;31
$1;1;1013000;2;0;1497;48600;32449;4188;410;0;3581;3578;3579;3586;3573;3577;3579;3573;3572;0;0;0;28
$1;1;1014000;2;0;1476;48614;32442;4192;409;0;3581;3579;3579;3586;3573;3577;3579;3573;3572;0;0;0;24
$1;1;1015000;2;0;1471;48615;32441;4196;409;0;3581;3578;3579;3585;3573;3577;3579;3573;3572;0;0;0;26
$1;1;1016000;2;0;1457;48631;32436;4200;409;0;3580;3578;3579;3585;3573;3577;3578;3573;3571;0;0;0;20
$1;1;1017000;2;0;1478;48614;32444;4204;410;0;3581;3578;3579;3585;3573;3577;3579;3573;3572;0;0;0;21
$1;1;1018000;2;0;1438;48624;32430;4208;409;0;3580;3578;3578;3585;3573;3577;3578;3572;3571;0;0;0;25
$1;1;1019000;2;0;1474;48603;32442;4212;409;0;3581;3578;3579;3585;3573;3577;3579;3573;3572;0;0;0;24
$1;1;1020000;2;0;1473;48612;32443;4217;409;0;3581;3578;3579;3585;3573;3577;3579;3573;3572;0;0;0;17
$1;1;1021000;2;0;1443;48619;32433;4221;410;0;3580;3578;3579;3585;3573;3577;3578;3572;3572;0;0;0;19
$1;1;1022000;2;0;1466;48617;32441;4225;410;0;3581;3578;3579;3586;3573;3577;3579;3573;3572;0;0;0;26
$1;1;1023000;2;0;1424;48628;32427;4229;410;0;3580;3578;3578;3585;3573;3576;3578;3572;3571;0;0;0;28
$1;1;1024000;2;0;1485;48609;32448;4233;410;0;3581;3579;3579;3586;3574;3578;3579;3573;3572;0;0;0;25
$1;1;1025000;2;0;1496;48604;32453;4237;410;0;3581;3579;3579;3586;3574;3578;3579;3573;3573;0;0;0;24
$1;1;1026000;2;0;1500;48609;32453;4241;410;0;3581;3579;3580;3586;3574;3578;3579;3574;3573;0;0;0;24
$1;128;1026000;328;147;17;16;15;17;14;15;18;16;19;0;0;0;31
$1;1;1027000;2;0;1476;48620;32446;4245;410;0;3581;3579;3579;3586;3574;3577;3579;3573;3572;0;0;0;29
$1;1;1028000;2;0;1497;48609;32453;4249;410;0;3581;3579;3579;3586;3574;3578;3580;3574;3573;0;0;0;17
$1;1;1029000;2;0;1476;48618;32447;4254;410;0;3581;3579;3579;3586;3574;3578;3579;3573;3573;0;0;0;23
$1;1;1030000;2;0;1477;48606;32448;4258;410;0;3581;3579;3579;3586;3574;3578;3579;3573;3573;0;0;0;18
$1;1;1031000;2;0;1498;48603;32455;4262;410;0;3582;3579;3580;3586;3574;3578;3580;3574;3573;0;0;0;22
$1;1;1032000;2;0;1488;48613;32453;4266;410;0;3581;3579;3580;3586;3574;3578;3579;3574;3573;0;0;0;18
$1;1;1033000;2;0;1460;48621;32443;4270;409;0;3581;3579;3579;3586;3574;3577;3579;3573;3573;0;0;0;20
$1;1;1034000;2;0;1479;48615;32451;4274;409;0;3581;3579;3579;3586;3574;3578;3579;3574;3573;0;0;0;19
$1;1;1035000;2;0;1448;48630;32441;4278;409;0;3581;3579;3579;3586;3574;3578;3579;3573;3573;0;0;0;29
$1;1;1036000;2;0;1441;48632;32438;4282;409;0;3581;3578;3579;3586;3574;3577;3579;3573;3572;0;0;0;17
$1;1;1037000;2;0;1489;48608;32454;4286;409;0;3582;3579;3579;3587;3574;3578;3580;3574;3573;0;0;0;31
$1;1;1038000;2;0;1424;48638;32433;4290;410;0;3581;3578;3579;3586;3574;3577;3579;3573;3572;0;0;0;22
$1;1;1039000;2;0;1492;48597;32458;4295;410;0;3582;3580;3580;3586;3575;3578;3580;3574;3573;0;0;0;24
$1;1;1040000;2;0;1500;48595;32461;4299;409;0;3582;3580;3580;3587;3575;3578;3580;3574;3574;0;0;0;22
$1;1;1041000;2;0;1503;48587;32464;4303;409;0;3582;3580;3580;3587;3575;3579;3580;3575;3574;0;0;0;16
$1;1;1042000;2;0;1474;48613;32452;4307;409;0;3582;3579;3580;3587;3575;3578;3580;3574;3573;0;0;0;28
$1;1;1043000;2;0;1445;48627;32441;4311;409;0;3581;3579;3579;3586;3574;3578;3579;3573;3573;0;0;0;25
$1;1;1044000;2;0;1472;48615;32452;4315;409;0;3582;3579;3580;3586;3575;3578;3580;3574;3573;0;0;0;24
$1;1;1045000;2;0;1496;48605;32461;4320;409;0;3582;3580;3580;3587;3575;3579;3580;3575;3574;0;0;0;20
$1;1;1046000;2;0;1474;48614;32453;4324;408;0;3582;3579;3580;3587;3575;3578;3580;3574;3573;0;0;0;30
$1;1;1047000;2;0;1444;48633;32443;4328;408;0;3581;3579;3580;3586;3574;3578;3579;3574;3573;0;0;0;17
$1;1;1048000;2;0;1450;48633;32446;4332;408;0;3581;3579;3580;3586;3574;3578;3579;3574;3573;0;0;0;21
$1;1;1049000;2;0;1496;48610;32464;4336;408;0;3582;3580;3580;3587;3575;3579;3581;3575;3574;0;0;0;30
$1;1;1050000;2;0;1478;48616;32457;4340;407;0;3582;3580;3580;3587;3575;3579;3580;3575;3574;0;0;0;31
$1;1;1051000;2;0;1475;48621;32456;4345;407;0;3582;3580;3580;3586;3575;3579;3580;3575;3574;0;0;0;18
$1;1;1052000;2;0;1461;48629;32452;4349;407;0;3582;3580;3580;3586;3575;3578;3580;3574;3574;0;0;0;20
$1;1;1053000;2;0;1446;48633;32446;4353;407;0;3581;3579;3580;3586;3575;3578;3580;3574;3573;0;0;0;23
$1;1;1054000;2;0;1480;48617;32458;4357;408;0;3582;3580;3580;3587;3575;3579;3580;3575;3574;0;0;0;27
$1;1;1055000;2;0;1497;48609;32466;4361;408;0;3583;3580;3581;3587;3576;3579;3581;3575;3574;0;0;0;25
$1;1;1056000;2;0;1499;48608;32467;4365;408;0;3583;3580;3581;3587;3576;3579;3581;3575;3575;0;0;0;17
$1;1;1057000;2;0;1474;48620;32458;4370;407;0;3582;3580;3580;3587;3575;3579;3580;3575;3574;0;0;0;29
$1;1;1058000;2;0;1482;48609;32461;4374;407;0;3582;3580;3580;3587;3575;3579;3581;3575;3574;0;0;0;31
$1;1;1059000;2;0;1431;48635;32444;4377;407;0;3582;3579;3580;3586;3575;3578;3580;3574;3574;0;0;0;27
$1;1;1060000;2;0;1446;48628;32449;4381;406;0;3582;3579;3580;3587;3575;3578;3580;3574;3574;0;0;0;25
$1;1;1061000;2;0;1475;48614;32460;4385;406;0;3582;3579;3580;3587;3575;3579;3580;3575;3574;0;0;0;24
$1;1;1062000;2;0;1494;48590;32469;4389;406;0;3583;3580;3581;3587;3576;3579;3581;3575;3575;0;0;0;27
$1;1;1063000;2;0;1501;48592;32472;4394;406;0;3583;3581;3581;3587;3576;3580;3581;3576;3575;0;0;0;23
$1;1;1064000;2;0;1499;48598;32472;4398;406;0;3583;3580;3581;3587;3576;3580;3581;3576;3575;0;0;0;23
$1;1;1065000;2;0;1499;48602;32472;4402;405;0;3583;3581;3581;3587;3576;3580;3582;3576;3575;0;0;0;19
$1;1;1066000;2;0;1500;48599;32473;4406;405;0;3583;3581;3581;3587;3576;3580;3581;3576;3575;0;0;0;22
$1;1;1067000;2;0;1500;48598;32474;4410;405;0;3583;3581;3581;3587;3576;3580;3581;3576;3575;0;0;0;22
$1;1;1068000;2;0;1498;48599;32472;4414;405;0;3583;3581;3581;3588;3576;3580;3581;3576;3575;0;0;0;21
$1;1;1069000;2;0;1500;48602;32475;4419;405;0;3584;3581;3581;3588;3576;3580;3582;3576;3575;0;0;0;27
$1;1;1070000;2;0;1451;48625;32458;4423;405;0;3583;3580;3581;3587;3576;3579;3581;3576;3575;0;0;0;25
$1;1;1071000;2;0;1492;48606;32472;4427;405;0;3583;3581;3581;3588;3576;3580;3581;3576;3575;0;0;0;18
$1;1;1072000;2;0;1497;48602;32475;4431;405;0;3584;3581;3582;3588;3576;3580;3582;3576;3576;0;0;0;20
$1;1;1073000;2;0;1499;48601;32477;4435;405;0;3584;3581;3581;3588;3576;3580;3582;3576;3576;0;0;0;29
$1;1;1074000;2;0;1500;48602;32477;4439;405;0;3584;3581;3582;3588;3577;3580;3582;3577;3576;0;0;0;23
$1;1;1075000;2;0;1457;48622;32461;4444;404;0;3583;3580;3581;3588;3576;3580;3581;3576;3575;0;0;0;30
$1;1;1076000;2;0;1496;48604;32477;4448;404;0;3584;3581;3582;3588;3577;3580;3582;3576;3576;0;0;0;27
$1;1;1077000;2;0;1497;48600;32477;4452;404;0;3584;3581;3582;3588;3577;3580;3582;3577;3576;0;0;0;21
$1;1;1078000;2;0;1499;48598;32478;4456;404;0;3584;3581;3582;3588;3577;3580;3582;3577;3576;0;0;0;29
$1;1;1079000;2;0;1501;48596;32479;4460;403;0;3584;3581;3582;3588;3577;3581;3582;3577;3576;0;0;0;16
$1;1;1080000;2;0;1500;48596;32480;4464;403;0;3584;3581;3582;3588;3577;3581;3582;3577;3576;0;0;0;21
$1;1;1081000;2;0;1499;48597;32480;4469;403;0;3584;3581;3582;3588;3577;3581;3582;3577;3576;0;0;0;25
$1;1;1082000;2;0;1501;48596;32481;4473;403;0;3584;3581;3582;3588;3577;3581;3582;3577;3576;0;0;0;17
$1;1;1083000;2;0;1500;48597;32481;4477;402;0;3584;3582;3582;3588;3577;3581;3582;3577;3576;0;0;0;22
$1;1;1084000;2;0;1499;48597;32481;4481;402;0;3584;3582;3582;3588;3577;3581;3583;3577;3576;0;0;0;24
$1;1;1085000;2;0;1500;48605;32482;4485;402;0;3584;3582;3582;3588;3577;3581;3583;3577;3576;0;0;0;23
$1;1;1086000;2;0;1500;48603;32482;4489;403;0;3584;3582;3582;3588;3577;3581;3582;3577;3576;0;0;0;30
$1;128;1086000;331;146;17;15;15;17;14;16;18;16;18;0;0;0;29
$1;1;1087000;2;0;1499;48601;32482;4494;403;0;3584;3582;3582;3588;3577;3581;3582;3577;3576;0;0;0;16
$1;1;1088000;2;0;1498;48574;32482;4498;403;0;3584;3582;3582;3589;3577;3581;3582;3577;3576;0;0;0;18
$1;1;1089000;2;0;1500;48584;32484;4502;403;0;3584;3582;3582;3589;3577;3581;3583;3577;3577;0;0;0;24
$1;1;1090000;2;0;1500;48592;32484;4506;403;0;3584;3582;3582;3588;3577;3581;3583;3577;3576;0;0;0;19
$1;1;1091000;2;0;1499;48592;32484;4510;402;0;3584;3582;3582;3589;3577;3581;3583;3577;3577;0;0;0;21
$1;1;1092000;2;0;1500;48591;32485;4514;402;0;3585;3582;3582;3589;3577;3581;3583;3578;3577;0;0;0;31
$1;1;1093000;2;0;1500;48595;32486;4518;402;0;3585;3582;3582;3589;3577;3581;3583;3578;3577;0;0;0;21
$1;1;1094000;2;0;1499;48594;32485;4523;402;0;3585;3582;3582;3589;3577;3581;3583;3578;3577;0;0;0;25
$1;1;1095000;2;0;1501;48593;32487;4527;402;0;3585;3582;3583;3589;3577;3581;3583;3578;3577;0;0;0;24
$1;1;1096000;2;0;1499;48592;32486;4531;401;0;3585;3582;3582;3589;3578;3581;3583;3577;3577;0;0;0;30
$1;1;1097000;2;0;1502;48593;32488;4535;401;0;3585;3582;3583;3589;3578;3581;3583;3578;3577;0;0;0;25
$1;1;1098000;2;0;1499;48594;32487;4539;401;0;3585;3582;3582;3589;3578;3581;3583;3578;3577;0;0;0;16
$1;1;1099000;2;0;1501;48594;32489;4544;401;0;3585;3582;3583;3589;3578;3581;3583;3578;3577;0;0;0;20
$1;1;1100000;2;0;1500;48595;32489;4548;400;0;3585;3582;3583;3589;3578;3581;3583;3578;3577;0;0;0;24
$1;1;1101000;2;0;1499;48595;32488;4552;400;0;3585;3582;3583;3589;3578;3581;3583;3578;3577;0;0;0;18
$1;1;1102000;2;0;1499;48591;32488;4556;400;0;3585;3582;3582;3589;3578;3582;3583;3578;3577;0;0;0;19
$1;1;1103000;2;0;1501;48583;32489;4560;401;0;3585;3582;3583;3589;3578;3582;3583;3578;3577;0;0;0;21
$1;1;1104000;2;0;1499;48589;32489;4564;401;0;3585;3582;3583;3589;3578;3582;3583;3578;3577;0;0;0;28
$1;1;1105000;2;0;1500;48588;32489;4569;401;0;3585;3582;3583;3589;3578;3582;3583;3578;3577;0;0;0;16
$1;1;1106000;2;0;1499;48589;32489;4573;401;0;3585;3582;3583;3589;3578;3582;3583;3578;3577;0;0;0;24
$1;1;1107000;2;0;1499;48589;32490;4577;401;0;3585;3582;3583;3589;3578;3582;3583;3578;3577;0;0;0;21
$1;1;1108000;2;0;1498;48589;32490;4581;401;0;3585;3583;3583;3589;3578;3582;3584;3578;3578;0;0;0;27
$1;1;1109000;2;0;1500;48590;32492;4585;401;0;3585;3583;3583;3589;3578;3582;3584;3578;3578;0;0;0;20
$1;1;1110000;2;0;1498;48590;32491;4589;400;0;3585;3583;3583;3589;3578;3582;3584;3578;3578;0;0;0;18
$1;1;1111000;2;0;1500;48590;32493;4594;400;0;3585;3583;3583;3589;3578;3582;3584;3578;3578;0;0;0;29
$1;1;1112000;2;0;1499;48590;32493;4598;400;0;3585;3583;3583;3589;3578;3582;3584;3578;3578;0;0;0;19
$1;1;1113000;2;0;1498;48589;32493;4602;400;0;3585;3583;3583;3590;3578;3582;3584;3579;3578;0;0;0;18
$1;1;1114000;2;0;1499;48583;32493;4606;400;0;3585;3583;3583;3590;3578;3582;3584;3579;3578;0;0;0;26
$1;1;1115000;2;0;1498;48582;32493;4610;400;0;3585;3583;3583;3590;3578;3582;3584;3578;3578;0;0;0;29
$1;1;1116000;2;0;1498;48579;32493;4614;400;0;3585;3583;3583;3590;3578;3582;3584;3579;3578;0;0;0;31
$1;1;1117000;2;0;1497;48581;32494;4618;399;0;3585;3583;3583;3590;3578;3582;3584;3578;3578;0;0;0;27
$1;1;1118000;2;0;1500;48565;32494;4623;399;0;3585;3583;3583;3590;3579;3582;3584;3579;3578;0;0;0;25
$1;1;1119000;2;0;1458;48583;32479;4627;399;0;3585;3582;3583;3589;3578;3582;3583;3578;3577;0;0;0;26
$1;1;1120000;2;0;1497;48564;32493;4631;400;0;3585;3583;3583;3590;3579;3582;3584;3579;3578;0;0;0;31
$1;1;1121000;2;0;1499;48557;32495;4635;400;0;3586;3583;3584;3590;3579;3582;3584;3579;3578;0;0;0;22
$1;1;1122000;2;0;1500;48554;32494;4639;400;0;3586;3583;3583;3590;3579;3582;3584;3579;3578;0;0;0;29
$1;1;1123000;2;0;1498;48552;32493;4643;400;0;3586;3583;3584;3590;3579;3582;3584;3579;3578;0;0;0;23
$1;1;1124000;2;0;1500;48555;32495;4647;400;0;3586;3583;3584;3590;3579;3582;3584;3579;3578;0;0;0;21
$1;1;1125000;2;0;1458;48582;32482;4652;400;0;3585;3583;3583;3590;3578;3582;3584;3578;3578;0;0;0;20
$1;1;1126000;2;0;1491;48566;32493;4656;400;0;3586;3583;3584;3590;3579;3582;3584;3579;3578;0;0;0;24
$1;1;1127000;2;0;1447;48594;32478;4660;399;0;3585;3583;3583;3589;3578;3582;3583;3578;3578;0;0;0;19
$1;1;1128000;2;0;1453;48593;32481;4664;399;0;3585;3582;3583;3589;3578;3582;3583;3578;3577;0;0;0;18
$1;1;1129000;2;0;1471;48586;32489;4668;399;0;3585;3583;3583;3590;3579;3582;3584;3579;3578;0;0;0;18
$1;1;1130000;2;0;1475;48585;32489;4672;399;0;3585;3583;3583;3590;3579;3582;3584;3578;3578;0;0;0;23
$1;1;1131000;2;0;1455;48596;32484;4677;399;0;3585;3583;3583;3590;3579;3582;3583;3578;3578;0;0;0;25
$1;1;1132000;2;0;1495;48575;32498;4681;399;0;3586;3583;3584;3591;3579;3582;3584;3579;3579;0;0;0;29
$1;1;1133000;2;0;1476;48588;32491;4685;399;0;3586;3583;3584;3590;3579;3582;3584;3579;3578;0;0;0;30
$1;1;1134000;2;0;1476;48591;32491;4689;399;0;3585;3583;3584;3590;3579;3582;3584;3579;3578;0;0;0;30
$1;1;1135000;2;0;1498;48579;32500;4693;398;0;3586;3583;3584;3591;3579;3583;3585;3579;3579;0;0;0;25
$1;1;1136000;2;0;1489;48586;32497;4697;398;0;3586;3583;3584;3590;3579;3582;3584;3579;3579;0;0;0;16
$1;1;1137000;2;0;1419;48620;32473;4701;398;0;3585;3582;3583;3589;3578;3582;3583;3578;3577;0;0;0;23
$1;1;1138000;2;0;1414;48623;32471;4705;399;0;3585;3582;3583;3589;3578;3582;3583;3578;3577;0;0;0;17
$1;1;1139000;2;0;1489;48585;32498;4709;399;0;3586;3584;3584;3591;3579;3583;3584;3579;3579;0;0;0;19
$1;1;1140000;2;0;1481;48589;32495;4713;399;0;3586;3584;3584;3590;3579;3583;3584;3579;3579;0;0;0;30
$1;1;1141000;2;0;1488;48585;32499;4717;399;0;3586;3584;3584;3590;3579;3583;3584;3579;3579;0;0;0;18
$1;1;1142000;2;0;1484;48589;32497;4721;399;0;3586;3584;3584;3590;3579;3583;3585;3579;3579;0;0;0;27
$1;1;1143000;2;0;1440;48612;32483;4724;399;0;3585;3583;3584;3590;3579;3582;3584;3579;3578;0;0;0;22
$1;1;1144000;2;0;1493;48584;32501;4728;399;0;3586;3584;3584;3590;3579;3583;3585;3579;3579;0;0;0;17
$1;1;1145000;2;0;1501;48576;32504;4733;399;0;3586;3584;3584;3591;3580;3583;3585;3580;3579;0;0;0;25
$1;1;1146000;2;0;1470;48586;32492;4736;398;0;3586;3583;3584;3590;3579;3583;3584;3579;3579;0;0;0;31
$1;128;1146000;329;144;16;16;15;17;13;15;18;16;18;0;0;0;29
$1;1;1147000;2;0;1463;48597;32490;4740;398;0;3586;3583;3584;3590;3579;3582;3584;3579;3578;0;0;0;31
$1;1;1148000;2;0;1463;48597;32491;4745;398;0;3586;3584;3584;3590;3579;3583;3584;3579;3579;0;0;0;19
$1;1;1149000;2;0;1491;48585;32501;4749;398;0;3586;3584;3585;3591;3579;3583;3585;3580;3579;0;0;0;31
$1;1;1150000;2;0;1468;48597;32494;4753;398;0;3586;3584;3584;3590;3580;3583;3585;3579;3579;0;0;0;20
$1;1;1151000;2;0;1494;48573;32503;4757;398;0;3587;3584;3585;3591;3580;3583;3585;3580;3580;0;0;0;22
$1;1;1152000;2;0;1439;48603;32486;4761;397;0;3586;3583;3584;3590;3579;3583;3584;3579;3579;0;0;0;17
$1;1;1153000;2;0;1464;48575;32494;4765;397;0;3586;3584;3584;3590;3579;3583;3584;3579;3579;0;0;0;26
$1;1;1154000;2;0;1495;48547;32504;4769;397;0;3587;3584;3585;3591;3580;3583;3585;3580;3580;0;0;0;16
$1;1;1155000;2;0;1489;48554;32502;4773;398;0;3586;3584;3584;3591;3580;3583;3585;3580;3579;0;0;0;26
$1;1;1156000;2;0;1500;48555;32506;4777;398;0;3587;3584;3585;3591;3580;3583;3585;3580;3580;0;0;0;30
$1;1;1157000;2;0;1479;48571;32500;4781;398;0;3586;3584;3584;3591;3580;3583;3585;3580;3579;0;0;0;31
$1;1;1158000;2;0;1497;48564;32507;4786;398;0;3587;3584;3585;3591;3580;3584;3585;3580;3580;0;0;0;21
$1;1;1159000;2;0;1435;48595;32486;4790;398;0;3586;3584;3584;3590;3579;3583;3584;3579;3579;0;0;0;28
$1;1;1160000;2;0;1489;48573;32503;4794;398;0;3587;3584;3584;3591;3580;3583;3585;3580;3580;0;0;0;22
$1;1;1161000;2;0;1456;48593;32494;4798;397;0;3586;3584;3584;3590;3580;3583;3585;3580;3579;0;0;0;17
$1;1;1162000;2;0;1423;48609;32482;4802;397;0;3586;3583;3584;3591;3579;3582;3584;3579;3578;0;0;0;28
$1;1;1163000;2;0;1493;48573;32506;4806;398;0;3587;3584;3584;3592;3580;3584;3585;3580;3580;0;0;0;27
$1;1;1164000;2;0;1499;48573;32509;4811;397;0;3587;3584;3585;3592;3580;3584;3585;3580;3580;0;0;0;17
$1;1;1165000;2;0;1480;48581;32502;4815;397;0;3587;3584;3585;3591;3580;3584;3585;3580;3580;0;0;0;25
$1;1;1166000;2;0;1470;48589;32500;4819;397;0;3586;3584;3585;3591;3580;3583;3585;3580;3580;0;0;0;21
$1;1;1167000;2;0;1455;48595;32495;4823;397;0;3586;3584;3585;3591;3580;3583;3585;3580;3580;0;0;0;26
$1;1;1168000;2;0;1467;48590;32499;4827;397;0;3586;3584;3585;3591;3580;3583;3585;3580;3580;0;0;0;25
$1;1;1169000;2;0;1452;48598;32495;4831;396;0;3586;3584;3584;3591;3580;3583;3585;3580;3580;0;0;0;29
$1;1;1170000;2;0;1495;48577;32510;4836;396;0;3587;3585;3585;3591;3580;3584;3586;3581;3580;0;0;0;16
$1;1;1171000;2;0;1445;48602;32493;4840;396;0;3586;3584;3585;3591;3580;3583;3585;3580;3580;0;0;0;19
$1;1;1172000;2;0;1491;48578;32509;4844;396;0;3587;3585;3585;3592;3580;3584;3586;3581;3580;0;0;0;23
$1;1;1173000;2;0;1467;48589;32501;4848;397;0;3587;3584;3585;3592;3580;3584;3585;3580;3580;0;0;0;23
$1;1;1174000;2;0;1457;48595;32498;4852;397;0;3586;3584;3585;3591;3580;3583;3585;3580;3580;0;0;0;17
$1;1;1175000;2;0;1496;48576;32512;4856;397;0;3587;3585;3586;3592;3581;3584;3586;3581;3581;0;0;0;18
$1;1;1176000;2;0;1455;48596;32498;4860;397;0;3587;3584;3585;3592;3580;3584;3585;3580;3580;0;0;0;22
$1;1;1177000;2;0;1444;48598;32495;4865;397;0;3587;3584;3585;3591;3580;3584;3585;3580;3580;0;0;0;18
$1;1;1178000;2;0;1493;48573;32512;4869;397;0;3587;3584;3585;3592;3581;3584;3586;3581;3581;0;0;0;17
$1;1;1179000;2;0;1501;48571;32515;4873;397;0;3587;3585;3586;3592;3581;3584;3586;3581;3581;0;0;0;22
$1;1;1180000;2;0;1498;48572;32515;4877;396;0;3588;3585;3586;3592;3581;3585;3586;3581;3581;0;0;0;25
$1;1;1181000;2;0;1501;48572;32515;4881;396;0;3588;3585;3586;3593;3581;3585;3586;3581;3581;0;0;0;17
$1;1;1182000;2;0;1500;48572;32516;4885;396;0;3588;3585;3586;3592;3581;3585;3586;3581;3581;0;0;0;21
$1;1;1183000;2;0;1466;48593;32505;4890;395;0;3587;3585;3585;3592;3581;3584;3586;3581;3581;0;0;0;18
$1;1;1184000;2;0;1452;48596;32501;4894;395;0;3587;3584;3585;3591;3580;3584;3586;3581;3580;0;0;0;21
$1;1;1185000;2;0;1476;48581;32508;4898;395;0;3587;3585;3585;3592;3581;3584;3586;3581;3581;0;0;0;19
$1;1;1186000;2;0;1495;48570;32515;4902;395;0;3588;3585;3586;3592;3581;3584;3586;3581;3581;0;0;0;17
$1;1;1187000;2;0;1499;48548;32519;4906;395;0;3588;3585;3586;3592;3581;3585;3587;3582;3581;0;0;0;28
$1;1;1188000;2;0;1502;48550;32522;4910;395;0;3588;3586;3586;3592;3581;3585;3587;3582;3581;0;0;0;21
$1;1;1189000;2;0;1483;48571;32514;4914;394;0;3588;3585;3586;3592;3581;3585;3587;3582;3581;0;0;0;28
$1;1;1190000;2;0;1496;48543;32520;4919;396;0;3588;3585;3586;3593;3581;3585;3587;3582;3581;0;0;0;24
$1;1;1191000;2;0;1500;48542;32522;4923;396;0;3588;3586;3586;3592;3582;3585;3587;3582;3582;0;0;0;31
$1;1;1192000;2;0;1500;48542;32522;4927;396;0;3588;3586;3586;3592;3581;3585;3587;3582;3582;0;0;0;27
$1;1;1193000;2;0;1501;48540;32523;4931;396;0;3588;3585;3586;3592;3582;3585;3587;3582;3582;0;0;0;31
$1;1;1194000;2;0;1499;48541;32523;4935;396;0;3588;3586;3586;3592;3582;3585;3587;3582;3582;0;0;0;30
$1;1;1195000;2;0;1501;48540;32524;4939;395;0;3588;3586;3586;3592;3582;3585;3587;3582;3582;0;0;0;22
$1;1;1196000;2;0;1500;48538;32524;4944;395;0;3588;3586;3586;3592;3582;3585;3587;3582;3582;0;0;0;17
$1;1;1197000;2;0;1499;48542;32525;4948;395;0;3589;3586;3586;3592;3582;3585;3587;3582;3582;0;0;0;16
$1;1;1198000;2;0;1499;48548;32525;4952;395;0;3589;3586;3586;3593;3582;3585;3587;3582;3582;0;0;0;31
$1;1;1199000;2;0;1498;48543;32525;4956;395;0;3589;3586;3587;3593;3582;3586;3587;3582;3582;0;0;0;18
$1;1;1200000;2;0;1499;48553;32525;4960;395;0;3589;3586;3586;3593;3582;3585;3587;3582;3582;0;0;0;22
$1;1;1201000;2;0;1499;48554;32526;4964;394;0;3589;3586;3587;3593;3582;3586;3587;3583;3582;0;0;0;21
$1;1;1202000;2;0;1500;48556;32526;4969;394;0;3589;3586;3587;3593;3582;3586;3588;3583;3582;0;0;0;23
$1;1;1203000;2;0;1500;48556;32527;4973;394;0;3589;3586;3587;3593;3582;3586;3588;3583;3582;0;0;0;28
$1;1;1204000;2;0;1500;48556;32527;4977;394;0;3589;3586;3587;3593;3582;3586;3588;3583;3582;0;0;0;31
$1;1;1205000;2;0;1498;48556;32527;4981;394;0;3589;3586;3587;3593;3582;3586;3588;3583;3582;0;0;0;23
$1;1;1206000;2;0;1501;48559;32528;4985;394;0;3589;3586;3587;3593;3582;3586;3588;3583;3583;0;0;0;16
$1;128;1206000;329;141;16;15;15;17;13;15;17;15;18;0;0;0;16
$1;1;1207000;2;0;1500;48562;32528;4989;393;0;3589;3586;3587;3593;3582;3586;3588;3583;3583;0;0;0;19
$1;1;1208000;2;0;1500;48562;32528;4994;394;0;3589;3586;3587;3593;3582;3586;3588;3583;3583;0;0;0;23
$1;1;1209000;2;0;1497;48562;32528;4998;394;0;3589;3586;3587;3593;3582;3586;3588;3583;3583;0;0;0;21
$1;1;1210000;2;0;1500;48561;32529;5002;394;0;3589;3586;3587;3593;3583;3586;3588;3583;3583;0;0;0;26
$1;1;1211000;2;0;1499;48560;32529;5006;394;0;3589;3586;3587;3593;3583;3586;3588;3583;3583;0;0;0;31
$1;1;1212000;2;0;1499;48561;32530;5010;394;0;3589;3586;3587;3593;3583;3586;3588;3583;3583;0;0;0;18
$1;1;1213000;2;0;1499;48560;32530;5014;394;0;3589;3586;3587;3593;3583;3586;3588;3583;3583;0;0;0;22
$1;1;1214000;2;0;1499;48562;32531;5019;394;0;3589;3587;3587;3593;3582;3586;3588;3583;3583;0;0;0;31
$1;1;1215000;2;0;1500;48564;32532;5023;394;0;3589;3587;3587;3593;3583;3586;3588;3583;3583;0;0;0;18
$1;1;1216000;2;0;1499;48564;32532;5027;394;0;3589;3587;3587;3593;3583;3586;3588;3583;3583;0;0;0;20
$1;1;1217000;2;0;1499;48564;32532;5031;394;0;3589;3587;3588;3593;3583;3586;3588;3583;3583;0;0;0;29
$1;1;1218000;2;0;1499;48563;32532;5035;394;0;3589;3587;3587;3593;3583;3586;3588;3583;3583;0;0;0;30
$1;1;1219000;2;0;1500;48564;32533;5039;394;0;3589;3587;3587;3593;3583;3586;3588;3583;3583;0;0;0;20
$1;1;1220000;2;0;1498;48565;32533;5044;394;0;3589;3587;3587;3593;3583;3587;3588;3583;3583;0;0;0;20
$1;1;1221000;2;0;1500;48565;32534;5048;394;0;3590;3587;3587;3593;3583;3586;3589;3584;3583;0;0;0;17
$1;1;1222000;2;0;1499;48560;32534;5052;393;0;3590;3587;3587;3593;3583;3587;3589;3584;3583;0;0;0;27
$1;1;1223000;2;0;1500;48557;32535;5056;393;0;3590;3587;3588;3593;3583;3587;3589;3584;3583;0;0;0;21
$1;1;1224000;2;0;1500;48557;32536;5060;393;0;3590;3587;3588;3594;3583;3587;3589;3584;3584;0;0;0;20
$1;1;1225000;2;0;1500;48549;32536;5064;393;0;3590;3587;3588;3593;3583;3587;3589;3584;3584;0;0;0;25
$1;1;1226000;2;0;1498;48548;32536;5069;394;0;3590;3587;3588;3594;3583;3587;3589;3584;3583;0;0;0;17
$1;1;1227000;2;0;1501;48556;32537;5073;394;0;3590;3587;3588;3594;3583;3587;3589;3584;3584;0;0;0;19
$1;1;1228000;2;0;1499;48558;32536;5077;394;0;3590;3587;3588;3594;3583;3587;3589;3584;3583;0;0;0;16
$1;1;1229000;2;0;1499;48559;32537;5081;394;0;3590;3587;3588;3594;3583;3587;3589;3584;3584;0;0;0;31
$1;1;1230000;2;0;1500;48556;32537;5085;394;0;3590;3587;3588;3594;3583;3587;3589;3584;3584;0;0;0;29
$1;1;1231000;2;0;1498;48560;32537;5089;394;0;3590;3587;3588;3594;3583;3587;3589;3584;3584;0;0;0;21
$1;1;1232000;2;0;1501;48560;32538;5094;394;0;3590;3587;3588;3594;3583;3587;3589;3584;3584;0;0;0;20
$1;1;1233000;2;0;1498;48561;32538;5098;394;0;3590;3587;3588;3594;3583;3587;3589;3584;3584;0;0;0;25
$1;1;1234000;2;0;1501;48560;32539;5102;394;0;3590;3587;3588;3594;3584;3587;3589;3584;3584;0;0;0;26
$1;1;1235000;2;0;1498;48563;32538;5106;394;0;3590;3588;3588;3594;3584;3587;3589;3584;3584;0;0;0;19
$1;1;1236000;2;0;1500;48560;32539;5110;394;0;3590;3587;3588;3594;3584;3587;3589;3584;3584;0;0;0;26
$1;1;1237000;2;0;1502;48557;32540;5114;393;0;3590;3588;3588;3594;3583;3587;3589;3584;3584;0;0;0;24
$1;1;1238000;2;0;1501;48560;32540;5119;393;0;3590;3587;3588;3594;3584;3587;3589;3584;3584;0;0;0;21
$1;1;1239000;2;0;1500;48561;32540;5123;393;0;3590;3587;3588;3594;3584;3587;3589;3584;3584;0;0;0;29
$1;1;1240000;2;0;1498;48558;32540;5127;393;0;3590;3587;3588;3594;3583;3587;3589;3584;3584;0;0;0;26
$1;1;1241000;2;0;1498;48547;32540;5131;393;0;3590;3587;3588;3594;3584;3587;3589;3584;3584;0;0;0;21
$1;1;1242000;2;0;1500;48532;32541;5135;393;0;3590;3587;3588;3594;3584;3587;3589;3584;3584;0;0;0;17
$1;1;1243000;2;0;1501;48537;32542;5140;393;0;3590;3588;3588;3595;3584;3587;3589;3585;3585;0;0;0;27
$1;1;1244000;2;0;1503;48550;32544;5144;393;0;3590;3588;3589;3594;3584;3587;3590;3585;3585;0;0;0;21
$1;1;1245000;2;0;1500;48551;32543;5148;394;0;3590;3588;3588;3594;3584;3587;3590;3585;3584;0;0;0;26
$1;1;1246000;2;0;1500;48553;32544;5152;394;0;3590;3588;3589;3594;3584;3588;3590;3585;3585;0;0;0;24
$1;1;1247000;2;0;1500;48553;32544;5156;394;0;3590;3588;3588;3594;3584;3588;3590;3585;3585;0;0;0;28
$1;1;1248000;2;0;1499;48548;32543;5160;394;0;3590;3588;3589;3595;3584;3587;3590;3585;3585;0;0;0;21
$1;1;1249000;2;0;1499;48538;32543;5165;394;0;3591;3588;3589;3595;3584;3588;3590;3585;3585;0;0;0;24
$1;1;1250000;2;0;1450;48557;32526;5169;394;0;3590;3587;3588;3594;3583;3587;3589;3584;3584;0;0;0;29
$1;1;1251000;2;0;1454;48549;32529;5173;393;0;3590;3587;3588;3594;3583;3587;3589;3584;3584;0;0;0;20
$1;1;1252000;2;0;1417;48574;32515;5177;393;0;3589;3587;3587;3594;3583;3586;3588;3583;3583;0;0;0;18
$1;1;1253000;2;0;1493;48539;32542;5181;393;0;3590;3588;3589;3595;3584;3587;3589;3585;3584;0;0;0;19
$1;1;1254000;2;0;1500;48540;32546;5185;393;0;3591;3588;3589;3595;3584;3588;3590;3585;3585;0;0;0;22
$1;1;1255000;2;0;1499;48551;32546;5190;393;0;3591;3588;3589;3595;3584;3588;3590;3585;3585;0;0;0;18
$1;1;1256000;2;0;1502;48552;32547;5194;393;0;3591;3588;3589;3595;3584;3588;3590;3585;3585;0;0;0;20
$1;1;1257000;2;0;1500;48553;32547;5198;393;0;3591;3588;3589;3595;3584;3588;3590;3585;3585;0;0;0;26
$1;1;1258000;2;0;1499;48555;32547;5202;393;0;3591;3588;3589;3595;3584;3588;3590;3585;3585;0;0;0;18
$1;1;1259000;2;0;1500;48554;32548;5206;392;0;3591;3588;3589;3595;3584;3588;3590;3585;3585;0;0;0;25
$1;1;1260000;2;0;1500;48556;32548;5210;392;0;3591;3589;3589;3595;3584;3588;3590;3585;3585;0;0;0;23
$1;1;1261000;2;0;1498;48559;32548;5215;392;0;3591;3589;3589;3595;3584;3588;3590;3585;3585;0;0;0;28
$1;1;1262000;2;0;1499;48557;32549;5219;392;0;3591;3588;3589;3595;3584;3588;3590;3585;3585;0;0;0;28
$1;1;1263000;2;0;1498;48556;32549;5223;393;0;3591;3588;3589;3595;3584;3588;3590;3585;3585;0;0;0;21
$1;1;1264000;2;0;1498;48556;32549;5227;393;0;3591;3588;3589;3595;3584;3588;3590;3585;3585;0;0;0;22
$1;1;1265000;2;0;1500;48555;32549;5231;393;0;3591;3588;3589;3595;3585;3588;3590;3585;3585;0;0;0;18
$1;1;1266000;2;0;1499;48556;32549;5235;393;0;3591;3589;3589;3595;3584;3588;3590;3586;3585;0;0;0;20
$1;128;1266000;332;147;17;16;15;17;13;16;18;16;19;0;0;0;22
$1;1;1267000;2;0;1499;48558;32549;5240;392;0;3591;3588;3589;3595;3585;3588;3590;3586;3586;0;0;0;27
$1;1;1268000;2;0;1499;48558;32549;5244;392;0;3591;3588;3589;3595;3585;3588;3591;3586;3585;0;0;0;18
$1;1;1269000;2;0;1498;48558;32550;5248;392;0;3591;3589;3589;3595;3585;3589;3591;3586;3586;0;0;0;21
$1;1;1270000;2;0;1498;48558;32550;5252;392;0;3591;3589;3589;3595;3585;3589;3591;3586;3586;0;0;0;22
$1;1;1271000;2;0;1490;48562;32549;5256;392;0;3591;3589;3590;3595;3585;3588;3591;3586;3586;0;0;0;19
$1;1;1272000;2;0;1490;48563;32549;5260;392;0;3591;3588;3589;3595;3584;3588;3591;3586;3585;0;0;0;31
$1;1;1273000;2;0;1498;48559;32552;5265;392;0;3591;3589;3589;3595;3585;3589;3591;3586;3586;0;0;0;18
$1;1;1274000;2;0;1500;48559;32553;5269;392;0;3591;3589;3590;3595;3585;3589;3591;3586;3586;0;0;0;16
$1;1;1275000;2;0;1498;48561;32552;5273;392;0;3591;3589;3590;3595;3585;3589;3591;3586;3586;0;0;0;16
$1;1;1276000;2;0;1488;48565;32549;5277;392;0;3591;3589;3589;3595;3584;3589;3591;3586;3586;0;0;0;17
$1;1;1277000;2;0;1498;48561;32554;5281;392;0;3592;3589;3590;3595;3585;3589;3591;3586;3586;0;0;0;26
$1;1;1278000;2;0;1501;48559;32554;5285;393;0;3592;3589;3590;3596;3585;3589;3591;3586;3586;0;0;0;25
$1;1;1279000;2;0;1499;48562;32555;5289;393;0;3592;3589;3590;3596;3585;3589;3591;3586;3586;0;0;0;29
$1;1;1280000;2;0;1500;48561;32555;5293;393;0;3592;3589;3590;3596;3585;3589;3592;3586;3586;0;0;0;17
$1;1;1281000;2;0;1499;48560;32555;5298;393;0;3592;3589;3590;3596;3585;3589;3592;3586;3586;0;0;0;27
$1;1;1282000;2;0;1500;48558;32556;5302;394;0;3592;3589;3590;3596;3585;3589;3591;3586;3586;0;0;0;23
$1;1;1283000;2;0;1499;48559;32556;5306;395;0;3592;3589;3590;3596;3585;3589;3592;3586;3586;0;0;0;16
$1;1;1284000;2;0;1500;48557;32556;5310;395;0;3592;3589;3590;3596;3585;3589;3592;3586;3586;0;0;0;31
$1;1;1285000;2;0;1499;48559;32557;5314;395;0;3592;3589;3590;3596;3585;3589;3592;3586;3586;0;0;0;20
$1;1;1286000;2;0;1499;48558;32557;5318;396;0;3592;3589;3590;3596;3585;3589;3592;3587;3587;0;0;0;25
$1;1;1287000;2;0;1500;48558;32558;5323;396;0;3592;3590;3590;3596;3585;3589;3592;3587;3587;0;0;0;22
$1;1;1288000;2;0;1499;48560;32558;5327;396;0;3592;3590;3590;3596;3585;3590;3592;3587;3587;0;0;0;31
$1;1;1289000;2;0;1499;48560;32559;5331;397;0;3592;3590;3590;3596;3585;3589;3592;3587;3587;0;0;0;17
$1;1;1290000;2;0;1499;48561;32559;5335;397;0;3592;3590;3590;3596;3585;3589;3592;3587;3587;0;0;0;28
$1;1;1291000;2;0;1500;48560;32561;5339;397;0;3592;3589;3590;3596;3585;3590;3592;3587;3587;0;0;0;26
$1;1;1292000;2;0;1499;48559;32560;5343;397;0;3592;3590;3590;3596;3585;3589;3592;3587;3587;0;0;0;30
$1;1;1293000;2;0;1500;48560;32561;5348;398;0;3592;3590;3590;3596;3585;3590;3592;3587;3587;0;0;0;25
$1;1;1294000;2;0;1500;48561;32561;5352;398;0;3592;3590;3591;3596;3586;3590;3592;3587;3587;0;0;0;22
$1;1;1295000;2;0;1499;48561;32561;5356;398;0;3592;3590;3591;3597;3586;3590;3592;3587;3587;0;0;0;19
$1;1;1296000;2;0;1501;48561;32562;5360;399;0;3592;3590;3590;3596;3586;3590;3593;3587;3587;0;0;0;22
$1;1;1297000;2;0;1500;48561;32562;5364;399;0;3592;3590;3591;3597;3585;3590;3592;3587;3587;0;0;0;16
$1;1;1298000;2;0;1499;48561;32561;5368;399;0;3592;3590;3591;3597;3585;3590;3593;3587;3587;0;0;0;16
$1;1;1299000;2;0;1498;48559;32562;5373;400;0;3592;3590;3591;3597;3585;3590;3593;3587;3587;0;0;0;21
$1;1;1300000;2;0;1499;48557;32562;5377;401;0;3592;3590;3591;3597;3586;3590;3593;3587;3587;0;0;0;29
$1;1;1301000;2;0;1498;48557;32563;5381;402;0;3593;3590;3591;3597;3586;3590;3593;3587;3587;0;0;0;23
$1;1;1302000;2;0;1456;48577;32549;5385;402;0;3592;3589;3590;3596;3585;3589;3592;3587;3586;0;0;0;26
$1;1;1303000;2;0;1492;48559;32561;5389;403;0;3592;3590;3590;3597;3585;3590;3593;3587;3587;0;0;0;25
$1;1;1304000;2;0;1497;48557;32563;5393;404;0;3593;3590;3591;3597;3586;3590;3593;3587;3587;0;0;0;24
$1;1;1305000;2;0;1500;48554;32564;5397;404;0;3593;3590;3591;3597;3586;3590;3593;3587;3587;0;0;0;22
$1;1;1306000;2;0;1500;48552;32565;5401;405;0;3593;3590;3591;3597;3586;3590;3593;3587;3587;0;0;0;27
$1;1;1307000;2;0;1500;48549;32565;5405;405;0;3593;3590;3591;3597;3586;3590;3593;3587;3587;0;0;0;20
$1;1;1308000;2;0;1484;48556;32560;5409;406;0;3592;3590;3590;3597;3586;3590;3593;3587;3587;0;0;0;18
$1;1;1309000;2;0;1498;48546;32565;5414;406;0;3593;3590;3591;3597;3586;3590;3593;3588;3588;0;0;0;22
$1;1;1310000;2;0;1451;48566;32549;5418;406;0;3592;3589;3590;3596;3585;3589;3592;3587;3587;0;0;0;24
$1;1;1311000;2;0;1497;48544;32564;5422;407;0;3593;3590;3591;3597;3586;3590;3593;3587;3588;0;0;0;24
$1;1;1312000;2;0;1501;48546;32567;5426;407;0;3593;3590;3591;3597;3586;3590;3593;3588;3588;0;0;0;31
$1;1;1313000;2;0;1471;48567;32557;5430;407;0;3592;3590;3590;3597;3585;3590;3593;3587;3587;0;0;0;28
$1;1;1314000;2;0;1498;48555;32567;5434;407;0;3593;3591;3591;3597;3586;3590;3593;3588;3588;0;0;0;24
$1;1;1315000;2;0;1501;48555;32568;5439;407;0;3593;3591;3591;3597;3586;3590;3593;3588;3588;0;0;0;26
$1;1;1316000;2;0;1449;48579;32550;5443;408;0;3592;3590;3590;3597;3586;3590;3593;3587;3587;0;0;0;18
$1;1;1317000;2;0;1493;48557;32566;5447;409;0;3593;3590;3591;3597;3586;3590;3593;3588;3588;0;0;0;24
$1;1;1318000;2;0;1475;48566;32561;5451;409;0;3593;3590;3590;3597;3586;3590;3593;3587;3588;0;0;0;19
$1;1;1319000;2;0;1498;48555;32568;5455;410;0;3593;3591;3591;3597;3586;3590;3593;3588;3588;0;0;0;27
$1;1;1320000;2;0;1467;48568;32558;5459;410;0;3592;3590;3590;3597;3586;3590;3593;3587;3588;0;0;0;30
$1;1;1321000;2;0;1496;48555;32568;5464;410;0;3593;3591;3591;3598;3586;3591;3593;3588;3588;0;0;0;18
$1;1;1322000;2;0;1500;48552;32569;5468;410;0;3593;3591;3591;3597;3586;3591;3593;3588;3588;0;0;0;26
$1;1;1323000;2;0;1498;48555;32569;5472;410;0;3593;3591;3591;3597;3586;3591;3593;3588;3588;0;0;0;23
$1;1;1324000;2;0;1500;48553;32571;5476;410;0;3593;3591;3591;3598;3586;3591;3594;3588;3589;0;0;0;18
$1;1;1325000;2;0;1501;48553;32571;5480;410;0;3593;3591;3591;3598;3587;3591;3594;3588;3589;0;0;0;26
$1;1;1326000;2;0;1474;48567;32562;5484;410;0;3593;3590;3591;3597;3586;3590;3593;3588;3588;0;0;0;19
$1;1;1327000;2;0;1445;48581;32552;5488;410;0;3592;3590;3591;3597;3586;3590;3592;3587;3587;0;0;0;23
$1;128;1327000;328;145;17;16;15;17;14;15;18;15;18;0;0;0;29
$1;1;1328000;2;0;1491;48556;32568;5492;410;0;3593;3591;3591;3598;3586;3591;3593;3588;3588;0;0;0;22
$1;1;1329000;2;0;1452;48572;32555;5497;410;0;3592;3590;3591;3597;3586;3590;3592;3587;3587;0;0;0;26
$1;1;1330000;2;0;1467;48563;32560;5501;410;0;3593;3590;3591;3597;3586;3590;3593;3588;3588;0;0;0;28
$1;1;1331000;2;0;1480;48552;32565;5505;410;0;3593;3591;3591;3598;3586;3590;3593;3588;3588;0;0;0;25
$1;1;1332000;2;0;1436;48555;32549;5509;411;0;3592;3590;3591;3597;3586;3590;3593;3587;3587;0;0;0;28
$1;1;1333000;2;0;1490;48528;32568;5513;411;0;3593;3591;3591;3598;3587;3591;3594;3588;3588;0;0;0;27
$1;1;1334000;2;0;1500;48527;32572;5517;411;0;3593;3591;3591;3598;3587;3591;3594;3588;3589;0;0;0;21
$1;1;1335000;2;0;1501;48533;32572;5522;411;0;3593;3591;3592;3599;3587;3591;3594;3589;3589;0;0;0;21
$1;1;1336000;2;0;1454;48554;32558;5526;411;0;3593;3591;3591;3598;3586;3590;3593;3588;3588;0;0;0;31
$1;1;1337000;2;0;1497;48520;32572;5530;411;0;3593;3591;3591;3598;3587;3591;3594;3589;3589;0;0;0;26
$1;1;1338000;2;0;1420;48557;32547;5534;410;0;3592;3590;3591;3597;3586;3590;3592;3587;3588;0;0;0;28
$1;1;1339000;2;0;1441;48555;32554;5538;410;0;3593;3590;3591;3598;3586;3590;3593;3588;3588;0;0;0;22
$1;1;1340000;2;0;1424;48564;32549;5542;410;0;3592;3590;3591;3597;3586;3590;3592;3587;3587;0;0;0;23
$1;1;1341000;2;0;1415;48569;32546;5547;410;0;3592;3590;3590;3597;3586;3590;3592;3587;3587;0;0;0;18
$1;1;1342000;2;0;1439;48565;32554;5551;410;0;3592;3590;3591;3597;3586;3590;3593;3588;3588;0;0;0;23
$1;1;1343000;2;0;1412;48586;32545;5555;409;0;3592;3590;3590;3597;3586;3590;3592;3587;3587;0;0;0;30
$1;1;1344000;2;0;1461;48564;32561;5559;410;0;3593;3590;3591;3597;3586;3590;3593;3588;3588;0;0;0;18
$1;1;1345000;2;0;1465;48562;32563;5563;409;0;3593;3591;3591;3598;3587;3591;3593;3588;3588;0;0;0;28
$1;1;1346000;2;0;1442;48572;32557;5567;409;0;3593;3591;3591;3598;3586;3590;3593;3588;3588;0;0;0;24
$1;1;1347000;2;0;1495;48546;32574;5571;409;0;3594;3591;3592;3599;3587;3591;3594;3589;3589;0;0;0;16
$1;1;1348000;2;0;1498;48542;32575;5575;410;0;3594;3591;3592;3599;3587;3591;3594;3589;3589;0;0;0;27
$1;1;1349000;2;0;1468;48556;32565;5579;410;0;3593;3591;3591;3598;3586;3591;3593;3588;3589;0;0;0;31
$1;1;1350000;2;0;1485;48548;32572;5583;410;0;3594;3591;3592;3599;3587;3591;3594;3589;3589;0;0;0;26
$1;1;1351000;2;0;1457;48563;32561;5587;409;0;3593;3591;3591;3598;3587;3590;3593;3588;3588;0;0;0;16
$1;1;1352000;2;0;1437;48572;32556;5591;409;0;3593;3591;3591;3598;3587;3590;3593;3588;3588;0;0;0;22
$1;1;1353000;2;0;1490;48548;32573;5595;409;0;3594;3591;3592;3598;3587;3591;3594;3589;3589;0;0;0;18
$1;1;1354000;2;0;1474;48557;32569;5599;409;0;3593;3591;3592;3598;3587;3591;3594;3589;3589;0;0;0;17
$1;1;1355000;2;0;1499;48542;32578;5603;409;0;3594;3591;3592;3599;3588;3591;3594;3589;3589;0;0;0;30
$1;1;1356000;2;0;1501;48540;32578;5608;409;0;3594;3592;3592;3599;3588;3591;3594;3589;3590;0;0;0;31
$1;1;1357000;2;0;1501;48538;32580;5612;408;0;3594;3592;3592;3599;3588;3592;3595;3589;3590;0;0;0;30
$1;1;1358000;2;0;1489;48547;32576;5616;408;0;3594;3592;3592;3599;3587;3592;3595;3589;3590;0;0;0;26
$1;1;1359000;2;0;1492;48545;32578;5620;408;0;3594;3592;3592;3598;3587;3592;3594;3589;3590;0;0;0;24
$1;1;1360000;2;0;1457;48563;32566;5624;407;0;3594;3591;3592;3598;3587;3591;3594;3589;3589;0;0;0;19
$1;1;1361000;2;0;1497;48544;32580;5628;407;0;3594;3592;3592;3599;3588;3592;3594;3590;3590;0;0;0;17
$1;1;1362000;2;0;1500;48544;32581;5632;407;0;3594;3592;3592;3599;3588;3592;3594;3589;3590;0;0;0;31
$1;1;1363000;2;0;1485;48548;32577;5637;407;0;3594;3591;3592;3599;3588;3592;3594;3589;3590;0;0;0;17
$1;1;1364000;2;0;1475;48550;32573;5641;407;0;3594;3591;3592;3599;3587;3591;3594;3589;3589;0;0;0;17
$1;1;1365000;2;0;1449;48560;32564;5644;407;0;3593;3591;3592;3598;3587;3591;3593;3589;3589;0;0;0;30
$1;1;1366000;2;0;1495;48528;32580;5648;408;0;3594;3592;3592;3599;3588;3592;3595;3589;3590;0;0;0;30
$1;1;1367000;2;0;1491;48529;32578;5652;407;0;3594;3592;3592;3600;3588;3592;3594;3589;3590;0;0;0;27
$1;1;1368000;2;0;1499;48532;32583;5656;407;0;3594;3592;3592;3599;3588;3592;3595;3590;3590;0;0;0;28
$1;1;1369000;2;0;1417;48580;32554;5660;407;0;3593;3591;3591;3598;3587;3591;3593;3589;3589;0;0;0;17
$1;1;1370000;2;0;1469;48550;32571;5664;407;0;3594;3591;3592;3599;3587;3591;3594;3589;3589;0;0;0;28
$1;1;1371000;2;0;1486;48527;32578;5668;406;0;3594;3592;3592;3599;3588;3592;3595;3590;3590;0;0;0;22
$1;1;1372000;2;0;1488;48518;32580;5672;406;0;3594;3592;3592;3599;3588;3592;3595;3590;3590;0;0;0;27
$1;1;1373000;2;0;1498;48512;32586;5677;406;0;3595;3592;3593;3599;3588;3592;3595;3590;3590;0;0;0;18
$1;1;1374000;2;0;1500;48511;32586;5681;406;0;3595;3592;3593;3599;3588;3592;3595;3590;3591;0;0;0;30
$1;1;1375000;2;0;1502;48513;32587;5685;406;0;3595;3592;3593;3599;3588;3592;3595;3590;3591;0;0;0;26
$1;1;1376000;2;0;1498;48516;32586;5689;405;0;3595;3592;3593;3599;3588;3592;3595;3590;3591;0;0;0;16
$1;1;1377000;2;0;1500;48516;32587;5693;405;0;3595;3592;3593;3599;3588;3592;3595;3590;3591;0;0;0;27
$1;1;1378000;2;0;1502;48522;32587;5697;405;0;3595;3592;3593;3599;3588;3593;3595;3590;3591;0;0;0;20
$1;1;1379000;2;0;1457;48551;32572;5702;404;0;3594;3591;3592;3599;3588;3592;3594;3589;3590;0;0;0;28
$1;1;1380000;2;0;1440;48555;32567;5706;405;0;3594;3592;3592;3599;3588;3592;3594;3589;3590;0;0;0;26
$1;1;1381000;2;0;1492;48529;32584;5710;405;0;3595;3592;3593;3599;3589;3592;3595;3590;3590;0;0;0;29
$1;1;1382000;2;0;1496;48514;32587;5714;405;0;3595;3592;3593;3599;3589;3592;3595;3590;3591;0;0;0;18
$1;1;1383000;2;0;1501;48507;32590;5718;405;0;3595;3593;3593;3599;3589;3593;3595;3591;3591;0;0;0;21
$1;1;1384000;2;0;1500;48509;32589;5722;405;0;3595;3593;3593;3599;3589;3593;3596;3591;3591;0;0;0;31
$1;1;1385000;2;0;1500;48515;32590;5727;405;0;3595;3593;3593;3599;3589;3593;3595;3591;3591;0;0;0;29
$1;1;1386000;2;0;1499;48519;32590;5731;405;0;3595;3593;3593;3599;3589;3593;3595;3591;3591;0;0;0;20
$1;1;1387000;2;0;1499;48526;32590;5735;404;0;3595;3593;3594;3599;3589;3593;3596;3591;3591;0;0;0;24
$1;128;1387000;327;146;17;16;15;17;14;15;18;16;18;0;0;0;24
$1;1;1388000;2;0;1500;48527;32591;5739;404;0;3595;3593;3593;3599;3589;3593;3596;3591;3591;0;0;0;29
$1;1;1389000;2;0;1499;48530;32589;5743;404;0;3595;3592;3593;3600;3589;3593;3596;3591;3591;0;0;0;29
$1;1;1390000;2;0;1501;48527;32592;5747;404;0;3595;3593;3594;3600;3589;3593;3596;3591;3591;0;0;0;27
$1;1;1391000;2;0;1499;48528;32593;5752;403;0;3595;3593;3594;3599;3589;3593;3596;3591;3591;0;0;0;20
$1;1;1392000;2;0;1499;48528;32593;5756;403;0;3595;3593;3594;3600;3589;3593;3596;3591;3592;0;0;0;19
$1;1;1393000;2;0;1499;48528;32592;5760;403;0;3595;3593;3594;3600;3589;3593;3596;3591;3592;0;0;0;22
$1;1;1394000;2;0;1501;48528;32593;5764;402;0;3595;3593;3594;3600;3589;3593;3596;3591;3592;0;0;0;21
$1;1;1395000;2;0;1498;48533;32592;5768;402;0;3595;3593;3594;3600;3589;3593;3596;3591;3591;0;0;0;17
$1;1;1396000;2;0;1499;48533;32594;5772;402;0;3596;3593;3594;3600;3589;3593;3596;3591;3591;0;0;0;29
$1;1;1397000;2;0;1501;48531;32595;5777;403;0;3596;3593;3593;3600;3589;3593;3596;3591;3591;0;0;0;28
$1;1;1398000;2;0;1486;48538;32589;5780;403;0;3595;3593;3593;3600;3589;3593;3596;3591;3591;0;0;0;18
$1;1;1399000;2;0;1499;48533;32594;5784;403;0;3595;3593;3594;3600;3589;3593;3596;3591;3592;0;0;0;26
$1;1;1400000;2;0;1500;48533;32595;5788;403;0;3596;3593;3594;3600;3589;3593;3596;3591;3592;0;0;0;18
$1;1;1401000;2;0;1499;48534;32596;5792;402;0;3596;3593;3594;3600;3589;3593;3596;3591;3592;0;0;0;28
$1;1;1402000;2;0;1501;48533;32597;5796;402;0;3596;3593;3594;3600;3589;3593;3596;3591;3592;0;0;0;29
$1;1;1403000;2;0;1499;48535;32596;5801;402;0;3596;3593;3594;3600;3590;3593;3596;3591;3592;0;0;0;18
$1;1;1404000;2;0;1500;48534;32597;5805;402;0;3596;3593;3594;3600;3590;3593;3596;3591;3592;0;0;0;16
$1;1;1405000;2;0;1499;48534;32596;5809;401;0;3596;3593;3594;3600;3589;3593;3596;3591;3592;0;0;0;22
$1;1;1406000;2;0;1501;48535;32598;5813;401;0;3596;3593;3594;3600;3590;3593;3596;3591;3592;0;0;0;25
$1;1;1407000;2;0;1501;48536;32598;5817;401;0;3596;3593;3594;3600;3590;3594;3596;3592;3592;0;0;0;27
$1;1;1408000;2;0;1500;48535;32598;5822;401;0;3596;3594;3594;3600;3590;3594;3597;3592;3592;0;0;0;22
$1;1;1409000;2;0;1500;48535;32598;5826;401;0;3596;3594;3594;3600;3589;3594;3597;3592;3592;0;0;0;27
$1;1;1410000;2;0;1499;48536;32598;5830;400;0;3596;3593;3594;3600;3590;3593;3597;3592;3592;0;0;0;31
$1;1;1411000;2;0;1500;48536;32599;5834;400;0;3596;3594;3594;3600;3590;3594;3596;3592;3592;0;0;0;27
$1;1;1412000;2;0;1499;48536;32599;5838;400;0;3596;3593;3594;3600;3590;3594;3597;3592;3592;0;0;0;19
$1;1;1413000;2;0;1499;48535;32599;5842;400;0;3596;3594;3594;3600;3590;3594;3597;3592;3592;0;0;0;27
$1;1;1414000;2;0;1498;48534;32599;5846;401;0;3596;3593;3594;3600;3590;3594;3597;3592;3592;0;0;0;30
$1;1;1415000;2;0;1499;48534;32599;5851;401;0;3596;3593;3594;3600;3590;3594;3596;3592;3592;0;0;0;25
$1;1;1416000;2;0;1501;48533;32601;5855;401;0;3596;3594;3594;3600;3590;3594;3597;3592;3593;0;0;0;28
$1;1;1417000;2;0;1499;48533;32600;5859;401;0;3596;3594;3594;3600;3590;3594;3597;3592;3593;0;0;0;16
$1;1;1418000;2;0;1498;48532;32602;5863;400;0;3596;3594;3594;3600;3590;3594;3597;3592;3593;0;0;0;21
$1;1;1419000;2;0;1499;48531;32602;5867;400;0;3596;3594;3595;3600;3590;3594;3597;3592;3593;0;0;0;19
$1;1;1420000;2;0;1501;48532;32603;5871;400;0;3596;3594;3594;3600;3590;3594;3597;3592;3593;0;0;0;29
$1;1;1421000;2;0;1498;48534;32602;5876;400;0;3596;3594;3595;3601;3590;3594;3597;3592;3593;0;0;0;29
$1;1;1422000;2;0;1500;48533;32603;5880;400;0;3596;3594;3595;3600;3590;3594;3597;3592;3593;0;0;0;16
$1;1;1423000;2;0;1500;48532;32603;5884;400;0;3596;3594;3595;3601;3590;3594;3597;3592;3593;0;0;0;21
$1;1;1424000;2;0;1501;48529;32604;5888;399;0;3596;3594;3595;3601;3590;3594;3597;3592;3593;0;0;0;21
$1;1;1425000;2;0;1501;48526;32605;5892;399;0;3597;3594;3595;3601;3590;3594;3597;3592;3593;0;0;0;16
$1;1;1426000;2;0;1498;48512;32604;5897;399;0;3597;3594;3595;3601;3590;3594;3597;3592;3593;0;0;0;17
$1;1;1427000;2;0;1500;48507;32605;5901;399;0;3597;3594;3595;3601;3590;3594;3597;3592;3593;0;0;0;27
$1;1;1428000;2;0;1465;48522;32593;5905;399;0;3596;3594;3594;3600;3590;3594;3596;3592;3592;0;0;0;24
$1;1;1429000;2;0;1496;48503;32604;5909;399;0;3596;3594;3595;3601;3590;3594;3597;3592;3593;0;0;0;23
$1;1;1430000;2;0;1498;48500;32605;5913;399;0;3597;3594;3595;3601;3590;3594;3597;3592;3593;0;0;0;25
$1;1;1431000;2;0;1499;48498;32605;5917;399;0;3597;3594;3595;3601;3590;3595;3597;3592;3593;0;0;0;28
$1;1;1432000;2;0;1500;48516;32607;5922;399;0;3597;3594;3595;3601;3590;3595;3597;3593;3593;0;0;0;28
$1;1;1433000;2;0;1500;48519;32607;5926;399;0;3597;3594;3595;3601;3590;3595;3597;3593;3593;0;0;0;22
$1;1;1434000;2;0;1500;48521;32608;5930;399;0;3597;3594;3595;3601;3591;3595;3597;3593;3593;0;0;0;19
$1;1;1435000;2;0;1501;48523;32608;5934;399;0;3597;3595;3595;3601;3591;3595;3597;3593;3593;0;0;0;20
$1;1;1436000;2;0;1501;48522;32609;5938;399;0;3597;3594;3595;3601;3591;3595;3597;3593;3593;0;0;0;26
$1;1;1437000;2;0;1501;48526;32609;5942;399;0;3597;3594;3595;3601;3591;3595;3597;3593;3594;0;0;0;21
$1;1;1438000;2;0;1500;48525;32609;5947;399;0;3597;3594;3595;3601;3591;3595;3597;3593;3594;0;0;0;29
$1;1;1439000;2;0;1500;48527;32610;5951;399;0;3597;3595;3595;3601;3591;3595;3597;3593;3594;0;0;0;16
$1;1;1440000;2;0;1500;48526;32610;5955;399;0;3597;3594;3595;3601;3591;3595;3598;3593;3594;0;0;0;21
$1;1;1441000;2;0;1501;48525;32610;5959;399;0;3597;3595;3595;3601;3591;3595;3597;3593;3594;0;0;0;20
$1;1;1442000;2;0;1498;48530;32610;5963;398;0;3597;3595;3595;3601;3591;3595;3597;3593;3594;0;0;0;26
$1;1;1443000;2;0;1500;48531;32610;5967;398;0;3597;3595;3595;3601;3591;3595;3597;3593;3594;0;0;0;30
$1;1;1444000;2;0;1501;48525;32610;5971;398;0;3597;3595;3595;3601;3591;3595;3598;3593;3594;0;0;0;21
$1;1;1445000;2;0;1499;48528;32610;5976;398;0;3597;3595;3595;3601;3591;3595;3598;3593;3594;0;0;0;30
$1;1;1446000;2;0;1480;48526;32603;5980;398;0;3597;3594;3595;3601;3591;3594;3597;3593;3593;0;0;0;24
$1;1;1447000;2;0;1498;48521;32610;5984;398;0;3597;3595;3595;3601;3591;3595;3598;3593;3594;0;0;0;25
$1;128;1447000;328;144;17;15;15;17;13;15;18;16;18;0;0;0;26
$1;1;1448000;2;0;1498;48517;32610;5988;398;0;3597;3595;3596;3601;3591;3595;3598;3593;3594;0;0;0;28
$1;1;1449000;2;0;1500;48523;32611;5992;398;0;3597;3595;3596;3601;3591;3595;3598;3593;3594;0;0;0;16
$1;1;1450000;2;0;1498;48524;32611;5996;398;0;3597;3595;3595;3601;3591;3595;3598;3593;3594;0;0;0;24
$1;1;1451000;2;0;1501;48512;32611;6001;398;0;3597;3595;3595;3601;3591;3595;3598;3593;3594;0;0;0;25
$1;1;1452000;2;0;1461;48517;32598;6005;398;0;3597;3594;3595;3601;3591;3594;3597;3593;3593;0;0;0;22
$1;1;1453000;2;0;1437;48523;32589;6009;398;0;3596;3594;3594;3600;3590;3594;3596;3592;3593;0;0;0;31
$1;1;1454000;2;0;1463;48509;32598;6013;398;0;3596;3594;3595;3601;3590;3594;3597;3592;3593;0;0;0;27
$1;1;1455000;2;0;1497;48509;32610;6017;398;0;3597;3595;3596;3601;3591;3595;3598;3593;3594;0;0;0;28
$1;1;1456000;2;0;1499;48513;32612;6021;398;0;3597;3595;3596;3602;3591;3595;3598;3593;3594;0;0;0;30
$1;1;1457000;2;0;1501;48517;32614;6025;398;0;3597;3595;3596;3602;3592;3595;3598;3593;3595;0;0;0;27
$1;1;1458000;2;0;1500;48519;32614;6029;398;0;3598;3595;3596;3602;3591;3596;3598;3594;3594;0;0;0;30
$1;1;1459000;2;0;1500;48522;32613;6034;397;0;3598;3595;3596;3602;3591;3595;3598;3593;3594;0;0;0;23
$1;1;1460000;2;0;1482;48528;32609;6038;397;0;3597;3595;3596;3601;3591;3595;3598;3593;3594;0;0;0;23
$1;1;1461000;2;0;1498;48523;32614;6042;397;0;3598;3595;3596;3602;3591;3595;3598;3594;3594;0;0;0;28
$1;1;1462000;2;0;1499;48525;32615;6046;397;0;3598;3595;3596;3602;3591;3595;3598;3594;3595;0;0;0;28
$1;1;1463000;2;0;1500;48525;32616;6050;397;0;3598;3595;3596;3602;3592;3595;3598;3594;3595;0;0;0;27
$1;1;1464000;2;0;1479;48535;32609;6054;397;0;3597;3595;3596;3602;3591;3595;3598;3593;3594;0;0;0;18
$1;1;1465000;2;0;1494;48526;32613;6059;397;0;3598;3595;3596;3602;3591;3595;3598;3594;3595;0;0;0;29
$1;1;1466000;2;0;1488;48516;32611;6063;397;0;3597;3595;3596;3602;3591;3595;3598;3594;3594;0;0;0;21
$1;1;1467000;2;0;1498;48498;32614;6067;398;0;3598;3595;3596;3602;3591;3595;3598;3594;3595;0;0;0;18
$1;1;1468000;2;0;1499;48513;32616;6071;398;0;3598;3595;3596;3602;3592;3595;3598;3594;3595;0;0;0;24
$1;1;1469000;2;0;1499;48512;32617;6075;398;0;3598;3595;3596;3603;3592;3596;3598;3594;3595;0;0;0;31
$1;1;1470000;2;0;1499;48513;32617;6079;397;0;3598;3595;3596;3602;3592;3596;3598;3594;3595;0;0;0;20
$1;1;1471000;2;0;1500;48507;32616;6084;397;0;3598;3595;3596;3602;3592;3596;3598;3594;3595;0;0;0;18
$1;1;1472000;2;0;1446;48522;32598;6088;397;0;3597;3595;3596;3601;3591;3595;3598;3593;3594;0;0;0;22
$1;1;1473000;2;0;1479;48516;32610;6092;397;0;3597;3595;3596;3602;3591;3595;3598;3594;3594;0;0;0;16
$1;1;1474000;2;0;1498;48515;32617;6096;397;0;3598;3595;3596;3603;3592;3596;3598;3594;3595;0;0;0;23
$1;1;1475000;2;0;1502;48515;32619;6100;397;0;3598;3595;3596;3603;3592;3596;3599;3594;3595;0;0;0;21
$1;1;1476000;2;0;1501;48518;32620;6104;397;0;3598;3596;3596;3602;3592;3596;3599;3594;3595;0;0;0;20
$1;1;1477000;2;0;1482;48530;32612;6109;396;0;3598;3595;3596;3602;3592;3595;3598;3594;3595;0;0;0;25
$1;1;1478000;2;0;1497;48515;32617;6113;396;0;3598;3596;3596;3602;3592;3596;3598;3594;3595;0;0;0;27
$1;1;1479000;2;0;1502;48505;32619;6117;396;0;3598;3595;3596;3603;3592;3596;3598;3594;3595;0;0;0;30
$1;1;1480000;2;0;1450;48540;32602;6121;396;0;3597;3595;3596;3602;3591;3595;3598;3593;3594;0;0;0;24
$1;1;1481000;2;0;1492;48521;32617;6125;396;0;3598;3595;3596;3603;3592;3596;3598;3594;3595;0;0;0;24
$1;1;1482000;2;0;1451;48546;32602;6129;396;0;3597;3595;3596;3602;3591;3595;3598;3594;3594;0;0;0;18
$1;1;1483000;2;0;1494;48523;32618;6134;396;0;3598;3595;3596;3602;3592;3596;3599;3594;3595;0;0;0;17
$1;1;1484000;2;0;1454;48533;32605;6138;396;0;3597;3595;3596;3602;3592;3596;3598;3594;3594;0;0;0;20
$1;1;1485000;2;0;1437;48533;32598;6142;396;0;3597;3595;3596;3601;3591;3595;3598;3593;3594;0;0;0;30
$1;1;1486000;2;0;1431;48534;32597;6146;396;0;3597;3594;3595;3602;3591;3595;3597;3593;3594;0;0;0;25
$1;1;1487000;2;0;1491;48490;32616;6150;396;0;3598;3596;3596;3603;3592;3596;3599;3594;3595;0;0;0;23
$1;1;1488000;2;0;1476;48497;32611;6154;396;0;3598;3595;3596;3603;3592;3596;3598;3594;3595;0;0;0;23
$1;1;1489000;2;0;1492;48490;32617;6158;396;0;3598;3595;3596;3603;3592;3596;3599;3594;3595;0;0;0;16
$1;1;1490000;2;0;1457;48505;32605;6162;396;0;3597;3595;3596;3602;3591;3595;3598;3594;3594;0;0;0;24
$1;1;1491000;2;0;1427;48518;32596;6166;396;0;3597;3595;3595;3601;3591;3595;3598;3593;3594;0;0;0;24
$1;1;1492000;2;0;1452;48516;32604;6170;396;0;3597;3595;3596;3602;3591;3595;3598;3594;3594;0;0;0;31
$1;1;1493000;2;0;1455;48509;32606;6174;396;0;3597;3595;3596;3602;3592;3595;3598;3594;3595;0;0;0;19
$1;1;1494000;2;0;1463;48499;32609;6178;396;0;3598;3595;3596;3602;3592;3595;3598;3594;3595;0;0;0;21
$1;1;1495000;2;0;1497;48491;32621;6182;396;0;3598;3596;3596;3603;3592;3596;3599;3594;3595;0;0;0;24
$1;1;1496000;2;0;1449;48529;32605;6187;395;0;3598;3595;3596;3602;3592;3595;3598;3594;3595;0;0;0;26
$1;1;1497000;2;0;1462;48526;32610;6191;395;0;3598;3595;3596;3602;3592;3596;3598;3594;3595;0;0;0;29
$1;1;1498000;2;0;1443;48538;32604;6195;395;0;3597;3595;3596;3602;3592;3595;3598;3594;3595;0;0;0;19
$1;1;1499000;2;0;1424;48550;32598;6199;395;0;3597;3595;3595;3601;3591;3595;3598;3593;3594;0;0;0;18
$1;1;1500000;2;0;1458;48537;32609;6202;394;0;3597;3595;3596;3602;3592;3595;3598;3594;3595;0;0;0;23
$1;1;1501000;2;0;1465;48532;32610;6206;395;0;3598;3595;3596;3602;3592;3596;3598;3594;3595;0;0;0;28
$1;1;1502000;2;0;1482;48521;32617;6210;396;0;3598;3596;3596;3603;3592;3596;3598;3594;3595;0;0;0;21
$1;1;1503000;2;0;1487;48518;32620;6214;396;0;3598;3596;3596;3603;3592;3596;3599;3594;3595;0;0;0;26
$1;1;1504000;2;0;1499;48513;32624;6218;396;0;3598;3596;3596;3604;3593;3597;3599;3595;3596;0;0;0;20
$1;1;1505000;2;0;1500;48512;32624;6223;396;0;3599;3596;3597;3603;3592;3596;3599;3595;3596;0;0;0;26
$1;1;1506000;2;0;1500;48512;32624;6227;395;0;3599;3596;3597;3603;3593;3596;3599;3595;3596;0;0;0;31
$1;1;1507000;2;0;1469;48528;32613;6231;395;0;3598;3596;3596;3603;3592;3596;3599;3594;3595;0;0;0;25
$1;128;1507000;328;143;17;16;14;17;13;15;17;16;18;0;0;0;21
$1;1;1508000;2;0;1450;48539;32609;6235;395;0;3598;3596;3596;3602;3592;3596;3598;3594;3595;0;0;0;19
$1;1;1509000;2;0;1473;48526;32616;6239;395;0;3598;3596;3596;3603;3592;3596;3599;3594;3595;0;0;0;31
$1;1;1510000;2;0;1497;48515;32624;6243;395;0;3599;3596;3597;3604;3593;3597;3599;3595;3596;0;0;0;20
$1;1;1511000;2;0;1501;48514;32625;6247;395;0;3599;3596;3597;3603;3593;3597;3599;3595;3596;0;0;0;24
$1;1;1512000;2;0;1446;48540;32609;6252;394;0;3598;3596;3596;3603;3592;3596;3599;3594;3596;0;0;0;18
$1;1;1513000;2;0;1482;48522;32621;6255;394;0;3598;3596;3597;3603;3592;3596;3599;3595;3596;0;0;0;18
$1;1;1514000;2;0;1476;48524;32620;6259;394;0;3599;3596;3597;3603;3592;3596;3599;3595;3596;0;0;0;20
$1;1;1515000;2;0;1456;48534;32613;6263;394;0;3598;3596;3597;3603;3592;3596;3599;3595;3596;0;0;0;30
$1;1;1516000;2;0;1470;48527;32618;6268;394;0;3598;3596;3597;3603;3592;3597;3599;3595;3596;0;0;0;26
$1;1;1517000;2;0;1495;48515;32627;6272;394;0;3599;3596;3597;3604;3593;3597;3600;3595;3596;0;0;0;18
$1;1;1518000;2;0;1499;48513;32629;6276;394;0;3599;3597;3597;3604;3593;3597;3600;3595;3597;0;0;0;29
$1;1;1519000;2;0;1451;48534;32612;6280;394;0;3598;3596;3597;3603;3592;3596;3599;3595;3596;0;0;0;25
$1;1;1520000;2;0;1500;48510;32628;6284;395;0;3599;3597;3597;3604;3593;3597;3600;3595;3596;0;0;0;24
$1;1;1521000;2;0;1491;48515;32626;6287;395;0;3599;3596;3597;3604;3593;3597;3600;3595;3596;0;0;0;25
$1;1;1522000;2;0;1458;48532;32615;6291;395;0;3599;3596;3597;3603;3593;3597;3599;3595;3596;0;0;0;25
$1;1;1523000;2;0;1492;48515;32627;6295;395;0;3599;3596;3597;3604;3593;3597;3600;3595;3596;0;0;0;26
$1;1;1524000;2;0;1435;48544;32608;6300;394;0;3598;3595;3596;3602;3592;3596;3599;3594;3595;0;0;0;17
$1;1;1525000;2;0;1465;48529;32617;6304;395;0;3598;3596;3597;3603;3592;3597;3599;3595;3596;0;0;0;21
$1;1;1526000;2;0;1479;48522;32623;6308;394;0;3599;3596;3597;3603;3593;3597;3599;3595;3596;0;0;0;26
$1;1;1527000;2;0;1419;48554;32603;6312;394;0;3598;3596;3596;3603;3592;3596;3598;3594;3595;0;0;0;22
$1;1;1528000;2;0;1411;48559;32601;6316;394;0;3598;3596;3596;3602;3592;3596;3598;3594;3595;0;0;0;27
$1;1;1529000;2;0;1442;48542;32611;6321;394;0;3598;3596;3597;3603;3593;3596;3599;3595;3596;0;0;0;17
$1;1;1530000;2;0;1491;48518;32628;6325;394;0;3599;3597;3597;3604;3593;3597;3600;3595;3597;0;0;0;18
$1;1;1531000;2;0;1474;48526;32622;6329;394;0;3599;3597;3597;3604;3593;3597;3600;3595;3596;0;0;0;18
$1;1;1532000;2;0;1447;48540;32614;6333;393;0;3598;3596;3597;3603;3593;3597;3599;3595;3596;0;0;0;28
$1;1;1533000;2;0;1480;48524;32625;6337;393;0;3599;3596;3597;3604;3593;3597;3599;3595;3596;0;0;0;20
$1;1;1534000;2;0;1495;48517;32630;6341;393;0;3599;3597;3598;3604;3594;3597;3600;3596;3597;0;0;0;26
$1;1;1535000;2;0;1503;48513;32634;6345;393;0;3600;3597;3598;3605;3593;3597;3600;3596;3597;0;0;0;20
$1;1;1536000;2;0;1480;48524;32626;6349;393;0;3599;3597;3598;3604;3593;3597;3600;3596;3597;0;0;0;20
$1;1;1537000;2;0;1444;48542;32615;6354;393;0;3599;3596;3597;3603;3593;3597;3599;3595;3596;0;0;0;25
$1;1;1538000;2;0;1448;48538;32615;6358;394;0;3599;3596;3597;3603;3593;3597;3599;3595;3596;0;0;0;28
$1;1;1539000;2;0;1476;48523;32626;6362;394;0;3599;3596;3598;3604;3593;3597;3600;3596;3597;0;0;0;26
$1;1;1540000;2;0;1496;48511;32634;6366;394;0;3600;3597;3598;3604;3594;3598;3600;3596;3597;0;0;0;22
$1;1;1541000;2;0;1498;48510;32634;6370;394;0;3600;3597;3598;3604;3594;3598;3600;3596;3597;0;0;0;31
$1;1;1542000;2;0;1502;48508;32635;6374;394;0;3600;3597;3598;3605;3594;3598;3600;3596;3597;0;0;0;19
$1;1;1543000;2;0;1448;48537;32618;6378;393;0;3599;3597;3597;3604;3593;3597;3600;3595;3597;0;0;0;19
$1;1;1544000;2;0;1473;48524;32626;6383;393;0;3599;3597;3598;3604;3593;3597;3600;3596;3597;0;0;0;27
$1;1;1545000;2;0;1484;48518;32630;6386;393;0;3599;3597;3598;3604;3594;3597;3600;3596;3597;0;0;0;24
$1;1;1546000;2;0;1474;48525;32627;6390;393;0;3599;3597;3598;3604;3593;3597;3600;3596;3597;0;0;0;28
$1;1;1547000;2;0;1480;48522;32629;6394;393;0;3599;3597;3598;3604;3593;3597;3600;3596;3597;0;0;0;27
$1;1;1548000;2;0;1444;48539;32618;6398;393;0;3599;3597;3597;3604;3593;3597;3600;3595;3597;0;0;0;20
$1;1;1549000;2;0;1451;48537;32621;6402;393;0;3599;3597;3598;3604;3593;3597;3600;3596;3597;0;0;0;29
$1;1;1550000;2;0;1491;48517;32634;6406;393;0;3600;3597;3598;3605;3594;3598;3601;3596;3597;0;0;0;16
$1;1;1551000;2;0;1500;48511;32638;6411;393;0;3600;3597;3598;3605;3594;3598;3601;3596;3598;0;0;0;27
$1;1;1552000;2;0;1503;48509;32638;6415;392;0;3600;3597;3598;3606;3594;3598;3601;3596;3597;0;0;0;27
$1;1;1553000;2;0;1503;48509;32638;6419;392;0;3600;3598;3598;3605;3594;3598;3601;3596;3598;0;0;0;21
$1;1;1554000;2;0;1470;48527;32629;6422;392;0;3599;3597;3598;3604;3594;3597;3600;3596;3597;0;0;0;31
$1;1;1555000;2;0;1474;48526;32630;6427;392;0;3600;3597;3598;3604;3594;3598;3600;3596;3598;0;0;0;21
$1;1;1556000;2;0;1423;48551;32612;6431;392;0;3599;3596;3597;3604;3593;3597;3599;3595;3597;0;0;0;25
$1;1;1557000;2;0;1491;48516;32636;6435;393;0;3600;3597;3598;3605;3594;3598;3601;3596;3598;0;0;0;27
$1;1;1558000;2;0;1467;48528;32628;6439;393;0;3600;3597;3598;3604;3594;3598;3600;3596;3597;0;0;0;28
$1;1;1559000;2;0;1438;48541;32619;6443;392;0;3599;3597;3598;3604;3593;3597;3600;3596;3597;0;0;0;29
$1;1;1560000;2;0;1485;48518;32634;6447;392;0;3600;3597;3598;3604;3594;3598;3601;3596;3598;0;0;0;19
$1;1;1561000;2;0;1487;48516;32635;6450;392;0;3600;3598;3598;3604;3594;3598;3601;3597;3598;0;0;0;23
$1;1;1562000;2;0;1419;48546;32614;6454;392;0;3599;3597;3597;3604;3593;3597;3600;3596;3597;0;0;0;21
$1;1;1563000;2;0;1490;48510;32637;6459;392;0;3600;3598;3598;3605;3594;3598;3601;3597;3598;0;0;0;31
$1;1;1564000;2;0;1471;48524;32631;6463;392;0;3600;3597;3598;3605;3594;3598;3601;3596;3598;0;0;0;17
$1;1;1565000;2;0;1443;48537;32622;6467;392;0;3599;3597;3598;3604;3594;3598;3600;3596;3597;0;0;0;25
$1;1;1566000;2;0;1483;48516;32635;6471;392;0;3600;3598;3599;3605;3594;3598;3601;3597;3598;0;0;0;23
$1;1;1567000;2;0;1462;48531;32628;6475;392;0;3600;3597;3598;3604;3594;3598;3600;3596;3597;0;0;0;20
$1;128;1567000;326;142;17;15;15;17;13;15;17;15;18;0;0;0;29
$1;1;1568000;2;0;1454;48533;32627;6479;392;0;3600;3597;3598;3605;3594;3598;3601;3596;3598;0;0;0;16
$1;1;1569000;2;0;1436;48543;32621;6483;392;0;3599;3597;3598;3604;3594;3597;3600;3596;3597;0;0;0;18
$1;1;1570000;2;0;1492;48516;32640;6488;392;0;3600;3598;3599;3605;3594;3598;3601;3597;3598;0;0;0;20
$1;1;1571000;2;0;1498;48512;32642;6492;392;0;3600;3598;3599;3606;3595;3599;3601;3597;3599;0;0;0;16
$1;1;1572000;2;0;1474;48524;32634;6496;392;0;3600;3598;3598;3605;3594;3598;3601;3597;3598;0;0;0;18
$1;1;1573000;2;0;1477;48521;32635;6500;392;0;3600;3598;3598;3605;3594;3598;3601;3597;3598;0;0;0;26
$1;1;1574000;2;0;1451;48532;32627;6504;392;0;3600;3597;3598;3605;3594;3598;3601;3596;3598;0;0;0;18
$1;1;1575000;2;0;1457;48527;32629;6508;393;0;3600;3597;3598;3605;3594;3598;3601;3596;3598;0;0;0;18
$1;1;1576000;2;0;1469;48523;32634;6512;394;0;3600;3598;3598;3605;3594;3598;3601;3597;3598;0;0;0;22
$1;1;1577000;2;0;1494;48513;32642;6516;394;0;3600;3598;3599;3606;3595;3599;3602;3597;3599;0;0;0;19
$1;1;1578000;2;0;1472;48526;32635;6520;394;0;3600;3598;3599;3605;3594;3598;3601;3597;3598;0;0;0;22
$1;1;1579000;2;0;1454;48537;32629;6524;395;0;3600;3598;3598;3605;3594;3598;3601;3597;3598;0;0;0;26
$1;1;1580000;2;0;1431;48548;32621;6528;395;0;3599;3597;3598;3605;3594;3598;3601;3596;3597;0;0;0;17
$1;1;1581000;2;0;1401;48563;32612;6533;395;0;3599;3597;3598;3604;3594;3597;3600;3596;3597;0;0;0;31
$1;1;1582000;2;0;1443;48543;32626;6537;396;0;3600;3598;3598;3605;3594;3598;3601;3597;3598;0;0;0;21
$1;1;1583000;2;0;1493;48516;32642;6541;396;0;3601;3598;3599;3605;3594;3599;3602;3597;3599;0;0;0;25
$1;1;1584000;2;0;1498;48514;32646;6545;396;0;3601;3598;3599;3606;3595;3599;3602;3597;3599;0;0;0;21
$1;1;1585000;2;0;1447;48540;32629;6549;396;0;3600;3598;3598;3605;3594;3598;3601;3597;3598;0;0;0;19
$1;1;1586000;2;0;1497;48516;32646;6554;397;0;3601;3599;3599;3606;3595;3599;3602;3597;3599;0;0;0;26
$1;1;1587000;2;0;1487;48520;32644;6557;397;0;3601;3598;3599;3606;3595;3599;3602;3597;3599;0;0;0;31
$1;1;1588000;2;0;1454;48537;32633;6562;397;0;3600;3598;3599;3605;3594;3599;3602;3597;3599;0;0;0;29
$1;1;1589000;2;0;1480;48524;32641;6566;398;0;3601;3598;3599;3606;3594;3599;3602;3597;3599;0;0;0;27
$1;1;1590000;2;0;1441;48544;32629;6570;398;0;3600;3598;3599;3605;3594;3598;3601;3597;3598;0;0;0;16
$1;1;1591000;2;0;1461;48533;32635;6574;398;0;3600;3598;3599;3606;3594;3598;3602;3597;3598;0;0;0;26
$1;1;1592000;2;0;1439;48545;32629;6578;398;0;3600;3598;3598;3605;3594;3598;3602;3597;3598;0;0;0;22
$1;1;1593000;2;0;1411;48555;32620;6582;399;0;3600;3598;3598;3604;3594;3598;3601;3597;3598;0;0;0;19
$1;1;1594000;2;0;1449;48535;32633;6586;400;0;3600;3598;3599;3605;3594;3599;3602;3597;3598;0;0;0;28
$1;1;1595000;2;0;1495;48511;32649;6590;401;0;3601;3599;3599;3606;3595;3599;3603;3598;3599;0;0;0;28
$1;1;1596000;2;0;1483;48516;32644;6594;401;0;3601;3599;3599;3606;3595;3599;3602;3598;3599;0;0;0;23
$1;1;1597000;2;0;1483;48516;32644;6599;402;0;3601;3598;3599;3606;3595;3599;3603;3598;3599;0;0;0;24
$1;1;1598000;2;0;1497;48509;32649;6603;402;0;3601;3599;3600;3607;3595;3600;3603;3598;3599;0;0;0;17
$1;1;1599000;2;0;1438;48540;32630;6607;403;0;3600;3598;3599;3606;3594;3599;3602;3597;3598;0;0;0;28
$1;1;1600000;2;0;1441;48539;32632;6611;403;0;3600;3598;3599;3605;3594;3599;3602;3597;3598;0;0;0;25
$1;1;1601000;2;0;1480;48520;32646;6615;404;0;3601;3599;3599;3606;3595;3599;3603;3598;3599;0;0;0;16
$1;1;1602000;2;0;1502;48509;32653;6619;404;0;3601;3599;3599;3607;3595;3600;3603;3598;3599;0;0;0;25
$1;1;1603000;2;0;1489;48514;32649;6624;404;0;3601;3599;3600;3607;3595;3599;3603;3598;3600;0;0;0;16
$1;1;1604000;2;0;1494;48512;32650;6627;405;0;3601;3599;3600;3607;3595;3600;3603;3598;3599;0;0;0;23
$1;1;1605000;2;0;1498;48510;32653;6632;405;0;3602;3599;3600;3607;3595;3600;3603;3598;3600;0;0;0;31
$1;1;1606000;2;0;1442;48536;32634;6636;405;0;3601;3598;3599;3606;3595;3599;3602;3598;3599;0;0;0;27
$1;1;1607000;2;0;1457;48512;32638;6640;405;0;3601;3599;3599;3606;3594;3599;3602;3598;3599;0;0;0;21
$1;1;1608000;2;0;1494;48485;32653;6644;405;0;3602;3599;3600;3606;3595;3600;3603;3598;3600;0;0;0;19
$1;1;1609000;2;0;1503;48483;32657;6648;406;0;3602;3599;3600;3606;3595;3600;3603;3599;3600;0;0;0;17
$1;1;1610000;2;0;1500;48493;32655;6652;407;0;3602;3600;3600;3607;3595;3600;3604;3599;3600;0;0;0;22
$1;1;1611000;2;0;1441;48526;32634;6656;407;0;3601;3599;3599;3606;3595;3599;3602;3598;3599;0;0;0;26
$1;1;1612000;2;0;1471;48508;32645;6660;407;0;3601;3599;3599;3607;3595;3599;3603;3598;3599;0;0;0;21
$1;1;1613000;2;0;1497;48493;32655;6664;408;0;3602;3599;3600;3607;3595;3600;3603;3599;3600;0;0;0;20
$1;1;1614000;2;0;1460;48516;32642;6668;408;0;3601;3599;3599;3607;3595;3599;3603;3598;3599;0;0;0;28
$1;1;1615000;2;0;1497;48500;32654;6672;408;0;3602;3599;3600;3607;3595;3600;3603;3598;3600;0;0;0;30
$1;1;1616000;2;0;1490;48508;32653;6676;408;0;3602;3599;3600;3607;3595;3600;3603;3598;3600;0;0;0;17
$1;1;1617000;2;0;1483;48511;32651;6680;408;0;3602;3599;3600;3607;3595;3600;3603;3598;3599;0;0;0;18
$1;1;1618000;2;0;1443;48532;32639;6684;408;0;3601;3599;3599;3606;3595;3599;3603;3598;3599;0;0;0;24
$1;1;1619000;2;0;1425;48540;32633;6688;408;0;3601;3599;3599;3606;3595;3599;3602;3598;3599;0;0;0;27
$1;1;1620000;2;0;1490;48498;32656;6693;408;0;3602;3599;3600;3607;3596;3600;3603;3599;3600;0;0;0;16
$1;1;1621000;2;0;1499;48500;32658;6697;408;0;3602;3600;3600;3607;3596;3600;3604;3599;3600;0;0;0;22
$1;1;1622000;2;0;1499;48491;32659;6701;408;0;3602;3600;3600;3607;3596;3600;3604;3599;3600;0;0;0;19
$1;1;1623000;2;0;1499;48501;32658;6705;408;0;3602;3600;3600;3607;3596;3600;3604;3599;3601;0;0;0;30
$1;1;1624000;2;0;1499;48503;32659;6709;408;0;3602;3600;3601;3607;3596;3600;3604;3599;3600;0;0;0;22
$1;1;1625000;2;0;1451;48529;32643;6713;408;0;3602;3599;3600;3606;3595;3600;3603;3598;3600;0;0;0;29
$1;1;1626000;2;0;1496;48501;32658;6718;409;0;3602;3600;3600;3607;3596;3600;3604;3599;3600;0;0;0;24
$1;1;1627000;2;0;1500;48499;32661;6722;409;0;3603;3600;3600;3607;3596;3601;3604;3599;3601;0;0;0;21
$1;128;1627000;326;143;17;16;14;17;14;15;17;15;18;0;0;0;30
$1;1;1628000;2;0;1499;48500;32659;6726;409;0;3602;3600;3600;3607;3596;3600;3604;3599;3601;0;0;0;21
$1;1;1629000;2;0;1498;48501;32659;6730;409;0;3602;3600;3601;3607;3596;3601;3604;3599;3601;0;0;0;19
$1;1;1630000;2;0;1500;48499;32661;6734;409;0;3603;3600;3601;3608;3596;3601;3604;3599;3601;0;0;0;26
$1;1;1631000;2;0;1467;48513;32651;6738;409;0;3602;3600;3600;3606;3596;3600;3603;3599;3600;0;0;0;30
$1;1;1632000;2;0;1497;48486;32662;6742;409;0;3603;3600;3601;3607;3596;3601;3604;3599;3601;0;0;0;20
$1;1;1633000;2;0;1500;48492;32664;6746;409;0;3603;3600;3601;3607;3596;3601;3604;3600;3601;0;0;0;30
$1;1;1634000;2;0;1500;48493;32664;6750;408;0;3603;3600;3601;3607;3596;3601;3604;3600;3601;0;0;0;30
$1;1;1635000;2;0;1499;48497;32664;6754;408;0;3603;3600;3601;3607;3596;3601;3604;3600;3601;0;0;0;30
$1;1;1636000;2;0;1500;48484;32664;6759;408;0;3603;3600;3601;3607;3596;3601;3604;3600;3601;0;0;0;19
$1;1;1637000;2;0;1498;48474;32664;6763;408;0;3603;3600;3601;3607;3596;3601;3605;3600;3601;0;0;0;21
$1;1;1638000;2;0;1498;48473;32664;6767;408;0;3603;3600;3601;3607;3596;3601;3604;3600;3601;0;0;0;24
$1;1;1639000;2;0;1499;48488;32665;6771;408;0;3603;3600;3601;3607;3596;3601;3604;3600;3601;0;0;0;26
$1;1;1640000;2;0;1501;48493;32667;6775;407;0;3603;3600;3601;3607;3597;3601;3604;3600;3601;0;0;0;22
$1;1;1641000;2;0;1499;48495;32666;6780;407;0;3603;3600;3601;3607;3597;3601;3604;3600;3601;0;0;0;26
$1;1;1642000;2;0;1500;48493;32667;6784;408;0;3603;3601;3601;3607;3597;3601;3604;3600;3601;0;0;0;21
$1;1;1643000;2;0;1501;48494;32667;6788;408;0;3603;3600;3601;3607;3597;3601;3604;3600;3601;0;0;0;31
$1;1;1644000;2;0;1499;48494;32667;6792;408;0;3603;3601;3601;3607;3597;3601;3604;3600;3601;0;0;0;18
$1;1;1645000;2;0;1498;48494;32667;6796;408;0;3603;3601;3601;3607;3597;3601;3605;3600;3601;0;0;0;23
$1;1;1646000;2;0;1499;48484;32668;6800;408;0;3603;3600;3601;3607;3597;3601;3605;3600;3602;0;0;0;25
$1;1;1647000;2;0;1499;48477;32668;6805;407;0;3603;3600;3601;3607;3597;3601;3605;3600;3601;0;0;0;29
$1;1;1648000;2;0;1499;48470;32668;6809;407;0;3603;3601;3601;3608;3597;3601;3605;3600;3602;0;0;0;20
$1;1;1649000;2;0;1498;48469;32668;6813;407;0;3603;3601;3601;3608;3597;3601;3605;3600;3602;0;0;0;23
$1;1;1650000;2;0;1467;48484;32658;6817;407;0;3603;3601;3601;3607;3597;3601;3604;3600;3601;0;0;0;22
$1;1;1651000;2;0;1492;48475;32666;6821;406;0;3603;3601;3601;3607;3597;3601;3604;3600;3601;0;0;0;26
$1;1;1652000;2;0;1500;48469;32670;6825;406;0;3603;3601;3602;3608;3597;3601;3605;3600;3602;0;0;0;19
$1;1;1653000;2;0;1499;48469;32669;6829;406;0;3603;3601;3602;3608;3597;3601;3605;3600;3602;0;0;0;23
$1;1;1654000;2;0;1499;48472;32670;6834;406;0;3603;3601;3602;3608;3597;3601;3605;3600;3602;0;0;0;30
$1;1;1655000;2;0;1499;48475;32670;6838;406;0;3603;3601;3602;3608;3597;3602;3605;3600;3602;0;0;0;23
$1;1;1656000;2;0;1498;48472;32670;6842;405;0;3603;3601;3601;3608;3597;3601;3605;3600;3602;0;0;0;28
$1;1;1657000;2;0;1489;48478;32667;6846;405;0;3603;3601;3601;3608;3597;3601;3604;3600;3601;0;0;0;23
$1;1;1658000;2;0;1499;48463;32669;6850;406;0;3603;3601;3601;3608;3597;3601;3605;3600;3602;0;0;0;27
$1;1;1659000;2;0;1500;48469;32670;6854;406;0;3603;3601;3602;3608;3597;3602;3605;3600;3602;0;0;0;29
$1;1;1660000;2;0;1491;48469;32667;6858;406;0;3603;3601;3601;3608;3597;3601;3605;3600;3602;0;0;0;20
$1;1;1661000;2;0;1499;48472;32670;6862;406;0;3603;3601;3602;3608;3597;3602;3605;3600;3602;0;0;0;24
$1;1;1662000;2;0;1472;48487;32661;6866;406;0;3603;3600;3601;3608;3597;3601;3604;3600;3601;0;0;0;19
$1;1;1663000;2;0;1498;48485;32671;6871;405;0;3603;3601;3602;3608;3597;3602;3605;3601;3602;0;0;0;18
$1;1;1664000;2;0;1501;48485;32673;6875;405;0;3604;3601;3602;3608;3597;3602;3605;3601;3602;0;0;0;21
$1;1;1665000;2;0;1500;48486;32672;6879;405;0;3604;3601;3602;3608;3597;3602;3605;3601;3602;0;0;0;27
$1;1;1666000;2;0;1500;48487;32673;6883;405;0;3604;3601;3602;3608;3597;3602;3605;3601;3602;0;0;0;29
$1;1;1667000;2;0;1498;48490;32673;6887;404;0;3604;3601;3602;3608;3598;3602;3605;3601;3603;0;0;0;17
$1;1;1668000;2;0;1500;48489;32674;6891;404;0;3604;3601;3602;3608;3598;3602;3605;3601;3602;0;0;0;23
$1;1;1669000;2;0;1499;48489;32673;6896;404;0;3604;3601;3602;3608;3597;3602;3605;3601;3602;0;0;0;24
$1;1;1670000;2;0;1501;48488;32674;6900;403;0;3604;3601;3602;3608;3597;3602;3605;3601;3602;0;0;0;31
$1;1;1671000;2;0;1501;48489;32675;6904;403;0;3604;3601;3602;3608;3598;3602;3605;3601;3602;0;0;0;21
$1;1;1672000;2;0;1499;48495;32675;6908;403;0;3604;3601;3602;3608;3598;3602;3605;3601;3602;0;0;0;23
$1;1;1673000;2;0;1500;48494;32675;6912;403;0;3604;3602;3602;3608;3598;3602;3605;3601;3603;0;0;0;31
$1;1;1674000;2;0;1501;48494;32676;6917;403;0;3604;3601;3602;3608;3598;3602;3605;3601;3603;0;0;0;28
$1;1;1675000;2;0;1500;48493;32676;6921;404;0;3604;3601;3602;3608;3598;3602;3605;3601;3603;0;0;0;25
$1;1;1676000;2;0;1500;48498;32676;6925;404;0;3604;3602;3602;3608;3598;3602;3605;3601;3603;0;0;0;22
$1;1;1677000;2;0;1500;48494;32677;6929;403;0;3604;3602;3602;3608;3598;3602;3605;3601;3603;0;0;0;17
$1;1;1678000;2;0;1500;48492;32676;6933;403;0;3604;3601;3602;3608;3598;3602;3605;3601;3603;0;0;0;17
$1;1;1679000;2;0;1498;48493;32676;6937;403;0;3604;3601;3602;3608;3598;3602;3605;3601;3603;0;0;0;21
$1;1;1680000;2;0;1499;48491;32677;6941;403;0;3604;3602;3602;3608;3598;3602;3606;3601;3603;0;0;0;16
$1;1;1681000;2;0;1500;48489;32677;6946;403;0;3604;3601;3603;3609;3598;3602;3606;3601;3603;0;0;0;29
$1;1;1682000;2;0;1450;48512;32660;6950;402;0;3603;3601;3602;3608;3597;3601;3605;3600;3602;0;0;0;17
$1;1;1683000;2;0;1493;48493;32675;6954;402;0;3604;3601;3602;3608;3598;3602;3605;3601;3602;0;0;0;29
$1;1;1684000;2;0;1498;48489;32677;6958;402;0;3604;3602;3603;3608;3598;3602;3605;3601;3603;0;0;0;23
$1;1;1685000;2;0;1473;48500;32669;6962;402;0;3604;3601;3602;3608;3598;3602;3605;3601;3602;0;0;0;22
$1;1;1686000;2;0;1496;48492;32678;6966;402;0;3604;3602;3603;3609;3598;3603;3605;3601;3603;0;0;0;19
$1;1;1687000;2;0;1501;48490;32679;6970;401;0;3604;3602;3603;3609;3598;3602;3606;3601;3603;0;0;0;24
$1;1;1688000;2;0;1498;48492;32678;6975;401;0;3604;3602;3602;3609;3598;3602;3606;3601;3603;0;0;0;17
$1;128;1688000;326;144;16;16;15;17;13;15;18;16;18;0;0;0;23
$1;1;1689000;2;0;1498;48493;32678;6979;401;0;3604;3602;3602;3609;3598;3602;3606;3601;3603;0;0;0;29
$1;1;1690000;2;0;1502;48488;32680;6983;401;0;3604;3602;3603;3609;3598;3602;3606;3601;3603;0;0;0;30
$1;1;1691000;2;0;1501;48490;32680;6987;401;0;3604;3602;3603;3609;3598;3603;3606;3601;3603;0;0;0;16
$1;1;1692000;2;0;1501;48486;32680;6991;401;0;3604;3602;3603;3609;3598;3603;3606;3601;3603;0;0;0;19
$1;1;1693000;2;0;1449;48513;32662;6995;401;0;3604;3601;3602;3608;3598;3602;3605;3601;3602;0;0;0;26
$1;1;1694000;2;0;1486;48493;32673;7000;401;0;3604;3602;3602;3608;3598;3602;3605;3601;3603;0;0;0;17
$1;1;1695000;2;0;1440;48518;32659;7003;401;0;3603;3601;3602;3608;3597;3602;3605;3600;3602;0;0;0;24
$1;1;1696000;2;0;1495;48491;32678;7008;401;0;3604;3602;3603;3609;3598;3602;3606;3601;3603;0;0;0;19
$1;1;1697000;2;0;1480;48498;32673;7012;401;0;3604;3602;3602;3608;3598;3603;3605;3601;3603;0;0;0;29
$1;1;1698000;2;0;1497;48493;32680;7016;401;0;3605;3602;3603;3609;3598;3603;3606;3602;3603;0;0;0;22
$1;1;1699000;2;0;1457;48517;32667;7020;401;0;3604;3601;3602;3608;3598;3602;3605;3601;3603;0;0;0;25
$1;1;1700000;2;0;1494;48501;32680;7024;400;0;3605;3602;3603;3609;3598;3603;3606;3602;3603;0;0;0;31
$1;1;1701000;2;0;1483;48505;32676;7028;400;0;3604;3602;3603;3608;3598;3603;3606;3601;3603;0;0;0;26
$1;1;1702000;2;0;1462;48516;32670;7033;400;0;3604;3601;3602;3609;3598;3602;3605;3601;3603;0;0;0;25
$1;1;1703000;2;0;1459;48514;32668;7037;400;0;3604;3602;3602;3608;3598;3602;3605;3601;3603;0;0;0;29
$1;1;1704000;2;0;1496;48483;32680;7041;400;0;3605;3602;3603;3609;3599;3603;3606;3601;3604;0;0;0;20
$1;1;1705000;2;0;1479;48484;32675;7045;400;0;3604;3602;3603;3609;3598;3602;3606;3601;3603;0;0;0;27
$1;1;1706000;2;0;1500;48478;32682;7049;400;0;3605;3602;3603;3609;3599;3603;3606;3602;3604;0;0;0;21
$1;1;1707000;2;0;1499;48477;32682;7054;399;0;3605;3602;3603;3609;3599;3603;3606;3602;3604;0;0;0;17
$1;1;1708000;2;0;1491;48483;32680;7057;399;0;3605;3602;3603;3609;3598;3603;3606;3601;3604;0;0;0;30
$1;1;1709000;2;0;1479;48488;32676;7062;400;0;3604;3602;3603;3609;3599;3603;3606;3601;3603;0;0;0;29
$1;1;1710000;2;0;1459;48493;32669;7065;400;0;3604;3602;3602;3608;3598;3602;3605;3601;3603;0;0;0;23
$1;1;1711000;2;0;1496;48477;32681;7069;400;0;3605;3602;3603;3609;3599;3603;3606;3602;3604;0;0;0;19
$1;1;1712000;2;0;1499;48475;32683;7073;400;0;3605;3602;3603;3610;3599;3603;3606;3602;3604;0;0;0;28
$1;1;1713000;2;0;1462;48491;32671;7077;400;0;3604;3602;3602;3609;3598;3603;3606;3601;3603;0;0;0;23
$1;1;1714000;2;0;1496;48464;32682;7081;400;0;3605;3602;3603;3609;3599;3603;3606;3602;3604;0;0;0;17
$1;1;1715000;2;0;1500;48480;32684;7085;400;0;3605;3602;3603;3610;3599;3603;3606;3602;3604;0;0;0;30
$1;1;1716000;2;0;1446;48495;32666;7090;399;0;3604;3602;3603;3609;3598;3602;3605;3601;3603;0;0;0;27
$1;1;1717000;2;0;1466;48476;32672;7094;399;0;3604;3602;3603;3609;3598;3603;3606;3601;3603;0;0;0;22
$1;1;1718000;2;0;1496;48461;32682;7098;399;0;3605;3602;3603;3609;3599;3603;3606;3602;3604;0;0;0;23
$1;1;1719000;2;0;1453;48480;32669;7102;399;0;3604;3602;3603;3609;3598;3603;3606;3601;3603;0;0;0;19
$1;1;1720000;2;0;1493;48465;32682;7106;399;0;3605;3602;3603;3610;3599;3603;3606;3602;3604;0;0;0;19
$1;1;1721000;2;0;1484;48466;32679;7110;398;0;3605;3602;3603;3610;3599;3603;3606;3602;3603;0;0;0;18
$1;1;1722000;2;0;1477;48476;32677;7115;398;0;3605;3602;3603;3609;3599;3603;3606;3602;3604;0;0;0;24
$1;1;1723000;2;0;1447;48500;32668;7119;398;0;3604;3602;3603;3609;3598;3603;3606;3601;3603;0;0;0;28
$1;1;1724000;2;0;1474;48488;32677;7123;398;0;3605;3602;3603;3610;3599;3603;3606;3602;3603;0;0;0;22
$1;1;1725000;2;0;1462;48491;32673;7128;398;0;3605;3602;3603;3609;3599;3603;3606;3601;3603;0;0;0;28
$1;1;1726000;2;0;1495;48460;32683;7132;399;0;3605;3603;3603;3610;3599;3603;3606;3602;3604;0;0;0;17
$1;1;1727000;2;0;1447;48481;32669;7136;399;0;3604;3602;3603;3609;3598;3603;3606;3601;3603;0;0;0;29
$1;1;1728000;2;0;1476;48467;32678;7140;399;0;3605;3602;3603;3609;3599;3603;3606;3602;3603;0;0;0;26
$1;1;1729000;2;0;1488;48470;32682;7144;399;0;3605;3602;3603;3610;3599;3603;3606;3602;3604;0;0;0;18
$1;1;1730000;2;0;1486;48468;32682;7147;399;0;3605;3602;3603;3610;3599;3603;3606;3602;3604;0;0;0;30
$1;1;1731000;2;0;1451;48482;32671;7151;398;0;3604;3602;3603;3609;3598;3603;3606;3601;3603;0;0;0;23
$1;1;1732000;2;0;1496;48466;32685;7155;398;0;3605;3602;3603;3610;3599;3604;3606;3602;3604;0;0;0;17
$1;1;1733000;2;0;1466;48482;32676;7159;398;0;3605;3602;3603;3610;3599;3603;3606;3602;3604;0;0;0;18
$1;1;1734000;2;0;1469;48485;32677;7163;398;0;3605;3602;3603;3610;3599;3603;3606;3602;3604;0;0;0;21
$1;1;1735000;2;0;1485;48476;32683;7167;398;0;3605;3603;3603;3610;3599;3603;3606;3602;3604;0;0;0;20
$1;1;1736000;2;0;1410;48515;32658;7170;398;0;3604;3602;3602;3609;3598;3602;3605;3601;3603;0;0;0;17
$1;1;1737000;2;0;1444;48502;32670;7174;398;0;3604;3602;3603;3609;3599;3603;3606;3602;3603;0;0;0;24
$1;1;1738000;2;0;1480;48485;32682;7178;397;0;3605;3602;3603;3610;3599;3603;3606;3602;3604;0;0;0;17
$1;1;1739000;2;0;1481;48484;32682;7182;397;0;3605;3603;3603;3610;3599;3603;3606;3602;3604;0;0;0;20
$1;1;1740000;2;0;1484;48480;32684;7187;397;0;3605;3603;3603;3610;3599;3604;3607;3602;3604;0;0;0;30
$1;1;1741000;2;0;1499;48473;32690;7191;397;0;3606;3603;3604;3611;3599;3604;3607;3603;3605;0;0;0;24
$1;1;1742000;2;0;1491;48481;32687;7195;397;0;3606;3603;3604;3610;3599;3604;3607;3603;3605;0;0;0;29
$1;1;1743000;2;0;1481;48487;32684;7199;396;0;3605;3603;3604;3610;3599;3604;3606;3602;3604;0;0;0;23
$1;1;1744000;2;0;1495;48476;32690;7203;397;0;3606;3603;3604;3610;3600;3604;3607;3603;3605;0;0;0;30
$1;1;1745000;2;0;1491;48471;32687;7207;398;0;3605;3603;3604;3610;3599;3604;3607;3603;3604;0;0;0;16
$1;1;1746000;2;0;1473;48478;32682;7211;397;0;3605;3603;3603;3610;3600;3603;3606;3602;3604;0;0;0;24
$1;1;1747000;2;0;1424;48497;32666;7215;397;0;3604;3602;3603;3610;3599;3603;3605;3601;3603;0;0;0;16
$1;1;1748000;2;0;1420;48499;32665;7220;397;0;3604;3602;3603;3609;3599;3603;3606;3602;3603;0;0;0;24
$1;128;1748000;325;144;17;15;14;17;13;16;18;16;18;0;0;0;25
$1;1;1749000;2;0;1474;48481;32683;7224;397;0;3605;3603;3603;3610;3599;3603;3606;3602;3604;0;0;0;18
$1;1;1750000;2;0;1499;48467;32690;7228;397;0;3606;3603;3604;3611;3600;3604;3607;3603;3605;0;0;0;31
$1;1;1751000;2;0;1499;48464;32692;7232;397;0;3606;3603;3604;3610;3600;3604;3607;3603;3605;0;0;0;21
$1;1;1752000;2;0;1450;48489;32676;7236;396;0;3605;3603;3603;3610;3599;3604;3606;3602;3604;0;0;0;25
$1;1;1753000;2;0;1417;48499;32665;7239;396;0;3604;3602;3603;3609;3599;3603;3606;3602;3603;0;0;0;31
$1;1;1754000;2;0;1469;48482;32682;7243;396;0;3605;3603;3603;3610;3599;3603;3606;3602;3604;0;0;0;16
$1;1;1755000;2;0;1479;48467;32684;7248;396;0;3605;3603;3603;3610;3599;3604;3606;3602;3604;0;0;0;17
$1;1;1756000;2;0;1461;48479;32680;7252;396;0;3605;3603;3603;3610;3599;3603;3606;3602;3604;0;0;0;28
$1;1;1757000;2;0;1435;48499;32672;7256;395;0;3605;3602;3603;3609;3599;3603;3606;3602;3604;0;0;0;17
$1;1;1758000;2;0;1492;48467;32692;7260;395;0;3606;3603;3604;3610;3600;3604;3607;3603;3605;0;0;0;17
$1;1;1759000;2;0;1488;48474;32691;7264;395;0;3606;3603;3604;3610;3600;3604;3607;3603;3605;0;0;0;30
$1;1;1760000;2;0;1460;48481;32682;7268;395;0;3605;3603;3604;3610;3599;3604;3607;3602;3604;0;0;0;22
$1;1;1761000;2;0;1464;48481;32682;7272;395;0;3605;3603;3604;3610;3600;3604;3607;3603;3604;0;0;0;26
$1;1;1762000;2;0;1485;48469;32689;7275;396;0;3606;3603;3604;3611;3600;3604;3607;3603;3605;0;0;0;28
$1;1;1763000;2;0;1498;48468;32694;7280;396;0;3606;3604;3604;3611;3600;3604;3607;3603;3605;0;0;0;17
$1;1;1764000;2;0;1472;48484;32687;7284;396;0;3606;3603;3604;3610;3600;3604;3607;3603;3605;0;0;0;16
$1;1;1765000;2;0;1488;48479;32692;7288;396;0;3606;3604;3604;3611;3600;3604;3607;3603;3605;0;0;0;24
$1;1;1766000;2;0;1498;48475;32695;7292;396;0;3606;3604;3605;3611;3600;3604;3608;3603;3605;0;0;0;20
$1;1;1767000;2;0;1486;48481;32692;7296;395;0;3606;3604;3604;3611;3600;3604;3607;3603;3605;0;0;0;31
$1;1;1768000;2;0;1458;48496;32682;7299;395;0;3605;3603;3604;3610;3600;3604;3607;3603;3605;0;0;0;30
$1;1;1769000;2;0;1465;48491;32684;7303;395;0;3606;3603;3604;3610;3600;3604;3607;3603;3605;0;0;0;17
$1;1;1770000;2;0;1495;48474;32694;7307;395;0;3606;3604;3604;3611;3600;3604;3607;3603;3605;0;0;0;30
$1;1;1771000;2;0;1476;48479;32689;7311;395;0;3606;3603;3604;3611;3600;3604;3607;3603;3605;0;0;0;19
$1;1;1772000;2;0;1497;48470;32697;7316;395;0;3606;3604;3604;3611;3600;3605;3608;3603;3606;0;0;0;20
$1;1;1773000;2;0;1445;48499;32680;7320;395;0;3606;3603;3604;3610;3600;3604;3607;3603;3605;0;0;0;21
$1;1;1774000;2;0;1493;48476;32697;7324;394;0;3607;3604;3605;3611;3601;3605;3608;3604;3606;0;0;0;22
$1;1;1775000;2;0;1489;48468;32695;7328;394;0;3606;3604;3605;3611;3600;3605;3608;3604;3605;0;0;0;30
$1;1;1776000;2;0;1499;48457;32698;7332;394;0;3607;3604;3605;3612;3601;3605;3608;3604;3606;0;0;0;22
$1;1;1777000;2;0;1488;48460;32695;7336;394;0;3606;3604;3605;3611;3600;3605;3608;3604;3606;0;0;0;25
$1;1;1778000;2;0;1491;48460;32696;7339;394;0;3606;3604;3604;3611;3600;3605;3608;3603;3606;0;0;0;20
$1;1;1779000;2;0;1496;48465;32697;7344;394;0;3607;3604;3605;3611;3601;3605;3608;3604;3606;0;0;0;26
$1;1;1780000;2;0;1477;48472;32694;7348;394;0;3606;3604;3605;3611;3600;3605;3608;3604;3606;0;0;0;26
$1;1;1781000;2;0;1493;48468;32696;7352;395;0;3606;3604;3605;3612;3601;3605;3608;3604;3606;0;0;0;16
$1;1;1782000;2;0;1447;48495;32683;7356;395;0;3606;3603;3604;3611;3600;3604;3607;3603;3605;0;0;0;22
$1;1;1783000;2;0;1496;48472;32700;7360;395;0;3607;3604;3605;3611;3601;3605;3608;3604;3606;0;0;0;17
$1;1;1784000;2;0;1430;48506;32678;7364;394;0;3606;3603;3604;3611;3600;3604;3607;3603;3605;0;0;0;31
$1;1;1785000;2;0;1414;48515;32673;7368;394;0;3605;3603;3604;3610;3600;3604;3606;3603;3604;0;0;0;31
$1;1;1786000;2;0;1493;48474;32699;7372;394;0;3607;3604;3605;3612;3601;3605;3608;3604;3606;0;0;0;23
$1;1;1787000;2;0;1464;48489;32690;7377;394;0;3606;3604;3604;3611;3600;3604;3607;3603;3605;0;0;0;24
$1;1;1788000;2;0;1478;48484;32694;7381;394;0;3606;3604;3605;3611;3601;3605;3608;3604;3606;0;0;0;16
$1;1;1789000;2;0;1462;48491;32689;7385;394;0;3606;3604;3604;3611;3600;3604;3607;3603;3605;0;0;0;28
$1;1;1790000;2;0;1475;48476;32694;7389;394;0;3606;3604;3605;3611;3601;3605;3608;3604;3606;0;0;0;17
$1;1;1791000;2;0;1498;48463;32703;7393;394;0;3607;3604;3605;3612;3601;3605;3608;3604;3606;0;0;0;17
$1;1;1792000;2;0;1502;48468;32704;7397;393;0;3607;3604;3605;3612;3601;3605;3608;3604;3606;0;0;0;31
$1;1;1793000;2;0;1477;48483;32696;7402;393;0;3607;3604;3605;3611;3600;3605;3608;3604;3606;0;0;0;27
$1;1;1794000;2;0;1462;48489;32690;7406;393;0;3606;3604;3605;3611;3600;3605;3607;3603;3605;0;0;0;26
$1;1;1795000;2;0;1497;48458;32704;7410;393;0;3607;3604;3605;3611;3601;3605;3608;3604;3606;0;0;0;29
$1;1;1796000;2;0;1501;48458;32704;7414;393;0;3607;3605;3605;3611;3601;3605;3608;3604;3607;0;0;0;20
$1;1;1797000;2;0;1421;48495;32678;7417;393;0;3606;3604;3604;3611;3600;3604;3607;3603;3605;0;0;0;21
$1;1;1798000;2;0;1488;48460;32701;7421;394;0;3607;3604;3605;3611;3601;3605;3608;3604;3606;0;0;0;21
$1;1;1799000;2;0;1497;48450;32705;7425;394;0;3607;3604;3605;3611;3601;3605;3608;3604;3606;0;0;0;25
$1;1;1800000;2;0;1501;48451;32706;7430;394;0;3607;3605;3605;3611;3601;3605;3608;3605;3607;0;0;0;31
$1;1;1801000;2;0;1473;48471;32695;7434;394;0;3607;3604;3605;3611;3601;3605;3608;3604;3606;0;0;0;22
$1;1;1802000;2;0;1496;48465;32705;7438;393;0;3607;3605;3605;3611;3601;3605;3608;3605;3606;0;0;0;24
$1;1;1803000;2;0;1501;48460;32706;7442;393;0;3607;3605;3606;3612;3601;3606;3609;3604;3607;0;0;0;31
$1;1;1804000;2;0;1462;48481;32694;7446;393;0;3607;3604;3605;3611;3601;3605;3608;3604;3606;0;0;0;31
$1;1;1805000;2;0;1495;48464;32706;7450;393;0;3607;3605;3605;3612;3602;3606;3609;3604;3607;0;0;0;18
$1;1;1806000;2;0;1482;48475;32702;7455;393;0;3607;3604;3605;3612;3601;3605;3608;3604;3606;0;0;0;23
$1;1;1807000;2;0;1445;48495;32689;7458;393;0;3606;3604;3605;3611;3601;3605;3608;3604;3606;0;0;0;30
$1;1;1808000;2;0;1492;48464;32706;7462;393;0;3607;3605;3606;3612;3601;3606;3608;3605;3606;0;0;0;24
$1;128;1808000;329;143;16;16;15;17;13;15;17;16;18;0;0;0;22
$1;1;1809000;2;0;1498;48461;32708;7466;393;0;3608;3605;3606;3612;3602;3606;3609;3605;3607;0;0;0;16
$1;1;1810000;2;0;1499;48460;32708;7471;393;0;3608;3605;3606;3612;3601;3606;3609;3605;3607;0;0;0;29
$1;1;1811000;2;0;1500;48455;32710;7475;393;0;3608;3605;3606;3612;3602;3606;3609;3605;3607;0;0;0;21
$1;1;1812000;2;0;1501;48459;32711;7479;392;0;3608;3605;3606;3612;3602;3606;3609;3605;3607;0;0;0;23
$1;1;1813000;2;0;1498;48454;32710;7483;392;0;3608;3605;3606;3612;3602;3606;3609;3605;3607;0;0;0;30
$1;1;1814000;2;0;1499;48457;32711;7487;392;0;3608;3605;3606;3612;3602;3606;3609;3605;3607;0;0;0;30
$1;1;1815000;2;0;1501;48460;32712;7491;392;0;3608;3605;3606;3612;3602;3606;3609;3605;3607;0;0;0;31
$1;1;1816000;2;0;1499;48457;32710;7496;392;0;3608;3605;3606;3612;3602;3606;3609;3605;3607;0;0;0;29
$1;1;1817000;2;0;1501;48451;32712;7500;393;0;3608;3605;3606;3612;3602;3606;3609;3605;3607;0;0;0;23
$1;1;1818000;2;0;1500;48455;32712;7504;393;0;3608;3605;3606;3612;3602;3606;3609;3605;3607;0;0;0;25
$1;1;1819000;2;0;1499;48458;32712;7508;393;0;3608;3605;3606;3612;3602;3606;3609;3605;3607;0;0;0;24
$1;1;1820000;2;0;1502;48443;32713;7512;393;0;3608;3605;3606;3612;3602;3606;3609;3605;3607;0;0;0;17
$1;1;1821000;2;0;1500;48447;32714;7516;393;0;3608;3605;3606;3612;3602;3606;3609;3605;3607;0;0;0;21
$1;1;1822000;2;0;1498;48449;32713;7521;393;0;3608;3606;3606;3612;3602;3606;3609;3605;3607;0;0;0;24
$1;1;1823000;2;0;1501;48447;32714;7525;393;0;3608;3605;3606;3612;3602;3606;3609;3605;3607;0;0;0;22
$1;1;1824000;2;0;1500;48453;32714;7529;392;0;3608;3606;3606;3612;3602;3607;3609;3605;3608;0;0;0;21
$1;1;1825000;2;0;1498;48452;32714;7533;392;0;3608;3605;3606;3612;3602;3606;3609;3606;3607;0;0;0;16
$1;1;1826000;2;0;1500;48453;32714;7537;392;0;3608;3605;3606;3612;3602;3606;3609;3605;3608;0;0;0;26
$1;1;1827000;2;0;1498;48456;32714;7541;392;0;3608;3606;3606;3612;3602;3606;3610;3605;3608;0;0;0;20
$1;1;1828000;2;0;1500;48454;32715;7546;392;0;3608;3606;3607;3612;3602;3607;3610;3606;3608;0;0;0;28
$1;1;1829000;2;0;1500;48454;32716;7550;392;0;3608;3606;3606;3612;3602;3606;3610;3606;3608;0;0;0;25
$1;1;1830000;2;0;1499;48455;32716;7554;392;0;3608;3606;3606;3612;3602;3607;3610;3606;3608;0;0;0;20
$1;1;1831000;2;0;1500;48453;32717;7558;392;0;3608;3606;3607;3612;3602;3607;3610;3606;3608;0;0;0;30
$1;1;1832000;2;0;1499;48455;32716;7562;392;0;3608;3606;3607;3612;3602;3607;3610;3606;3608;0;0;0;18
$1;1;1833000;2;0;1499;48460;32716;7566;391;0;3608;3606;3607;3613;3602;3607;3610;3606;3608;0;0;0;19
$1;1;1834000;2;0;1501;48454;32718;7570;391;0;3609;3606;3607;3613;3603;3607;3610;3606;3608;0;0;0;26
$1;1;1835000;2;0;1500;48453;32717;7575;392;0;3608;3606;3606;3612;3603;3607;3610;3606;3608;0;0;0;21
$1;1;1836000;2;0;1500;48452;32717;7579;392;0;3608;3606;3607;3612;3602;3607;3610;3606;3608;0;0;0;27
$1;1;1837000;2;0;1502;48452;32718;7583;392;0;3609;3606;3607;3613;3602;3607;3610;3606;3608;0;0;0;18
$1;1;1838000;2;0;1499;48453;32718;7587;392;0;3609;3606;3607;3613;3603;3607;3610;3606;3608;0;0;0;26
$1;1;1839000;2;0;1501;48452;32718;7591;392;0;3609;3606;3607;3613;3603;3607;3610;3606;3608;0;0;0;29
$1;1;1840000;2;0;1499;48453;32718;7595;392;0;3609;3606;3607;3613;3603;3607;3610;3606;3608;0;0;0;22
$1;1;1841000;2;0;1500;48458;32718;7600;392;0;3609;3606;3607;3612;3603;3607;3610;3606;3608;0;0;0;19
$1;1;1842000;2;0;1499;48457;32718;7604;392;0;3609;3606;3607;3613;3603;3607;3610;3606;3608;0;0;0;27
$1;1;1843000;2;0;1501;48455;32719;7608;391;0;3609;3606;3607;3613;3603;3607;3610;3606;3608;0;0;0;22
$1;1;1844000;2;0;1498;48455;32718;7612;391;0;3609;3606;3607;3613;3603;3607;3610;3606;3608;0;0;0;26
$1;1;1845000;2;0;1500;48453;32720;7616;391;0;3609;3606;3607;3613;3603;3607;3610;3606;3608;0;0;0;18
$1;1;1846000;2;0;1499;48456;32720;7620;391;0;3609;3606;3607;3613;3603;3607;3610;3606;3608;0;0;0;16
$1;1;1847000;2;0;1501;48455;32721;7625;391;0;3609;3606;3607;3613;3603;3607;3610;3606;3608;0;0;0;22
$1;1;1848000;2;0;1498;48456;32719;7629;391;0;3609;3606;3607;3613;3603;3607;3610;3606;3608;0;0;0;28
$1;1;1849000;2;0;1501;48454;32721;7633;391;0;3609;3606;3607;3613;3603;3607;3610;3606;3609;0;0;0;31
$1;1;1850000;2;0;1500;48458;32720;7637;391;0;3609;3606;3607;3613;3603;3607;3610;3606;3609;0;0;0;31
$1;1;1851000;2;0;1501;48459;32722;7641;391;0;3609;3606;3607;3613;3603;3607;3611;3606;3609;0;0;0;28
$1;1;1852000;2;0;1498;48461;32721;7645;391;0;3609;3607;3607;3613;3603;3607;3611;3606;3608;0;0;0;18
$1;1;1853000;2;0;1498;48461;32722;7650;391;0;3609;3607;3607;3613;3603;3607;3611;3606;3608;0;0;0;20
$1;1;1854000;2;0;1499;48459;32722;7654;392;0;3609;3607;3607;3613;3603;3607;3611;3606;3608;0;0;0;30
$1;1;1855000;2;0;1500;48458;32723;7658;393;0;3609;3607;3607;3613;3603;3608;3611;3607;3608;0;0;0;29
$1;1;1856000;2;0;1499;48461;32722;7662;393;0;3609;3606;3607;3613;3603;3607;3611;3607;3609;0;0;0;18
$1;1;1857000;2;0;1499;48461;32723;7666;393;0;3609;3607;3607;3613;3603;3607;3611;3606;3609;0;0;0;22
$1;1;1858000;2;0;1499;48461;32723;7670;394;0;3609;3607;3607;3613;3603;3607;3611;3607;3609;0;0;0;24
$1;1;1859000;2;0;1500;48461;32724;7675;394;0;3609;3607;3607;3613;3603;3607;3611;3607;3609;0;0;0;26
$1;1;1860000;2;0;1498;48462;32723;7679;394;0;3609;3606;3608;3613;3603;3608;3611;3607;3609;0;0;0;25
$1;1;1861000;2;0;1500;48462;32724;7683;394;0;3609;3607;3607;3613;3603;3608;3611;3607;3608;0;0;0;21
$1;1;1862000;2;0;1499;48463;32724;7687;394;0;3609;3607;3607;3613;3603;3608;3611;3607;3609;0;0;0;19
$1;1;1863000;2;0;1502;48463;32725;7691;395;0;3609;3607;3607;3613;3603;3608;3611;3607;3609;0;0;0;22
$1;1;1864000;2;0;1499;48465;32725;7695;395;0;3609;3607;3607;3614;3603;3608;3611;3607;3609;0;0;0;23
$1;1;1865000;2;0;1501;48464;32726;7700;395;0;3609;3607;3608;3614;3603;3608;3611;3607;3609;0;0;0;22
$1;1;1866000;2;0;1500;48465;32726;7704;395;0;3610;3607;3608;3614;3603;3608;3612;3607;3609;0;0;0;26
$1;1;1867000;2;0;1500;48465;32726;7708;396;0;3609;3607;3608;3614;3603;3608;3611;3607;3609;0;0;0;31
$1;1;1868000;2;0;1500;48465;32726;7712;396;0;3609;3607;3607;3614;3603;3608;3611;3607;3609;0;0;0;20
$1;128;1868000;325;139;16;15;14;17;13;15;17;15;17;0;0;0;31
$1;1;1869000;2;0;1499;48466;32726;7716;396;0;3610;3607;3608;3614;3603;3608;3611;3607;3609;0;0;0;20
$1;1;1870000;2;0;1502;48464;32727;7720;397;0;3609;3607;3608;3615;3603;3608;3611;3607;3609;0;0;0;17
$1;1;1871000;2;0;1489;48470;32723;7724;398;0;3609;3607;3607;3614;3603;3608;3611;3607;3609;0;0;0;22
$1;1;1872000;2;0;1498;48466;32726;7728;399;0;3610;3607;3608;3614;3603;3608;3612;3607;3609;0;0;0;30
$1;1;1873000;2;0;1499;48464;32728;7732;399;0;3610;3607;3608;3614;3603;3608;3612;3607;3609;0;0;0;25
$1;1;1874000;2;0;1500;48463;32728;7736;399;0;3610;3607;3608;3614;3603;3608;3612;3607;3609;0;0;0;28
$1;1;1875000;2;0;1500;48462;32729;7740;400;0;3610;3607;3608;3614;3603;3608;3612;3607;3609;0;0;0;27
$1;1;1876000;2;0;1500;48462;32728;7745;400;0;3610;3607;3608;3614;3603;3608;3612;3607;3609;0;0;0;28
$1;1;1877000;2;0;1487;48470;32723;7749;401;0;3609;3607;3607;3614;3603;3608;3611;3607;3609;0;0;0;18
$1;1;1878000;2;0;1496;48466;32728;7753;401;0;3610;3607;3608;3614;3603;3608;3612;3607;3609;0;0;0;30
$1;1;1879000;2;0;1500;48465;32730;7757;402;0;3610;3607;3608;3614;3603;3608;3612;3607;3609;0;0;0;28
$1;1;1880000;2;0;1500;48465;32730;7761;402;0;3610;3607;3608;3614;3604;3608;3612;3607;3609;0;0;0;24
$1;1;1881000;2;0;1477;48478;32722;7765;403;0;3609;3607;3607;3614;3603;3608;3612;3607;3609;0;0;0;18
$1;1;1882000;2;0;1498;48469;32730;7770;403;0;3610;3607;3608;3614;3604;3608;3612;3607;3609;0;0;0;23
$1;1;1883000;2;0;1478;48480;32722;7774;404;0;3610;3607;3608;3614;3603;3608;3612;3607;3609;0;0;0;24
$1;1;1884000;2;0;1497;48469;32730;7778;404;0;3610;3607;3608;3614;3604;3608;3612;3607;3609;0;0;0;17
$1;1;1885000;2;0;1499;48467;32730;7782;404;0;3610;3608;3608;3614;3604;3608;3612;3607;3609;0;0;0;26
$1;1;1886000;2;0;1500;48467;32731;7786;405;0;3610;3607;3608;3614;3604;3608;3612;3607;3610;0;0;0;27
$1;1;1887000;2;0;1499;48468;32731;7790;405;0;3610;3608;3608;3614;3604;3608;3612;3607;3610;0;0;0;28
$1;1;1888000;2;0;1498;48465;32731;7795;406;0;3610;3607;3608;3614;3604;3608;3612;3607;3610;0;0;0;22
$1;1;1889000;2;0;1499;48464;32732;7799;406;0;3610;3608;3608;3614;3604;3608;3612;3608;3610;0;0;0;24
$1;1;1890000;2;0;1498;48462;32732;7803;407;0;3610;3608;3608;3614;3604;3609;3612;3608;3610;0;0;0;27
$1;1;1891000;2;0;1498;48451;32732;7807;407;0;3610;3608;3608;3615;3604;3609;3612;3608;3610;0;0;0;31
$1;1;1892000;2;0;1500;48459;32733;7811;407;0;3610;3608;3608;3615;3604;3608;3612;3608;3610;0;0;0;19
$1;1;1893000;2;0;1499;48458;32733;7815;408;0;3610;3608;3608;3614;3604;3609;3612;3608;3610;0;0;0;25
$1;1;1894000;2;0;1498;48452;32733;7820;408;0;3610;3608;3608;3615;3604;3609;3612;3608;3610;0;0;0;18
$1;1;1895000;2;0;1501;48445;32734;7824;408;0;3610;3608;3609;3615;3604;3609;3612;3608;3610;0;0;0;22
$1;1;1896000;2;0;1499;48443;32734;7828;408;0;3610;3608;3609;3615;3604;3609;3613;3608;3610;0;0;0;30
$1;1;1897000;2;0;1501;48452;32735;7832;408;0;3610;3608;3609;3615;3604;3609;3612;3608;3610;0;0;0;20
$1;1;1898000;2;0;1501;48452;32735;7836;408;0;3611;3608;3609;3615;3604;3609;3612;3608;3610;0;0;0;30
$1;1;1899000;2;0;1500;48450;32736;7840;408;0;3611;3608;3609;3615;3604;3609;3613;3608;3610;0;0;0;31
$1;1;1900000;2;0;1499;48450;32736;7845;408;0;3611;3608;3609;3615;3604;3609;3613;3608;3610;0;0;0;26
$1;1;1901000;2;0;1499;48452;32736;7849;408;0;3611;3608;3609;3615;3604;3609;3613;3608;3610;0;0;0;21
$1;1;1902000;2;0;1500;48453;32736;7853;408;0;3611;3608;3609;3615;3604;3609;3613;3608;3610;0;0;0;29
$1;1;1903000;2;0;1498;48455;32736;7857;408;0;3611;3608;3609;3615;3604;3609;3613;3608;3610;0;0;0;30
$1;1;1904000;2;0;1499;48453;32736;7861;409;0;3611;3608;3609;3615;3604;3609;3613;3608;3610;0;0;0;26
$1;1;1905000;2;0;1501;48452;32737;7866;409;0;3611;3608;3609;3615;3605;3609;3613;3608;3610;0;0;0;29
$1;1;1906000;2;0;1500;48456;32737;7870;409;0;3611;3608;3609;3615;3605;3609;3613;3608;3610;0;0;0;28
$1;1;1907000;2;0;1499;48458;32738;7874;409;0;3611;3608;3609;3615;3604;3609;3613;3608;3610;0;0;0;24
$1;1;1908000;2;0;1498;48460;32737;7878;409;0;3611;3608;3609;3615;3605;3609;3613;3608;3610;0;0;0;31
$1;1;1909000;2;0;1500;48459;32739;7882;409;0;3611;3608;3609;3615;3605;3609;3613;3608;3610;0;0;0;31
$1;1;1910000;2;0;1501;48460;32739;7886;409;0;3611;3608;3609;3615;3605;3609;3613;3608;3610;0;0;0;24
$1;1;1911000;2;0;1500;48461;32739;7890;409;0;3611;3608;3609;3615;3605;3609;3613;3608;3611;0;0;0;31
$1;1;1912000;2;0;1499;48462;32739;7895;409;0;3611;3608;3609;3615;3604;3609;3613;3608;3611;0;0;0;26
$1;1;1913000;2;0;1501;48461;32739;7899;409;0;3611;3608;3609;3615;3605;3609;3613;3608;3611;0;0;0;21
$1;1;1914000;2;0;1501;48461;32740;7903;408;0;3611;3608;3609;3615;3605;3609;3613;3608;3610;0;0;0;30
$1;1;1915000;2;0;1501;48461;32740;7907;408;0;3611;3608;3609;3615;3605;3609;3613;3608;3610;0;0;0;27
$1;1;1916000;2;0;1500;48462;32740;7911;408;0;3611;3608;3609;3615;3605;3609;3613;3608;3610;0;0;0;29
$1;1;1917000;2;0;1501;48462;32741;7915;408;0;3611;3609;3609;3615;3605;3609;3613;3608;3611;0;0;0;24
$1;1;1918000;2;0;1498;48462;32741;7920;407;0;3611;3609;3609;3615;3605;3609;3613;3608;3611;0;0;0;31
$1;1;1919000;2;0;1499;48463;32740;7924;407;0;3611;3609;3609;3615;3605;3610;3613;3608;3611;0;0;0;19
$1;1;1920000;2;0;1500;48460;32741;7928;408;0;3611;3609;3609;3615;3605;3609;3613;3608;3611;0;0;0;17
$1;1;1921000;2;0;1501;48449;32741;7932;408;0;3611;3608;3609;3616;3605;3609;3613;3609;3611;0;0;0;18
$1;1;1922000;2;0;1499;48444;32741;7936;408;0;3611;3608;3609;3616;3605;3609;3613;3609;3611;0;0;0;24
$1;1;1923000;2;0;1498;48449;32742;7940;408;0;3611;3609;3609;3616;3605;3609;3613;3609;3611;0;0;0;22
$1;1;1924000;2;0;1455;48462;32727;7945;408;0;3610;3608;3608;3615;3604;3609;3612;3608;3610;0;0;0;29
$1;1;1925000;2;0;1495;48458;32741;7949;408;0;3611;3608;3609;3616;3605;3610;3613;3609;3611;0;0;0;30
$1;1;1926000;2;0;1499;48449;32742;7953;408;0;3611;3609;3610;3615;3605;3610;3613;3609;3611;0;0;0;19
$1;1;1927000;2;0;1499;48449;32742;7957;407;0;3611;3609;3609;3616;3605;3609;3613;3609;3611;0;0;0;26
$1;1;1928000;2;0;1498;48446;32741;7961;407;0;3611;3609;3609;3616;3605;3610;3613;3609;3611;0;0;0;21
$1;128;1928000;327;140;16;15;14;17;13;15;17;15;18;0;0;0;25
$1;1;1929000;2;0;1499;48444;32742;7965;407;0;3611;3608;3609;3616;3605;3610;3613;3609;3611;0;0;0;17
$1;1;1930000;2;0;1500;48444;32742;7970;407;0;3611;3609;3609;3616;3605;3609;3613;3609;3611;0;0;0;21
$1;1;1931000;2;0;1456;48471;32728;7974;406;0;3611;3608;3609;3615;3605;3609;3612;3608;3610;0;0;0;26
$1;1;1932000;2;0;1493;48452;32742;7978;406;0;3611;3609;3609;3616;3605;3610;3613;3609;3611;0;0;0;26
$1;1;1933000;2;0;1500;48447;32745;7982;406;0;3611;3609;3610;3616;3605;3610;3613;3609;3611;0;0;0;30
$1;1;1934000;2;0;1499;48438;32744;7987;406;0;3611;3609;3609;3616;3605;3610;3613;3609;3611;0;0;0;28
$1;1;1935000;2;0;1447;48465;32727;7991;405;0;3611;3608;3609;3615;3605;3609;3612;3608;3610;0;0;0;28
$1;1;1936000;2;0;1451;48460;32728;7995;406;0;3611;3608;3609;3615;3605;3609;3612;3608;3610;0;0;0;21
$1;1;1937000;2;0;1485;48446;32739;7998;406;0;3611;3608;3609;3616;3605;3609;3613;3608;3610;0;0;0;22
$1;1;1938000;2;0;1501;48442;32745;8003;406;0;3611;3609;3609;3616;3605;3610;3613;3609;3611;0;0;0;22
$1;1;1939000;2;0;1498;48451;32745;8007;406;0;3612;3609;3610;3616;3605;3610;3613;3609;3611;0;0;0;27
$1;1;1940000;2;0;1499;48448;32746;8011;406;0;3612;3609;3610;3616;3605;3610;3613;3609;3611;0;0;0;24
$1;1;1941000;2;0;1500;48452;32746;8015;406;0;3612;3609;3610;3616;3605;3610;3613;3609;3611;0;0;0;23
$1;1;1942000;2;0;1498;48454;32746;8019;405;0;3612;3609;3610;3616;3606;3610;3613;3609;3611;0;0;0;30
$1;1;1943000;2;0;1498;48453;32747;8023;405;0;3612;3609;3610;3617;3606;3610;3613;3609;3611;0;0;0;17
$1;1;1944000;2;0;1475;48467;32739;8028;405;0;3611;3609;3609;3615;3605;3610;3613;3609;3611;0;0;0;26
$1;1;1945000;2;0;1497;48453;32747;8032;405;0;3612;3609;3610;3616;3605;3610;3613;3609;3611;0;0;0;26
$1;1;1946000;2;0;1500;48440;32748;8036;405;0;3612;3609;3609;3617;3605;3610;3613;3609;3611;0;0;0;22
$1;1;1947000;2;0;1487;48449;32744;8040;404;0;3612;3609;3610;3616;3606;3610;3613;3609;3611;0;0;0;22
$1;1;1948000;2;0;1498;48452;32747;8044;404;0;3612;3609;3610;3617;3606;3610;3613;3609;3611;0;0;0;27
$1;1;1949000;2;0;1440;48486;32728;8048;404;0;3611;3608;3609;3615;3605;3609;3612;3608;3610;0;0;0;17
$1;1;1950000;2;0;1452;48481;32733;8053;404;0;3611;3608;3609;3615;3605;3609;3613;3608;3610;0;0;0;28
$1;1;1951000;2;0;1497;48460;32748;8057;404;0;3612;3609;3610;3616;3606;3610;3613;3609;3611;0;0;0;17
$1;1;1952000;2;0;1452;48481;32733;8061;403;0;3611;3608;3609;3616;3605;3610;3613;3608;3610;0;0;0;19
$1;1;1953000;2;0;1495;48456;32747;8065;404;0;3612;3609;3610;3616;3606;3610;3613;3609;3611;0;0;0;26
$1;1;1954000;2;0;1445;48474;32731;8069;404;0;3611;3609;3609;3616;3605;3610;3613;3609;3611;0;0;0;21
$1;1;1955000;2;0;1494;48445;32747;8073;404;0;3612;3609;3610;3616;3606;3610;3614;3609;3611;0;0;0;31
$1;1;1956000;2;0;1487;48456;32745;8078;404;0;3612;3609;3610;3616;3606;3610;3613;3609;3611;0;0;0;18
$1;1;1957000;2;0;1498;48452;32749;8082;404;0;3612;3609;3610;3617;3606;3610;3614;3609;3611;0;0;0;22
$1;1;1958000;2;0;1499;48448;32750;8086;404;0;3612;3609;3610;3617;3606;3610;3614;3609;3612;0;0;0;28
$1;1;1959000;2;0;1499;48449;32751;8090;403;0;3612;3609;3610;3617;3606;3610;3614;3609;3612;0;0;0;29
$1;1;1960000;2;0;1502;48448;32751;8094;403;0;3612;3609;3610;3617;3606;3610;3614;3609;3612;0;0;0;17
$1;1;1961000;2;0;1501;48451;32752;8098;403;0;3612;3609;3610;3617;3606;3611;3614;3610;3612;0;0;0;29
$1;1;1962000;2;0;1477;48464;32744;8102;402;0;3612;3610;3610;3616;3606;3610;3613;3609;3612;0;0;0;27
$1;1;1963000;2;0;1493;48457;32749;8106;402;0;3612;3609;3610;3616;3606;3610;3614;3609;3612;0;0;0;22
$1;1;1964000;2;0;1449;48480;32735;8111;402;0;3611;3609;3610;3616;3606;3610;3613;3609;3611;0;0;0;22
$1;1;1965000;2;0;1479;48465;32745;8115;402;0;3612;3609;3610;3617;3606;3610;3613;3609;3611;0;0;0;30
$1;1;1966000;2;0;1419;48488;32725;8119;401;0;3611;3609;3609;3615;3605;3609;3612;3608;3610;0;0;0;18
$1;1;1967000;2;0;1480;48445;32745;8123;401;0;3612;3609;3610;3616;3606;3610;3614;3609;3612;0;0;0;27
$1;1;1968000;2;0;1462;48456;32740;8127;401;0;3612;3609;3610;3616;3606;3610;3613;3609;3611;0;0;0;31
$1;1;1969000;2;0;1470;48456;32742;8131;401;0;3612;3609;3610;3616;3606;3610;3613;3609;3611;0;0;0;24
$1;1;1970000;2;0;1500;48439;32753;8135;402;0;3612;3609;3610;3617;3606;3610;3614;3610;3612;0;0;0;21
$1;1;1971000;2;0;1410;48485;32723;8138;402;0;3611;3608;3609;3615;3605;3609;3612;3608;3610;0;0;0;23
$1;1;1972000;2;0;1469;48449;32742;8142;402;0;3612;3609;3610;3616;3606;3610;3613;3609;3611;0;0;0;19
$1;1;1973000;2;0;1450;48467;32736;8147;402;0;3612;3609;3610;3616;3606;3610;3613;3609;3611;0;0;0;18
$1;1;1974000;2;0;1493;48454;32751;8151;401;0;3612;3609;3610;3617;3606;3610;3614;3609;3612;0;0;0;26
$1;1;1975000;2;0;1500;48452;32754;8155;401;0;3612;3610;3610;3617;3606;3611;3614;3610;3612;0;0;0;22
$1;1;1976000;2;0;1486;48459;32750;8159;401;0;3612;3609;3610;3617;3606;3610;3614;3610;3612;0;0;0;16
$1;1;1977000;2;0;1479;48460;32747;8163;401;0;3612;3609;3610;3616;3606;3610;3614;3609;3612;0;0;0;29
$1;1;1978000;2;0;1464;48466;32742;8167;401;0;3612;3609;3610;3616;3606;3610;3613;3609;3611;0;0;0;29
$1;1;1979000;2;0;1433;48470;32732;8171;400;0;3611;3609;3610;3616;3605;3610;3613;3609;3611;0;0;0;24
$1;1;1980000;2;0;1492;48443;32752;8176;400;0;3612;3610;3610;3617;3606;3611;3614;3610;3612;0;0;0;16
$1;1;1981000;2;0;1499;48432;32754;8180;400;0;3613;3610;3610;3617;3606;3611;3614;3610;3612;0;0;0;18
$1;1;1982000;2;0;1452;48467;32739;8184;399;0;3612;3609;3610;3617;3606;3610;3613;3609;3611;0;0;0;26
$1;1;1983000;2;0;1487;48452;32751;8188;399;0;3612;3609;3610;3617;3606;3611;3614;3610;3612;0;0;0;26
$1;1;1984000;2;0;1450;48473;32740;8192;399;0;3612;3610;3610;3616;3606;3610;3613;3609;3612;0;0;0;24
$1;1;1985000;2;0;1494;48443;32754;8197;399;0;3613;3610;3611;3617;3606;3611;3614;3610;3612;0;0;0;29
$1;1;1986000;2;0;1499;48431;32756;8201;399;0;3613;3610;3611;3617;3607;3611;3614;3610;3612;0;0;0;25
$1;1;1987000;2;0;1502;48429;32756;8205;400;0;3613;3610;3611;3617;3607;3611;3614;3610;3612;0;0;0;17
$1;1;1988000;2;0;1502;48441;32756;8209;400;0;3613;3610;3611;3618;3607;3611;3614;3610;3612;0;0;0;19
$1;128;1988000;326;142;17;15;15;17;14;15;17;15;17;0;0;0;24
$1;1;1989000;2;0;1453;48460;32741;8213;399;0;3612;3609;3610;3616;3606;3610;3613;3609;3611;0;0;0;20
$1;1;1990000;2;0;1461;48449;32744;8217;400;0;3612;3610;3610;3617;3606;3610;3614;3610;3612;0;0;0;21
$1;1;1991000;2;0;1418;48473;32730;8221;399;0;3611;3609;3610;3616;3606;3610;3613;3609;3611;0;0;0;20
$1;1;1992000;2;0;1470;48451;32747;8225;399;0;3612;3610;3610;3617;3606;3610;3614;3610;3612;0;0;0;27
$1;1;1993000;2;0;1447;48456;32740;8229;399;0;3612;3609;3610;3617;3606;3610;3613;3609;3611;0;0;0;22
$1;1;1994000;2;0;1495;48434;32756;8233;399;0;3613;3610;3610;3618;3607;3611;3614;3610;3612;0;0;0;28
$1;1;1995000;2;0;1447;48457;32741;8237;399;0;3612;3609;3610;3617;3606;3610;3613;3609;3611;0;0;0;31
$1;1;1996000;2;0;1448;48458;32741;8241;398;0;3612;3610;3610;3617;3606;3610;3614;3609;3612;0;0;0;16
$1;1;1997000;2;0;1495;48443;32757;8245;399;0;3613;3610;3611;3618;3607;3611;3614;3610;3613;0;0;0;31
$1;1;1998000;2;0;1475;48444;32751;8249;398;0;3613;3610;3611;3618;3607;3611;3614;3610;3612;0;0;0;19
$1;1;1999000;2;0;1457;48460;32744;8253;398;0;3612;3610;3610;3617;3606;3610;3614;3610;3612;0;0;0;20
$1;1;2000000;2;0;1444;48463;32742;8258;398;0;3612;3610;3610;3617;3606;3610;3614;3610;3612;0;0;0;18
$1;1;2001000;2;0;1469;48455;32749;8262;398;0;3612;3610;3610;3618;3607;3611;3614;3610;3612;0;0;0;20
$1;1;2002000;2;0;1480;48439;32754;8266;398;0;3613;3610;3611;3618;3607;3611;3614;3610;3612;0;0;0;18
$1;1;2003000;2;0;1438;48459;32739;8270;397;0;3612;3609;3610;3617;3606;3610;3613;3609;3612;0;0;0;29
$1;1;2004000;2;0;1452;48454;32743;8274;398;0;3612;3610;3610;3617;3606;3611;3614;3610;3612;0;0;0;27
$1;1;2005000;2;0;1493;48431;32758;8279;398;0;3613;3610;3611;3618;3607;3611;3615;3610;3612;0;0;0;28
$1;1;2006000;2;0;1446;48455;32742;8283;398;0;3612;3610;3610;3617;3606;3611;3614;3610;3612;0;0;0;20
$1;1;2007000;2;0;1471;48443;32752;8287;398;0;3613;3610;3611;3618;3607;3611;3614;3610;3612;0;0;0;29
$1;1;2008000;2;0;1491;48436;32759;8291;398;0;3613;3610;3611;3618;3607;3611;3614;3610;3613;0;0;0;19
$1;1;2009000;2;0;1499;48438;32760;8295;398;0;3613;3610;3611;3618;3607;3611;3615;3611;3613;0;0;0;26
$1;1;2010000;2;0;1485;48450;32756;8300;398;0;3613;3610;3611;3618;3607;3611;3614;3610;3613;0;0;0;25
$1;1;2011000;2;0;1448;48462;32745;8304;398;0;3612;3610;3610;3617;3607;3611;3614;3610;3612;0;0;0;16
$1;1;2012000;2;0;1496;48428;32761;8308;398;0;3613;3610;3611;3618;3607;3611;3615;3611;3613;0;0;0;26
$1;1;2013000;2;0;1491;48430;32760;8312;397;0;3613;3610;3611;3618;3607;3611;3615;3611;3613;0;0;0;16
$1;1;2014000;2;0;1491;48429;32760;8316;397;0;3613;3610;3611;3618;3607;3611;3615;3611;3613;0;0;0;27
$1;1;2015000;2;0;1500;48438;32763;8320;397;0;3613;3610;3611;3618;3607;3611;3615;3611;3613;0;0;0;21
$1;1;2016000;2;0;1462;48462;32751;8324;396;0;3613;3610;3611;3617;3607;3611;3614;3610;3613;0;0;0;23
$1;1;2017000;2;0;1475;48457;32754;8328;397;0;3613;3610;3611;3618;3607;3611;3614;3610;3613;0;0;0;17
$1;1;2018000;2;0;1412;48485;32735;8333;396;0;3612;3609;3610;3617;3606;3610;3614;3610;3612;0;0;0;26
$1;1;2019000;2;0;1442;48464;32745;8337;396;0;3613;3610;3611;3617;3607;3611;3614;3610;3612;0;0;0;26
$1;1;2020000;2;0;1445;48468;32746;8341;396;0;3612;3610;3610;3617;3607;3611;3614;3610;3612;0;0;0;25
$1;1;2021000;2;0;1492;48432;32761;8345;396;0;3613;3610;3611;3618;3607;3612;3615;3611;3613;0;0;0;17
$1;1;2022000;2;0;1499;48425;32765;8349;397;0;3613;3611;3611;3618;3607;3612;3615;3611;3613;0;0;0;23
$1;1;2023000;2;0;1500;48423;32766;8353;397;0;3614;3611;3612;3618;3608;3612;3615;3611;3613;0;0;0;18
$1;1;2024000;2;0;1458;48447;32751;8357;397;0;3613;3610;3611;3617;3607;3611;3614;3610;3613;0;0;0;29
$1;1;2025000;2;0;1453;48460;32750;8362;397;0;3613;3610;3611;3617;3607;3611;3614;3610;3612;0;0;0;20
$1;1;2026000;2;0;1446;48468;32748;8366;397;0;3613;3610;3611;3618;3607;3611;3614;3610;3613;0;0;0;24
$1;1;2027000;2;0;1428;48477;32742;8370;396;0;3613;3610;3611;3617;3607;3611;3614;3610;3612;0;0;0;29
$1;1;2028000;2;0;1411;48488;32737;8374;396;0;3612;3610;3610;3617;3607;3611;3613;3610;3612;0;0;0;25
$1;1;2029000;2;0;1470;48455;32756;8378;396;0;3613;3610;3611;3618;3607;3611;3615;3610;3613;0;0;0;28
$1;1;2030000;2;0;1496;48437;32766;8382;396;0;3614;3611;3612;3618;3608;3612;3615;3611;3613;0;0;0;22
$1;1;2031000;2;0;1437;48473;32746;8387;396;0;3613;3610;3611;3617;3607;3611;3614;3610;3612;0;0;0;28
$1;1;2032000;2;0;1493;48444;32766;8391;396;0;3614;3611;3611;3618;3608;3612;3615;3611;3613;0;0;0;20
$1;1;2033000;2;0;1501;48441;32768;8395;396;0;3614;3611;3612;3619;3608;3612;3615;3611;3614;0;0;0;21
$1;1;2034000;2;0;1487;48441;32765;8399;395;0;3614;3611;3612;3618;3608;3612;3615;3611;3613;0;0;0;25
$1;1;2035000;2;0;1488;48440;32765;8402;395;0;3614;3611;3612;3618;3608;3612;3615;3611;3613;0;0;0;19
$1;1;2036000;2;0;1500;48437;32769;8407;395;0;3614;3611;3612;3619;3608;3612;3615;3612;3614;0;0;0;29
$1;1;2037000;2;0;1442;48471;32751;8411;395;0;3613;3611;3611;3618;3608;3612;3614;3611;3613;0;0;0;21
$1;1;2038000;2;0;1439;48474;32749;8415;394;0;3613;3611;3611;3618;3607;3612;3614;3611;3613;0;0;0;16
$1;1;2039000;2;0;1426;48481;32744;8419;395;0;3613;3610;3611;3618;3607;3611;3614;3610;3613;0;0;0;22
$1;1;2040000;2;0;1466;48460;32758;8423;395;0;3613;3610;3611;3618;3608;3612;3615;3611;3613;0;0;0;27
$1;1;2041000;2;0;1496;48444;32768;8427;396;0;3614;3611;3612;3619;3608;3612;3615;3611;3614;0;0;0;20
$1;1;2042000;2;0;1451;48468;32754;8431;395;0;3613;3611;3611;3618;3607;3612;3614;3611;3613;0;0;0;21
$1;1;2043000;2;0;1487;48451;32766;8435;395;0;3614;3611;3612;3619;3608;3612;3615;3611;3614;0;0;0;28
$1;1;2044000;2;0;1497;48446;32770;8439;395;0;3614;3611;3612;3619;3608;3612;3616;3612;3614;0;0;0;23
$1;1;2045000;2;0;1485;48451;32766;8444;395;0;3614;3611;3612;3619;3608;3612;3615;3611;3614;0;0;0;30
$1;1;2046000;2;0;1468;48461;32761;8448;395;0;3614;3611;3612;3618;3608;3612;3615;3611;3613;0;0;0;16
$1;1;2047000;2;0;1480;48455;32764;8452;395;0;3614;3611;3612;3618;3608;3612;3615;3611;3614;0;0;0;25
$1;1;2048000;2;0;1496;48449;32769;8456;395;0;3614;3611;3612;3619;3609;3612;3616;3612;3614;0;0;0;21
$1;128;2048000;326;142;17;15;15;17;13;15;17;16;17;0;0;0;26
$1;1;2049000;2;0;1460;48468;32758;8460;395;0;3614;3611;3612;3618;3608;3612;3615;3611;3614;0;0;0;25
$1;1;2050000;2;0;1464;48465;32760;8464;394;0;3614;3611;3612;3619;3608;3612;3615;3611;3614;0;0;0;23
$1;1;2051000;2;0;1495;48450;32771;8468;394;0;3614;3612;3612;3619;3608;3612;3616;3612;3614;0;0;0;17
$1;1;2052000;2;0;1463;48467;32760;8473;394;0;3614;3611;3612;3618;3608;3612;3615;3611;3614;0;0;0;23
$1;1;2053000;2;0;1454;48472;32757;8477;394;0;3614;3611;3611;3618;3608;3612;3615;3611;3613;0;0;0;18
$1;1;2054000;2;0;1461;48468;32760;8481;394;0;3614;3611;3612;3618;3608;3612;3615;3611;3614;0;0;0;17
$1;1;2055000;2;0;1498;48449;32772;8485;394;0;3614;3612;3612;3619;3609;3613;3616;3612;3614;0;0;0;16
$1;1;2056000;2;0;1454;48471;32758;8489;393;0;3614;3611;3612;3618;3608;3612;3615;3611;3614;0;0;0;25
$1;1;2057000;2;0;1473;48460;32765;8494;394;0;3614;3611;3612;3619;3608;3612;3615;3611;3614;0;0;0;25
$1;1;2058000;2;0;1446;48473;32755;8498;394;0;3614;3611;3612;3618;3608;3612;3615;3611;3613;0;0;0;27
$1;1;2059000;2;0;1436;48478;32753;8502;394;0;3613;3611;3611;3618;3608;3612;3614;3611;3613;0;0;0;23
$1;1;2060000;2;0;1493;48449;32773;8506;394;0;3614;3612;3612;3619;3608;3613;3616;3612;3614;0;0;0;23
$1;1;2061000;2;0;1497;48448;32775;8510;394;0;3615;3612;3612;3619;3609;3613;3616;3612;3614;0;0;0;18
$1;1;2062000;2;0;1500;48444;32775;8514;394;0;3615;3612;3612;3620;3609;3613;3616;3612;3614;0;0;0;28
$1;1;2063000;2;0;1485;48454;32771;8518;394;0;3614;3612;3613;3619;3609;3613;3616;3612;3614;0;0;0;18
$1;1;2064000;2;0;1499;48447;32776;8523;394;0;3615;3612;3613;3619;3609;3613;3616;3612;3614;0;0;0;20
$1;1;2065000;2;0;1485;48453;32770;8527;394;0;3614;3612;3612;3619;3609;3613;3616;3612;3614;0;0;0;31
$1;1;2066000;2;0;1498;48448;32776;8531;394;0;3615;3612;3612;3619;3609;3613;3616;3612;3614;0;0;0;26
$1;1;2067000;2;0;1501;48447;32777;8535;393;0;3615;3612;3613;3619;3609;3613;3616;3612;3615;0;0;0;23
$1;1;2068000;2;0;1500;48447;32777;8539;393;0;3615;3612;3613;3620;3609;3613;3616;3612;3615;0;0;0;31
$1;1;2069000;2;0;1501;48447;32777;8543;393;0;3615;3612;3613;3620;3609;3613;3617;3612;3615;0;0;0;19
$1;1;2070000;2;0;1502;48446;32778;8548;393;0;3615;3612;3613;3620;3609;3613;3616;3612;3614;0;0;0;29
$1;1;2071000;2;0;1453;48473;32762;8552;393;0;3614;3611;3612;3619;3608;3612;3616;3612;3614;0;0;0;22
$1;1;2072000;2;0;1496;48451;32777;8556;393;0;3615;3612;3613;3620;3609;3613;3616;3612;3615;0;0;0;20
$1;1;2073000;2;0;1500;48449;32778;8560;393;0;3615;3612;3613;3620;3609;3613;3616;3612;3615;0;0;0;24
$1;1;2074000;2;0;1500;48448;32779;8564;392;0;3615;3612;3613;3620;3609;3613;3616;3613;3615;0;0;0;27
$1;1;2075000;2;0;1501;48444;32778;8568;393;0;3615;3612;3613;3620;3609;3613;3616;3613;3615;0;0;0;27
$1;1;2076000;2;0;1499;48445;32778;8573;393;0;3615;3612;3613;3620;3609;3613;3616;3613;3615;0;0;0;19
$1;1;2077000;2;0;1478;48456;32772;8577;393;0;3615;3612;3613;3620;3609;3613;3616;3612;3614;0;0;0;17
$1;1;2078000;2;0;1496;48449;32778;8581;393;0;3615;3612;3613;3620;3609;3613;3617;3613;3615;0;0;0;18
$1;1;2079000;2;0;1500;48445;32780;8585;393;0;3615;3612;3613;3620;3609;3613;3617;3613;3615;0;0;0;18
$1;1;2080000;2;0;1500;48446;32780;8589;393;0;3615;3613;3613;3619;3609;3613;3617;3613;3615;0;0;0;16
$1;1;2081000;2;0;1500;48446;32781;8593;393;0;3615;3613;3613;3619;3609;3614;3617;3613;3615;0;0;0;28
$1;1;2082000;2;0;1484;48453;32776;8598;393;0;3615;3612;3613;3619;3609;3613;3617;3613;3615;0;0;0;19
$1;1;2083000;2;0;1498;48447;32781;8602;393;0;3615;3612;3613;3620;3609;3614;3617;3613;3615;0;0;0;31
$1;1;2084000;2;0;1456;48468;32766;8606;393;0;3615;3612;3613;3620;3609;3613;3616;3612;3614;0;0;0;28
$1;1;2085000;2;0;1494;48450;32781;8610;393;0;3615;3613;3613;3620;3609;3613;3617;3613;3615;0;0;0;22
$1;1;2086000;2;0;1501;48446;32783;8614;393;0;3616;3613;3613;3620;3609;3614;3617;3613;3616;0;0;0;30
$1;1;2087000;2;0;1470;48462;32773;8618;392;0;3615;3612;3613;3619;3609;3613;3616;3613;3615;0;0;0;17
$1;1;2088000;2;0;1498;48448;32782;8623;392;0;3615;3613;3613;3620;3610;3614;3617;3613;3615;0;0;0;19
$1;1;2089000;2;0;1489;48452;32779;8626;392;0;3615;3613;3613;3619;3610;3614;3617;3613;3615;0;0;0;18
$1;1;2090000;2;0;1499;48449;32784;8630;392;0;3616;3613;3614;3620;3610;3614;3617;3613;3615;0;0;0;26
$1;1;2091000;2;0;1501;48446;32784;8634;392;0;3616;3613;3614;3620;3610;3614;3617;3613;3615;0;0;0;16
$1;1;2092000;2;0;1500;48448;32785;8638;392;0;3616;3613;3613;3620;3610;3614;3617;3613;3616;0;0;0;21
$1;1;2093000;2;0;1499;48448;32785;8643;392;0;3616;3613;3614;3620;3610;3614;3617;3613;3616;0;0;0;30
$1;1;2094000;2;0;1499;48444;32785;8647;392;0;3616;3613;3614;3620;3610;3614;3617;3613;3616;0;0;0;17
$1;1;2095000;2;0;1499;48444;32786;8651;392;0;3616;3613;3614;3620;3610;3614;3617;3613;3616;0;0;0;20
$1;1;2096000;2;0;1499;48443;32785;8655;392;0;3616;3613;3614;3620;3610;3614;3617;3613;3616;0;0;0;23
$1;1;2097000;2;0;1499;48442;32786;8659;392;0;3616;3613;3614;3620;3610;3614;3617;3613;3616;0;0;0;24
$1;1;2098000;2;0;1500;48443;32786;8663;392;0;3616;3613;3614;3620;3610;3614;3617;3613;3616;0;0;0;30
$1;1;2099000;2;0;1500;48443;32786;8668;392;0;3616;3613;3614;3620;3610;3614;3617;3613;3616;0;0;0;20
$1;1;2100000;2;0;1499;48444;32787;8672;392;0;3616;3613;3614;3620;3610;3614;3617;3613;3616;0;0;0;25
$1;1;2101000;2;0;1499;48444;32787;8676;392;0;3616;3613;3614;3620;3610;3614;3617;3613;3616;0;0;0;28
$1;1;2102000;2;0;1500;48445;32788;8680;392;0;3616;3613;3614;3620;3610;3614;3617;3614;3616;0;0;0;30
$1;1;2103000;2;0;1499;48446;32787;8684;392;0;3616;3613;3614;3620;3610;3614;3618;3613;3616;0;0;0;30
$1;1;2104000;2;0;1499;48446;32788;8688;391;0;3616;3613;3614;3620;3610;3614;3618;3613;3616;0;0;0;25
$1;1;2105000;2;0;1500;48447;32789;8693;391;0;3616;3614;3614;3620;3610;3614;3618;3614;3616;0;0;0;19
$1;1;2106000;2;0;1500;48447;32788;8697;391;0;3616;3613;3614;3620;3610;3614;3618;3614;3616;0;0;0;18
$1;1;2107000;2;0;1500;48449;32789;8701;391;0;3616;3613;3614;3620;3610;3614;3618;3614;3616;0;0;0;18
$1;1;2108000;2;0;1499;48449;32788;8705;391;0;3616;3613;3614;3620;3610;3614;3618;3614;3616;0;0;0;25
$1;128;2108000;324;141;16;15;15;17;13;15;17;15;18;0;0;0;19
$1;1;2109000;2;0;1499;48449;32789;8709;391;0;3616;3613;3614;3620;3610;3614;3618;3614;3616;0;0;0;21
$1;1;2110000;2;0;1498;48447;32790;8713;391;0;3616;3614;3614;3620;3610;3615;3618;3614;3616;0;0;0;23
$1;1;2111000;2;0;1500;48444;32790;8718;390;0;3616;3614;3614;3620;3610;3614;3618;3614;3616;0;0;0;30
$1;1;2112000;2;0;1498;48438;32789;8722;391;0;3616;3614;3614;3620;3610;3614;3618;3614;3616;0;0;0;22
$1;1;2113000;2;0;1499;48436;32790;8726;391;0;3616;3614;3614;3620;3610;3615;3618;3614;3616;0;0;0;21
$1;1;2114000;2;0;1498;48441;32790;8730;391;0;3616;3613;3614;3620;3610;3615;3618;3614;3616;0;0;0;19
$1;1;2115000;2;0;1500;48442;32790;8734;391;0;3616;3614;3614;3620;3610;3615;3618;3614;3616;0;0;0;18
$1;1;2116000;2;0;1498;48441;32790;8739;391;0;3616;3614;3614;3620;3610;3615;3618;3614;3616;0;0;0;31
$1;1;2117000;2;0;1500;48443;32791;8743;391;0;3617;3614;3614;3620;3610;3615;3618;3614;3616;0;0;0;17
$1;1;2118000;2;0;1500;48444;32791;8747;391;0;3617;3614;3614;3620;3610;3615;3618;3614;3616;0;0;0;29
$1;1;2119000;2;0;1499;48445;32791;8751;391;0;3617;3614;3615;3621;3611;3615;3618;3614;3617;0;0;0;27
$1;1;2120000;2;0;1502;48442;32793;8755;391;0;3617;3614;3614;3621;3610;3615;3618;3614;3617;0;0;0;19
$1;1;2121000;2;0;1501;48444;32793;8759;391;0;3617;3614;3615;3621;3610;3615;3618;3614;3617;0;0;0;26
$1;1;2122000;2;0;1498;48444;32792;8764;391;0;3617;3614;3615;3621;3610;3615;3618;3614;3616;0;0;0;22
$1;1;2123000;2;0;1499;48444;32793;8768;391;0;3617;3614;3615;3621;3611;3615;3618;3614;3617;0;0;0;27
$1;1;2124000;2;0;1499;48444;32793;8772;391;0;3617;3614;3615;3621;3611;3615;3618;3614;3616;0;0;0;22
$1;1;2125000;2;0;1500;48444;32794;8776;391;0;3617;3614;3615;3621;3611;3615;3618;3614;3617;0;0;0;20
$1;1;2126000;2;0;1499;48445;32794;8780;391;0;3617;3614;3615;3621;3610;3615;3619;3614;3617;0;0;0;30
$1;1;2127000;2;0;1500;48445;32793;8784;391;0;3617;3614;3615;3621;3611;3615;3619;3614;3617;0;0;0;28
$1;1;2128000;2;0;1501;48445;32795;8788;391;0;3617;3614;3615;3621;3611;3615;3619;3614;3617;0;0;0;24
$1;1;2129000;2;0;1500;48444;32794;8793;391;0;3617;3614;3615;3621;3611;3615;3619;3614;3617;0;0;0;18
$1;1;2130000;2;0;1499;48444;32795;8797;391;0;3617;3614;3615;3621;3611;3615;3619;3614;3617;0;0;0;30
$1;1;2131000;2;0;1501;48432;32795;8801;392;0;3617;3614;3615;3621;3611;3615;3619;3614;3617;0;0;0;29
$1;1;2132000;2;0;1501;48423;32796;8805;392;0;3617;3614;3615;3621;3611;3615;3619;3615;3616;0;0;0;25
$1;1;2133000;2;0;1500;48427;32795;8809;393;0;3617;3614;3615;3621;3611;3615;3619;3614;3617;0;0;0;19
$1;1;2134000;2;0;1500;48422;32795;8813;393;0;3617;3614;3615;3621;3611;3615;3619;3615;3617;0;0;0;27
$1;1;2135000;2;0;1499;48422;32796;8818;393;0;3617;3614;3615;3621;3611;3615;3619;3615;3617;0;0;0;19
$1;1;2136000;2;0;1499;48421;32796;8822;394;0;3617;3614;3615;3621;3611;3615;3619;3614;3617;0;0;0;28
$1;1;2137000;2;0;1501;48424;32797;8826;394;0;3617;3614;3615;3621;3611;3616;3619;3615;3617;0;0;0;31
$1;1;2138000;2;0;1500;48424;32797;8830;394;0;3617;3614;3615;3621;3611;3615;3619;3615;3617;0;0;0;21
$1;1;2139000;2;0;1501;48420;32799;8834;394;0;3617;3614;3615;3621;3611;3616;3619;3615;3617;0;0;0;24
$1;1;2140000;2;0;1501;48428;32799;8838;395;0;3617;3615;3615;3621;3611;3616;3619;3615;3617;0;0;0;18
$1;1;2141000;2;0;1501;48425;32799;8842;395;0;3617;3614;3615;3621;3611;3616;3619;3615;3617;0;0;0;18
$1;1;2142000;2;0;1501;48427;32799;8847;395;0;3617;3615;3615;3621;3611;3616;3619;3615;3617;0;0;0;23
$1;1;2143000;2;0;1499;48428;32798;8851;395;0;3617;3615;3615;3621;3611;3616;3619;3615;3617;0;0;0;31
$1;1;2144000;2;0;1499;48428;32799;8855;396;0;3617;3615;3615;3621;3611;3616;3619;3615;3617;0;0;0;30
$1;1;2145000;2;0;1499;48431;32799;8859;396;0;3617;3615;3615;3622;3611;3616;3620;3615;3617;0;0;0;18
$1;1;2146000;2;0;1500;48431;32800;8863;396;0;3617;3615;3615;3622;3611;3616;3620;3615;3617;0;0;0;22
$1;1;2147000;2;0;1500;48432;32800;8867;397;0;3617;3615;3615;3622;3611;3616;3620;3615;3617;0;0;0;17
$1;1;2148000;2;0;1499;48434;32800;8872;397;0;3618;3615;3615;3622;3611;3616;3620;3615;3617;0;0;0;18
$1;1;2149000;2;0;1498;48435;32800;8876;397;0;3618;3615;3615;3622;3611;3616;3620;3615;3617;0;0;0;23
$1;1;2150000;2;0;1498;48430;32799;8880;398;0;3617;3615;3615;3622;3611;3616;3620;3615;3617;0;0;0;28
$1;1;2151000;2;0;1500;48428;32801;8884;399;0;3618;3615;3615;3622;3611;3616;3620;3615;3617;0;0;0;16
$1;1;2152000;2;0;1499;48428;32802;8888;400;0;3618;3615;3615;3622;3611;3616;3620;3615;3617;0;0;0;26
$1;1;2153000;2;0;1501;48427;32802;8892;400;0;3618;3615;3615;3622;3611;3616;3620;3615;3617;0;0;0;31
$1;1;2154000;2;0;1501;48426;32802;8897;400;0;3618;3615;3616;3622;3611;3616;3620;3615;3617;0;0;0;31
$1;1;2155000;2;0;1499;48427;32802;8901;401;0;3618;3615;3616;3622;3611;3616;3620;3615;3617;0;0;0;16
$1;1;2156000;2;0;1498;48428;32802;8905;402;0;3618;3615;3615;3622;3611;3616;3620;3615;3618;0;0;0;22
$1;1;2157000;2;0;1501;48427;32803;8909;402;0;3618;3615;3616;3622;3611;3616;3620;3615;3618;0;0;0;23
$1;1;2158000;2;0;1498;48428;32802;8913;403;0;3618;3615;3616;3622;3611;3616;3620;3615;3618;0;0;0;29
$1;1;2159000;2;0;1501;48428;32804;8917;403;0;3618;3615;3616;3622;3612;3616;3620;3615;3618;0;0;0;28
$1;1;2160000;2;0;1501;48426;32804;8922;404;0;3618;3615;3616;3622;3611;3616;3620;3615;3618;0;0;0;26
$1;1;2161000;2;0;1500;48428;32804;8926;404;0;3618;3615;3616;3622;3612;3616;3620;3615;3618;0;0;0;19
$1;1;2162000;2;0;1501;48428;32804;8930;405;0;3618;3615;3616;3622;3612;3616;3620;3616;3618;0;0;0;20
$1;1;2163000;2;0;1499;48428;32804;8934;405;0;3618;3615;3616;3622;3612;3616;3620;3615;3618;0;0;0;18
$1;1;2164000;2;0;1500;48428;32805;8938;405;0;3618;3615;3616;3622;3612;3616;3620;3615;3618;0;0;0;25
$1;1;2165000;2;0;1500;48428;32805;8942;405;0;3618;3615;3616;3622;3612;3616;3620;3616;3618;0;0;0;22
$1;1;2166000;2;0;1500;48428;32805;8947;405;0;3618;3615;3616;3622;3612;3616;3620;3616;3618;0;0;0;16
$1;1;2167000;2;0;1500;48427;32806;8951;407;0;3618;3616;3616;3622;3612;3616;3620;3616;3618;0;0;0;27
$1;1;2168000;2;0;1499;48427;32805;8955;407;0;3618;3615;3616;3622;3612;3616;3621;3616;3618;0;0;0;16
$1;128;2168000;327;139;16;15;14;17;13;15;17;15;17;0;0;0;23
$1;1;2169000;2;0;1500;48428;32806;8959;408;0;3618;3615;3616;3622;3612;3616;3620;3616;3618;0;0;0;30
$1;1;2170000;2;0;1502;48427;32807;8963;408;0;3618;3615;3616;3622;3612;3616;3620;3616;3618;0;0;0;19
$1;1;2171000;2;0;1499;48430;32806;8967;408;0;3618;3615;3616;3622;3612;3617;3620;3616;3618;0;0;0;19
$1;1;2172000;2;0;1500;48430;32807;8972;408;0;3618;3616;3616;3622;3612;3617;3620;3616;3618;0;0;0;23
$1;1;2173000;2;0;1500;48431;32807;8976;408;0;3618;3616;3616;3622;3612;3617;3620;3616;3618;0;0;0;19
$1;1;2174000;2;0;1500;48431;32807;8980;408;0;3618;3616;3616;3622;3612;3617;3620;3616;3618;0;0;0;29
$1;1;2175000;2;0;1500;48428;32808;8984;408;0;3618;3616;3616;3622;3612;3617;3621;3616;3618;0;0;0;30
$1;1;2176000;2;0;1500;48429;32809;8988;408;0;3618;3616;3616;3623;3612;3617;3621;3616;3618;0;0;0;16
$1;1;2177000;2;0;1498;48432;32808;8993;408;0;3618;3616;3616;3623;3612;3617;3621;3616;3618;0;0;0;16
$1;1;2178000;2;0;1500;48433;32809;8997;409;0;3619;3616;3616;3623;3612;3617;3621;3616;3618;0;0;0;27
$1;1;2179000;2;0;1501;48432;32809;9001;409;0;3619;3616;3616;3623;3612;3617;3621;3616;3618;0;0;0;29
$1;1;2180000;2;0;1498;48434;32809;9005;408;0;3618;3616;3616;3623;3612;3617;3621;3616;3618;0;0;0;24
$1;1;2181000;2;0;1500;48434;32809;9009;408;0;3619;3616;3616;3623;3612;3617;3621;3616;3619;0;0;0;21
$1;1;2182000;2;0;1499;48434;32810;9013;408;0;3619;3616;3616;3623;3612;3617;3621;3616;3618;0;0;0;21
$1;1;2183000;2;0;1499;48431;32810;9017;409;0;3619;3616;3616;3623;3612;3617;3621;3616;3619;0;0;0;21
$1;1;2184000;2;0;1501;48430;32810;9022;409;0;3619;3616;3617;3623;3612;3617;3621;3616;3619;0;0;0;20
$1;1;2185000;2;0;1501;48431;32811;9026;409;0;3619;3616;3616;3623;3612;3617;3621;3616;3619;0;0;0;16
$1;1;2186000;2;0;1500;48431;32811;9030;409;0;3619;3616;3616;3623;3612;3617;3621;3616;3619;0;0;0;21
$1;1;2187000;2;0;1500;48432;32811;9034;409;0;3619;3616;3617;3623;3612;3617;3621;3616;3619;0;0;0;18
$1;1;2188000;2;0;1499;48431;32812;9038;409;0;3619;3616;3616;3623;3612;3617;3621;3616;3618;0;0;0;16
$1;1;2189000;2;0;1501;48429;32812;9042;409;0;3619;3616;3617;3623;3612;3617;3621;3616;3618;0;0;0;20
$1;1;2190000;2;0;1463;48440;32799;9047;409;0;3618;3615;3616;3623;3612;3616;3620;3616;3618;0;0;0;28
$1;1;2191000;2;0;1495;48422;32811;9051;409;0;3619;3616;3617;3623;3612;3617;3621;3616;3618;0;0;0;27
$1;1;2192000;2;0;1500;48424;32813;9055;409;0;3619;3616;3617;3623;3612;3617;3621;3616;3619;0;0;0;20
$1;1;2193000;2;0;1499;48423;32813;9059;409;0;3619;3616;3617;3623;3612;3617;3621;3616;3619;0;0;0;31
$1;1;2194000;2;0;1499;48416;32813;9063;409;0;3619;3616;3617;3623;3613;3617;3621;3616;3619;0;0;0;22
$1;1;2195000;2;0;1499;48427;32813;9067;408;0;3619;3616;3617;3623;3612;3617;3621;3616;3619;0;0;0;17
$1;1;2196000;2;0;1493;48433;32811;9071;408;0;3619;3616;3617;3623;3612;3617;3621;3616;3619;0;0;0;24
$1;1;2197000;2;0;1498;48430;32813;9075;408;0;3619;3616;3617;3623;3613;3617;3621;3616;3619;0;0;0;22
$1;1;2198000;2;0;1501;48431;32814;9079;408;0;3619;3617;3617;3623;3613;3617;3621;3617;3619;0;0;0;18
$1;1;2199000;2;0;1499;48417;32813;9083;409;0;3619;3616;3617;3623;3613;3617;3621;3616;3619;0;0;0;20
$1;1;2200000;2;0;1500;48412;32813;9087;409;0;3619;3616;3617;3623;3612;3617;3621;3617;3619;0;0;0;23
$1;1;2201000;2;0;1501;48413;32814;9091;409;0;3619;3616;3617;3623;3613;3617;3621;3617;3619;0;0;0;23
$1;1;2202000;2;0;1498;48417;32814;9096;409;0;3619;3616;3617;3624;3613;3617;3621;3617;3619;0;0;0;17
$1;1;2203000;2;0;1483;48428;32809;9100;409;0;3619;3616;3617;3623;3612;3617;3621;3616;3619;0;0;0;19
$1;1;2204000;2;0;1496;48417;32813;9104;408;0;3619;3616;3617;3623;3613;3617;3621;3617;3619;0;0;0;18
$1;1;2205000;2;0;1500;48412;32814;9108;408;0;3619;3616;3617;3624;3613;3617;3621;3617;3619;0;0;0;20
$1;1;2206000;2;0;1499;48411;32814;9112;408;0;3619;3616;3617;3624;3613;3618;3621;3617;3619;0;0;0;17
$1;1;2207000;2;0;1460;48434;32802;9116;408;0;3618;3616;3616;3623;3612;3617;3620;3616;3619;0;0;0;27
$1;1;2208000;2;0;1484;48419;32810;9119;407;0;3619;3616;3617;3624;3613;3617;3621;3616;3619;0;0;0;21
$1;1;2209000;2;0;1498;48422;32814;9124;407;0;3619;3616;3617;3623;3613;3617;3621;3617;3619;0;0;0;29
$1;1;2210000;2;0;1487;48420;32811;9127;407;0;3619;3616;3617;3623;3613;3617;3621;3616;3619;0;0;0;30
$1;1;2211000;2;0;1482;48428;32810;9131;407;0;3619;3616;3617;3623;3613;3617;3621;3616;3619;0;0;0;20
$1;1;2212000;2;0;1457;48437;32802;9135;407;0;3619;3616;3616;3623;3612;3617;3621;3616;3618;0;0;0;23
$1;1;2213000;2;0;1498;48417;32815;9139;406;0;3619;3616;3617;3624;3613;3617;3621;3617;3619;0;0;0;27
$1;1;2214000;2;0;1446;48445;32798;9143;407;0;3618;3616;3616;3623;3612;3617;3620;3616;3618;0;0;0;25
$1;1;2215000;2;0;1496;48423;32814;9148;407;0;3619;3616;3617;3624;3613;3617;3621;3617;3619;0;0;0;18
$1;1;2216000;2;0;1500;48420;32817;9152;407;0;3619;3617;3617;3624;3613;3618;3621;3617;3619;0;0;0;26
$1;1;2217000;2;0;1449;48446;32801;9156;407;0;3619;3616;3617;3623;3612;3617;3620;3616;3618;0;0;0;29
$1;1;2218000;2;0;1494;48425;32815;9160;407;0;3619;3616;3617;3624;3613;3618;3621;3617;3619;0;0;0;31
$1;1;2219000;2;0;1499;48424;32817;9164;407;0;3619;3617;3617;3624;3613;3618;3621;3617;3619;0;0;0;21
$1;1;2220000;2;0;1498;48423;32817;9169;406;0;3619;3617;3617;3624;3613;3618;3621;3617;3620;0;0;0;31
$1;1;2221000;2;0;1499;48420;32818;9173;406;0;3619;3617;3617;3624;3613;3618;3621;3617;3619;0;0;0;18
$1;1;2222000;2;0;1476;48431;32811;9177;406;0;3619;3616;3617;3624;3613;3617;3621;3617;3619;0;0;0;19
$1;1;2223000;2;0;1485;48429;32813;9181;406;0;3619;3616;3617;3624;3613;3617;3621;3617;3619;0;0;0;28
$1;1;2224000;2;0;1498;48426;32818;9185;405;0;3620;3617;3617;3624;3613;3618;3621;3617;3619;0;0;0;16
$1;1;2225000;2;0;1502;48424;32819;9189;405;0;3620;3617;3617;3624;3613;3618;3621;3617;3620;0;0;0;22
$1;1;2226000;2;0;1500;48427;32819;9193;405;0;3620;3617;3618;3624;3613;3618;3622;3617;3620;0;0;0;19
$1;1;2227000;2;0;1499;48423;32819;9197;405;0;3620;3617;3618;3624;3613;3618;3621;3617;3620;0;0;0;16
$1;1;2228000;2;0;1489;48423;32816;9201;404;0;3620;3617;3617;3624;3613;3618;3621;3617;3619;0;0;0;25
$1;128;2228000;325;140;16;15;14;17;13;15;17;15;18;0;0;0;19
$1;1;2229000;2;0;1491;48431;32816;9205;404;0;3620;3617;3617;3624;3613;3618;3621;3617;3619;0;0;0;22
$1;1;2230000;2;0;1474;48439;32812;9210;404;0;3619;3616;3617;3624;3613;3617;3621;3617;3619;0;0;0;25
$1;1;2231000;2;0;1499;48427;32820;9214;405;0;3620;3617;3617;3624;3613;3618;3621;3617;3619;0;0;0;20
$1;1;2232000;2;0;1459;48444;32806;9218;405;0;3619;3616;3617;3624;3613;3617;3621;3617;3619;0;0;0;18
$1;1;2233000;2;0;1450;48443;32804;9222;404;0;3619;3616;3617;3624;3613;3617;3621;3617;3619;0;0;0;23
$1;1;2234000;2;0;1493;48420;32818;9226;405;0;3620;3617;3617;3625;3613;3618;3621;3617;3619;0;0;0;23
$1;1;2235000;2;0;1433;48445;32798;9230;404;0;3619;3616;3617;3624;3613;3617;3620;3616;3619;0;0;0;27
$1;1;2236000;2;0;1489;48418;32817;9234;404;0;3619;3617;3617;3624;3613;3618;3621;3617;3619;0;0;0;19
$1;1;2237000;2;0;1430;48444;32798;9238;404;0;3619;3616;3617;3624;3613;3617;3621;3616;3619;0;0;0;18
$1;1;2238000;2;0;1488;48420;32817;9242;404;0;3620;3617;3617;3624;3613;3618;3621;3617;3619;0;0;0;28
$1;1;2239000;2;0;1489;48416;32817;9246;403;0;3620;3617;3617;3624;3613;3618;3621;3617;3619;0;0;0;26
$1;1;2240000;2;0;1460;48437;32808;9250;403;0;3619;3616;3617;3624;3613;3618;3621;3617;3619;0;0;0;18
$1;1;2241000;2;0;1474;48435;32814;9255;403;0;3619;3617;3617;3624;3613;3618;3621;3617;3619;0;0;0;29
$1;1;2242000;2;0;1499;48426;32822;9259;403;0;3620;3617;3618;3625;3614;3618;3622;3617;3620;0;0;0;28
$1;1;2243000;2;0;1483;48435;32816;9263;403;0;3620;3617;3617;3625;3613;3618;3621;3617;3619;0;0;0;27
$1;1;2244000;2;0;1429;48462;32800;9267;402;0;3619;3616;3617;3623;3613;3617;3621;3616;3619;0;0;0;31
$1;1;2245000;2;0;1492;48430;32821;9271;402;0;3620;3617;3618;3624;3614;3618;3622;3617;3620;0;0;0;30
$1;1;2246000;2;0;1435;48458;32802;9275;402;0;3619;3617;3617;3624;3613;3617;3621;3617;3619;0;0;0;31
$1;1;2247000;2;0;1464;48442;32812;9280;402;0;3619;3617;3617;3624;3613;3618;3621;3617;3619;0;0;0;21
$1;1;2248000;2;0;1426;48456;32799;9284;402;0;3619;3616;3617;3624;3613;3617;3621;3616;3619;0;0;0;30
$1;1;2249000;2;0;1421;48464;32798;9288;402;0;3619;3616;3617;3623;3613;3617;3620;3616;3619;0;0;0;18
$1;1;2250000;2;0;1480;48434;32816;9291;403;0;3620;3617;3617;3624;3614;3618;3621;3617;3620;0;0;0;26
$1;1;2251000;2;0;1475;48437;32815;9296;402;0;3620;3617;3618;3624;3614;3618;3621;3617;3620;0;0;0;24
$1;1;2252000;2;0;1439;48459;32804;9300;402;0;3619;3617;3617;3624;3613;3618;3621;3617;3619;0;0;0;29
$1;1;2253000;2;0;1447;48453;32807;9304;402;0;3619;3617;3617;3624;3613;3618;3621;3617;3619;0;0;0;24
$1;1;2254000;2;0;1448;48454;32808;9308;402;0;3619;3617;3618;3624;3613;3618;3621;3617;3619;0;0;0;27
$1;1;2255000;2;0;1491;48435;32823;9312;402;0;3620;3617;3618;3624;3614;3618;3622;3617;3620;0;0;0;31
$1;1;2256000;2;0;1466;48446;32814;9316;401;0;3620;3617;3618;3624;3614;3618;3622;3617;3620;0;0;0;19
$1;1;2257000;2;0;1456;48443;32811;9320;401;0;3620;3617;3618;3624;3614;3618;3621;3617;3619;0;0;0;29
$1;1;2258000;2;0;1445;48441;32807;9323;401;0;3619;3617;3617;3624;3613;3618;3621;3617;3619;0;0;0;20
$1;1;2259000;2;0;1493;48413;32824;9328;401;0;3620;3618;3618;3625;3614;3619;3622;3618;3620;0;0;0;24
$1;1;2260000;2;0;1484;48418;32821;9332;401;0;3620;3617;3618;3625;3614;3618;3622;3618;3620;0;0;0;31
$1;1;2261000;2;0;1498;48412;32826;9336;400;0;3620;3618;3618;3625;3614;3619;3622;3618;3620;0;0;0;21
$1;1;2262000;2;0;1433;48444;32805;9340;400;0;3620;3617;3618;3624;3613;3618;3621;3617;3619;0;0;0;26
$1;1;2263000;2;0;1474;48423;32818;9344;400;0;3620;3617;3618;3625;3614;3618;3622;3617;3620;0;0;0;30
$1;1;2264000;2;0;1464;48427;32815;9348;400;0;3620;3617;3618;3625;3614;3618;3621;3617;3620;0;0;0;30
$1;1;2265000;2;0;1496;48411;32826;9353;401;0;3620;3618;3618;3625;3614;3619;3622;3618;3620;0;0;0;30
$1;1;2266000;2;0;1499;48413;32826;9357;401;0;3620;3617;3618;3625;3614;3619;3622;3618;3620;0;0;0;27
$1;1;2267000;2;0;1498;48414;32826;9361;400;0;3621;3618;3618;3626;3615;3619;3622;3618;3620;0;0;0;20
$1;1;2268000;2;0;1471;48427;32820;9365;400;0;3620;3618;3618;3625;3614;3619;3622;3618;3620;0;0;0;29
$1;1;2269000;2;0;1477;48431;32822;9369;400;0;3620;3618;3618;3624;3614;3619;3622;3618;3620;0;0;0;18
$1;1;2270000;2;0;1495;48424;32827;9373;400;0;3621;3618;3618;3625;3614;3619;3622;3618;3621;0;0;0;29
$1;1;2271000;2;0;1476;48435;32821;9378;400;0;3620;3618;3618;3625;3614;3619;3622;3618;3620;0;0;0;28
$1;1;2272000;2;0;1491;48430;32827;9381;400;0;3621;3618;3619;3625;3614;3619;3622;3618;3621;0;0;0;18
$1;1;2273000;2;0;1479;48437;32823;9386;399;0;3620;3618;3618;3625;3614;3619;3622;3618;3620;0;0;0;23
$1;1;2274000;2;0;1431;48455;32807;9390;399;0;3620;3617;3618;3624;3614;3618;3621;3617;3620;0;0;0;26
$1;1;2275000;2;0;1428;48459;32806;9394;399;0;3620;3617;3618;3624;3614;3618;3621;3617;3619;0;0;0;16
$1;1;2276000;2;0;1422;48467;32804;9398;399;0;3619;3617;3617;3624;3614;3618;3621;3617;3619;0;0;0;31
$1;1;2277000;2;0;1483;48431;32824;9402;399;0;3620;3618;3618;3625;3614;3619;3622;3618;3620;0;0;0;28
$1;1;2278000;2;0;1497;48420;32829;9406;399;0;3621;3618;3619;3625;3615;3619;3622;3618;3621;0;0;0;31
$1;1;2279000;2;0;1448;48439;32814;9410;399;0;3620;3617;3618;3625;3614;3619;3622;3618;3620;0;0;0;18
$1;1;2280000;2;0;1484;48419;32826;9414;399;0;3621;3618;3618;3626;3615;3619;3622;3618;3621;0;0;0;30
$1;1;2281000;2;0;1486;48419;32827;9418;399;0;3621;3618;3618;3626;3615;3619;3622;3618;3621;0;0;0;16
$1;1;2282000;2;0;1455;48429;32816;9422;399;0;3620;3618;3618;3625;3614;3619;3622;3618;3620;0;0;0;23
$1;1;2283000;2;0;1421;48450;32805;9426;399;0;3620;3617;3618;3624;3614;3618;3621;3617;3620;0;0;0;30
$1;1;2284000;2;0;1437;48440;32811;9431;399;0;3620;3617;3618;3625;3614;3619;3621;3618;3620;0;0;0;19
$1;1;2285000;2;0;1495;48410;32831;9435;399;0;3621;3618;3619;3625;3615;3619;3623;3618;3621;0;0;0;20
$1;1;2286000;2;0;1434;48441;32811;9439;399;0;3620;3617;3618;3625;3614;3619;3621;3618;3620;0;0;0;27
$1;1;2287000;2;0;1438;48437;32812;9443;399;0;3620;3617;3618;3625;3614;3618;3622;3618;3620;0;0;0;27
$1;1;2288000;2;0;1470;48423;32823;9447;399;0;3620;3618;3618;3625;3614;3619;3622;3618;3620;0;0;0;21
$1;128;2288000;323;140;17;15;14;16;13;15;17;15;18;0;0;0;31
$1;1;2289000;2;0;1476;48419;32825;9452;398;0;3621;3618;3618;3625;3615;3619;3622;3618;3620;0;0;0;24
$1;1;2290000;2;0;1484;48415;32827;9456;398;0;3621;3618;3619;3625;3615;3619;3622;3618;3621;0;0;0;23
$1;1;2291000;2;0;1498;48411;32834;9460;398;0;3621;3618;3619;3625;3615;3619;3623;3619;3621;0;0;0;24
$1;1;2292000;2;0;1500;48415;32834;9464;398;0;3621;3618;3619;3626;3615;3620;3623;3619;3621;0;0;0;18
$1;1;2293000;2;0;1430;48454;32811;9468;397;0;3620;3618;3618;3625;3614;3618;3622;3617;3620;0;0;0;23
$1;1;2294000;2;0;1493;48425;32831;9472;397;0;3621;3618;3619;3626;3615;3619;3623;3618;3621;0;0;0;26
$1;1;2295000;2;0;1465;48440;32823;9477;397;0;3621;3618;3619;3626;3615;3619;3622;3618;3621;0;0;0;22
$1;1;2296000;2;0;1423;48462;32809;9481;397;0;3620;3618;3618;3625;3614;3618;3621;3618;3620;0;0;0;23
$1;1;2297000;2;0;1473;48435;32826;9485;397;0;3621;3618;3619;3626;3615;3619;3622;3618;3621;0;0;0;25
$1;1;2298000;2;0;1496;48422;32835;9489;396;0;3621;3618;3619;3626;3615;3620;3623;3619;3621;0;0;0;30
$1;1;2299000;2;0;1446;48441;32817;9493;397;0;3620;3618;3618;3625;3615;3619;3622;3618;3620;0;0;0;21
$1;1;2300000;2;0;1438;48443;32814;9497;397;0;3620;3618;3618;3625;3614;3619;3622;3618;3620;0;0;0;25
$1;1;2301000;2;0;1444;48441;32817;9501;397;0;3620;3618;3618;3626;3614;3619;3622;3618;3620;0;0;0;31
$1;1;2302000;2;0;1435;48446;32814;9506;397;0;3620;3618;3619;3625;3614;3619;3622;3618;3620;0;0;0;27
$1;1;2303000;2;0;1463;48431;32824;9510;397;0;3621;3618;3619;3625;3615;3619;3622;3618;3621;0;0;0;28
$1;1;2304000;2;0;1439;48443;32815;9514;397;0;3620;3618;3619;3625;3614;3619;3622;3618;3620;0;0;0;22
$1;1;2305000;2;0;1465;48427;32826;9518;397;0;3621;3618;3619;3626;3615;3619;3622;3618;3621;0;0;0;18
$1;1;2306000;2;0;1498;48414;32836;9522;397;0;3621;3618;3619;3626;3615;3620;3623;3619;3621;0;0;0;17
$1;1;2307000;2;0;1445;48442;32819;9526;397;0;3621;3618;3619;3625;3615;3619;3622;3618;3620;0;0;0;18
$1;1;2308000;2;0;1494;48414;32836;9531;396;0;3621;3619;3619;3626;3616;3620;3623;3619;3622;0;0;0;17
$1;1;2309000;2;0;1489;48417;32834;9534;396;0;3621;3619;3619;3626;3615;3620;3623;3619;3621;0;0;0;24
$1;1;2310000;2;0;1467;48426;32828;9538;396;0;3621;3618;3619;3626;3615;3619;3623;3619;3621;0;0;0;24
$1;1;2311000;2;0;1476;48419;32831;9542;396;0;3621;3619;3619;3625;3615;3620;3623;3619;3621;0;0;0;24
$1;1;2312000;2;0;1496;48412;32838;9547;396;0;3622;3619;3619;3626;3616;3620;3623;3619;3622;0;0;0;18
$1;1;2313000;2;0;1499;48405;32839;9551;396;0;3622;3619;3620;3626;3616;3620;3623;3619;3622;0;0;0;22
$1;1;2314000;2;0;1499;48409;32840;9555;395;0;3622;3619;3620;3626;3616;3620;3624;3619;3622;0;0;0;19
$1;1;2315000;2;0;1500;48411;32841;9559;395;0;3622;3619;3620;3626;3616;3620;3624;3620;3622;0;0;0;29
$1;1;2316000;2;0;1477;48426;32833;9563;395;0;3622;3619;3620;3626;3616;3620;3623;3619;3622;0;0;0;26
$1;1;2317000;2;0;1492;48419;32838;9567;396;0;3622;3619;3620;3626;3616;3620;3623;3619;3621;0;0;0;19
$1;1;2318000;2;0;1449;48445;32824;9571;396;0;3621;3618;3619;3626;3615;3619;3623;3619;3621;0;0;0;24
$1;1;2319000;2;0;1472;48431;32831;9575;396;0;3621;3619;3619;3626;3616;3620;3623;3619;3621;0;0;0;26
$1;1;2320000;2;0;1479;48431;32834;9579;396;0;3622;3619;3619;3626;3616;3620;3623;3619;3621;0;0;0;17
$1;1;2321000;2;0;1476;48432;32833;9584;396;0;3621;3619;3619;3626;3616;3620;3623;3619;3621;0;0;0;26
$1;1;2322000;2;0;1442;48451;32822;9588;395;0;3621;3618;3619;3626;3615;3620;3623;3619;3621;0;0;0;22
$1;1;2323000;2;0;1468;48439;32831;9592;395;0;3621;3619;3620;3626;3616;3620;3623;3619;3621;0;0;0;16
$1;1;2324000;2;0;1446;48451;32825;9596;395;0;3621;3619;3619;3626;3615;3620;3623;3619;3621;0;0;0;29
$1;1;2325000;2;0;1450;48449;32826;9600;395;0;3621;3619;3619;3626;3615;3620;3623;3619;3621;0;0;0;29
$1;1;2326000;2;0;1494;48424;32840;9604;395;0;3622;3619;3620;3627;3616;3620;3623;3619;3622;0;0;0;17
$1;1;2327000;2;0;1490;48425;32839;9608;395;0;3622;3619;3620;3627;3616;3620;3623;3619;3622;0;0;0;23
$1;1;2328000;2;0;1498;48415;32843;9612;395;0;3622;3619;3620;3627;3616;3621;3624;3620;3622;0;0;0;25
$1;1;2329000;2;0;1501;48415;32844;9616;394;0;3622;3620;3620;3627;3616;3621;3624;3620;3622;0;0;0;17
$1;1;2330000;2;0;1499;48415;32843;9620;394;0;3622;3619;3620;3627;3616;3621;3624;3620;3622;0;0;0;17
$1;1;2331000;2;0;1498;48419;32843;9624;394;0;3622;3620;3620;3627;3617;3621;3624;3620;3622;0;0;0;18
$1;1;2332000;2;0;1503;48418;32845;9629;394;0;3622;3620;3620;3627;3617;3621;3624;3620;3622;0;0;0;24
$1;1;2333000;2;0;1486;48428;32840;9633;394;0;3622;3619;3620;3627;3616;3620;3624;3620;3622;0;0;0;18
$1;1;2334000;2;0;1485;48430;32839;9637;393;0;3622;3619;3620;3627;3616;3620;3624;3620;3622;0;0;0;18
$1;1;2335000;2;0;1498;48422;32844;9641;394;0;3622;3620;3620;3627;3616;3621;3624;3620;3622;0;0;0;27
$1;1;2336000;2;0;1500;48422;32846;9645;394;0;3623;3620;3620;3627;3617;3621;3624;3620;3623;0;0;0;31
$1;1;2337000;2;0;1499;48423;32846;9649;394;0;3623;3620;3620;3627;3617;3621;3624;3620;3623;0;0;0;18
$1;1;2338000;2;0;1503;48420;32847;9654;395;0;3623;3620;3620;3627;3617;3621;3624;3620;3623;0;0;0;16
$1;1;2339000;2;0;1502;48419;32847;9658;394;0;3623;3620;3620;3627;3617;3621;3624;3620;3623;0;0;0;23
$1;1;2340000;2;0;1499;48420;32847;9662;394;0;3623;3620;3620;3627;3617;3621;3624;3620;3623;0;0;0;25
$1;1;2341000;2;0;1501;48416;32848;9666;394;0;3623;3620;3621;3627;3617;3621;3624;3620;3623;0;0;0;23
$1;1;2342000;2;0;1502;48416;32848;9670;394;0;3623;3620;3621;3627;3617;3621;3624;3620;3623;0;0;0;16
$1;1;2343000;2;0;1498;48420;32848;9674;394;0;3623;3620;3620;3627;3617;3621;3624;3620;3623;0;0;0;19
$1;1;2344000;2;0;1501;48420;32848;9678;394;0;3623;3620;3620;3627;3617;3621;3625;3620;3623;0;0;0;24
$1;1;2345000;2;0;1500;48422;32848;9683;393;0;3623;3620;3621;3627;3617;3621;3625;3620;3623;0;0;0;24
$1;1;2346000;2;0;1500;48423;32849;9687;393;0;3623;3620;3621;3627;3617;3621;3624;3620;3623;0;0;0;30
$1;1;2347000;2;0;1498;48425;32849;9691;393;0;3623;3620;3621;3627;3617;3621;3625;3620;3623;0;0;0;31
$1;1;2348000;2;0;1498;48426;32848;9695;393;0;3623;3620;3621;3627;3617;3621;3625;3620;3623;0;0;0;22
$1;128;2348000;323;137;16;14;14;17;13;14;17;15;17;0;0;0;29
$1;1;2349000;2;0;1497;48425;32849;9699;393;0;3623;3620;3621;3628;3617;3621;3624;3620;3623;0;0;0;24
$1;1;2350000;2;0;1503;48424;32851;9703;393;0;3623;3620;3621;3628;3617;3621;3625;3621;3623;0;0;0;22
$1;1;2351000;2;0;1484;48435;32845;9708;393;0;3623;3620;3621;3627;3617;3621;3624;3620;3623;0;0;0;24
$1;1;2352000;2;0;1498;48428;32851;9712;392;0;3623;3620;3621;3627;3617;3621;3625;3621;3623;0;0;0;21
$1;1;2353000;2;0;1470;48439;32839;9716;392;0;3623;3620;3620;3627;3617;3621;3624;3620;3623;0;0;0;25
$1;1;2354000;2;0;1496;48425;32849;9720;393;0;3623;3620;3621;3627;3617;3621;3625;3620;3623;0;0;0;24
$1;1;2355000;2;0;1499;48422;32852;9724;394;0;3623;3620;3621;3627;3617;3622;3625;3621;3623;0;0;0;26
$1;1;2356000;2;0;1500;48422;32851;9729;393;0;3623;3620;3621;3627;3617;3622;3625;3621;3623;0;0;0;17
$1;1;2357000;2;0;1500;48421;32852;9733;393;0;3623;3620;3621;3628;3617;3622;3625;3621;3623;0;0;0;20
$1;1;2358000;2;0;1500;48419;32853;9737;393;0;3623;3621;3621;3627;3617;3622;3625;3621;3623;0;0;0;27
$1;1;2359000;2;0;1500;48420;32853;9741;393;0;3623;3621;3621;3627;3617;3622;3625;3621;3623;0;0;0;17
$1;1;2360000;2;0;1500;48421;32853;9745;393;0;3623;3621;3621;3627;3617;3622;3625;3621;3623;0;0;0;30
$1;1;2361000;2;0;1500;48420;32853;9749;393;0;3623;3621;3621;3627;3617;3622;3625;3621;3624;0;0;0;21
$1;1;2362000;2;0;1497;48414;32852;9754;393;0;3623;3620;3621;3627;3617;3622;3625;3621;3624;0;0;0;18
$1;1;2363000;2;0;1499;48407;32853;9758;393;0;3623;3621;3621;3627;3617;3622;3625;3621;3624;0;0;0;19
$1;1;2364000;2;0;1501;48405;32854;9762;393;0;3623;3621;3621;3627;3617;3622;3625;3621;3624;0;0;0;24
$1;1;2365000;2;0;1499;48410;32853;9766;392;0;3623;3621;3621;3627;3618;3622;3625;3621;3624;0;0;0;16
$1;1;2366000;2;0;1500;48415;32855;9770;392;0;3624;3621;3621;3627;3618;3622;3625;3621;3623;0;0;0;22
$1;1;2367000;2;0;1500;48421;32855;9774;392;0;3624;3621;3621;3627;3618;3622;3625;3621;3624;0;0;0;19
$1;1;2368000;2;0;1500;48416;32855;9779;392;0;3624;3621;3621;3627;3618;3622;3625;3621;3624;0;0;0;21
$1;1;2369000;2;0;1499;48411;32856;9783;392;0;3624;3621;3621;3628;3618;3622;3625;3621;3624;0;0;0;27
$1;1;2370000;2;0;1501;48405;32857;9787;392;0;3624;3621;3621;3627;3618;3622;3625;3621;3624;0;0;0;28
$1;1;2371000;2;0;1499;48407;32856;9791;392;0;3624;3621;3621;3628;3618;3622;3625;3621;3624;0;0;0;22
$1;1;2372000;2;0;1500;48411;32856;9795;392;0;3624;3621;3621;3627;3618;3622;3625;3621;3624;0;0;0;24
$1;1;2373000;2;0;1501;48402;32857;9799;393;0;3624;3621;3621;3627;3618;3622;3626;3621;3624;0;0;0;21
$1;1;2374000;2;0;1500;48402;32857;9804;393;0;3624;3621;3622;3628;3618;3622;3625;3621;3624;0;0;0;23
$1;1;2375000;2;0;1499;48404;32857;9808;393;0;3624;3621;3622;3628;3618;3622;3625;3621;3624;0;0;0;29
$1;1;2376000;2;0;1498;48403;32857;9812;393;0;3624;3621;3622;3628;3618;3622;3626;3621;3624;0;0;0;16
$1;1;2377000;2;0;1499;48401;32858;9816;392;0;3624;3621;3622;3628;3618;3622;3626;3621;3624;0;0;0;24
$1;1;2378000;2;0;1501;48400;32859;9820;392;0;3624;3621;3622;3628;3618;3622;3625;3622;3624;0;0;0;18
$1;1;2379000;2;0;1501;48401;32859;9824;392;0;3624;3621;3622;3628;3618;3622;3626;3621;3624;0;0;0;22
$1;1;2380000;2;0;1499;48404;32859;9828;392;0;3624;3621;3622;3628;3618;3622;3626;3622;3624;0;0;0;26
$1;1;2381000;2;0;1499;48404;32859;9833;392;0;3624;3621;3622;3628;3618;3622;3626;3622;3624;0;0;0;17
$1;1;2382000;2;0;1498;48404;32858;9837;392;0;3624;3621;3622;3628;3618;3622;3626;3621;3624;0;0;0;21
$1;1;2383000;2;0;1500;48404;32860;9841;392;0;3624;3621;3622;3628;3618;3622;3626;3622;3624;0;0;0;29
$1;1;2384000;2;0;1500;48404;32861;9845;391;0;3624;3621;3622;3628;3618;3623;3626;3622;3624;0;0;0;29
$1;1;2385000;2;0;1501;48404;32861;9849;391;0;3624;3621;3622;3628;3618;3622;3626;3622;3624;0;0;0;16
$1;1;2386000;2;0;1498;48407;32860;9853;391;0;3624;3621;3622;3628;3618;3623;3626;3622;3624;0;0;0;26
$1;1;2387000;2;0;1500;48408;32861;9858;391;0;3624;3622;3622;3628;3618;3622;3626;3622;3625;0;0;0;29
$1;1;2388000;2;0;1500;48407;32861;9862;391;0;3624;3621;3622;3628;3618;3623;3626;3622;3624;0;0;0;23
$1;1;2389000;2;0;1499;48404;32861;9866;391;0;3624;3622;3622;3628;3618;3623;3626;3622;3624;0;0;0;19
$1;1;2390000;2;0;1502;48399;32862;9870;391;0;3624;3622;3622;3628;3618;3623;3626;3622;3624;0;0;0;31
$1;1;2391000;2;0;1498;48409;32861;9874;392;0;3624;3621;3622;3628;3618;3622;3626;3622;3624;0;0;0;20
$1;1;2392000;2;0;1500;48409;32862;9879;392;0;3624;3622;3622;3628;3618;3623;3626;3622;3624;0;0;0;27
$1;1;2393000;2;0;1500;48411;32862;9883;392;0;3624;3622;3622;3628;3618;3623;3626;3622;3624;0;0;0;22
$1;1;2394000;2;0;1499;48415;32863;9887;391;0;3624;3622;3622;3628;3618;3623;3626;3622;3624;0;0;0;18
$1;1;2395000;2;0;1501;48409;32863;9891;392;0;3624;3622;3622;3628;3618;3623;3626;3622;3624;0;0;0;26
$1;1;2396000;2;0;1499;48408;32863;9895;392;0;3624;3622;3622;3628;3618;3623;3626;3622;3625;0;0;0;29
$1;1;2397000;2;0;1499;48409;32863;9899;392;0;3624;3622;3622;3628;3618;3623;3626;3622;3624;0;0;0;16
$1;1;2398000;2;0;1498;48404;32863;9903;391;0;3624;3622;3622;3628;3618;3623;3626;3622;3625;0;0;0;19
$1;1;2399000;2;0;1498;48402;32863;9908;391;0;3624;3622;3622;3628;3618;3623;3626;3622;3625;0;0;0;31
$1;1;2400000;2;0;1490;48404;32860;9911;391;0;3624;3621;3622;3628;3618;3623;3626;3622;3624;0;0;0;31
$1;1;2401000;2;0;1499;48400;32864;9915;391;0;3625;3622;3622;3629;3619;3623;3626;3622;3624;0;0;0;17
$1;1;2402000;2;0;1499;48400;32864;9919;391;0;3625;3622;3622;3629;3619;3623;3626;3622;3624;0;0;0;30
$1;1;2403000;2;0;1477;48412;32857;9923;391;0;3624;3622;3622;3628;3618;3623;3626;3622;3624;0;0;0;20
$1;1;2404000;2;0;1492;48406;32862;9927;390;0;3624;3622;3622;3628;3618;3623;3626;3622;3625;0;0;0;31
$1;1;2405000;2;0;1499;48405;32865;9932;390;0;3625;3622;3622;3628;3619;3623;3626;3622;3625;0;0;0;21
$1;1;2406000;2;0;1500;48404;32865;9936;390;0;3625;3622;3622;3628;3619;3623;3626;3622;3625;0;0;0;18
$1;1;2407000;2;0;1500;48412;32865;9940;390;0;3625;3622;3623;3628;3619;3623;3627;3622;3625;0;0;0;21
$1;1;2408000;2;0;1499;48414;32864;9944;390;0;3625;3622;3623;3628;3619;3623;3626;3622;3625;0;0;0;25
$1;128;2408000;324;139;17;15;14;16;13;15;17;15;17;0;0;0;23
$1;1;2409000;2;0;1498;48412;32865;9948;390;0;3625;3622;3623;3628;3619;3623;3626;3622;3625;0;0;0;18
$1;1;2410000;2;0;1498;48415;32865;9952;391;0;3625;3622;3623;3629;3619;3623;3627;3622;3625;0;0;0;23
$1;1;2411000;2;0;1498;48416;32866;9957;391;0;3625;3622;3623;3629;3619;3623;3627;3622;3625;0;0;0;19
$1;1;2412000;2;0;1499;48417;32866;9961;391;0;3625;3622;3623;3629;3619;3623;3627;3622;3625;0;0;0;21
$1;1;2413000;2;0;1499;48415;32867;9965;391;0;3625;3622;3623;3629;3619;3623;3627;3623;3625;0;0;0;18
$1;1;2414000;2;0;1501;48416;32868;9969;391;0;3625;3622;3623;3629;3619;3624;3627;3623;3625;0;0;0;18
$1;1;2415000;2;0;1500;48417;32868;9973;391;0;3625;3622;3623;3629;3619;3623;3627;3623;3625;0;0;0;31
$1;1;2416000;2;0;1500;48419;32868;9977;391;0;3625;3622;3623;3629;3619;3623;3627;3623;3625;0;0;0;22
$1;1;2417000;2;0;1499;48419;32868;9982;391;0;3625;3622;3623;3629;3619;3623;3627;3623;3625;0;0;0;28
$1;1;2418000;2;0;1501;48418;32869;9986;391;0;3625;3622;3623;3629;3619;3623;3627;3623;3625;0;0;0;23
$1;1;2419000;2;0;1499;48420;32868;9990;391;0;3625;3622;3623;3629;3619;3624;3627;3623;3625;0;0;0;28
$1;1;2420000;2;0;1500;48420;32869;9994;391;0;3625;3622;3623;3629;3619;3624;3627;3623;3625;0;0;0;18
$1;1;2421000;2;0;1499;48420;32869;9998;391;0;3625;3622;3623;3629;3619;3624;3627;3623;3625;0;0;0;30
$1;1;2422000;2;0;1499;48420;32869;10002;391;0;3625;3622;3623;3629;3619;3624;3627;3623;3625;0;0;0;47
$1;1;2423000;2;0;1501;48420;32870;10007;391;0;3625;3622;3623;3629;3619;3624;3627;3623;3625;0;0;0;35
$1;1;2424000;2;0;1499;48418;32870;10011;391;0;3625;3622;3623;3629;3619;3624;3627;3623;3626;0;0;0;43
$1;1;2425000;2;0;1499;48410;32871;10015;391;0;3625;3623;3623;3629;3619;3624;3627;3623;3625;0;0;0;37
$1;1;2426000;2;0;1500;48411;32871;10019;392;0;3625;3623;3623;3629;3619;3624;3627;3623;3626;0;0;0;42
$1;1;2427000;2;0;1498;48412;32870;10023;392;0;3625;3623;3623;3629;3619;3624;3627;3623;3625;0;0;0;35
$1;1;2428000;2;0;1499;48410;32870;10027;393;0;3625;3623;3623;3629;3619;3624;3627;3623;3625;0;0;0;42
$1;1;2429000;2;0;1499;48407;32871;10032;394;0;3625;3623;3623;3629;3619;3624;3627;3623;3625;0;0;0;47
$1;1;2430000;2;0;1499;48408;32871;10036;394;0;3625;3623;3623;3630;3619;3624;3627;3623;3625;0;0;0;36
$1;1;2431000;2;0;1501;48404;32873;10040;395;0;3625;3623;3624;3630;3619;3624;3628;3623;3626;0;0;0;32
$1;1;2432000;2;0;1498;48412;32871;10044;395;0;3625;3623;3623;3630;3619;3624;3628;3623;3625;0;0;0;39
$1;1;2433000;2;0;1499;48409;32872;10048;395;0;3625;3623;3623;3630;3619;3624;3628;3623;3626;0;0;0;33
$1;1;2434000;2;0;1498;48412;32872;10053;396;0;3625;3623;3623;3630;3619;3624;3628;3623;3626;0;0;0;36
$1;1;2435000;2;0;1500;48410;32874;10057;396;0;3626;3623;3624;3630;3619;3624;3628;3623;3626;0;0;0;33
$1;1;2436000;2;0;1498;48415;32873;10061;396;0;3626;3623;3623;3630;3619;3624;3628;3623;3626;0;0;0;34
$1;1;2437000;2;0;1501;48416;32874;10065;397;0;3626;3623;3623;3630;3619;3624;3628;3623;3626;0;0;0;35
$1;1;2438000;2;0;1499;48415;32875;10069;397;0;3626;3623;3623;3630;3619;3624;3628;3623;3626;0;0;0;34
$1;1;2439000;2;0;1498;48419;32874;10073;397;0;3626;3623;3624;3630;3619;3624;3628;3623;3626;0;0;0;35
$1;1;2440000;2;0;1501;48417;32875;10078;398;0;3626;3623;3624;3630;3619;3624;3628;3623;3626;0;0;0;39
$1;1;2441000;2;0;1499;48416;32875;10082;398;0;3626;3623;3624;3630;3620;3624;3628;3623;3626;0;0;0;40
$1;1;2442000;2;0;1499;48417;32875;10086;398;0;3626;3623;3624;3630;3619;3624;3628;3624;3626;0;0;0;35
$1;1;2443000;2;0;1501;48416;32876;10090;399;0;3626;3623;3624;3630;3619;3624;3628;3623;3626;0;0;0;33
$1;1;2444000;2;0;1500;48418;32875;10094;399;0;3626;3623;3623;3630;3619;3624;3628;3624;3626;0;0;0;46
$1;1;2445000;2;0;1499;48419;32875;10098;399;0;3626;3623;3624;3630;3619;3624;3628;3624;3626;0;0;0;36
$1;1;2446000;2;0;1498;48416;32875;10102;400;0;3626;3623;3624;3630;3619;3624;3628;3624;3626;0;0;0;44
$1;1;2447000;2;0;1500;48414;32876;10107;401;0;3626;3623;3624;3630;3620;3625;3628;3624;3626;0;0;0;35
$1;1;2448000;2;0;1500;48416;32876;10111;402;0;3626;3623;3624;3630;3619;3625;3628;3624;3626;0;0;0;32
$1;1;2449000;2;0;1499;48418;32877;10115;402;0;3626;3623;3624;3630;3619;3625;3628;3624;3626;0;0;0;43
$1;1;2450000;2;0;1501;48417;32878;10119;403;0;3626;3623;3624;3630;3620;3624;3628;3624;3626;0;0;0;37
$1;1;2451000;2;0;1499;48418;32877;10123;403;0;3626;3623;3624;3630;3620;3625;3628;3624;3626;0;0;0;44
$1;1;2452000;2;0;1500;48417;32878;10128;404;0;3626;3624;3624;3630;3620;3625;3628;3624;3626;0;0;0;37
$1;1;2453000;2;0;1498;48420;32878;10132;404;0;3626;3623;3624;3630;3620;3625;3629;3624;3626;0;0;0;45
$1;1;2454000;2;0;1500;48419;32879;10136;405;0;3626;3624;3624;3630;3620;3625;3628;3624;3626;0;0;0;34
$1;1;2455000;2;0;1499;48420;32879;10140;405;0;3626;3623;3624;3630;3620;3625;3629;3624;3626;0;0;0;47
$1;1;2456000;2;0;1501;48420;32880;10144;406;0;3626;3624;3624;3631;3620;3625;3629;3624;3626;0;0;0;43
$1;1;2457000;2;0;1498;48421;32879;10148;406;0;3626;3623;3624;3631;3620;3625;3629;3624;3626;0;0;0;39
$1;1;2458000;2;0;1499;48420;32879;10153;406;0;3626;3624;3624;3631;3620;3625;3628;3624;3626;0;0;0;36
$1;1;2459000;2;0;1501;48420;32881;10157;407;0;3626;3624;3624;3630;3620;3625;3629;3624;3627;0;0;0;38
$1;1;2460000;2;0;1499;48421;32881;10161;407;0;3626;3624;3624;3631;3620;3625;3629;3624;3626;0;0;0;40
$1;1;2461000;2;0;1499;48420;32881;10165;407;0;3626;3624;3624;3631;3620;3625;3629;3624;3627;0;0;0;45
$1;1;2462000;2;0;1501;48419;32882;10169;407;0;3626;3624;3624;3631;3620;3625;3629;3624;3626;0;0;0;42
$1;1;2463000;2;0;1498;48418;32881;10173;408;0;3626;3624;3624;3631;3620;3625;3629;3624;3627;0;0;0;45
$1;1;2464000;2;0;1499;48415;32881;10178;409;0;3626;3624;3624;3631;3620;3625;3629;3624;3626;0;0;0;45
$1;1;2465000;2;0;1499;48415;32882;10182;409;0;3626;3624;3624;3631;3620;3625;3629;3624;3627;0;0;0;43
$1;1;2466000;2;0;1500;48414;32883;10186;409;0;3626;3624;3624;3631;3620;3625;3629;3624;3627;0;0;0;45
$1;1;2467000;2;0;1498;48418;32882;10190;410;0;3627;3624;3624;3631;3620;3625;3629;3624;3627;0;0;0;47
$1;1;2468000;2;0;1498;48420;32882;10194;410;0;3627;3624;3624;3631;3620;3625;3629;3624;3627;0;0;0;47
$1;128;2468000;323;139;17;15;14;16;13;15;17;15;17;0;0;0;22
$1;1;2469000;2;0;1499;48420;32883;10198;410;0;3627;3624;3624;3631;3620;3625;3629;3624;3627;0;0;0;34
$1;1;2470000;2;0;1501;48419;32884;10203;410;0;3627;3624;3624;3631;3620;3625;3629;3624;3627;0;0;0;38
$1;1;2471000;2;0;1501;48419;32884;10207;410;0;3627;3624;3624;3631;3620;3625;3629;3624;3627;0;0;0;35
$1;1;2472000;2;0;1500;48420;32884;10211;410;0;3627;3624;3624;3631;3620;3625;3629;3624;3627;0;0;0;44
$1;1;2473000;2;0;1501;48419;32884;10215;410;0;3627;3624;3625;3631;3620;3625;3629;3624;3627;0;0;0;35
$1;1;2474000;2;0;1500;48420;32885;10219;410;0;3627;3624;3624;3631;3620;3625;3629;3624;3627;0;0;0;35
$1;1;2475000;2;0;1500;48421;32885;10223;409;0;3627;3624;3625;3631;3621;3625;3629;3625;3627;0;0;0;35
$1;1;2476000;2;0;1499;48422;32885;10228;409;0;3627;3624;3625;3631;3620;3625;3629;3625;3627;0;0;0;40
$1;1;2477000;2;0;1499;48421;32885;10232;409;0;3627;3624;3625;3631;3620;3625;3629;3624;3627;0;0;0;32
$1;1;2478000;2;0;1501;48421;32886;10236;409;0;3627;3624;3625;3631;3621;3626;3629;3624;3627;0;0;0;42
$1;1;2479000;2;0;1500;48420;32887;10240;410;0;3627;3624;3625;3631;3621;3625;3629;3625;3627;0;0;0;33
$1;1;2480000;2;0;1501;48420;32887;10244;411;0;3627;3624;3625;3631;3621;3625;3629;3625;3627;0;0;0;35
$1;1;2481000;2;0;1500;48420;32887;10248;411;0;3627;3624;3625;3631;3621;3625;3629;3625;3627;0;0;0;47
$1;1;2482000;2;0;1499;48421;32886;10252;410;0;3627;3624;3625;3631;3621;3626;3629;3625;3627;0;0;0;36
$1;1;2483000;2;0;1500;48420;32887;10257;410;0;3627;3625;3625;3631;3621;3626;3630;3625;3627;0;0;0;40
$1;1;2484000;2;0;1500;48420;32887;10261;410;0;3627;3625;3625;3631;3621;3626;3629;3625;3627;0;0;0;34
$1;1;2485000;2;0;1499;48422;32887;10265;410;0;3627;3625;3625;3631;3621;3626;3629;3625;3627;0;0;0;36
$1;1;2486000;2;0;1499;48422;32887;10269;410;0;3627;3624;3625;3631;3621;3626;3629;3625;3627;0;0;0;42
$1;1;2487000;2;0;1500;48422;32887;10273;410;0;3627;3624;3625;3631;3621;3626;3630;3625;3627;0;0;0;41
$1;1;2488000;2;0;1500;48423;32887;10277;409;0;3627;3624;3625;3631;3621;3626;3630;3625;3627;0;0;0;43
$1;1;2489000;2;0;1498;48422;32888;10282;409;0;3627;3625;3625;3631;3621;3626;3630;3625;3628;0;0;0;32
$1;1;2490000;2;0;1500;48420;32889;10286;409;0;3627;3624;3625;3632;3621;3626;3629;3625;3627;0;0;0;42
$1;1;2491000;2;0;1498;48420;32888;10290;409;0;3627;3624;3625;3632;3621;3626;3629;3625;3627;0;0;0;45
$1;1;2492000;2;0;1477;48428;32881;10294;409;0;3627;3624;3625;3631;3621;3625;3629;3625;3627;0;0;0;42
$1;1;2493000;2;0;1496;48411;32887;10298;409;0;3627;3625;3625;3632;3621;3626;3629;3625;3627;0;0;0;37
$1;1;2494000;2;0;1474;48418;32880;10302;409;0;3627;3624;3625;3631;3621;3625;3629;3624;3627;0;0;0;34
$1;1;2495000;2;0;1495;48404;32887;10307;409;0;3627;3624;3625;3632;3621;3626;3629;3625;3627;0;0;0;34
$1;1;2496000;2;0;1499;48399;32888;10311;409;0;3627;3624;3625;3632;3621;3626;3630;3625;3627;0;0;0;46
$1;1;2497000;2;0;1499;48403;32889;10315;409;0;3627;3625;3625;3632;3621;3626;3630;3625;3627;0;0;0;47
$1;1;2498000;2;0;1449;48430;32873;10319;409;0;3626;3624;3624;3631;3620;3625;3629;3624;3627;0;0;0;45
$1;1;2499000;2;0;1496;48406;32888;10323;409;0;3627;3624;3625;3632;3621;3626;3629;3625;3627;0;0;0;38
$1;1;2500000;2;0;1474;48416;32881;10328;409;0;3627;3624;3625;3631;3621;3625;3629;3625;3627;0;0;0;40
$1;1;2501000;2;0;1500;48397;32889;10332;409;0;3627;3624;3625;3632;3621;3626;3629;3625;3627;0;0;0;38
$1;1;2502000;2;0;1474;48415;32882;10336;408;0;3627;3624;3625;3632;3621;3625;3629;3625;3627;0;0;0;39
$1;1;2503000;2;0;1497;48403;32889;10340;408;0;3627;3625;3625;3632;3621;3626;3630;3625;3628;0;0;0;35
$1;1;2504000;2;0;1456;48423;32875;10344;408;0;3627;3624;3625;3631;3621;3625;3629;3624;3627;0;0;0;43
$1;1;2505000;2;0;1473;48410;32882;10349;407;0;3627;3624;3625;3632;3621;3625;3629;3625;3627;0;0;0;37
$1;1;2506000;2;0;1488;48403;32887;10353;407;0;3627;3624;3625;3632;3621;3626;3629;3625;3627;0;0;0;45
$1;1;2507000;2;0;1489;48405;32887;10357;407;0;3627;3624;3625;3632;3621;3626;3629;3625;3627;0;0;0;47
$1;1;2508000;2;0;1498;48404;32891;10361;407;0;3628;3625;3625;3632;3621;3626;3630;3625;3628;0;0;0;42
$1;1;2509000;2;0;1499;48406;32892;10365;406;0;3628;3625;3625;3632;3621;3626;3630;3625;3628;0;0;0;46
$1;1;2510000;2;0;1499;48403;32891;10370;407;0;3628;3625;3625;3633;3621;3626;3630;3625;3628;0;0;0;36
$1;1;2511000;2;0;1449;48427;32875;10374;407;0;3627;3624;3625;3632;3621;3626;3629;3625;3627;0;0;0;40
$1;1;2512000;2;0;1481;48420;32886;10378;407;0;3627;3624;3625;3632;3621;3626;3629;3625;3627;0;0;0;40
$1;1;2513000;2;0;1451;48425;32876;10382;407;0;3627;3624;3625;3632;3621;3625;3629;3625;3627;0;0;0;40
$1;1;2514000;2;0;1498;48401;32891;10386;407;0;3628;3625;3625;3632;3621;3626;3630;3625;3628;0;0;0;43
$1;1;2515000;2;0;1501;48402;32893;10390;407;0;3628;3625;3625;3632;3622;3626;3630;3625;3628;0;0;0;46
$1;1;2516000;2;0;1465;48418;32882;10394;406;0;3627;3624;3625;3632;3621;3626;3629;3625;3627;0;0;0;42
$1;1;2517000;2;0;1489;48404;32890;10398;406;0;3628;3625;3625;3632;3622;3626;3630;3625;3628;0;0;0;33
$1;1;2518000;2;0;1447;48423;32875;10402;406;0;3627;3625;3625;3632;3621;3625;3629;3625;3627;0;0;0;46
$1;1;2519000;2;0;1474;48409;32885;10406;406;0;3627;3625;3625;3632;3621;3626;3629;3625;3628;0;0;0;32
$1;1;2520000;2;0;1495;48400;32892;10411;406;0;3628;3625;3625;3632;3621;3626;3630;3625;3628;0;0;0;43
$1;1;2521000;2;0;1491;48415;32890;10415;405;0;3628;3625;3625;3632;3621;3626;3630;3625;3628;0;0;0;47
$1;1;2522000;2;0;1498;48412;32894;10419;405;0;3628;3625;3626;3633;3622;3626;3630;3625;3628;0;0;0;43
$1;1;2523000;2;0;1499;48412;32894;10423;405;0;3628;3625;3626;3633;3622;3626;3630;3625;3628;0;0;0;34
$1;1;2524000;2;0;1466;48427;32884;10427;404;0;3627;3625;3626;3632;3621;3626;3629;3625;3628;0;0;0;34
$1;1;2525000;2;0;1477;48418;32887;10431;404;0;3628;3625;3625;3632;3622;3626;3630;3625;3628;0;0;0;44
$1;1;2526000;2;0;1498;48402;32895;10435;405;0;3628;3625;3626;3633;3622;3626;3630;3625;3628;0;0;0;33
$1;1;2527000;2;0;1499;48406;32896;10439;405;0;3628;3625;3626;3633;3622;3627;3630;3626;3628;0;0;0;40
$1;1;2528000;2;0;1465;48424;32885;10444;405;0;3628;3625;3625;3632;3621;3626;3630;3625;3628;0;0;0;47
$1;128;2528000;327;139;16;15;14;16;13;15;17;15;18;0;0;0;25
$1;1;2529000;2;0;1496;48411;32895;10448;405;0;3628;3625;3626;3633;3622;3626;3630;3626;3628;0;0;0;43
$1;1;2530000;2;0;1449;48435;32879;10452;404;0;3627;3625;3625;3632;3621;3626;3629;3625;3627;0;0;0;37
$1;1;2531000;2;0;1477;48419;32888;10456;404;0;3628;3625;3625;3632;3622;3626;3630;3625;3628;0;0;0;38
$1;1;2532000;2;0;1497;48411;32897;10460;404;0;3628;3625;3626;3633;3622;3627;3630;3626;3628;0;0;0;40
$1;1;2533000;2;0;1479;48419;32890;10465;404;0;3628;3625;3626;3632;3622;3626;3630;3625;3628;0;0;0;32
$1;1;2534000;2;0;1498;48411;32897;10469;404;0;3628;3625;3626;3633;3622;3627;3630;3626;3629;0;0;0;41
$1;1;2535000;2;0;1491;48414;32894;10473;403;0;3628;3625;3626;3633;3622;3627;3630;3626;3628;0;0;0;42
$1;1;2536000;2;0;1473;48425;32888;10477;403;0;3628;3625;3626;3632;3622;3626;3630;3625;3628;0;0;0;45
$1;1;2537000;2;0;1498;48413;32897;10481;403;0;3628;3625;3626;3633;3622;3627;3630;3626;3628;0;0;0;40
$1;1;2538000;2;0;1504;48411;32899;10485;402;0;3628;3625;3626;3633;3622;3627;3630;3626;3629;0;0;0;43
$1;1;2539000;2;0;1501;48413;32899;10489;402;0;3628;3626;3626;3633;3622;3627;3630;3626;3629;0;0;0;34
$1;1;2540000;2;0;1482;48424;32893;10493;402;0;3628;3625;3626;3632;3622;3626;3630;3626;3628;0;0;0;33
$1;1;2541000;2;0;1443;48444;32880;10497;401;0;3628;3625;3626;3632;3622;3626;3629;3625;3627;0;0;0;42
$1;1;2542000;2;0;1489;48421;32896;10501;401;0;3628;3625;3626;3633;3622;3627;3630;3626;3628;0;0;0;33
$1;1;2543000;2;0;1450;48438;32882;10506;402;0;3627;3625;3625;3632;3622;3626;3629;3625;3628;0;0;0;42
$1;1;2544000;2;0;1485;48420;32894;10509;402;0;3628;3625;3626;3632;3622;3626;3630;3626;3628;0;0;0;35
$1;1;2545000;2;0;1439;48444;32879;10513;402;0;3627;3625;3625;3632;3621;3626;3629;3625;3628;0;0;0;43
$1;1;2546000;2;0;1476;48426;32891;10518;402;0;3628;3625;3626;3632;3622;3627;3630;3626;3628;0;0;0;47
$1;1;2547000;2;0;1453;48438;32885;10522;402;0;3628;3625;3626;3632;3622;3626;3630;3625;3628;0;0;0;40
$1;1;2548000;2;0;1426;48449;32876;10526;402;0;3627;3625;3625;3632;3621;3626;3629;3625;3627;0;0;0;35
$1;1;2549000;2;0;1426;48450;32875;10530;402;0;3627;3625;3625;3632;3621;3626;3629;3625;3627;0;0;0;46
$1;1;2550000;2;0;1446;48443;32882;10534;401;0;3627;3625;3625;3632;3621;3626;3629;3625;3628;0;0;0;34
$1;1;2551000;2;0;1427;48450;32877;10538;401;0;3627;3625;3625;3632;3621;3626;3629;3625;3627;0;0;0;47
$1;1;2552000;2;0;1491;48420;32898;10542;401;0;3628;3625;3626;3633;3622;3627;3630;3626;3628;0;0;0;33
$1;1;2553000;2;0;1476;48427;32893;10546;401;0;3628;3625;3626;3633;3622;3626;3630;3626;3628;0;0;0;32
$1;1;2554000;2;0;1447;48442;32885;10550;400;0;3628;3625;3626;3633;3622;3627;3630;3626;3628;0;0;0;38
$1;1;2555000;2;0;1443;48443;32884;10554;400;0;3628;3625;3626;3632;3622;3626;3629;3625;3628;0;0;0;44
$1;1;2556000;2;0;1453;48435;32887;10558;400;0;3628;3625;3626;3633;3622;3626;3630;3626;3628;0;0;0;42
$1;1;2557000;2;0;1449;48439;32886;10562;400;0;3628;3625;3626;3633;3622;3626;3630;3626;3628;0;0;0;36
$1;1;2558000;2;0;1462;48432;32889;10567;400;0;3628;3625;3626;3633;3622;3626;3630;3626;3628;0;0;0;35
$1;1;2559000;2;0;1463;48428;32891;10571;399;0;3628;3625;3626;3633;3622;3626;3630;3626;3628;0;0;0;33
$1;1;2560000;2;0;1454;48435;32887;10575;400;0;3628;3625;3626;3632;3622;3627;3630;3626;3628;0;0;0;39
$1;1;2561000;2;0;1464;48431;32891;10579;400;0;3628;3625;3626;3633;3622;3627;3630;3626;3628;0;0;0;43
$1;1;2562000;2;0;1437;48443;32882;10583;400;0;3628;3625;3626;3633;3622;3626;3630;3625;3628;0;0;0;46
$1;1;2563000;2;0;1472;48427;32893;10587;400;0;3628;3626;3626;3633;3622;3627;3630;3626;3628;0;0;0;41
$1;1;2564000;2;0;1459;48434;32890;10591;400;0;3628;3625;3626;3633;3622;3627;3630;3626;3628;0;0;0;34
$1;1;2565000;2;0;1453;48438;32888;10596;399;0;3628;3625;3626;3633;3622;3627;3630;3626;3628;0;0;0;44
$1;1;2566000;2;0;1421;48455;32877;10600;399;0;3628;3625;3626;3632;3622;3626;3629;3625;3628;0;0;0;38
$1;1;2567000;2;0;1422;48454;32878;10604;399;0;3628;3625;3626;3632;3622;3626;3629;3625;3628;0;0;0;46
$1;1;2568000;2;0;1474;48429;32896;10608;399;0;3628;3626;3626;3633;3622;3627;3630;3626;3629;0;0;0;45
$1;1;2569000;2;0;1498;48415;32904;10612;399;0;3629;3626;3627;3633;3623;3627;3631;3626;3629;0;0;0;32
$1;1;2570000;2;0;1501;48413;32906;10616;399;0;3629;3626;3627;3633;3623;3627;3631;3627;3630;0;0;0;32
$1;1;2571000;2;0;1437;48444;32885;10621;398;0;3628;3625;3626;3633;3622;3627;3630;3626;3628;0;0;0;35
$1;1;2572000;2;0;1492;48418;32903;10625;398;0;3629;3626;3627;3634;3623;3627;3631;3627;3629;0;0;0;41
$1;1;2573000;2;0;1457;48436;32892;10629;398;0;3628;3625;3626;3633;3623;3627;3630;3626;3629;0;0;0;44
$1;1;2574000;2;0;1443;48444;32888;10633;398;0;3628;3626;3626;3633;3623;3627;3630;3626;3629;0;0;0;40
$1;1;2575000;2;0;1418;48458;32880;10637;398;0;3628;3625;3626;3633;3622;3626;3630;3625;3628;0;0;0;39
$1;1;2576000;2;0;1459;48435;32893;10641;399;0;3628;3626;3626;3633;3623;3627;3630;3626;3629;0;0;0;41
$1;1;2577000;2;0;1486;48419;32901;10645;399;0;3629;3626;3627;3634;3623;3627;3631;3627;3629;0;0;0;45
$1;1;2578000;2;0;1493;48413;32904;10649;399;0;3629;3626;3627;3634;3623;3628;3631;3627;3629;0;0;0;42
$1;1;2579000;2;0;1483;48418;32901;10653;398;0;3629;3626;3627;3633;3623;3627;3631;3627;3629;0;0;0;38
$1;1;2580000;2;0;1497;48412;32907;10658;398;0;3629;3626;3627;3634;3623;3628;3631;3627;3629;0;0;0;42
$1;1;2581000;2;0;1499;48412;32907;10662;398;0;3629;3626;3627;3634;3623;3628;3631;3627;3630;0;0;0;36
$1;1;2582000;2;0;1471;48426;32899;10666;398;0;3629;3626;3627;3633;3623;3627;3631;3627;3629;0;0;0;36
$1;1;2583000;2;0;1453;48437;32893;10669;398;0;3629;3626;3626;3633;3623;3627;3630;3626;3629;0;0;0;33
$1;1;2584000;2;0;1476;48425;32900;10673;398;0;3629;3626;3627;3634;3623;3627;3631;3626;3629;0;0;0;37
$1;1;2585000;2;0;1474;48426;32900;10677;398;0;3629;3626;3627;3633;3623;3627;3631;3626;3629;0;0;0;38
$1;1;2586000;2;0;1496;48416;32907;10682;397;0;3630;3626;3627;3634;3623;3628;3631;3627;3630;0;0;0;33
$1;1;2587000;2;0;1452;48438;32893;10686;397;0;3629;3626;3627;3633;3623;3627;3631;3626;3629;0;0;0;37
$1;1;2588000;2;0;1494;48418;32908;10690;397;0;3630;3627;3627;3634;3623;3628;3631;3627;3630;0;0;0;46
$1;128;2588000;322;137;16;15;14;16;12;15;17;15;17;0;0;0;22
$1;1;2589000;2;0;1499;48414;32910;10694;397;0;3630;3626;3627;3634;3623;3628;3631;3627;3630;0;0;0;34
$1;1;2590000;2;0;1498;48415;32911;10698;396;0;3630;3627;3627;3634;3624;3628;3631;3627;3630;0;0;0;32
$1;1;2591000;2;0;1437;48445;32890;10703;396;0;3629;3626;3626;3633;3623;3627;3631;3626;3629;0;0;0;36
$1;1;2592000;2;0;1447;48439;32893;10707;396;0;3629;3626;3627;3634;3623;3627;3631;3626;3629;0;0;0;42
$1;1;2593000;2;0;1489;48418;32907;10711;396;0;3630;3626;3627;3634;3624;3627;3631;3627;3630;0;0;0;39
$1;1;2594000;2;0;1486;48418;32906;10715;396;0;3629;3626;3627;3634;3623;3628;3631;3627;3630;0;0;0;42
$1;1;2595000;2;0;1444;48439;32893;10719;397;0;3629;3626;3627;3634;3623;3627;3631;3626;3629;0;0;0;32
$1;1;2596000;2;0;1451;48435;32895;10723;397;0;3629;3626;3627;3634;3623;3628;3631;3627;3629;0;0;0;42
$1;1;2597000;2;0;1413;48455;32884;10727;397;0;3628;3626;3626;3633;3623;3627;3630;3626;3628;0;0;0;38
$1;1;2598000;2;0;1454;48435;32898;10732;397;0;3629;3626;3627;3634;3623;3627;3631;3627;3629;0;0;0;35
$1;1;2599000;2;0;1482;48419;32907;10736;396;0;3630;3627;3627;3634;3624;3628;3631;3627;3630;0;0;0;44
$1;1;2600000;2;0;1499;48411;32911;10740;396;0;3630;3627;3627;3635;3624;3628;3632;3627;3630;0;0;0;41
$1;1;2601000;2;0;1478;48422;32905;10744;396;0;3630;3627;3627;3635;3623;3628;3631;3627;3630;0;0;0;34
$1;1;2602000;2;0;1470;48427;32903;10748;396;0;3629;3627;3627;3634;3623;3628;3631;3627;3630;0;0;0;47
$1;1;2603000;2;0;1449;48433;32898;10752;395;0;3629;3626;3627;3634;3623;3628;3631;3627;3629;0;0;0;35
$1;1;2604000;2;0;1437;48432;32894;10756;395;0;3629;3626;3627;3633;3623;3627;3631;3627;3629;0;0;0;44
$1;1;2605000;2;0;1492;48408;32912;10760;395;0;3630;3627;3627;3635;3624;3628;3632;3627;3630;0;0;0;45
$1;1;2606000;2;0;1446;48437;32897;10765;395;0;3629;3627;3627;3634;3623;3628;3631;3627;3629;0;0;0;39
$1;1;2607000;2;0;1422;48442;32889;10769;395;0;3629;3626;3627;3633;3623;3627;3630;3627;3629;0;0;0;45
$1;1;2608000;2;0;1456;48424;32899;10773;395;0;3629;3626;3627;3634;3623;3628;3631;3627;3630;0;0;0;42
$1;1;2609000;2;0;1476;48419;32907;10777;395;0;3630;3627;3627;3634;3624;3628;3631;3627;3630;0;0;0;43
$1;1;2610000;2;0;1497;48412;32914;10781;394;0;3630;3627;3628;3635;3624;3629;3632;3628;3630;0;0;0;46
$1;1;2611000;2;0;1498;48412;32915;10785;395;0;3630;3627;3628;3635;3624;3629;3632;3628;3630;0;0;0;36
$1;1;2612000;2;0;1444;48436;32897;10790;395;0;3629;3627;3627;3633;3623;3628;3631;3627;3629;0;0;0;44
$1;1;2613000;2;0;1487;48410;32911;10793;395;0;3630;3627;3628;3634;3624;3628;3632;3628;3630;0;0;0;41
$1;1;2614000;2;0;1430;48441;32893;10798;395;0;3629;3626;3627;3634;3623;3628;3631;3627;3629;0;0;0;35
$1;1;2615000;2;0;1444;48437;32898;10802;395;0;3629;3627;3627;3634;3623;3628;3631;3627;3629;0;0;0;38
$1;1;2616000;2;0;1494;48405;32915;10806;395;0;3630;3627;3628;3634;3624;3628;3632;3628;3631;0;0;0;44
$1;1;2617000;2;0;1476;48419;32910;10810;395;0;3630;3627;3628;3634;3624;3628;3632;3627;3630;0;0;0;32
$1;1;2618000;2;0;1459;48428;32904;10814;395;0;3630;3627;3628;3634;3624;3628;3632;3627;3630;0;0;0;33
$1;1;2619000;2;0;1438;48441;32897;10818;394;0;3629;3627;3627;3634;3623;3628;3631;3627;3630;0;0;0;45
$1;1;2620000;2;0;1477;48420;32911;10823;394;0;3630;3627;3628;3635;3624;3628;3632;3628;3630;0;0;0;33
$1;1;2621000;2;0;1442;48440;32899;10827;394;0;3630;3627;3627;3635;3624;3628;3631;3627;3630;0;0;0;38
$1;1;2622000;2;0;1444;48441;32899;10831;394;0;3630;3627;3627;3634;3624;3628;3631;3627;3629;0;0;0;44
$1;1;2623000;2;0;1455;48436;32903;10835;394;0;3630;3627;3627;3634;3624;3628;3631;3627;3630;0;0;0;35
$1;1;2624000;2;0;1459;48435;32904;10839;393;0;3630;3627;3627;3634;3624;3628;3631;3627;3630;0;0;0;39
$1;1;2625000;2;0;1462;48435;32906;10843;393;0;3630;3627;3628;3634;3624;3628;3632;3627;3630;0;0;0;45
$1;1;2626000;2;0;1458;48433;32905;10847;393;0;3630;3627;3628;3634;3624;3628;3632;3627;3630;0;0;0;38
$1;1;2627000;2;0;1452;48435;32903;10851;393;0;3630;3627;3628;3634;3624;3628;3632;3627;3630;0;0;0;42
$1;1;2628000;2;0;1495;48413;32919;10855;393;0;3631;3628;3628;3635;3624;3629;3632;3628;3631;0;0;0;37
$1;1;2629000;2;0;1499;48408;32919;10859;393;0;3631;3628;3628;3636;3624;3629;3632;3628;3631;0;0;0;45
$1;1;2630000;2;0;1450;48431;32903;10863;393;0;3630;3627;3628;3634;3624;3628;3632;3628;3630;0;0;0;36
$1;1;2631000;2;0;1493;48409;32918;10867;393;0;3631;3628;3628;3635;3625;3629;3632;3628;3631;0;0;0;33
$1;1;2632000;2;0;1477;48417;32913;10872;393;0;3630;3628;3628;3634;3625;3629;3632;3628;3631;0;0;0;40
$1;1;2633000;2;0;1497;48404;32921;10876;393;0;3631;3628;3628;3635;3625;3629;3633;3628;3631;0;0;0;33
$1;1;2634000;2;0;1498;48403;32922;10880;393;0;3631;3628;3628;3635;3625;3629;3633;3628;3631;0;0;0;36
$1;1;2635000;2;0;1499;48406;32923;10884;393;0;3631;3628;3629;3635;3625;3629;3632;3629;3631;0;0;0;37
$1;1;2636000;2;0;1499;48406;32923;10888;393;0;3631;3628;3629;3635;3625;3629;3633;3628;3631;0;0;0;42
$1;1;2637000;2;0;1482;48416;32916;10892;393;0;3631;3628;3628;3635;3624;3629;3632;3628;3631;0;0;0;44
$1;1;2638000;2;0;1501;48407;32923;10897;393;0;3631;3628;3629;3635;3625;3629;3633;3629;3631;0;0;0;42
$1;1;2639000;2;0;1447;48436;32906;10901;393;0;3630;3627;3628;3635;3624;3629;3632;3628;3630;0;0;0;44
$1;1;2640000;2;0;1493;48413;32922;10905;393;0;3631;3628;3629;3636;3625;3629;3632;3628;3631;0;0;0;34
$1;1;2641000;2;0;1498;48410;32923;10909;392;0;3631;3628;3629;3635;3625;3629;3633;3629;3631;0;0;0;36
$1;1;2642000;2;0;1450;48434;32907;10913;392;0;3630;3628;3628;3635;3624;3629;3632;3628;3630;0;0;0;40
$1;1;2643000;2;0;1495;48413;32923;10917;392;0;3631;3628;3629;3635;3625;3629;3633;3629;3632;0;0;0;36
$1;1;2644000;2;0;1499;48411;32925;10921;392;0;3631;3628;3629;3635;3625;3630;3633;3629;3632;0;0;0;38
$1;1;2645000;2;0;1498;48412;32924;10926;392;0;3631;3628;3629;3635;3625;3630;3633;3629;3631;0;0;0;32
$1;1;2646000;2;0;1500;48411;32925;10930;392;0;3631;3628;3629;3635;3625;3630;3633;3629;3632;0;0;0;37
$1;1;2647000;2;0;1478;48422;32918;10934;391;0;3631;3628;3628;3635;3625;3629;3633;3628;3631;0;0;0;40
$1;1;2648000;2;0;1496;48410;32925;10938;392;0;3631;3628;3629;3635;3625;3630;3633;3629;3632;0;0;0;44
$1;128;2648000;321;137;16;15;14;16;12;15;17;15;17;0;0;0;26
$1;1;2649000;2;0;1499;48404;32926;10942;393;0;3631;3628;3629;3635;3625;3630;3633;3629;3632;0;0;0;40
$1;1;2650000;2;0;1500;48398;32927;10946;393;0;3631;3629;3629;3635;3625;3630;3633;3629;3632;0;0;0;39
$1;1;2651000;2;0;1500;48403;32927;10951;392;0;3632;3629;3629;3635;3625;3630;3633;3629;3632;0;0;0;39
$1;1;2652000;2;0;1500;48404;32928;10955;392;0;3632;3629;3629;3635;3625;3630;3633;3629;3632;0;0;0;40
$1;1;2653000;2;0;1500;48404;32928;10959;392;0;3632;3629;3629;3635;3625;3630;3633;3629;3632;0;0;0;37
$1;1;2654000;2;0;1498;48404;32927;10963;392;0;3631;3629;3629;3635;3625;3630;3633;3629;3632;0;0;0;39
$1;1;2655000;2;0;1500;48405;32929;10967;392;0;3632;3629;3629;3635;3626;3630;3633;3629;3632;0;0;0;45
$1;1;2656000;2;0;1499;48406;32928;10971;392;0;3632;3629;3629;3635;3626;3630;3633;3629;3632;0;0;0;42
$1;1;2657000;2;0;1500;48406;32929;10976;392;0;3632;3629;3629;3635;3625;3630;3633;3629;3632;0;0;0;47
$1;1;2658000;2;0;1500;48406;32929;10980;392;0;3632;3628;3630;3635;3626;3630;3633;3629;3632;0;0;0;35
$1;1;2659000;2;0;1499;48406;32929;10984;391;0;3632;3629;3629;3635;3626;3630;3633;3629;3632;0;0;0;45
$1;1;2660000;2;0;1498;48405;32929;10988;391;0;3632;3629;3629;3635;3626;3630;3634;3629;3632;0;0;0;46
$1;1;2661000;2;0;1499;48407;32931;10992;391;0;3632;3629;3630;3636;3626;3630;3633;3629;3632;0;0;0;34
$1;1;2662000;2;0;1499;48408;32931;10996;391;0;3632;3629;3630;3636;3626;3630;3634;3629;3632;0;0;0;45
$1;1;2663000;2;0;1500;48408;32930;11001;391;0;3632;3629;3630;3636;3626;3630;3634;3629;3632;0;0;0;42
$1;1;2664000;2;0;1499;48409;32931;11005;391;0;3632;3629;3630;3636;3626;3630;3634;3629;3632;0;0;0;40
$1;1;2665000;2;0;1498;48410;32931;11009;390;0;3632;3629;3629;3636;3626;3630;3634;3629;3632;0;0;0;37
$1;1;2666000;2;0;1499;48410;32932;11013;390;0;3632;3629;3630;3636;3626;3630;3634;3630;3632;0;0;0;47
$1;1;2667000;2;0;1498;48407;32932;11017;391;0;3632;3629;3630;3636;3626;3630;3634;3630;3632;0;0;0;44
$1;1;2668000;2;0;1499;48407;32932;11021;391;0;3632;3629;3630;3636;3626;3631;3634;3630;3632;0;0;0;38
$1;1;2669000;2;0;1499;48406;32933;11026;392;0;3632;3629;3630;3636;3626;3631;3634;3630;3633;0;0;0;34
$1;1;2670000;2;0;1498;48406;32933;11030;391;0;3632;3629;3630;3636;3626;3631;3634;3630;3632;0;0;0;46
$1;1;2671000;2;0;1498;48406;32933;11034;391;0;3632;3629;3630;3636;3626;3630;3634;3630;3632;0;0;0;42
$1;1;2672000;2;0;1500;48405;32935;11038;391;0;3632;3629;3630;3636;3626;3631;3634;3630;3632;0;0;0;33
$1;1;2673000;2;0;1499;48406;32933;11042;391;0;3632;3629;3630;3636;3626;3631;3634;3630;3633;0;0;0;40
$1;1;2674000;2;0;1501;48405;32935;11047;391;0;3632;3629;3630;3636;3626;3631;3634;3630;3633;0;0;0;47
$1;1;2675000;2;0;1499;48406;32935;11051;391;0;3632;3629;3630;3636;3626;3631;3634;3630;3632;0;0;0;43
$1;1;2676000;2;0;1501;48406;32935;11055;391;0;3632;3629;3630;3636;3626;3631;3634;3630;3633;0;0;0;45
$1;1;2677000;2;0;1498;48409;32935;11059;391;0;3632;3630;3630;3636;3626;3631;3634;3630;3633;0;0;0;38
$1;1;2678000;2;0;1498;48408;32935;11063;390;0;3632;3630;3630;3636;3626;3631;3634;3630;3633;0;0;0;32
$1;1;2679000;2;0;1498;48408;32935;11067;391;0;3632;3629;3630;3636;3626;3631;3634;3630;3633;0;0;0;44
$1;1;2680000;2;0;1498;48406;32935;11071;390;0;3632;3629;3630;3636;3626;3631;3634;3630;3633;0;0;0;34
$1;1;2681000;2;0;1501;48404;32936;11076;390;0;3633;3629;3630;3636;3626;3631;3634;3630;3633;0;0;0;37
$1;1;2682000;2;0;1498;48405;32936;11080;390;0;3632;3629;3630;3636;3626;3631;3634;3630;3633;0;0;0;46
$1;1;2683000;2;0;1501;48406;32937;11084;390;0;3633;3630;3630;3636;3627;3631;3634;3630;3633;0;0;0;32
$1;1;2684000;2;0;1501;48408;32937;11088;390;0;3633;3630;3630;3636;3626;3631;3634;3630;3633;0;0;0;36
$1;1;2685000;2;0;1500;48407;32936;11092;390;0;3633;3630;3630;3636;3626;3631;3634;3630;3633;0;0;0;33
$1;1;2686000;2;0;1500;48404;32936;11097;391;0;3633;3630;3630;3636;3627;3631;3634;3630;3633;0;0;0;36
$1;1;2687000;2;0;1499;48404;32937;11101;391;0;3633;3630;3630;3636;3626;3631;3634;3630;3633;0;0;0;42
$1;1;2688000;2;0;1499;48406;32936;11105;391;0;3633;3630;3630;3636;3626;3631;3634;3630;3633;0;0;0;34
$1;1;2689000;2;0;1500;48405;32937;11109;390;0;3633;3630;3630;3636;3626;3631;3634;3630;3633;0;0;0;45
$1;1;2690000;2;0;1499;48406;32937;11113;390;0;3633;3630;3630;3636;3626;3631;3634;3630;3633;0;0;0;44
$1;1;2691000;2;0;1499;48408;32938;11117;390;0;3633;3630;3630;3636;3626;3631;3634;3630;3633;0;0;0;40
$1;1;2692000;2;0;1498;48408;32938;11121;390;0;3633;3630;3630;3636;3627;3631;3634;3630;3633;0;0;0;46
$1;1;2693000;2;0;1499;48407;32938;11126;390;0;3633;3630;3631;3636;3627;3631;3634;3631;3633;0;0;0;38
$1;1;2694000;2;0;1501;48405;32939;11130;389;0;3633;3630;3630;3636;3626;3631;3634;3631;3633;0;0;0;45
$1;1;2695000;2;0;1499;48407;32939;11134;389;0;3633;3630;3631;3636;3627;3631;3634;3630;3633;0;0;0;43
$1;1;2696000;2;0;1501;48407;32939;11138;389;0;3633;3630;3630;3637;3627;3631;3635;3630;3633;0;0;0;37
$1;1;2697000;2;0;1498;48410;32939;11142;389;0;3633;3630;3631;3637;3627;3631;3635;3630;3633;0;0;0;47
$1;1;2698000;2;0;1501;48408;32940;11146;389;0;3633;3630;3631;3637;3627;3631;3635;3631;3633;0;0;0;35
$1;1;2699000;2;0;1501;48408;32940;11151;389;0;3633;3630;3631;3637;3627;3631;3635;3631;3633;0;0;0;36
$1;1;2700000;2;0;1499;48409;32940;11155;389;0;3633;3630;3631;3637;3627;3631;3635;3631;3633;0;0;0;32
$1;1;2701000;2;0;1499;48410;32941;11159;389;0;3633;3630;3631;3637;3627;3631;3635;3631;3633;0;0;0;36
$1;1;2702000;2;0;1500;48410;32941;11163;389;0;3633;3630;3631;3637;3627;3631;3635;3631;3633;0;0;0;47
$1;1;2703000;2;0;1501;48410;32942;11167;389;0;3633;3630;3631;3637;3627;3631;3635;3631;3634;0;0;0;47
$1;1;2704000;2;0;1499;48408;32942;11171;390;0;3633;3630;3631;3637;3627;3632;3635;3631;3633;0;0;0;42
$1;1;2705000;2;0;1500;48407;32941;11175;390;0;3633;3630;3631;3637;3627;3631;3635;3631;3633;0;0;0;33
$1;1;2706000;2;0;1498;48408;32942;11180;391;0;3633;3630;3631;3637;3627;3631;3635;3631;3633;0;0;0;37
$1;1;2707000;2;0;1500;48406;32943;11184;391;0;3633;3630;3631;3637;3627;3632;3635;3631;3633;0;0;0;44
$1;1;2708000;2;0;1500;48406;32943;11188;391;0;3633;3630;3631;3637;3627;3632;3635;3631;3633;0;0;0;47
$1;1;2709000;2;0;1498;48408;32942;11192;391;0;3633;3630;3631;3637;3627;3632;3635;3631;3634;0;0;0;45
$1;128;2709000;321;138;17;15;14;16;12;15;17;15;17;0;0;0;16
$1;1;2710000;2;0;1501;48405;32944;11196;392;0;3633;3630;3631;3637;3627;3632;3635;3631;3634;0;0;0;40
$1;1;2711000;2;0;1498;48405;32943;11201;392;0;3633;3631;3631;3637;3627;3632;3635;3631;3634;0;0;0;35
$1;1;2712000;2;0;1500;48406;32944;11205;392;0;3633;3630;3631;3637;3627;3632;3635;3631;3634;0;0;0;33
$1;1;2713000;2;0;1501;48404;32945;11209;392;0;3633;3631;3631;3637;3627;3632;3635;3631;3634;0;0;0;47
$1;1;2714000;2;0;1498;48402;32943;11213;392;0;3633;3631;3631;3637;3627;3632;3636;3631;3634;0;0;0;33
$1;1;2715000;2;0;1498;48402;32944;11217;393;0;3633;3631;3631;3637;3627;3632;3636;3631;3634;0;0;0;34
$1;1;2716000;2;0;1500;48404;32946;11221;393;0;3634;3631;3631;3637;3627;3632;3636;3631;3634;0;0;0;39
$1;1;2717000;2;0;1499;48404;32946;11226;393;0;3634;3630;3631;3637;3627;3632;3636;3631;3634;0;0;0;33
$1;1;2718000;2;0;1500;48403;32946;11230;394;0;3634;3631;3631;3637;3627;3632;3636;3631;3634;0;0;0;41
$1;1;2719000;2;0;1498;48407;32947;11234;394;0;3634;3631;3631;3637;3627;3632;3636;3631;3634;0;0;0;41
$1;1;2720000;2;0;1501;48401;32947;11238;394;0;3634;3631;3631;3638;3627;3632;3636;3631;3634;0;0;0;39
$1;1;2721000;2;0;1498;48402;32947;11242;394;0;3634;3631;3631;3637;3627;3632;3636;3631;3634;0;0;0;38
$1;1;2722000;2;0;1500;48400;32947;11246;396;0;3634;3631;3631;3638;3627;3632;3636;3631;3634;0;0;0;46
$1;1;2723000;2;0;1499;48402;32947;11251;396;0;3634;3631;3632;3638;3627;3632;3636;3631;3634;0;0;0;41
$1;1;2724000;2;0;1499;48403;32947;11255;397;0;3634;3631;3631;3638;3627;3632;3636;3631;3634;0;0;0;41
$1;1;2725000;2;0;1501;48402;32948;11259;397;0;3634;3631;3632;3638;3627;3632;3636;3632;3634;0;0;0;42
$1;1;2726000;2;0;1501;48404;32948;11263;398;0;3634;3631;3632;3638;3627;3632;3636;3632;3634;0;0;0;41
$1;1;2727000;2;0;1499;48407;32947;11267;398;0;3634;3631;3632;3638;3627;3632;3636;3632;3634;0;0;0;32
$1;1;2728000;2;0;1499;48408;32948;11271;398;0;3634;3631;3632;3638;3627;3632;3636;3632;3634;0;0;0;40
$1;1;2729000;2;0;1501;48407;32948;11276;399;0;3634;3631;3631;3638;3627;3632;3636;3631;3634;0;0;0;32
$1;1;2730000;2;0;1499;48408;32948;11280;399;0;3634;3631;3632;3638;3627;3632;3636;3632;3634;0;0;0;46
$1;1;2731000;2;0;1498;48408;32948;11284;399;0;3634;3631;3632;3638;3627;3632;3636;3632;3634;0;0;0;42
$1;1;2732000;2;0;1500;48406;32949;11288;400;0;3634;3631;3632;3638;3627;3632;3636;3632;3634;0;0;0;45
$1;1;2733000;2;0;1498;48408;32948;11292;400;0;3634;3631;3632;3638;3627;3632;3636;3632;3634;0;0;0;40
$1;1;2734000;2;0;1500;48406;32950;11296;400;0;3634;3631;3632;3638;3627;3632;3636;3632;3634;0;0;0;44
$1;1;2735000;2;0;1500;48408;32950;11301;401;0;3634;3631;3632;3638;3627;3633;3637;3632;3634;0;0;0;45
$1;1;2736000;2;0;1500;48407;32951;11305;402;0;3634;3632;3632;3638;3628;3633;3636;3632;3634;0;0;0;42
$1;1;2737000;2;0;1499;48408;32950;11309;402;0;3634;3631;3632;3638;3628;3633;3636;3632;3634;0;0;0;43
$1;1;2738000;2;0;1501;48408;32952;11313;403;0;3634;3631;3632;3638;3628;3633;3637;3632;3634;0;0;0;45
$1;1;2739000;2;0;1499;48409;32952;11317;403;0;3634;3632;3632;3638;3627;3633;3636;3632;3634;0;0;0;36
$1;1;2740000;2;0;1498;48406;32951;11321;405;0;3634;3631;3632;3638;3628;3633;3637;3632;3634;0;0;0;41
$1;1;2741000;2;0;1500;48406;32952;11326;405;0;3634;3631;3632;3638;3627;3633;3636;3632;3634;0;0;0;34
$1;1;2742000;2;0;1501;48406;32953;11330;405;0;3634;3632;3632;3638;3628;3633;3637;3632;3635;0;0;0;42
$1;1;2743000;2;0;1501;48406;32954;11334;406;0;3634;3632;3632;3639;3628;3633;3637;3632;3634;0;0;0;43
$1;1;2744000;2;0;1501;48405;32954;11338;406;0;3634;3632;3632;3638;3628;3633;3637;3632;3635;0;0;0;35
$1;1;2745000;2;0;1498;48408;32953;11342;406;0;3634;3631;3632;3638;3628;3633;3637;3632;3635;0;0;0;39
$1;1;2746000;2;0;1501;48407;32955;11346;407;0;3635;3631;3632;3638;3628;3633;3637;3632;3635;0;0;0;40
$1;1;2747000;2;0;1501;48407;32955;11350;407;0;3635;3632;3632;3639;3628;3633;3637;3632;3635;0;0;0;44
$1;1;2748000;2;0;1498;48410;32955;11355;407;0;3635;3632;3632;3639;3628;3633;3637;3632;3635;0;0;0;33
$1;1;2749000;2;0;1500;48409;32956;11359;407;0;3635;3632;3632;3639;3628;3633;3637;3632;3635;0;0;0;39
$1;1;2750000;2;0;1499;48410;32955;11363;407;0;3635;3632;3632;3639;3628;3633;3637;3632;3635;0;0;0;44
$1;1;2751000;2;0;1501;48408;32955;11367;407;0;3635;3632;3632;3639;3628;3633;3637;3632;3635;0;0;0;32
$1;1;2752000;2;0;1500;48409;32956;11371;407;0;3635;3632;3632;3639;3628;3633;3637;3632;3635;0;0;0;39
$1;1;2753000;2;0;1499;48406;32956;11375;408;0;3635;3632;3632;3639;3628;3633;3637;3632;3635;0;0;0;35
$1;1;2754000;2;0;1500;48405;32956;11380;409;0;3635;3632;3632;3639;3628;3633;3637;3632;3635;0;0;0;45
$1;1;2755000;2;0;1501;48404;32957;11384;409;0;3635;3632;3632;3639;3628;3633;3637;3632;3635;0;0;0;41
$1;1;2756000;2;0;1501;48406;32957;11388;409;0;3635;3632;3632;3639;3628;3633;3637;3633;3635;0;0;0;37
$1;1;2757000;2;0;1499;48406;32958;11392;409;0;3635;3632;3632;3639;3628;3633;3637;3632;3635;0;0;0;33
$1;1;2758000;2;0;1501;48405;32958;11396;409;0;3635;3632;3632;3639;3628;3633;3637;3632;3635;0;0;0;41
$1;1;2759000;2;0;1501;48405;32959;11400;409;0;3635;3632;3632;3639;3628;3634;3637;3632;3635;0;0;0;38
$1;1;2760000;2;0;1499;48405;32958;11404;409;0;3635;3632;3632;3639;3628;3633;3637;3633;3635;0;0;0;47
$1;1;2761000;2;0;1500;48404;32958;11409;409;0;3635;3632;3633;3639;3628;3633;3637;3633;3635;0;0;0;34
$1;1;2762000;2;0;1501;48404;32959;11413;409;0;3635;3632;3633;3639;3628;3633;3637;3632;3635;0;0;0;43
$1;1;2763000;2;0;1500;48406;32959;11417;409;0;3635;3632;3633;3639;3629;3633;3637;3633;3635;0;0;0;45
$1;1;2764000;2;0;1500;48408;32960;11421;409;0;3635;3632;3633;3639;3629;3633;3637;3633;3635;0;0;0;43
$1;1;2765000;2;0;1500;48404;32959;11425;409;0;3635;3632;3633;3639;3628;3633;3637;3633;3635;0;0;0;41
$1;1;2766000;2;0;1500;48396;32959;11430;409;0;3635;3632;3633;3639;3628;3633;3637;3633;3635;0;0;0;34
$1;1;2767000;2;0;1499;48402;32959;11434;409;0;3635;3632;3633;3639;3629;3633;3637;3633;3635;0;0;0;45
$1;1;2768000;2;0;1501;48404;32961;11438;409;0;3635;3632;3633;3639;3629;3634;3637;3633;3635;0;0;0;36
$1;1;2769000;2;0;1500;48403;32960;11442;410;0;3635;3632;3633;3639;3629;3634;3637;3633;3635;0;0;0;39
$1;128;2769000;324;139;17;15;14;17;13;14;17;15;17;0;0;0;19
$1;1;2770000;2;0;1498;48404;32959;11446;410;0;3635;3632;3633;3639;3629;3634;3637;3633;3636;0;0;0;37
$1;1;2771000;2;0;1500;48404;32962;11450;410;0;3635;3633;3633;3639;3629;3634;3638;3633;3635;0;0;0;38
$1;1;2772000;2;0;1499;48405;32961;11455;410;0;3635;3632;3633;3639;3629;3634;3638;3633;3636;0;0;0;33
$1;1;2773000;2;0;1499;48404;32960;11459;410;0;3635;3632;3633;3639;3629;3634;3637;3633;3636;0;0;0;35
$1;1;2774000;2;0;1498;48404;32961;11463;410;0;3635;3632;3633;3639;3628;3634;3637;3633;3636;0;0;0;44
$1;1;2775000;2;0;1498;48404;32960;11467;409;0;3635;3632;3633;3639;3629;3634;3637;3633;3636;0;0;0;33
$1;1;2776000;2;0;1499;48405;32962;11471;409;0;3635;3633;3633;3639;3629;3634;3637;3633;3636;0;0;0;38
$1;1;2777000;2;0;1499;48405;32962;11475;409;0;3635;3632;3633;3639;3629;3634;3638;3633;3636;0;0;0;45
$1;1;2778000;2;0;1500;48406;32963;11480;409;0;3636;3633;3633;3639;3629;3634;3638;3633;3636;0;0;0;41
$1;1;2779000;2;0;1499;48407;32962;11484;409;0;3635;3633;3633;3639;3629;3634;3638;3633;3636;0;0;0;46
$1;1;2780000;2;0;1500;48405;32963;11488;408;0;3636;3633;3633;3639;3629;3634;3638;3633;3636;0;0;0;36
$1;1;2781000;2;0;1499;48406;32963;11492;408;0;3636;3633;3633;3639;3629;3634;3638;3633;3636;0;0;0;44
$1;1;2782000;2;0;1499;48407;32963;11496;408;0;3636;3633;3633;3639;3629;3634;3638;3633;3636;0;0;0;42
$1;1;2783000;2;0;1499;48407;32964;11500;407;0;3636;3633;3633;3639;3629;3634;3638;3633;3636;0;0;0;45
$1;1;2784000;2;0;1501;48404;32964;11505;408;0;3636;3633;3633;3640;3629;3634;3638;3633;3636;0;0;0;45
$1;1;2785000;2;0;1484;48412;32959;11509;408;0;3635;3633;3633;3639;3629;3634;3637;3633;3635;0;0;0;36
$1;1;2786000;2;0;1497;48406;32963;11513;408;0;3636;3633;3633;3640;3629;3634;3638;3633;3636;0;0;0;35
$1;1;2787000;2;0;1499;48405;32964;11517;408;0;3636;3633;3633;3640;3629;3634;3638;3633;3636;0;0;0;44
$1;1;2788000;2;0;1501;48403;32965;11521;408;0;3636;3633;3633;3640;3629;3634;3638;3633;3636;0;0;0;33
$1;1;2789000;2;0;1498;48404;32965;11525;408;0;3636;3633;3633;3639;3629;3634;3638;3633;3636;0;0;0;44
$1;1;2790000;2;0;1500;48404;32965;11529;408;0;3636;3633;3633;3640;3629;3634;3638;3633;3636;0;0;0;38
$1;1;2791000;2;0;1472;48418;32956;11534;407;0;3635;3632;3633;3640;3629;3634;3637;3633;3635;0;0;0;35
$1;1;2792000;2;0;1497;48404;32964;11538;408;0;3636;3633;3633;3640;3629;3634;3638;3633;3636;0;0;0;42
$1;1;2793000;2;0;1502;48395;32967;11542;407;0;3636;3633;3633;3640;3630;3634;3638;3633;3636;0;0;0;32
$1;1;2794000;2;0;1500;48396;32967;11546;407;0;3636;3633;3633;3640;3630;3634;3638;3633;3636;0;0;0;34
$1;1;2795000;2;0;1483;48402;32960;11550;407;0;3636;3633;3633;3640;3629;3634;3637;3633;3636;0;0;0;36
$1;1;2796000;2;0;1468;48413;32956;11554;406;0;3636;3633;3633;3640;3629;3634;3637;3633;3636;0;0;0;34
$1;1;2797000;2;0;1443;48427;32947;11559;406;0;3635;3632;3633;3639;3629;3633;3637;3633;3635;0;0;0;40
$1;1;2798000;2;0;1448;48427;32950;11563;406;0;3635;3632;3633;3639;3629;3633;3637;3633;3635;0;0;0;35
$1;1;2799000;2;0;1456;48421;32952;11567;406;0;3635;3632;3633;3639;3629;3633;3637;3633;3635;0;0;0;45
$1;1;2800000;2;0;1479;48411;32960;11571;406;0;3636;3633;3633;3640;3629;3634;3637;3633;3636;0;0;0;34
$1;1;2801000;2;0;1481;48407;32960;11575;407;0;3636;3633;3633;3640;3629;3634;3637;3633;3636;0;0;0;38
$1;1;2802000;2;0;1465;48416;32956;11579;406;0;3636;3633;3633;3640;3629;3634;3637;3633;3636;0;0;0;39
$1;1;2803000;2;0;1462;48417;32955;11583;406;0;3635;3633;3633;3639;3629;3634;3637;3633;3636;0;0;0;43
$1;1;2804000;2;0;1495;48404;32967;11587;406;0;3636;3633;3634;3640;3630;3634;3638;3634;3636;0;0;0;41
$1;1;2805000;2;0;1440;48434;32949;11591;406;0;3635;3632;3633;3639;3629;3633;3637;3633;3636;0;0;0;36
$1;1;2806000;2;0;1454;48426;32952;11595;405;0;3635;3633;3633;3639;3629;3634;3637;3633;3636;0;0;0;42
$1;1;2807000;2;0;1462;48423;32956;11600;405;0;3635;3633;3633;3640;3629;3634;3637;3633;3635;0;0;0;45
$1;1;2808000;2;0;1486;48412;32964;11603;405;0;3636;3633;3633;3640;3630;3634;3638;3633;3636;0;0;0;47
$1;1;2809000;2;0;1501;48404;32970;11607;405;0;3636;3633;3634;3641;3630;3634;3638;3634;3636;0;0;0;39
$1;1;2810000;2;0;1462;48423;32957;11611;405;0;3636;3633;3634;3640;3629;3634;3637;3633;3636;0;0;0;45
$1;1;2811000;2;0;1473;48418;32960;11615;404;0;3636;3633;3633;3640;3629;3634;3638;3633;3636;0;0;0;45
$1;1;2812000;2;0;1488;48412;32966;11619;404;0;3636;3633;3633;3640;3630;3634;3638;3634;3636;0;0;0;37
$1;1;2813000;2;0;1488;48412;32966;11623;404;0;3636;3633;3633;3640;3630;3634;3638;3633;3636;0;0;0;42
$1;1;2814000;2;0;1476;48416;32962;11627;403;0;3636;3633;3634;3640;3630;3634;3638;3633;3636;0;0;0;40
$1;1;2815000;2;0;1458;48427;32957;11631;403;0;3636;3633;3634;3640;3629;3634;3637;3633;3636;0;0;0;33
$1;1;2816000;2;0;1487;48410;32965;11634;404;0;3636;3633;3633;3640;3630;3634;3638;3633;3636;0;0;0;39
$1;1;2817000;2;0;1497;48404;32970;11639;404;0;3636;3633;3634;3640;3630;3635;3638;3634;3636;0;0;0;42
$1;1;2818000;2;0;1486;48410;32966;11643;404;0;3636;3633;3634;3640;3630;3634;3638;3634;3636;0;0;0;43
$1;1;2819000;2;0;1446;48429;32953;11647;404;0;3636;3633;3633;3640;3629;3634;3637;3633;3636;0;0;0;41
$1;1;2820000;2;0;1493;48407;32970;11651;404;0;3636;3634;3634;3641;3630;3635;3638;3634;3636;0;0;0;33
$1;1;2821000;2;0;1501;48402;32971;11655;403;0;3636;3633;3634;3641;3630;3635;3638;3634;3637;0;0;0;43
$1;1;2822000;2;0;1501;48403;32972;11659;403;0;3637;3634;3634;3641;3630;3635;3638;3634;3637;0;0;0;32
$1;1;2823000;2;0;1459;48425;32959;11664;403;0;3636;3633;3634;3640;3630;3634;3638;3634;3636;0;0;0;41
$1;1;2824000;2;0;1497;48405;32971;11668;402;0;3636;3634;3634;3641;3630;3635;3638;3634;3636;0;0;0;46
$1;1;2825000;2;0;1499;48403;32971;11672;402;0;3636;3634;3634;3641;3630;3635;3638;3634;3637;0;0;0;45
$1;1;2826000;2;0;1499;48402;32972;11676;402;0;3637;3633;3634;3641;3630;3635;3638;3634;3637;0;0;0;46
$1;1;2827000;2;0;1501;48401;32973;11680;402;0;3637;3634;3634;3641;3630;3635;3639;3634;3637;0;0;0;34
$1;1;2828000;2;0;1499;48401;32973;11685;401;0;3637;3634;3634;3641;3630;3635;3638;3634;3637;0;0;0;42
$1;1;2829000;2;0;1501;48403;32974;11689;401;0;3637;3634;3634;3641;3630;3635;3639;3634;3637;0;0;0;35
$1;128;2829000;321;138;16;15;14;16;13;15;17;15;17;0;0;0;29
$1;1;2830000;2;0;1499;48404;32973;11693;401;0;3637;3634;3635;3641;3631;3635;3638;3634;3637;0;0;0;33
$1;1;2831000;2;0;1460;48420;32961;11697;401;0;3636;3633;3634;3641;3630;3635;3638;3634;3636;0;0;0;32
$1;1;2832000;2;0;1496;48401;32972;11701;401;0;3637;3634;3634;3641;3630;3635;3638;3634;3637;0;0;0;34
$1;1;2833000;2;0;1445;48425;32956;11705;401;0;3636;3633;3634;3640;3630;3634;3638;3633;3636;0;0;0;41
$1;1;2834000;2;0;1493;48396;32971;11709;402;0;3637;3633;3634;3641;3630;3635;3638;3634;3637;0;0;0;39
$1;1;2835000;2;0;1478;48399;32967;11714;401;0;3636;3633;3634;3641;3630;3635;3638;3634;3636;0;0;0;36
$1;1;2836000;2;0;1485;48396;32969;11718;401;0;3636;3633;3634;3641;3630;3635;3638;3634;3637;0;0;0;41
$1;1;2837000;2;0;1461;48408;32962;11721;401;0;3636;3633;3634;3641;3630;3634;3638;3634;3636;0;0;0;35
$1;1;2838000;2;0;1462;48408;32962;11726;401;0;3636;3633;3634;3640;3630;3635;3638;3634;3636;0;0;0;40
$1;1;2839000;2;0;1499;48388;32974;11730;401;0;3637;3634;3634;3642;3631;3635;3639;3634;3637;0;0;0;39
$1;1;2840000;2;0;1460;48411;32961;11734;401;0;3636;3633;3634;3640;3630;3634;3638;3634;3636;0;0;0;44
$1;1;2841000;2;0;1403;48439;32943;11738;400;0;3635;3633;3633;3640;3629;3634;3637;3633;3636;0;0;0;43
$1;1;2842000;2;0;1440;48420;32956;11742;400;0;3636;3633;3633;3640;3630;3634;3637;3633;3636;0;0;0;37
$1;1;2843000;2;0;1495;48395;32974;11746;400;0;3637;3634;3634;3641;3631;3635;3638;3634;3637;0;0;0;40
$1;1;2844000;2;0;1441;48427;32957;11750;400;0;3636;3633;3634;3641;3630;3634;3638;3634;3636;0;0;0;41
$1;1;2845000;2;0;1459;48419;32963;11754;399;0;3636;3633;3634;3641;3630;3635;3638;3634;3637;0;0;0;40
$1;1;2846000;2;0;1483;48403;32971;11759;399;0;3637;3634;3634;3641;3630;3635;3638;3634;3637;0;0;0;47
$1;1;2847000;2;0;1445;48428;32959;11763;399;0;3636;3633;3634;3641;3630;3634;3638;3634;3636;0;0;0;40
$1;1;2848000;2;0;1452;48420;32961;11767;399;0;3636;3633;3634;3641;3630;3634;3638;3634;3636;0;0;0;38
$1;1;2849000;2;0;1481;48397;32971;11771;399;0;3637;3634;3634;3641;3631;3635;3638;3634;3637;0;0;0;35
$1;1;2850000;2;0;1465;48406;32965;11775;400;0;3636;3633;3634;3640;3630;3635;3638;3634;3637;0;0;0;46
$1;1;2851000;2;0;1444;48419;32959;11779;399;0;3636;3634;3634;3641;3630;3635;3638;3634;3636;0;0;0;33
$1;1;2852000;2;0;1464;48407;32965;11782;399;0;3636;3634;3634;3641;3630;3635;3638;3634;3637;0;0;0;37
$1;1;2853000;2;0;1452;48411;32961;11786;399;0;3636;3633;3634;3641;3630;3635;3638;3634;3636;0;0;0;32
$1;1;2854000;2;0;1431;48419;32956;11790;399;0;3636;3633;3634;3640;3630;3634;3638;3634;3636;0;0;0;41
$1;1;2855000;2;0;1469;48407;32968;11794;399;0;3637;3634;3634;3641;3630;3635;3638;3634;3637;0;0;0;36
$1;1;2856000;2;0;1496;48388;32977;11799;399;0;3637;3634;3635;3642;3631;3635;3639;3634;3637;0;0;0;38
$1;1;2857000;2;0;1425;48429;32955;11803;399;0;3636;3633;3634;3640;3630;3635;3638;3634;3636;0;0;0;43
$1;1;2858000;2;0;1473;48404;32971;11807;398;0;3637;3634;3634;3641;3631;3635;3638;3634;3637;0;0;0;44
$1;1;2859000;2;0;1470;48405;32970;11811;398;0;3637;3634;3634;3641;3630;3635;3638;3634;3637;0;0;0;40
$1;1;2860000;2;0;1447;48419;32962;11815;398;0;3637;3634;3634;3641;3630;3635;3638;3634;3637;0;0;0;44
$1;1;2861000;2;0;1453;48416;32965;11819;398;0;3637;3634;3634;3641;3631;3635;3638;3634;3637;0;0;0;45
$1;1;2862000;2;0;1493;48397;32978;11823;398;0;3637;3634;3635;3641;3631;3636;3639;3635;3637;0;0;0;43
$1;1;2863000;2;0;1498;48391;32981;11827;397;0;3638;3634;3635;3642;3631;3636;3639;3635;3638;0;0;0;41
$1;1;2864000;2;0;1439;48423;32960;11831;397;0;3637;3634;3634;3641;3630;3635;3638;3634;3637;0;0;0;35
$1;1;2865000;2;0;1413;48434;32952;11835;398;0;3636;3633;3634;3640;3630;3634;3638;3634;3636;0;0;0;33
$1;1;2866000;2;0;1487;48393;32976;11839;398;0;3637;3634;3634;3642;3631;3636;3639;3635;3637;0;0;0;41
$1;1;2867000;2;0;1397;48436;32947;11843;398;0;3636;3633;3634;3640;3630;3634;3637;3633;3636;0;0;0;39
$1;1;2868000;2;0;1404;48439;32950;11847;398;0;3636;3633;3634;3640;3630;3634;3637;3634;3636;0;0;0;47
$1;1;2869000;2;0;1477;48401;32973;11851;398;0;3637;3634;3635;3641;3631;3635;3639;3634;3637;0;0;0;46
$1;1;2870000;2;0;1435;48419;32960;11855;398;0;3637;3634;3634;3641;3630;3635;3638;3634;3637;0;0;0;46
$1;1;2871000;2;0;1492;48388;32980;11859;398;0;3637;3634;3635;3642;3631;3636;3639;3635;3638;0;0;0;32
$1;1;2872000;2;0;1486;48393;32978;11863;397;0;3637;3634;3635;3642;3631;3636;3639;3635;3637;0;0;0;34
$1;1;2873000;2;0;1496;48391;32982;11867;397;0;3638;3635;3635;3642;3631;3636;3639;3635;3638;0;0;0;32
$1;1;2874000;2;0;1500;48388;32983;11871;397;0;3638;3635;3635;3643;3632;3636;3639;3635;3638;0;0;0;37
$1;1;2875000;2;0;1446;48414;32966;11875;397;0;3637;3634;3635;3641;3631;3635;3639;3635;3637;0;0;0;41
$1;1;2876000;2;0;1442;48419;32965;11879;396;0;3637;3634;3634;3641;3631;3635;3638;3634;3637;0;0;0;44
$1;1;2877000;2;0;1473;48402;32975;11884;396;0;3637;3634;3635;3641;3631;3635;3639;3635;3637;0;0;0;39
$1;1;2878000;2;0;1481;48403;32978;11888;396;0;3638;3634;3635;3641;3631;3636;3639;3635;3638;0;0;0;38
$1;1;2879000;2;0;1480;48405;32978;11892;396;0;3638;3634;3635;3642;3631;3636;3639;3635;3638;0;0;0;40
$1;1;2880000;2;0;1452;48418;32969;11896;396;0;3637;3634;3635;3642;3631;3635;3639;3635;3637;0;0;0;42
$1;1;2881000;2;0;1479;48405;32977;11900;395;0;3637;3634;3635;3642;3631;3636;3639;3635;3638;0;0;0;32
$1;1;2882000;2;0;1444;48423;32967;11904;395;0;3637;3634;3635;3641;3631;3635;3639;3635;3637;0;0;0;35
$1;1;2883000;2;0;1497;48394;32983;11909;396;0;3638;3635;3635;3642;3632;3636;3639;3635;3638;0;0;0;33
$1;1;2884000;2;0;1448;48419;32968;11913;396;0;3637;3634;3635;3642;3631;3636;3639;3635;3637;0;0;0;42
$1;1;2885000;2;0;1423;48431;32961;11917;396;0;3637;3634;3634;3641;3631;3635;3638;3634;3637;0;0;0;32
$1;1;2886000;2;0;1474;48409;32977;11921;396;0;3638;3635;3635;3642;3631;3636;3639;3635;3638;0;0;0;40
$1;1;2887000;2;0;1410;48442;32957;11925;396;0;3637;3634;3635;3641;3631;3635;3638;3634;3637;0;0;0;35
$1;1;2888000;2;0;1468;48413;32976;11929;396;0;3637;3635;3635;3641;3631;3636;3639;3635;3638;0;0;0;37
$1;1;2889000;2;0;1498;48398;32985;11933;396;0;3638;3635;3636;3642;3632;3636;3639;3636;3638;0;0;0;39
$1;128;2889000;320;138;16;15;14;16;13;15;17;15;17;0;0;0;22
$1;1;2890000;2;0;1497;48398;32985;11937;395;0;3638;3635;3635;3643;3632;3636;3640;3636;3638;0;0;0;43
$1;1;2891000;2;0;1447;48424;32971;11942;395;0;3638;3635;3635;3642;3631;3636;3639;3635;3638;0;0;0;33
$1;1;2892000;2;0;1495;48398;32986;11946;395;0;3638;3635;3636;3643;3632;3636;3640;3636;3638;0;0;0;45
$1;1;2893000;2;0;1443;48424;32969;11950;395;0;3637;3635;3635;3642;3631;3636;3639;3635;3637;0;0;0;45
$1;1;2894000;2;0;1492;48399;32983;11954;395;0;3638;3635;3635;3643;3632;3636;3640;3635;3638;0;0;0;43
$1;1;2895000;2;0;1466;48410;32976;11958;395;0;3638;3635;3635;3642;3631;3636;3639;3635;3638;0;0;0;45
$1;1;2896000;2;0;1450;48422;32971;11962;394;0;3638;3635;3635;3642;3631;3636;3639;3635;3638;0;0;0;37
$1;1;2897000;2;0;1496;48400;32986;11966;394;0;3638;3635;3636;3643;3632;3636;3640;3636;3638;0;0;0;46
$1;1;2898000;2;0;1490;48404;32984;11970;394;0;3638;3635;3635;3643;3632;3636;3640;3636;3638;0;0;0;37
$1;1;2899000;2;0;1501;48398;32989;11974;394;0;3638;3635;3636;3643;3632;3637;3640;3636;3639;0;0;0;37
$1;1;2900000;2;0;1446;48427;32971;11978;394;0;3638;3635;3636;3642;3632;3636;3639;3635;3638;0;0;0;34
$1;1;2901000;2;0;1442;48428;32971;11982;395;0;3638;3635;3635;3642;3632;3636;3639;3635;3638;0;0;0;47
$1;1;2902000;2;0;1492;48404;32987;11986;395;0;3638;3635;3636;3643;3632;3637;3640;3636;3639;0;0;0;45
$1;1;2903000;2;0;1465;48415;32979;11990;395;0;3638;3635;3636;3642;3632;3636;3639;3635;3638;0;0;0;46
$1;1;2904000;2;0;1470;48411;32980;11994;395;0;3638;3635;3636;3642;3632;3636;3639;3635;3638;0;0;0;43
$1;1;2905000;2;0;1498;48392;32990;11998;394;0;3639;3635;3636;3643;3632;3637;3640;3636;3639;0;0;0;33
$1;1;2906000;2;0;1458;48418;32978;12002;394;0;3638;3635;3636;3642;3632;3636;3640;3635;3638;0;0;0;39
$1;1;2907000;2;0;1438;48429;32971;12005;394;0;3638;3635;3635;3642;3632;3636;3639;3635;3638;0;0;0;33
$1;1;2908000;2;0;1491;48404;32988;12009;394;0;3638;3636;3636;3643;3632;3637;3640;3636;3639;0;0;0;36
$1;1;2909000;2;0;1488;48403;32987;12013;394;0;3638;3635;3636;3643;3632;3637;3640;3636;3638;0;0;0;44
$1;1;2910000;2;0;1457;48420;32978;12016;393;0;3638;3635;3636;3642;3632;3636;3639;3635;3638;0;0;0;40
$1;1;2911000;2;0;1392;48455;32957;12020;393;0;3637;3634;3635;3641;3631;3635;3638;3635;3637;0;0;0;45
$1;1;2912000;2;0;1441;48429;32971;12024;393;0;3638;3635;3635;3642;3632;3636;3639;3635;3638;0;0;0;47
$1;1;2913000;2;0;1493;48403;32990;12028;393;0;3639;3636;3636;3643;3632;3637;3640;3636;3639;0;0;0;39
$1;1;2914000;2;0;1484;48407;32988;12032;393;0;3639;3635;3636;3642;3633;3637;3640;3636;3639;0;0;0;35
$1;1;2915000;2;0;1456;48419;32979;12037;393;0;3638;3635;3636;3642;3632;3637;3640;3636;3638;0;0;0;40
$1;1;2916000;2;0;1472;48411;32983;12041;392;0;3639;3635;3636;3643;3632;3637;3640;3636;3639;0;0;0;33
$1;1;2917000;2;0;1457;48419;32979;12045;392;0;3638;3635;3636;3643;3632;3636;3640;3636;3638;0;0;0;47
$1;1;2918000;2;0;1485;48406;32989;12049;392;0;3639;3636;3636;3643;3632;3637;3640;3636;3639;0;0;0;32
$1;1;2919000;2;0;1423;48436;32968;12053;393;0;3638;3635;3635;3642;3632;3636;3639;3635;3638;0;0;0;38
$1;1;2920000;2;0;1493;48397;32993;12057;393;0;3639;3636;3636;3643;3632;3637;3640;3636;3639;0;0;0;38
$1;1;2921000;2;0;1499;48396;32995;12061;393;0;3639;3636;3637;3643;3633;3637;3641;3637;3639;0;0;0;47
$1;1;2922000;2;0;1486;48402;32991;12065;393;0;3639;3636;3636;3643;3633;3637;3640;3636;3639;0;0;0;41
$1;1;2923000;2;0;1497;48396;32994;12070;393;0;3639;3636;3637;3643;3633;3637;3641;3637;3639;0;0;0;34
$1;1;2924000;2;0;1456;48417;32981;12074;393;0;3638;3635;3636;3642;3633;3637;3640;3636;3639;0;0;0;36
$1;1;2925000;2;0;1496;48390;32995;12078;393;0;3639;3636;3637;3643;3633;3637;3640;3637;3639;0;0;0;43
$1;1;2926000;2;0;1448;48419;32980;12082;392;0;3638;3636;3636;3642;3633;3637;3640;3636;3639;0;0;0;45
$1;1;2927000;2;0;1463;48411;32984;12086;392;0;3639;3636;3636;3643;3633;3637;3640;3636;3639;0;0;0;45
$1;1;2928000;2;0;1451;48417;32981;12090;392;0;3639;3636;3636;3643;3632;3637;3640;3636;3639;0;0;0;38
$1;1;2929000;2;0;1485;48395;32993;12094;392;0;3639;3636;3636;3643;3633;3637;3640;3636;3639;0;0;0;37
$1;1;2930000;2;0;1486;48403;32993;12097;392;0;3639;3636;3636;3643;3633;3637;3641;3637;3639;0;0;0;37
$1;1;2931000;2;0;1498;48400;32997;12101;392;0;3639;3636;3637;3644;3633;3638;3641;3637;3639;0;0;0;43
$1;1;2932000;2;0;1501;48400;32998;12105;391;0;3639;3636;3637;3644;3633;3637;3641;3637;3640;0;0;0;32
$1;1;2933000;2;0;1434;48434;32976;12110;391;0;3638;3635;3636;3643;3632;3637;3640;3636;3638;0;0;0;47
$1;1;2934000;2;0;1492;48407;32996;12114;391;0;3639;3636;3637;3643;3633;3637;3641;3637;3639;0;0;0;45
$1;1;2935000;2;0;1461;48423;32986;12118;391;0;3639;3636;3636;3643;3633;3637;3640;3636;3639;0;0;0;42
$1;1;2936000;2;0;1468;48419;32989;12122;391;0;3639;3636;3637;3643;3633;3637;3640;3636;3639;0;0;0;46
$1;1;2937000;2;0;1496;48394;32998;12126;391;0;3639;3636;3637;3643;3633;3638;3641;3637;3639;0;0;0;39
$1;1;2938000;2;0;1498;48387;32999;12130;392;0;3639;3636;3637;3643;3633;3638;3641;3637;3640;0;0;0;47
$1;1;2939000;2;0;1498;48384;33000;12135;392;0;3640;3637;3637;3643;3633;3638;3641;3637;3640;0;0;0;47
$1;1;2940000;2;0;1499;48388;33000;12139;392;0;3640;3637;3637;3643;3633;3638;3641;3637;3640;0;0;0;32
$1;1;2941000;2;0;1500;48385;33000;12143;392;0;3640;3637;3637;3643;3634;3638;3641;3637;3640;0;0;0;39
$1;1;2942000;2;0;1498;48383;33001;12147;392;0;3640;3637;3637;3643;3633;3638;3641;3637;3640;0;0;0;32
$1;1;2943000;2;0;1499;48385;33002;12151;391;0;3640;3637;3637;3643;3633;3638;3641;3637;3640;0;0;0;33
$1;1;2944000;2;0;1500;48385;33003;12156;391;0;3640;3637;3637;3643;3633;3638;3641;3637;3640;0;0;0;33
$1;1;2945000;2;0;1499;48385;33003;12160;391;0;3640;3637;3637;3644;3633;3638;3641;3637;3640;0;0;0;35
$1;1;2946000;2;0;1498;48385;33003;12164;391;0;3640;3637;3637;3643;3634;3638;3641;3637;3640;0;0;0;37
$1;1;2947000;2;0;1499;48385;33002;12168;391;0;3640;3637;3637;3644;3634;3638;3641;3637;3640;0;0;0;47
$1;1;2948000;2;0;1499;48386;33003;12172;391;0;3640;3637;3637;3644;3634;3638;3641;3638;3640;0;0;0;38
$1;1;2949000;2;0;1499;48390;33004;12176;391;0;3640;3637;3638;3644;3634;3638;3642;3637;3640;0;0;0;32
$1;128;2949000;322;137;17;14;14;16;13;14;17;15;17;0;0;0;23
$1;1;2950000;2;0;1499;48393;33004;12180;391;0;3640;3637;3638;3644;3634;3638;3642;3637;3640;0;0;0;34
$1;1;2951000;2;0;1499;48395;33004;12185;390;0;3640;3637;3638;3644;3634;3638;3642;3637;3641;0;0;0;32
$1;1;2952000;2;0;1499;48392;33005;12189;390;0;3640;3637;3638;3644;3634;3638;3642;3638;3640;0;0;0;39
$1;1;2953000;2;0;1499;48393;33005;12193;390;0;3640;3637;3638;3644;3634;3638;3642;3638;3640;0;0;0;44
$1;1;2954000;2;0;1500;48393;33005;12197;390;0;3640;3637;3638;3644;3634;3638;3642;3638;3640;0;0;0;46
$1;1;2955000;2;0;1498;48394;33005;12201;390;0;3640;3637;3638;3644;3634;3639;3642;3638;3640;0;0;0;37
$1;1;2956000;2;0;1501;48383;33006;12205;390;0;3640;3637;3638;3644;3634;3638;3642;3638;3640;0;0;0;39
$1;1;2957000;2;0;1501;48381;33007;12210;391;0;3640;3637;3638;3644;3634;3638;3642;3638;3640;0;0;0;32
$1;1;2958000;2;0;1499;48382;33007;12214;391;0;3640;3637;3638;3644;3634;3639;3642;3638;3640;0;0;0;41
$1;1;2959000;2;0;1499;48383;33007;12218;391;0;3640;3637;3638;3644;3634;3639;3642;3638;3640;0;0;0;37
$1;1;2960000;2;0;1501;48386;33007;12222;391;0;3640;3637;3638;3644;3634;3639;3642;3638;3641;0;0;0;34
$1;1;2961000;2;0;1498;48387;33007;12226;390;0;3640;3637;3638;3644;3634;3639;3642;3638;3641;0;0;0;38
$1;1;2962000;2;0;1501;48381;33007;12230;390;0;3640;3637;3638;3644;3634;3639;3642;3638;3641;0;0;0;37
$1;1;2963000;2;0;1500;48388;33007;12234;390;0;3640;3637;3638;3644;3634;3639;3642;3638;3641;0;0;0;40
$1;1;2964000;2;0;1500;48390;33007;12239;390;0;3640;3638;3638;3644;3634;3639;3642;3638;3641;0;0;0;36
$1;1;2965000;2;0;1499;48389;33008;12243;390;0;3641;3637;3638;3644;3634;3639;3642;3638;3641;0;0;0;32
$1;1;2966000;2;0;1501;48388;33008;12247;390;0;3641;3638;3638;3644;3634;3639;3642;3638;3641;0;0;0;41
$1;1;2967000;2;0;1499;48388;33008;12251;390;0;3641;3637;3638;3644;3634;3639;3642;3638;3641;0;0;0;32
$1;1;2968000;2;0;1499;48380;33008;12255;390;0;3641;3637;3638;3644;3634;3639;3642;3638;3641;0;0;0;35
$1;1;2969000;2;0;1498;48386;33008;12260;390;0;3641;3638;3638;3644;3634;3639;3642;3638;3641;0;0;0;44
$1;1;2970000;2;0;1501;48387;33009;12264;390;0;3641;3637;3638;3644;3634;3639;3642;3638;3641;0;0;0;46
$1;1;2971000;2;0;1499;48389;33009;12268;389;0;3641;3638;3638;3644;3634;3639;3642;3638;3641;0;0;0;42
$1;1;2972000;2;0;1499;48391;33009;12272;389;0;3641;3638;3638;3644;3634;3639;3642;3638;3641;0;0;0;43
$1;1;2973000;2;0;1501;48390;33010;12276;389;0;3641;3638;3638;3645;3634;3639;3642;3638;3641;0;0;0;38
$1;1;2974000;2;0;1501;48391;33010;12280;389;0;3641;3638;3638;3644;3635;3639;3642;3638;3641;0;0;0;41
$1;1;2975000;2;0;1499;48391;33010;12284;390;0;3641;3638;3638;3644;3635;3639;3642;3638;3641;0;0;0;36
$1;1;2976000;2;0;1499;48392;33010;12289;390;0;3641;3638;3638;3644;3635;3639;3642;3638;3641;0;0;0;41
$1;1;2977000;2;0;1500;48387;33010;12293;390;0;3641;3638;3639;3645;3635;3639;3642;3639;3641;0;0;0;39
$1;1;2978000;2;0;1500;48394;33011;12297;390;0;3641;3638;3638;3644;3635;3639;3643;3638;3641;0;0;0;47
$1;1;2979000;2;0;1498;48384;33011;12301;390;0;3641;3638;3639;3644;3635;3639;3643;3639;3641;0;0;0;33
$1;1;2980000;2;0;1501;48381;33012;12305;390;0;3641;3638;3638;3644;3635;3639;3643;3639;3641;0;0;0;37
$1;1;2981000;2;0;1498;48390;33011;12309;390;0;3641;3638;3638;3645;3634;3639;3643;3638;3641;0;0;0;43
$1;1;2982000;2;0;1502;48391;33013;12314;389;0;3641;3638;3638;3645;3635;3639;3643;3639;3641;0;0;0;45
$1;1;2983000;2;0;1498;48388;33012;12318;389;0;3641;3638;3638;3645;3635;3639;3643;3639;3641;0;0;0;43
$1;1;2984000;2;0;1499;48388;33012;12322;389;0;3641;3638;3639;3645;3635;3639;3643;3639;3641;0;0;0;37
$1;1;2985000;2;0;1499;48385;33013;12326;389;0;3641;3638;3639;3645;3635;3639;3643;3639;3642;0;0;0;47
$1;1;2986000;2;0;1499;48383;33013;12330;389;0;3641;3638;3639;3645;3635;3639;3643;3639;3642;0;0;0;45
$1;1;2987000;2;0;1501;48383;33014;12334;389;0;3641;3638;3639;3645;3635;3639;3643;3639;3641;0;0;0;44
$1;1;2988000;2;0;1499;48382;33014;12339;389;0;3641;3638;3639;3645;3635;3639;3643;3639;3641;0;0;0;47
$1;1;2989000;2;0;1498;48386;33013;12343;389;0;3641;3638;3639;3645;3635;3639;3643;3639;3641;0;0;0;33
$1;1;2990000;2;0;1498;48388;33014;12347;389;0;3641;3638;3639;3645;3635;3640;3643;3639;3641;0;0;0;42
$1;1;2991000;2;0;1499;48393;33015;12351;389;0;3641;3638;3639;3645;3635;3640;3643;3639;3642;0;0;0;37
$1;1;2992000;2;0;1501;48395;33016;12355;389;0;3641;3638;3639;3645;3635;3640;3643;3639;3641;0;0;0;36
$1;1;2993000;2;0;1498;48396;33015;12359;389;0;3641;3638;3639;3645;3635;3640;3643;3639;3642;0;0;0;43
$1;1;2994000;2;0;1500;48387;33015;12364;391;0;3641;3638;3639;3645;3635;3640;3643;3639;3642;0;0;0;43
$1;1;2995000;2;0;1501;48380;33016;12368;391;0;3641;3638;3639;3645;3635;3640;3643;3639;3641;0;0;0;32
$1;1;2996000;2;0;1498;48385;33016;12372;391;0;3641;3638;3639;3645;3635;3640;3643;3639;3642;0;0;0;47
$1;1;2997000;2;0;1499;48382;33016;12376;391;0;3641;3639;3639;3645;3635;3640;3644;3639;3642;0;0;0;42
$1;1;2998000;2;0;1499;48382;33017;12380;392;0;3641;3638;3639;3645;3635;3640;3644;3639;3642;0;0;0;47
$1;1;2999000;2;0;1499;48385;33017;12385;392;0;3641;3638;3639;3645;3635;3640;3644;3639;3642;0;0;0;44
$1;1;3000000;2;0;1501;48380;33018;12389;392;0;3642;3639;3639;3645;3635;3640;3644;3639;3642;0;0;0;32
$1;1;3001000;2;0;1500;48380;33018;12393;393;0;3642;3638;3639;3645;3635;3640;3644;3639;3642;0;0;0;43
$1;1;3002000;2;0;1499;48380;33018;12397;393;0;3642;3639;3639;3645;3635;3640;3644;3639;3642;0;0;0;44
$1;1;3003000;2;0;1499;48382;33017;12401;393;0;3642;3639;3639;3645;3635;3640;3644;3639;3642;0;0;0;40
$1;1;3004000;2;0;1498;48383;33018;12405;394;0;3642;3639;3639;3645;3635;3640;3644;3639;3642;0;0;0;35
$1;1;3005000;2;0;1501;48381;33019;12410;394;0;3642;3639;3639;3646;3635;3640;3644;3639;3642;0;0;0;39
$1;1;3006000;2;0;1500;48382;33019;12414;394;0;3642;3639;3639;3646;3635;3640;3644;3639;3642;0;0;0;34
$1;1;3007000;2;0;1498;48383;33019;12418;394;0;3642;3639;3639;3646;3635;3640;3644;3639;3642;0;0;0;46
$1;1;3008000;2;0;1500;48386;33019;12422;395;0;3642;3639;3639;3646;3635;3640;3644;3639;3642;0;0;0;44
$1;1;3009000;2;0;1500;48383;33019;12426;395;0;3642;3639;3639;3646;3635;3640;3644;3639;3642;0;0;0;44
$1;128;3009000;321;137;16;15;14;16;13;14;17;15;17;0;0;0;24
$1;1;3010000;2;0;1499;48383;33020;12430;395;0;3642;3639;3639;3646;3635;3640;3644;3639;3642;0;0;0;40
$1;1;3011000;2;0;1499;48385;33019;12435;396;0;3642;3639;3639;3646;3635;3640;3644;3640;3642;0;0;0;45
$1;1;3012000;2;0;1501;48380;33020;12439;397;0;3642;3639;3639;3646;3635;3640;3644;3640;3642;0;0;0;44
$1;1;3013000;2;0;1499;48380;33020;12443;398;0;3642;3639;3639;3646;3635;3640;3644;3640;3642;0;0;0;47
$1;1;3014000;2;0;1499;48380;33020;12447;398;0;3642;3639;3639;3646;3635;3640;3644;3640;3642;0;0;0;44
$1;1;3015000;2;0;1500;48381;33021;12451;399;0;3642;3639;3639;3646;3635;3640;3644;3640;3642;0;0;0;42
$1;1;3016000;2;0;1500;48382;33021;12455;399;0;3642;3639;3640;3646;3635;3640;3645;3640;3642;0;0;0;33
$1;1;3017000;2;0;1501;48382;33022;12460;399;0;3642;3639;3640;3646;3635;3641;3645;3640;3642;0;0;0;37
$1;1;3018000;2;0;1500;48382;33023;12464;400;0;3642;3639;3639;3646;3635;3640;3645;3640;3643;0;0;0;39
$1;1;3019000;2;0;1500;48380;33023;12468;400;0;3642;3639;3640;3646;3636;3641;3645;3640;3642;0;0;0;37
$1;1;3020000;2;0;1498;48380;33022;12472;400;0;3642;3639;3640;3646;3635;3641;3645;3640;3642;0;0;0;38
$1;1;3021000;2;0;1501;48379;33023;12476;401;0;3642;3639;3640;3646;3635;3641;3645;3640;3642;0;0;0;36
$1;1;3022000;2;0;1500;48380;33024;12481;401;0;3642;3639;3640;3646;3635;3641;3645;3640;3643;0;0;0;46
$1;1;3023000;2;0;1500;48382;33024;12485;402;0;3642;3639;3640;3646;3636;3641;3645;3640;3643;0;0;0;41
$1;1;3024000;2;0;1498;48381;33024;12489;402;0;3642;3639;3640;3646;3635;3641;3645;3640;3643;0;0;0;34
$1;1;3025000;2;0;1499;48381;33024;12493;403;0;3642;3639;3640;3646;3636;3641;3645;3640;3643;0;0;0;43
$1;1;3026000;2;0;1500;48381;33025;12497;403;0;3642;3639;3640;3646;3636;3641;3645;3640;3642;0;0;0;45
$1;1;3027000;2;0;1501;48383;33026;12501;404;0;3643;3640;3640;3647;3636;3641;3645;3640;3643;0;0;0;42
$1;1;3028000;2;0;1499;48381;33026;12506;404;0;3643;3640;3640;3647;3636;3641;3645;3640;3643;0;0;0;32
$1;1;3029000;2;0;1499;48387;33025;12510;405;0;3643;3640;3640;3647;3636;3641;3645;3640;3643;0;0;0;34
$1;1;3030000;2;0;1501;48378;33025;12514;406;0;3642;3640;3640;3646;3636;3641;3645;3640;3643;0;0;0;45
$1;1;3031000;2;0;1501;48377;33027;12518;406;0;3643;3640;3640;3647;3636;3641;3645;3640;3643;0;0;0;45
$1;1;3032000;2;0;1500;48378;33026;12522;407;0;3643;3640;3640;3647;3636;3641;3645;3640;3643;0;0;0;41
$1;1;3033000;2;0;1501;48384;33027;12526;407;0;3643;3640;3640;3647;3636;3641;3645;3640;3643;0;0;0;47
$1;1;3034000;2;0;1498;48387;33026;12530;407;0;3643;3640;3640;3647;3636;3641;3645;3640;3643;0;0;0;44
$1;1;3035000;2;0;1500;48387;33027;12535;408;0;3643;3640;3640;3647;3636;3641;3645;3640;3643;0;0;0;38
$1;1;3036000;2;0;1500;48388;33028;12539;408;0;3643;3640;3640;3647;3636;3641;3645;3640;3643;0;0;0;41
$1;1;3037000;2;0;1500;48382;33028;12543;408;0;3643;3640;3640;3647;3636;3641;3645;3640;3643;0;0;0;47
$1;1;3038000;2;0;1501;48388;33029;12547;408;0;3643;3640;3640;3647;3636;3641;3645;3640;3643;0;0;0;46
$1;1;3039000;2;0;1500;48392;33028;12551;408;0;3643;3640;3640;3647;3636;3641;3645;3640;3643;0;0;0;35
$1;1;3040000;2;0;1499;48392;33029;12555;408;0;3643;3640;3640;3647;3636;3641;3645;3640;3643;0;0;0;41
$1;1;3041000;2;0;1500;48383;33030;12560;408;0;3643;3640;3640;3647;3636;3641;3645;3641;3643;0;0;0;38
$1;1;3042000;2;0;1500;48381;33030;12564;408;0;3643;3640;3640;3647;3636;3641;3645;3641;3643;0;0;0;35
$1;1;3043000;2;0;1502;48379;33031;12568;408;0;3643;3640;3640;3647;3636;3641;3646;3641;3643;0;0;0;41
$1;1;3044000;2;0;1499;48382;33029;12572;408;0;3643;3640;3640;3647;3636;3641;3645;3640;3643;0;0;0;41
$1;1;3045000;2;0;1500;48380;33030;12576;408;0;3643;3640;3640;3647;3636;3641;3646;3640;3643;0;0;0;36
$1;1;3046000;2;0;1502;48380;33030;12580;410;0;3643;3640;3641;3647;3636;3641;3645;3640;3643;0;0;0;39
$1;1;3047000;2;0;1500;48385;33031;12585;410;0;3643;3640;3640;3647;3636;3641;3645;3641;3643;0;0;0;37
$1;1;3048000;2;0;1499;48386;33031;12589;410;0;3643;3640;3640;3647;3636;3642;3646;3641;3643;0;0;0;36
$1;1;3049000;2;0;1500;48382;33031;12593;410;0;3643;3640;3641;3647;3636;3641;3646;3641;3643;0;0;0;41
$1;1;3050000;2;0;1499;48384;33031;12597;410;0;3643;3640;3641;3647;3637;3641;3645;3641;3643;0;0;0;32
$1;1;3051000;2;0;1500;48387;33031;12601;410;0;3643;3640;3641;3647;3637;3641;3646;3641;3643;0;0;0;44
$1;1;3052000;2;0;1500;48386;33031;12605;409;0;3643;3640;3641;3647;3637;3642;3646;3641;3643;0;0;0;33
$1;1;3053000;2;0;1501;48387;33031;12610;409;0;3643;3640;3641;3647;3637;3642;3646;3641;3644;0;0;0;35
$1;1;3054000;2;0;1499;48389;33032;12614;409;0;3643;3640;3641;3647;3637;3642;3646;3641;3644;0;0;0;45
$1;1;3055000;2;0;1501;48389;33033;12618;409;0;3643;3640;3641;3647;3637;3642;3646;3641;3644;0;0;0;33
$1;1;3056000;2;0;1499;48390;33032;12622;409;0;3643;3640;3641;3647;3637;3642;3646;3641;3644;0;0;0;34
$1;1;3057000;2;0;1500;48389;33033;12626;409;0;3643;3640;3641;3647;3637;3642;3646;3641;3644;0;0;0;47
$1;1;3058000;2;0;1499;48389;33033;12630;409;0;3644;3641;3641;3647;3637;3642;3646;3641;3644;0;0;0;32
$1;1;3059000;2;0;1499;48385;33033;12635;409;0;3644;3640;3641;3648;3637;3642;3646;3641;3644;0;0;0;38
$1;1;3060000;2;0;1504;48378;33035;12639;408;0;3644;3640;3641;3648;3637;3642;3646;3641;3644;0;0;0;32
$1;1;3061000;2;0;1436;48415;33013;12643;408;0;3643;3640;3640;3647;3636;3641;3645;3640;3643;0;0;0;42
$1;1;3062000;2;0;1461;48398;33021;12647;409;0;3643;3640;3640;3647;3636;3641;3645;3640;3643;0;0;0;45
$1;1;3063000;2;0;1491;48384;33031;12651;409;0;3643;3640;3641;3648;3637;3642;3646;3641;3643;0;0;0;38
$1;1;3064000;2;0;1499;48380;33034;12655;409;0;3644;3640;3641;3647;3637;3642;3646;3641;3644;0;0;0;35
$1;1;3065000;2;0;1502;48380;33036;12659;409;0;3644;3641;3641;3648;3637;3642;3646;3641;3644;0;0;0;33
$1;1;3066000;2;0;1499;48389;33035;12663;409;0;3644;3641;3641;3648;3637;3642;3646;3641;3644;0;0;0;34
$1;1;3067000;2;0;1501;48388;33035;12668;409;0;3644;3641;3641;3648;3637;3642;3646;3641;3644;0;0;0;41
$1;1;3068000;2;0;1501;48387;33036;12672;409;0;3644;3641;3641;3648;3637;3642;3646;3641;3644;0;0;0;33
$1;1;3069000;2;0;1501;48387;33036;12676;408;0;3644;3641;3641;3648;3637;3642;3646;3641;3644;0;0;0;37
$1;128;3069000;316;136;16;15;14;16;12;14;17;15;17;0;0;0;26
$1;1;3070000;2;0;1459;48400;33022;12680;408;0;3643;3640;3641;3647;3637;3641;3645;3641;3643;0;0;0;43
$1;1;3071000;2;0;1495;48386;33034;12684;408;0;3644;3640;3641;3648;3637;3642;3646;3641;3644;0;0;0;47
$1;1;3072000;2;0;1439;48411;33017;12687;408;0;3643;3640;3640;3647;3637;3641;3645;3640;3643;0;0;0;46
$1;1;3073000;2;0;1441;48410;33017;12692;407;0;3643;3640;3641;3647;3636;3641;3645;3640;3643;0;0;0;42
$1;1;3074000;2;0;1494;48388;33035;12696;407;0;3644;3640;3641;3648;3637;3642;3646;3641;3644;0;0;0;40
$1;1;3075000;2;0;1444;48407;33019;12699;407;0;3643;3640;3640;3647;3637;3641;3645;3640;3643;0;0;0;42
$1;1;3076000;2;0;1494;48383;33035;12703;407;0;3644;3641;3641;3648;3637;3642;3646;3641;3644;0;0;0;45
$1;1;3077000;2;0;1497;48385;33036;12708;407;0;3644;3641;3641;3648;3637;3642;3646;3641;3644;0;0;0;33
$1;1;3078000;2;0;1484;48385;33031;12712;407;0;3644;3640;3641;3648;3637;3642;3646;3641;3644;0;0;0;33
$1;1;3079000;2;0;1499;48373;33035;12716;407;0;3644;3641;3641;3648;3637;3642;3646;3641;3644;0;0;0;36
$1;1;3080000;2;0;1498;48374;33036;12720;407;0;3644;3641;3641;3648;3637;3642;3646;3641;3644;0;0;0;34
$1;1;3081000;2;0;1453;48398;33022;12724;407;0;3643;3640;3641;3647;3637;3642;3645;3641;3644;0;0;0;45
$1;1;3082000;2;0;1451;48403;33021;12728;407;0;3643;3640;3641;3647;3637;3641;3645;3640;3643;0;0;0;35
$1;1;3083000;2;0;1461;48399;33024;12733;407;0;3643;3640;3641;3647;3637;3641;3645;3641;3643;0;0;0;43
$1;1;3084000;2;0;1432;48413;33016;12737;406;0;3643;3640;3640;3648;3637;3641;3645;3640;3643;0;0;0;36
$1;1;3085000;2;0;1457;48403;33024;12741;406;0;3643;3640;3641;3648;3637;3641;3645;3641;3643;0;0;0;39
$1;1;3086000;2;0;1443;48411;33021;12745;406;0;3643;3640;3641;3647;3637;3642;3645;3641;3643;0;0;0;47
$1;1;3087000;2;0;1493;48387;33037;12749;406;0;3644;3641;3641;3648;3637;3642;3646;3641;3644;0;0;0;45
$1;1;3088000;2;0;1502;48380;33040;12753;406;0;3644;3641;3641;3648;3638;3642;3646;3641;3644;0;0;0;40
$1;1;3089000;2;0;1449;48404;33023;12757;405;0;3644;3641;3641;3648;3637;3642;3645;3641;3644;0;0;0;34
$1;1;3090000;2;0;1446;48409;33023;12762;405;0;3643;3640;3641;3648;3637;3642;3645;3641;3644;0;0;0;40
$1;1;3091000;2;0;1495;48387;33039;12766;405;0;3644;3641;3642;3648;3638;3642;3646;3642;3644;0;0;0;35
$1;1;3092000;2;0;1498;48380;33040;12770;405;0;3644;3641;3642;3649;3638;3643;3646;3642;3644;0;0;0;35
$1;1;3093000;2;0;1483;48389;33035;12774;404;0;3644;3641;3641;3648;3637;3642;3646;3641;3644;0;0;0;41
$1;1;3094000;2;0;1498;48381;33040;12778;405;0;3644;3641;3642;3649;3638;3642;3646;3642;3644;0;0;0;45
$1;1;3095000;2;0;1499;48379;33041;12782;405;0;3644;3641;3642;3649;3638;3642;3646;3642;3644;0;0;0;46
$1;1;3096000;2;0;1451;48411;33026;12787;405;0;3644;3641;3641;3648;3637;3642;3645;3641;3644;0;0;0;41
$1;1;3097000;2;0;1482;48388;33035;12791;404;0;3644;3641;3641;3648;3638;3642;3646;3641;3644;0;0;0;41
$1;1;3098000;2;0;1500;48386;33042;12795;404;0;3644;3641;3642;3648;3638;3643;3646;3642;3644;0;0;0;38
$1;1;3099000;2;0;1501;48380;33042;12799;404;0;3645;3641;3642;3648;3638;3643;3646;3642;3645;0;0;0;44
$1;1;3100000;2;0;1498;48380;33042;12803;404;0;3645;3641;3642;3648;3638;3643;3646;3642;3645;0;0;0;32
$1;1;3101000;2;0;1501;48383;33043;12807;403;0;3645;3641;3642;3649;3638;3643;3647;3642;3645;0;0;0;33
$1;1;3102000;2;0;1501;48381;33043;12811;403;0;3645;3641;3642;3649;3638;3643;3646;3642;3645;0;0;0;38
$1;1;3103000;2;0;1499;48383;33043;12816;403;0;3645;3642;3642;3649;3638;3643;3647;3642;3645;0;0;0;32
$1;1;3104000;2;0;1500;48384;33043;12820;402;0;3645;3641;3642;3649;3638;3643;3646;3642;3645;0;0;0;39
$1;1;3105000;2;0;1499;48383;33043;12824;402;0;3645;3641;3642;3649;3638;3643;3647;3642;3645;0;0;0;37
$1;1;3106000;2;0;1501;48383;33044;12828;402;0;3645;3642;3642;3649;3638;3643;3647;3642;3645;0;0;0;46
$1;1;3107000;2;0;1500;48380;33043;12832;402;0;3645;3641;3642;3649;3638;3643;3647;3642;3645;0;0;0;34
$1;1;3108000;2;0;1503;48382;33044;12836;401;0;3645;3641;3642;3649;3638;3643;3647;3642;3645;0;0;0;44
$1;1;3109000;2;0;1500;48381;33044;12840;401;0;3645;3641;3642;3649;3638;3643;3646;3642;3645;0;0;0;45
$1;1;3110000;2;0;1503;48381;33044;12844;401;0;3645;3641;3642;3649;3638;3643;3647;3642;3645;0;0;0;35
$1;1;3111000;2;0;1500;48383;33043;12849;402;0;3645;3642;3642;3649;3638;3643;3647;3642;3645;0;0;0;41
$1;1;3112000;2;0;1501;48384;33045;12853;402;0;3645;3641;3642;3649;3638;3643;3647;3642;3645;0;0;0;34
$1;1;3113000;2;0;1499;48386;33045;12857;401;0;3645;3642;3642;3649;3638;3643;3647;3642;3645;0;0;0;37
$1;1;3114000;2;0;1500;48384;33045;12861;401;0;3645;3642;3642;3649;3638;3643;3647;3642;3645;0;0;0;36
$1;1;3115000;2;0;1500;48386;33046;12865;401;0;3645;3642;3642;3649;3638;3643;3647;3642;3645;0;0;0;32
$1;1;3116000;2;0;1500;48385;33046;12870;401;0;3645;3642;3642;3649;3638;3643;3647;3642;3645;0;0;0;36
$1;1;3117000;2;0;1499;48380;33046;12874;400;0;3645;3642;3642;3649;3638;3643;3647;3642;3645;0;0;0;36
$1;1;3118000;2;0;1486;48385;33042;12878;400;0;3645;3642;3642;3649;3638;3643;3647;3642;3645;0;0;0;40
$1;1;3119000;2;0;1443;48405;33028;12882;400;0;3644;3641;3642;3649;3638;3642;3646;3642;3644;0;0;0;37
$1;1;3120000;2;0;1493;48380;33043;12886;400;0;3645;3642;3642;3649;3638;3643;3647;3642;3645;0;0;0;34
$1;1;3121000;2;0;1503;48380;33047;12891;400;0;3645;3642;3643;3649;3639;3643;3647;3642;3645;0;0;0;41
$1;1;3122000;2;0;1417;48428;33020;12895;399;0;3644;3641;3641;3648;3638;3642;3646;3641;3644;0;0;0;43
$1;1;3123000;2;0;1476;48397;33040;12899;399;0;3645;3642;3642;3649;3638;3643;3647;3642;3645;0;0;0;38
$1;1;3124000;2;0;1472;48401;33039;12903;399;0;3645;3642;3642;3649;3638;3643;3646;3642;3645;0;0;0;32
$1;1;3125000;2;0;1497;48389;33048;12907;399;0;3645;3642;3642;3650;3639;3643;3647;3643;3645;0;0;0;38
$1;1;3126000;2;0;1420;48429;33023;12911;399;0;3644;3641;3642;3648;3638;3642;3646;3641;3644;0;0;0;39
$1;1;3127000;2;0;1491;48392;33044;12915;399;0;3645;3642;3642;3649;3639;3643;3647;3642;3645;0;0;0;46
$1;1;3128000;2;0;1488;48391;33044;12919;400;0;3645;3642;3642;3649;3639;3643;3647;3642;3645;0;0;0;33
$1;1;3129000;2;0;1461;48406;33036;12923;399;0;3645;3642;3642;3649;3638;3643;3646;3642;3645;0;0;0;37
$1;128;3129000;322;137;16;15;14;16;13;14;17;15;17;0;0;0;24
$1;1;3130000;2;0;1446;48411;33031;12927;400;0;3644;3641;3642;3649;3638;3643;3646;3642;3645;0;0;0;40
$1;1;3131000;2;0;1494;48381;33046;12931;399;0;3645;3642;3642;3649;3639;3643;3647;3642;3645;0;0;0;42
$1;1;3132000;2;0;1489;48382;33045;12935;399;0;3645;3642;3642;3649;3639;3643;3647;3643;3645;0;0;0;32
$1;1;3133000;2;0;1500;48380;33049;12939;399;0;3645;3642;3643;3650;3639;3644;3647;3643;3645;0;0;0;45
$1;1;3134000;2;0;1471;48391;33041;12943;399;0;3645;3642;3642;3649;3639;3643;3647;3642;3645;0;0;0;39
$1;1;3135000;2;0;1479;48387;33043;12947;399;0;3645;3642;3642;3649;3639;3643;3647;3642;3645;0;0;0;47
$1;1;3136000;2;0;1433;48409;33029;12951;398;0;3644;3641;3642;3649;3638;3643;3646;3642;3644;0;0;0;42
$1;1;3137000;2;0;1463;48397;33038;12955;398;0;3645;3642;3642;3649;3638;3643;3647;3642;3645;0;0;0;40
$1;1;3138000;2;0;1480;48387;33043;12959;398;0;3645;3642;3642;3649;3639;3643;3647;3642;3645;0;0;0;42
$1;1;3139000;2;0;1498;48380;33050;12963;398;0;3645;3642;3643;3650;3639;3644;3647;3643;3646;0;0;0;34
$1;1;3140000;2;0;1466;48399;33041;12968;398;0;3645;3642;3643;3649;3639;3644;3647;3642;3645;0;0;0;36
$1;1;3141000;2;0;1490;48388;33048;12972;398;0;3646;3642;3643;3650;3639;3644;3647;3643;3646;0;0;0;39
$1;1;3142000;2;0;1437;48411;33031;12976;397;0;3645;3642;3642;3649;3638;3643;3646;3642;3645;0;0;0;36
$1;1;3143000;2;0;1475;48392;33043;12980;397;0;3645;3642;3642;3649;3639;3643;3647;3642;3645;0;0;0;35
$1;1;3144000;2;0;1451;48410;33036;12984;397;0;3645;3642;3642;3649;3638;3643;3646;3642;3645;0;0;0;41
$1;1;3145000;2;0;1418;48426;33025;12988;398;0;3644;3642;3642;3649;3638;3643;3646;3642;3644;0;0;0;33
$1;1;3146000;2;0;1491;48391;33049;12992;398;0;3645;3642;3643;3650;3639;3644;3647;3643;3645;0;0;0;38
$1;1;3147000;2;0;1475;48397;33044;12996;398;0;3645;3642;3643;3650;3639;3644;3647;3643;3645;0;0;0;34
$1;1;3148000;2;0;1451;48411;33037;13000;398;0;3645;3642;3643;3649;3639;3643;3647;3642;3645;0;0;0;47
$1;1;3149000;2;0;1490;48391;33050;13004;398;0;3646;3642;3643;3650;3639;3644;3647;3643;3646;0;0;0;39
$1;1;3150000;2;0;1459;48406;33039;13008;397;0;3645;3642;3642;3650;3639;3643;3647;3642;3645;0;0;0;40
$1;1;3151000;2;0;1446;48413;33035;13012;397;0;3645;3642;3642;3649;3638;3643;3646;3642;3645;0;0;0;44
$1;1;3152000;2;0;1493;48390;33052;13016;397;0;3646;3643;3643;3650;3639;3644;3647;3643;3646;0;0;0;32
$1;1;3153000;2;0;1472;48399;33044;13021;397;0;3645;3642;3643;3650;3639;3643;3647;3643;3645;0;0;0;34
$1;1;3154000;2;0;1471;48402;33045;13025;397;0;3645;3642;3643;3650;3639;3644;3647;3643;3645;0;0;0;33
$1;1;3155000;2;0;1465;48405;33043;13028;396;0;3645;3642;3642;3650;3639;3644;3647;3642;3645;0;0;0;40
$1;1;3156000;2;0;1445;48415;33037;13032;396;0;3645;3642;3643;3650;3639;3643;3647;3642;3645;0;0;0;38
$1;1;3157000;2;0;1442;48417;33037;13037;396;0;3645;3642;3642;3649;3639;3643;3647;3643;3645;0;0;0;47
$1;1;3158000;2;0;1494;48391;33054;13041;396;0;3646;3643;3643;3650;3639;3644;3648;3643;3646;0;0;0;38
$1;1;3159000;2;0;1457;48410;33042;13045;396;0;3645;3643;3643;3649;3639;3644;3647;3643;3646;0;0;0;33
$1;1;3160000;2;0;1498;48388;33055;13049;396;0;3646;3643;3643;3650;3639;3644;3648;3643;3646;0;0;0;32
$1;1;3161000;2;0;1463;48408;33043;13053;395;0;3646;3642;3643;3650;3639;3644;3647;3643;3646;0;0;0;43
$1;1;3162000;2;0;1443;48416;33038;13057;395;0;3645;3642;3643;3649;3639;3643;3647;3642;3645;0;0;0;35
$1;1;3163000;2;0;1448;48412;33039;13061;396;0;3645;3642;3643;3649;3639;3643;3647;3642;3645;0;0;0;42
$1;1;3164000;2;0;1485;48394;33051;13064;396;0;3646;3642;3643;3650;3639;3644;3647;3643;3646;0;0;0;32
$1;1;3165000;2;0;1408;48434;33028;13067;396;0;3645;3642;3642;3649;3639;3643;3646;3642;3645;0;0;0;42
$1;1;3166000;2;0;1488;48391;33052;13072;396;0;3646;3643;3643;3650;3640;3644;3647;3643;3646;0;0;0;33
$1;1;3167000;2;0;1422;48423;33031;13076;395;0;3645;3642;3643;3649;3639;3643;3646;3642;3645;0;0;0;44
$1;1;3168000;2;0;1451;48406;33041;13080;395;0;3645;3642;3643;3650;3639;3644;3647;3643;3645;0;0;0;33
$1;1;3169000;2;0;1484;48387;33052;13084;395;0;3646;3643;3643;3650;3640;3644;3648;3643;3646;0;0;0;32
$1;1;3170000;2;0;1492;48381;33054;13088;395;0;3646;3643;3644;3651;3640;3644;3648;3643;3646;0;0;0;37
$1;1;3171000;2;0;1484;48387;33053;13092;395;0;3646;3643;3643;3650;3639;3644;3648;3643;3646;0;0;0;33
$1;1;3172000;2;0;1483;48387;33053;13097;395;0;3646;3643;3643;3650;3640;3644;3648;3643;3646;0;0;0;46
$1;1;3173000;2;0;1497;48380;33058;13101;395;0;3646;3643;3644;3650;3640;3645;3648;3644;3647;0;0;0;40
$1;1;3174000;2;0;1503;48379;33060;13105;394;0;3647;3643;3644;3651;3640;3645;3648;3644;3647;0;0;0;43
$1;1;3175000;2;0;1452;48405;33043;13109;394;0;3646;3643;3643;3650;3639;3644;3647;3643;3646;0;0;0;47
$1;1;3176000;2;0;1489;48387;33055;13113;394;0;3646;3643;3644;3650;3640;3644;3648;3643;3646;0;0;0;45
$1;1;3177000;2;0;1498;48380;33059;13117;394;0;3646;3643;3644;3651;3640;3645;3648;3644;3647;0;0;0;37
$1;1;3178000;2;0;1484;48391;33055;13121;394;0;3646;3643;3643;3651;3640;3644;3648;3644;3646;0;0;0;41
$1;1;3179000;2;0;1501;48386;33060;13125;393;0;3647;3643;3644;3651;3640;3645;3648;3644;3647;0;0;0;33
$1;1;3180000;2;0;1503;48381;33061;13129;394;0;3647;3643;3644;3651;3640;3645;3648;3644;3647;0;0;0;40
$1;1;3181000;2;0;1439;48415;33042;13134;394;0;3646;3643;3643;3650;3640;3644;3647;3643;3646;0;0;0;41
$1;1;3182000;2;0;1457;48406;33046;13138;394;0;3646;3643;3643;3650;3640;3644;3647;3643;3646;0;0;0;40
$1;1;3183000;2;0;1496;48386;33060;13142;394;0;3647;3643;3644;3650;3640;3645;3648;3644;3647;0;0;0;44
$1;1;3184000;2;0;1455;48406;33047;13146;394;0;3646;3643;3643;3651;3640;3644;3648;3643;3646;0;0;0;42
$1;1;3185000;2;0;1445;48411;33044;13150;394;0;3646;3643;3644;3650;3640;3644;3647;3643;3646;0;0;0;33
$1;1;3186000;2;0;1449;48411;33046;13154;394;0;3646;3643;3644;3650;3640;3644;3647;3643;3646;0;0;0;40
$1;1;3187000;2;0;1496;48386;33060;13158;394;0;3647;3643;3644;3651;3640;3645;3648;3644;3647;0;0;0;34
$1;1;3188000;2;0;1474;48397;33055;13162;394;0;3646;3643;3644;3651;3640;3644;3648;3644;3646;0;0;0;47
$1;1;3189000;2;0;1448;48411;33045;13166;393;0;3646;3643;3643;3650;3640;3644;3648;3643;3646;0;0;0;43
$1;128;3189000;317;137;17;15;14;16;12;14;17;15;17;0;0;0;20
$1;1;3190000;2;0;1483;48393;33057;13170;393;0;3647;3643;3644;3651;3640;3645;3648;3644;3647;0;0;0;45
$1;1;3191000;2;0;1437;48418;33043;13174;393;0;3646;3643;3644;3650;3640;3644;3647;3643;3646;0;0;0;46
$1;1;3192000;2;0;1474;48399;33055;13178;393;0;3646;3643;3644;3651;3640;3645;3648;3644;3646;0;0;0;39
$1;1;3193000;2;0;1475;48398;33055;13182;393;0;3646;3643;3644;3651;3640;3645;3648;3644;3647;0;0;0;34
$1;1;3194000;2;0;1488;48393;33060;13185;392;0;3647;3644;3644;3651;3640;3645;3648;3644;3647;0;0;0;42
$1;1;3195000;2;0;1498;48386;33064;13190;392;0;3647;3644;3644;3651;3641;3645;3649;3644;3647;0;0;0;46
$1;1;3196000;2;0;1499;48386;33065;13194;392;0;3647;3644;3644;3652;3641;3645;3649;3644;3647;0;0;0;42
$1;1;3197000;2;0;1465;48403;33055;13198;392;0;3647;3644;3644;3651;3640;3645;3648;3644;3647;0;0;0;46
$1;1;3198000;2;0;1441;48416;33046;13202;392;0;3646;3643;3644;3651;3640;3644;3648;3644;3646;0;0;0;39
$1;1;3199000;2;0;1452;48410;33050;13206;392;0;3646;3643;3644;3651;3640;3644;3648;3644;3646;0;0;0;33
$1;1;3200000;2;0;1483;48392;33059;13210;393;0;3647;3644;3644;3651;3640;3645;3648;3644;3647;0;0;0;42
$1;1;3201000;2;0;1496;48388;33065;13214;393;0;3647;3644;3644;3651;3641;3645;3649;3644;3647;0;0;0;47
$1;1;3202000;2;0;1481;48395;33060;13218;392;0;3647;3644;3644;3651;3641;3645;3648;3644;3647;0;0;0;47
$1;1;3203000;2;0;1497;48388;33066;13223;392;0;3647;3644;3644;3651;3641;3645;3649;3645;3647;0;0;0;43
$1;1;3204000;2;0;1470;48401;33056;13227;392;0;3647;3644;3644;3651;3640;3645;3648;3644;3647;0;0;0;37
$1;1;3205000;2;0;1455;48411;33052;13231;392;0;3646;3644;3644;3650;3640;3645;3648;3644;3647;0;0;0;33
$1;1;3206000;2;0;1441;48417;33048;13235;392;0;3646;3643;3644;3651;3640;3644;3648;3644;3646;0;0;0;40
$1;1;3207000;2;0;1439;48418;33048;13239;392;0;3646;3643;3644;3650;3640;3645;3648;3644;3646;0;0;0;37
$1;1;3208000;2;0;1496;48389;33067;13243;392;0;3647;3644;3645;3652;3641;3645;3649;3645;3647;0;0;0;37
$1;1;3209000;2;0;1478;48397;33061;13247;391;0;3647;3644;3644;3651;3641;3645;3648;3644;3647;0;0;0;40
$1;1;3210000;2;0;1430;48422;33046;13251;391;0;3646;3643;3644;3650;3640;3645;3648;3644;3647;0;0;0;33
$1;1;3211000;2;0;1488;48389;33064;13255;391;0;3647;3644;3644;3651;3641;3645;3649;3645;3647;0;0;0;39
$1;1;3212000;2;0;1452;48409;33053;13260;391;0;3647;3644;3644;3651;3641;3645;3649;3644;3647;0;0;0;47
$1;1;3213000;2;0;1472;48401;33060;13264;391;0;3647;3644;3644;3651;3641;3645;3648;3644;3647;0;0;0;33
$1;1;3214000;2;0;1397;48440;33036;13268;390;0;3646;3643;3644;3650;3640;3644;3647;3643;3646;0;0;0;47
$1;1;3215000;2;0;1426;48424;33045;13272;390;0;3646;3643;3644;3650;3640;3645;3648;3644;3646;0;0;0;39
$1;1;3216000;2;0;1447;48411;33052;13276;391;0;3647;3644;3644;3650;3640;3645;3648;3644;3647;0;0;0;33
$1;1;3217000;2;0;1434;48418;33048;13280;391;0;3647;3644;3644;3651;3640;3645;3648;3644;3647;0;0;0;46
$1;1;3218000;2;0;1451;48411;33055;13284;391;0;3647;3644;3644;3651;3641;3645;3648;3644;3647;0;0;0;34
$1;1;3219000;2;0;1398;48437;33037;13288;391;0;3646;3643;3644;3650;3640;3644;3647;3643;3646;0;0;0;35
$1;1;3220000;2;0;1470;48400;33059;13292;391;0;3647;3644;3644;3652;3641;3645;3648;3644;3647;0;0;0;34
$1;1;3221000;2;0;1485;48394;33066;13296;391;0;3647;3644;3645;3652;3641;3646;3649;3645;3647;0;0;0;41
$1;1;3222000;2;0;1463;48403;33058;13300;391;0;3647;3644;3644;3651;3641;3645;3648;3644;3647;0;0;0;41
$1;1;3223000;2;0;1480;48396;33064;13304;391;0;3647;3644;3645;3652;3641;3646;3649;3645;3648;0;0;0;43
$1;1;3224000;2;0;1489;48391;33067;13308;391;0;3647;3644;3645;3652;3641;3646;3649;3645;3648;0;0;0;45
$1;1;3225000;2;0;1498;48388;33071;13312;391;0;3648;3645;3645;3652;3641;3646;3649;3645;3648;0;0;0;38
$1;1;3226000;2;0;1489;48390;33067;13316;391;0;3647;3644;3645;3652;3641;3646;3649;3645;3648;0;0;0;33
$1;1;3227000;2;0;1471;48400;33063;13320;390;0;3647;3644;3645;3652;3641;3646;3649;3645;3647;0;0;0;38
$1;1;3228000;2;0;1497;48386;33072;13324;390;0;3648;3645;3645;3652;3641;3646;3649;3645;3648;0;0;0;45
$1;1;3229000;2;0;1498;48386;33072;13328;390;0;3648;3644;3645;3652;3642;3646;3649;3645;3648;0;0;0;45
$1;1;3230000;2;0;1500;48385;33074;13333;390;0;3648;3645;3645;3652;3642;3646;3650;3645;3648;0;0;0;35
$1;1;3231000;2;0;1499;48386;33074;13337;390;0;3648;3645;3645;3652;3641;3646;3650;3646;3648;0;0;0;36
$1;1;3232000;2;0;1458;48405;33060;13341;389;0;3648;3644;3645;3652;3641;3646;3649;3645;3647;0;0;0;47
$1;1;3233000;2;0;1494;48389;33073;13345;389;0;3648;3645;3645;3652;3642;3646;3650;3645;3648;0;0;0;46
$1;1;3234000;2;0;1498;48388;33075;13349;389;0;3648;3645;3646;3652;3642;3646;3650;3646;3648;0;0;0;46
$1;1;3235000;2;0;1501;48383;33075;13353;390;0;3648;3645;3645;3652;3642;3647;3650;3646;3648;0;0;0;36
$1;1;3236000;2;0;1498;48384;33076;13358;390;0;3648;3645;3646;3652;3642;3646;3650;3646;3649;0;0;0;42
$1;1;3237000;2;0;1501;48382;33077;13362;390;0;3648;3645;3646;3652;3642;3647;3650;3646;3649;0;0;0;37
$1;1;3238000;2;0;1500;48382;33076;13366;390;0;3648;3645;3646;3652;3642;3647;3650;3646;3649;0;0;0;46
$1;1;3239000;2;0;1483;48391;33071;13370;390;0;3648;3645;3645;3652;3641;3646;3649;3645;3648;0;0;0;44
$1;1;3240000;2;0;1499;48383;33076;13374;390;0;3648;3645;3646;3652;3642;3647;3650;3646;3649;0;0;0;34
$1;1;3241000;2;0;1500;48382;33077;13378;390;0;3648;3645;3646;3652;3642;3647;3650;3646;3648;0;0;0;47
$1;1;3242000;2;0;1500;48382;33078;13383;390;0;3649;3645;3646;3652;3642;3647;3650;3646;3649;0;0;0;39
$1;1;3243000;2;0;1500;48383;33079;13387;390;0;3649;3645;3646;3652;3642;3647;3650;3646;3649;0;0;0;34
$1;1;3244000;2;0;1500;48382;33078;13391;390;0;3649;3645;3646;3652;3642;3647;3650;3646;3649;0;0;0;34
$1;1;3245000;2;0;1500;48382;33079;13395;390;0;3649;3645;3646;3652;3642;3647;3650;3646;3649;0;0;0;38
$1;1;3246000;2;0;1499;48383;33079;13399;389;0;3649;3645;3646;3652;3642;3647;3650;3646;3649;0;0;0;33
$1;1;3247000;2;0;1499;48384;33079;13403;389;0;3649;3645;3646;3652;3642;3647;3650;3646;3649;0;0;0;35
$1;1;3248000;2;0;1499;48384;33079;13408;389;0;3649;3646;3646;3652;3642;3647;3650;3646;3649;0;0;0;36
$1;1;3249000;2;0;1498;48385;33079;13412;389;0;3649;3646;3646;3652;3642;3647;3650;3646;3649;0;0;0;46
$1;128;3249000;322;136;17;14;14;16;13;15;16;15;16;0;0;0;29
$1;1;3250000;2;0;1500;48385;33080;13416;389;0;3649;3646;3646;3652;3642;3647;3650;3646;3649;0;0;0;36
$1;1;3251000;2;0;1500;48385;33080;13420;389;0;3649;3645;3646;3652;3642;3647;3650;3646;3649;0;0;0;35
$1;1;3252000;2;0;1500;48386;33080;13424;388;0;3649;3646;3646;3652;3642;3647;3650;3646;3649;0;0;0;37
$1;1;3253000;2;0;1500;48386;33081;13428;388;0;3649;3646;3646;3652;3642;3647;3651;3646;3649;0;0;0;40
$1;1;3254000;2;0;1499;48388;33081;13433;388;0;3649;3646;3646;3652;3642;3647;3651;3646;3649;0;0;0;42
$1;1;3255000;2;0;1501;48382;33082;13437;389;0;3649;3646;3646;3652;3642;3647;3650;3646;3649;0;0;0;38
$1;1;3256000;2;0;1498;48384;33081;13441;389;0;3649;3646;3646;3652;3642;3647;3651;3646;3649;0;0;0;33
$1;1;3257000;2;0;1499;48384;33082;13445;389;0;3649;3646;3646;3652;3642;3647;3651;3646;3649;0;0;0;38
$1;1;3258000;2;0;1498;48384;33081;13449;389;0;3649;3646;3647;3653;3643;3647;3651;3646;3649;0;0;0;38
$1;1;3259000;2;0;1499;48384;33083;13453;389;0;3649;3646;3647;3653;3642;3647;3651;3647;3649;0;0;0;47
$1;1;3260000;2;0;1501;48383;33083;13458;389;0;3649;3646;3646;3653;3643;3647;3651;3647;3649;0;0;0;41
$1;1;3261000;2;0;1501;48382;33084;13462;389;0;3649;3646;3647;3653;3643;3648;3651;3647;3649;0;0;0;41
$1;1;3262000;2;0;1501;48381;33084;13466;389;0;3649;3646;3646;3653;3643;3648;3651;3647;3650;0;0;0;36
$1;1;3263000;2;0;1501;48382;33085;13470;389;0;3649;3646;3647;3653;3643;3648;3651;3647;3649;0;0;0;41
$1;1;3264000;2;0;1499;48382;33084;13474;389;0;3649;3646;3646;3653;3643;3648;3651;3647;3649;0;0;0;42
$1;1;3265000;2;0;1499;48384;33084;13478;389;0;3649;3646;3647;3653;3643;3648;3651;3647;3649;0;0;0;32
$1;1;3266000;2;0;1499;48384;33084;13483;389;0;3649;3646;3647;3653;3643;3648;3651;3647;3650;0;0;0;47
$1;1;3267000;2;0;1498;48384;33085;13487;389;0;3649;3646;3647;3653;3643;3648;3651;3647;3649;0;0;0;34
$1;1;3268000;2;0;1499;48383;33086;13491;389;0;3649;3646;3647;3653;3643;3648;3651;3647;3649;0;0;0;47
$1;1;3269000;2;0;1499;48384;33086;13495;389;0;3649;3646;3647;3653;3643;3648;3651;3647;3650;0;0;0;37
$1;1;3270000;2;0;1500;48384;33087;13499;389;0;3649;3646;3646;3653;3643;3648;3651;3647;3650;0;0;0;32
$1;1;3271000;2;0;1500;48384;33087;13503;389;0;3650;3646;3647;3653;3643;3648;3651;3647;3650;0;0;0;42
$1;1;3272000;2;0;1499;48384;33087;13508;390;0;3650;3646;3647;3653;3643;3648;3651;3647;3650;0;0;0;43
$1;1;3273000;2;0;1500;48384;33088;13512;390;0;3650;3646;3647;3653;3643;3648;3652;3647;3650;0;0;0;44
$1;1;3274000;2;0;1501;48382;33089;13516;391;0;3650;3647;3647;3653;3643;3648;3652;3647;3650;0;0;0;41
$1;1;3275000;2;0;1500;48382;33088;13520;391;0;3650;3647;3647;3653;3643;3648;3652;3647;3650;0;0;0;45
$1;1;3276000;2;0;1500;48382;33089;13524;392;0;3650;3647;3647;3653;3643;3648;3652;3647;3650;0;0;0;40
$1;1;3277000;2;0;1499;48383;33089;13528;392;0;3650;3647;3647;3654;3643;3648;3651;3647;3650;0;0;0;33
$1;1;3278000;2;0;1499;48382;33089;13532;392;0;3650;3647;3647;3654;3643;3648;3652;3647;3650;0;0;0;39
$1;1;3279000;2;0;1501;48382;33090;13537;393;0;3650;3647;3647;3654;3643;3648;3652;3647;3650;0;0;0;42
$1;1;3280000;2;0;1499;48383;33089;13541;393;0;3650;3647;3647;3654;3643;3648;3652;3647;3650;0;0;0;36
$1;1;3281000;2;0;1499;48383;33089;13545;393;0;3650;3647;3647;3654;3643;3648;3652;3647;3650;0;0;0;33
$1;1;3282000;2;0;1500;48383;33091;13549;394;0;3650;3647;3647;3654;3643;3648;3652;3647;3650;0;0;0;33
$1;1;3283000;2;0;1499;48383;33091;13553;394;0;3650;3647;3647;3654;3643;3648;3652;3647;3650;0;0;0;42
$1;1;3284000;2;0;1500;48382;33091;13557;394;0;3650;3647;3647;3654;3643;3648;3652;3647;3650;0;0;0;41
$1;1;3285000;2;0;1500;48384;33091;13562;394;0;3650;3647;3647;3654;3643;3649;3652;3647;3650;0;0;0;41
$1;1;3286000;2;0;1500;48384;33091;13566;395;0;3650;3647;3647;3654;3643;3648;3652;3647;3650;0;0;0;46
$1;1;3287000;2;0;1500;48384;33091;13570;395;0;3650;3647;3647;3654;3643;3648;3652;3647;3650;0;0;0;40
$1;1;3288000;2;0;1499;48385;33091;13574;395;0;3650;3647;3647;3654;3643;3648;3652;3647;3650;0;0;0;35
$1;1;3289000;2;0;1498;48386;33091;13578;396;0;3650;3647;3647;3654;3643;3649;3652;3647;3650;0;0;0;46
$1;1;3290000;2;0;1500;48384;33092;13583;396;0;3650;3647;3647;3654;3643;3649;3652;3648;3650;0;0;0;44
$1;1;3291000;2;0;1486;48393;33088;13587;396;0;3650;3647;3647;3654;3643;3648;3652;3647;3650;0;0;0;37
$1;1;3292000;2;0;1412;48430;33064;13591;396;0;3649;3646;3646;3653;3642;3647;3651;3646;3649;0;0;0;43
$1;1;3293000;2;0;1491;48388;33090;13595;398;0;3650;3647;3647;3654;3643;3648;3652;3647;3650;0;0;0;47
$1;1;3294000;2;0;1500;48384;33093;13599;399;0;3650;3647;3647;3654;3643;3649;3652;3648;3650;0;0;0;45
$1;1;3295000;2;0;1501;48383;33093;13603;399;0;3650;3647;3648;3654;3643;3649;3652;3648;3650;0;0;0;37
$1;1;3296000;2;0;1501;48384;33094;13607;399;0;3650;3647;3648;3654;3644;3649;3653;3648;3650;0;0;0;36
$1;1;3297000;2;0;1500;48382;33094;13612;400;0;3650;3647;3648;3654;3644;3649;3653;3648;3651;0;0;0;32
$1;1;3298000;2;0;1499;48382;33093;13616;400;0;3650;3647;3647;3654;3643;3649;3652;3648;3650;0;0;0;37
$1;1;3299000;2;0;1500;48383;33094;13620;401;0;3650;3647;3647;3654;3644;3649;3653;3648;3651;0;0;0;32
$1;1;3300000;2;0;1500;48383;33094;13624;401;0;3650;3647;3648;3654;3644;3649;3653;3648;3651;0;0;0;42
$1;1;3301000;2;0;1452;48406;33079;13628;402;0;3650;3647;3647;3654;3643;3648;3652;3647;3650;0;0;0;45
$1;1;3302000;2;0;1493;48387;33092;13632;402;0;3650;3647;3647;3654;3643;3649;3653;3648;3650;0;0;0;44
$1;1;3303000;2;0;1499;48383;33095;13636;403;0;3650;3647;3647;3655;3643;3649;3653;3648;3651;0;0;0;33
$1;1;3304000;2;0;1500;48383;33096;13641;403;0;3651;3647;3648;3655;3643;3649;3653;3648;3651;0;0;0;42
$1;1;3305000;2;0;1499;48384;33096;13645;404;0;3651;3648;3648;3655;3644;3649;3653;3648;3651;0;0;0;38
$1;1;3306000;2;0;1499;48383;33097;13649;404;0;3651;3648;3648;3655;3644;3649;3653;3648;3651;0;0;0;47
$1;1;3307000;2;0;1499;48385;33097;13653;404;0;3651;3648;3648;3655;3644;3649;3653;3648;3651;0;0;0;35
$1;1;3308000;2;0;1498;48384;33097;13657;405;0;3651;3648;3648;3655;3644;3649;3653;3648;3651;0;0;0;41
$1;1;3309000;2;0;1500;48383;33098;13661;405;0;3651;3648;3648;3655;3644;3649;3653;3648;3651;0;0;0;37
$1;1;3310000;2;0;1500;48380;33098;13666;406;0;3651;3647;3648;3655;3644;3649;3653;3648;3651;0;0;0;37
$1;128;3310000;318;136;17;14;14;16;12;14;17;15;17;0;0;0;25
$1;1;3311000;2;0;1501;48381;33099;13670;407;0;3651;3648;3648;3655;3644;3649;3653;3648;3651;0;0;0;44
$1;1;3312000;2;0;1500;48380;33098;13674;407;0;3651;3648;3648;3655;3644;3649;3653;3648;3651;0;0;0;42
$1;1;3313000;2;0;1501;48380;33099;13678;407;0;3651;3648;3648;3655;3644;3649;3653;3648;3651;0;0;0;39
$1;1;3314000;2;0;1501;48381;33100;13682;408;0;3651;3648;3648;3655;3644;3649;3653;3648;3651;0;0;0;42
$1;1;3315000;2;0;1501;48382;33100;13686;408;0;3651;3648;3648;3655;3644;3649;3653;3648;3651;0;0;0;44
$1;1;3316000;2;0;1499;48382;33100;13691;408;0;3651;3648;3648;3655;3644;3649;3653;3648;3651;0;0;0;41
$1;1;3317000;2;0;1501;48381;33101;13695;408;0;3651;3648;3648;3655;3644;3650;3653;3648;3651;0;0;0;38
$1;1;3318000;2;0;1499;48382;33101;13699;409;0;3651;3648;3648;3655;3644;3649;3653;3648;3651;0;0;0;47
$1;1;3319000;2;0;1500;48382;33101;13703;409;0;3651;3648;3649;3655;3644;3649;3653;3648;3651;0;0;0;44
$1;1;3320000;2;0;1500;48382;33102;13707;409;0;3651;3648;3648;3655;3644;3649;3653;3649;3651;0;0;0;33
$1;1;3321000;2;0;1501;48381;33103;13711;409;0;3651;3648;3649;3655;3644;3650;3653;3649;3651;0;0;0;45
$1;1;3322000;2;0;1498;48384;33102;13715;409;0;3651;3648;3648;3655;3644;3650;3653;3649;3651;0;0;0;46
$1;1;3323000;2;0;1499;48383;33103;13720;409;0;3651;3648;3649;3655;3644;3650;3654;3649;3651;0;0;0;40
$1;1;3324000;2;0;1501;48383;33103;13724;409;0;3651;3648;3648;3655;3645;3650;3654;3649;3652;0;0;0;40
$1;1;3325000;2;0;1498;48384;33103;13728;409;0;3651;3648;3648;3655;3644;3650;3654;3649;3652;0;0;0;34
$1;1;3326000;2;0;1501;48381;33103;13732;409;0;3651;3648;3649;3655;3644;3650;3654;3649;3651;0;0;0;44
$1;1;3327000;2;0;1499;48380;33103;13736;410;0;3651;3648;3649;3655;3645;3650;3654;3649;3652;0;0;0;34
$1;1;3328000;2;0;1499;48381;33104;13740;410;0;3651;3648;3649;3655;3645;3650;3654;3649;3651;0;0;0;41
$1;1;3329000;2;0;1501;48380;33104;13745;410;0;3651;3648;3649;3655;3645;3650;3654;3649;3652;0;0;0;47
$1;1;3330000;2;0;1500;48381;33104;13749;410;0;3651;3648;3649;3655;3645;3650;3654;3649;3652;0;0;0;43
$1;1;3331000;2;0;1500;48381;33104;13753;410;0;3651;3648;3649;3655;3645;3650;3654;3649;3652;0;0;0;33
$1;1;3332000;2;0;1501;48380;33105;13757;410;0;3652;3649;3649;3655;3645;3650;3654;3649;3651;0;0;0;38
$1;1;3333000;2;0;1500;48381;33105;13761;410;0;3652;3649;3649;3656;3645;3650;3654;3649;3652;0;0;0;34
$1;1;3334000;2;0;1501;48382;33105;13765;410;0;3652;3648;3649;3655;3645;3650;3654;3649;3652;0;0;0;33
$1;1;3335000;2;0;1499;48382;33105;13770;409;0;3652;3649;3649;3655;3645;3650;3654;3649;3652;0;0;0;45
$1;1;3336000;2;0;1499;48382;33104;13774;409;0;3652;3648;3649;3655;3645;3650;3654;3649;3652;0;0;0;42
$1;1;3337000;2;0;1501;48382;33107;13778;409;0;3652;3649;3649;3656;3645;3650;3654;3649;3652;0;0;0;38
$1;1;3338000;2;0;1501;48383;33107;13782;409;0;3652;3649;3649;3655;3645;3650;3654;3649;3652;0;0;0;46
$1;1;3339000;2;0;1502;48383;33107;13786;409;0;3652;3649;3649;3656;3645;3650;3654;3649;3652;0;0;0;43
$1;1;3340000;2;0;1500;48383;33108;13790;409;0;3652;3649;3649;3656;3645;3650;3654;3649;3652;0;0;0;47
$1;1;3341000;2;0;1498;48385;33106;13795;409;0;3652;3649;3649;3656;3645;3650;3654;3649;3652;0;0;0;35
$1;1;3342000;2;0;1499;48382;33107;13799;410;0;3652;3649;3649;3656;3645;3650;3654;3649;3652;0;0;0;35
$1;1;3343000;2;0;1497;48382;33107;13803;410;0;3652;3649;3649;3656;3645;3650;3654;3649;3652;0;0;0;32
$1;1;3344000;2;0;1499;48381;33108;13807;410;0;3652;3649;3649;3656;3645;3650;3654;3649;3652;0;0;0;33
$1;1;3345000;2;0;1500;48380;33108;13811;410;0;3652;3649;3649;3656;3645;3650;3654;3649;3652;0;0;0;39
$1;1;3346000;2;0;1500;48382;33108;13815;409;0;3652;3649;3649;3656;3645;3650;3654;3649;3652;0;0;0;42
$1;1;3347000;2;0;1499;48383;33109;13820;409;0;3652;3649;3649;3656;3645;3650;3654;3649;3652;0;0;0;44
$1;1;3348000;2;0;1500;48383;33109;13824;409;0;3652;3649;3649;3656;3645;3650;3654;3649;3652;0;0;0;38
$1;1;3349000;2;0;1501;48381;33110;13828;409;0;3652;3649;3649;3656;3645;3650;3654;3649;3652;0;0;0;32
$1;1;3350000;2;0;1500;48382;33110;13832;408;0;3652;3649;3649;3656;3645;3651;3654;3649;3652;0;0;0;33
$1;1;3351000;2;0;1501;48383;33110;13836;408;0;3652;3649;3649;3656;3645;3650;3654;3650;3652;0;0;0;45
$1;1;3352000;2;0;1498;48385;33110;13840;408;0;3652;3649;3649;3656;3645;3651;3654;3649;3652;0;0;0;33
$1;1;3353000;2;0;1500;48383;33110;13845;408;0;3652;3649;3649;3656;3645;3650;3654;3649;3652;0;0;0;34
$1;1;3354000;2;0;1499;48385;33111;13849;407;0;3652;3649;3649;3656;3645;3651;3654;3650;3652;0;0;0;41
$1;1;3355000;2;0;1499;48385;33112;13853;407;0;3652;3649;3649;3656;3645;3651;3654;3650;3652;0;0;0;32
$1;1;3356000;2;0;1500;48384;33111;13857;407;0;3652;3649;3650;3656;3646;3651;3654;3650;3652;0;0;0;47
$1;1;3357000;2;0;1499;48385;33112;13861;407;0;3652;3649;3650;3656;3646;3651;3654;3650;3653;0;0;0;41
$1;1;3358000;2;0;1467;48397;33101;13865;407;0;3652;3649;3649;3656;3645;3650;3653;3649;3652;0;0;0;38
$1;1;3359000;2;0;1495;48384;33110;13870;408;0;3652;3649;3650;3656;3645;3650;3654;3650;3652;0;0;0;36
$1;1;3360000;2;0;1498;48381;33111;13874;407;0;3652;3649;3649;3656;3646;3651;3654;3649;3653;0;0;0;47
$1;1;3361000;2;0;1499;48380;33112;13878;407;0;3652;3649;3650;3656;3646;3651;3654;3650;3652;0;0;0;32
$1;1;3362000;2;0;1499;48381;33113;13882;407;0;3652;3649;3650;3656;3645;3651;3654;3650;3653;0;0;0;36
$1;1;3363000;2;0;1498;48382;33112;13886;407;0;3652;3649;3650;3656;3646;3651;3654;3650;3653;0;0;0;33
$1;1;3364000;2;0;1499;48381;33113;13891;407;0;3652;3649;3650;3656;3646;3651;3654;3650;3653;0;0;0;35
$1;1;3365000;2;0;1438;48411;33093;13894;406;0;3652;3649;3649;3656;3645;3650;3653;3649;3652;0;0;0;46
$1;1;3366000;2;0;1492;48385;33110;13898;406;0;3652;3649;3650;3656;3646;3651;3654;3650;3653;0;0;0;37
$1;1;3367000;2;0;1470;48398;33104;13902;406;0;3652;3649;3649;3656;3645;3650;3654;3649;3652;0;0;0;32
$1;1;3368000;2;0;1499;48383;33114;13907;406;0;3652;3649;3650;3657;3646;3651;3654;3650;3653;0;0;0;36
$1;1;3369000;2;0;1501;48381;33115;13911;406;0;3653;3649;3650;3657;3646;3651;3654;3650;3653;0;0;0;32
$1;1;3370000;2;0;1499;48382;33114;13915;405;0;3653;3650;3650;3656;3646;3651;3654;3650;3653;0;0;0;36
$1;128;3370000;320;137;17;15;13;16;12;15;17;15;17;0;0;0;18
$1;1;3371000;2;0;1499;48383;33115;13919;405;0;3653;3649;3650;3657;3646;3651;3654;3650;3653;0;0;0;32
$1;1;3372000;2;0;1504;48380;33116;13923;405;0;3653;3650;3650;3657;3646;3651;3655;3650;3653;0;0;0;38
$1;1;3373000;2;0;1499;48383;33116;13928;405;0;3653;3650;3650;3657;3646;3651;3654;3650;3653;0;0;0;43
$1;1;3374000;2;0;1499;48380;33115;13932;405;0;3653;3650;3650;3657;3646;3651;3654;3650;3653;0;0;0;39
$1;1;3375000;2;0;1459;48400;33103;13936;405;0;3652;3649;3650;3656;3646;3651;3654;3650;3652;0;0;0;47
$1;1;3376000;2;0;1491;48384;33113;13940;405;0;3653;3649;3650;3657;3646;3651;3654;3650;3653;0;0;0;34
$1;1;3377000;2;0;1497;48380;33115;13944;405;0;3653;3650;3650;3657;3646;3651;3654;3650;3653;0;0;0;43
$1;1;3378000;2;0;1499;48380;33116;13948;405;0;3653;3650;3650;3657;3646;3651;3655;3650;3653;0;0;0;36
$1;1;3379000;2;0;1451;48405;33101;13953;405;0;3652;3649;3650;3656;3646;3651;3654;3649;3652;0;0;0;39
$1;1;3380000;2;0;1472;48395;33107;13957;404;0;3652;3650;3650;3656;3646;3651;3654;3650;3652;0;0;0;45
$1;1;3381000;2;0;1467;48398;33107;13961;404;0;3652;3649;3650;3656;3646;3650;3654;3650;3653;0;0;0;40
$1;1;3382000;2;0;1473;48395;33108;13965;404;0;3652;3649;3650;3656;3646;3651;3654;3650;3653;0;0;0;41
$1;1;3383000;2;0;1427;48419;33094;13970;403;0;3652;3649;3649;3656;3645;3650;3654;3649;3652;0;0;0;46
$1;1;3384000;2;0;1489;48387;33115;13974;403;0;3653;3649;3650;3657;3646;3651;3654;3650;3653;0;0;0;34
$1;1;3385000;2;0;1500;48381;33118;13978;403;0;3653;3650;3650;3657;3646;3651;3655;3650;3653;0;0;0;45
$1;1;3386000;2;0;1487;48388;33114;13982;403;0;3653;3650;3650;3657;3646;3651;3655;3650;3653;0;0;0;32
$1;1;3387000;2;0;1473;48395;33110;13986;402;0;3653;3650;3650;3656;3646;3651;3654;3650;3653;0;0;0;39
$1;1;3388000;2;0;1496;48384;33117;13990;402;0;3653;3650;3650;3657;3646;3651;3655;3650;3653;0;0;0;35
$1;1;3389000;2;0;1490;48387;33116;13994;402;0;3653;3650;3650;3657;3646;3651;3655;3650;3653;0;0;0;34
$1;1;3390000;2;0;1440;48411;33099;13998;402;0;3652;3649;3650;3656;3646;3651;3654;3649;3653;0;0;0;36
$1;1;3391000;2;0;1484;48388;33113;14002;402;0;3653;3650;3650;3657;3646;3651;3654;3650;3653;0;0;0;36
$1;1;3392000;2;0;1490;48384;33116;14006;402;0;3653;3650;3650;3657;3646;3651;3655;3650;3653;0;0;0;46
$1;1;3393000;2;0;1498;48378;33118;14011;402;0;3653;3650;3650;3657;3646;3651;3655;3650;3653;0;0;0;44
$1;1;3394000;2;0;1454;48402;33104;14015;402;0;3652;3650;3650;3657;3646;3651;3654;3650;3653;0;0;0;40
$1;1;3395000;2;0;1447;48407;33102;14019;402;0;3652;3649;3650;3657;3646;3651;3654;3650;3653;0;0;0;44
$1;1;3396000;2;0;1495;48383;33118;14023;402;0;3653;3650;3650;3657;3646;3651;3655;3650;3653;0;0;0;33
$1;1;3397000;2;0;1463;48400;33108;14027;401;0;3653;3650;3650;3657;3646;3651;3654;3650;3653;0;0;0;34
$1;1;3398000;2;0;1483;48391;33115;14031;401;0;3653;3650;3650;3657;3646;3651;3655;3650;3653;0;0;0;38
$1;1;3399000;2;0;1499;48381;33120;14036;401;0;3653;3650;3650;3657;3647;3652;3655;3651;3654;0;0;0;40
$1;1;3400000;2;0;1477;48393;33114;14040;401;0;3653;3650;3650;3657;3646;3651;3655;3650;3653;0;0;0;46
$1;1;3401000;2;0;1474;48395;33113;14044;400;0;3653;3650;3650;3657;3646;3651;3654;3650;3653;0;0;0;41
$1;1;3402000;2;0;1497;48383;33120;14048;400;0;3653;3650;3650;3658;3647;3651;3655;3651;3654;0;0;0;37
$1;1;3403000;2;0;1498;48382;33120;14052;400;0;3653;3650;3651;3657;3647;3651;3655;3651;3654;0;0;0;47
$1;1;3404000;2;0;1448;48408;33104;14056;400;0;3653;3650;3650;3657;3646;3651;3654;3650;3653;0;0;0;37
$1;1;3405000;2;0;1470;48396;33112;14060;400;0;3653;3650;3650;3657;3646;3651;3655;3650;3653;0;0;0;44
$1;1;3406000;2;0;1496;48383;33121;14065;399;0;3653;3650;3651;3657;3647;3652;3655;3651;3654;0;0;0;36
$1;1;3407000;2;0;1501;48380;33123;14069;399;0;3654;3651;3651;3658;3647;3652;3655;3651;3654;0;0;0;46
$1;1;3408000;2;0;1500;48377;33123;14073;400;0;3653;3650;3651;3658;3647;3652;3655;3651;3654;0;0;0;34
$1;1;3409000;2;0;1499;48377;33122;14077;400;0;3653;3650;3651;3658;3647;3652;3655;3651;3654;0;0;0;39
$1;1;3410000;2;0;1501;48376;33123;14081;400;0;3653;3650;3651;3658;3647;3652;3655;3651;3654;0;0;0;38
$1;1;3411000;2;0;1481;48385;33117;14085;400;0;3653;3650;3651;3658;3647;3652;3655;3651;3653;0;0;0;38
$1;1;3412000;2;0;1451;48404;33107;14090;400;0;3653;3650;3650;3657;3647;3651;3654;3650;3653;0;0;0;46
$1;1;3413000;2;0;1496;48380;33123;14094;399;0;3653;3650;3651;3658;3647;3652;3655;3651;3654;0;0;0;32
$1;1;3414000;2;0;1487;48386;33119;14098;399;0;3653;3650;3651;3658;3647;3652;3655;3651;3654;0;0;0;36
$1;1;3415000;2;0;1446;48406;33107;14102;399;0;3653;3650;3650;3657;3647;3651;3654;3650;3653;0;0;0;32
$1;1;3416000;2;0;1493;48382;33122;14106;399;0;3654;3650;3651;3657;3647;3652;3655;3651;3653;0;0;0;38
$1;1;3417000;2;0;1499;48379;33125;14110;399;0;3654;3650;3651;3658;3647;3652;3655;3651;3654;0;0;0;33
$1;1;3418000;2;0;1500;48379;33125;14115;399;0;3654;3650;3651;3658;3647;3652;3655;3651;3654;0;0;0;42
$1;1;3419000;2;0;1502;48378;33126;14119;398;0;3654;3650;3651;3658;3647;3652;3655;3651;3654;0;0;0;38
$1;1;3420000;2;0;1500;48380;33126;14123;398;0;3654;3651;3651;3658;3647;3652;3655;3651;3654;0;0;0;33
$1;1;3421000;2;0;1498;48381;33125;14127;398;0;3654;3651;3651;3658;3647;3652;3656;3651;3654;0;0;0;37
$1;1;3422000;2;0;1476;48394;33119;14131;398;0;3654;3651;3651;3658;3647;3652;3655;3651;3654;0;0;0;41
$1;1;3423000;2;0;1502;48380;33127;14136;398;0;3654;3651;3651;3658;3647;3652;3655;3651;3654;0;0;0;37
$1;1;3424000;2;0;1500;48380;33127;14140;397;0;3654;3651;3651;3658;3648;3652;3656;3651;3654;0;0;0;34
$1;1;3425000;2;0;1489;48384;33124;14143;398;0;3654;3651;3651;3658;3647;3652;3655;3651;3654;0;0;0;36
$1;1;3426000;2;0;1465;48394;33116;14147;398;0;3654;3650;3651;3658;3647;3652;3655;3651;3653;0;0;0;39
$1;1;3427000;2;0;1491;48384;33124;14151;398;0;3654;3651;3651;3658;3647;3652;3655;3651;3654;0;0;0;44
$1;1;3428000;2;0;1453;48403;33112;14156;398;0;3653;3650;3651;3657;3647;3652;3655;3651;3653;0;0;0;41
$1;1;3429000;2;0;1494;48382;33125;14160;398;0;3654;3651;3651;3658;3647;3652;3655;3651;3654;0;0;0;34
$1;1;3430000;2;0;1501;48379;33128;14164;398;0;3654;3651;3652;3658;3648;3652;3655;3651;3654;0;0;0;38
$1;128;3430000;317;137;16;15;14;16;13;14;17;15;17;0;0;0;19
$1;1;3431000;2;0;1490;48384;33125;14167;398;0;3654;3651;3651;3658;3647;3652;3655;3651;3654;0;0;0;46
$1;1;3432000;2;0;1457;48403;33115;14171;398;0;3653;3650;3651;3658;3647;3652;3655;3651;3654;0;0;0;44
$1;1;3433000;2;0;1483;48389;33123;14175;397;0;3654;3651;3651;3658;3647;3652;3656;3651;3654;0;0;0;42
$1;1;3434000;2;0;1453;48403;33114;14179;397;0;3654;3651;3651;3658;3647;3652;3655;3651;3654;0;0;0;46
$1;1;3435000;2;0;1477;48392;33121;14183;397;0;3654;3651;3651;3658;3647;3652;3655;3651;3654;0;0;0;37
$1;1;3436000;2;0;1454;48404;33115;14187;397;0;3653;3650;3651;3658;3647;3652;3655;3651;3654;0;0;0;42
$1;1;3437000;2;0;1452;48404;33114;14191;396;0;3653;3650;3651;3658;3647;3652;3655;3651;3654;0;0;0;42
$1;1;3438000;2;0;1435;48414;33109;14195;396;0;3653;3650;3651;3658;3647;3652;3655;3651;3653;0;0;0;42
$1;1;3439000;2;0;1415;48423;33103;14199;396;0;3653;3650;3651;3657;3647;3651;3655;3650;3653;0;0;0;38
$1;1;3440000;2;0;1455;48405;33116;14203;396;0;3654;3651;3651;3658;3647;3652;3655;3651;3654;0;0;0;32
$1;1;3441000;2;0;1420;48423;33104;14207;395;0;3653;3650;3651;3657;3647;3651;3655;3651;3653;0;0;0;46
$1;1;3442000;2;0;1432;48417;33108;14212;395;0;3653;3650;3651;3657;3647;3651;3655;3651;3654;0;0;0;38
$1;1;3443000;2;0;1479;48389;33124;14216;396;0;3654;3651;3651;3659;3648;3652;3656;3651;3654;0;0;0;38
$1;1;3444000;2;0;1497;48380;33129;14220;396;0;3654;3651;3652;3658;3648;3653;3656;3652;3655;0;0;0;33
$1;1;3445000;2;0;1456;48401;33117;14224;396;0;3654;3651;3651;3658;3648;3652;3655;3651;3654;0;0;0;41
$1;1;3446000;2;0;1438;48411;33111;14228;396;0;3653;3651;3651;3657;3647;3652;3655;3651;3654;0;0;0;46
$1;1;3447000;2;0;1479;48389;33124;14232;396;0;3654;3651;3651;3659;3648;3652;3655;3651;3654;0;0;0;39
$1;1;3448000;2;0;1430;48415;33109;14237;396;0;3653;3651;3651;3658;3647;3652;3655;3651;3654;0;0;0;36
$1;1;3449000;2;0;1472;48394;33122;14241;396;0;3654;3651;3651;3658;3648;3652;3655;3651;3654;0;0;0;45
$1;1;3450000;2;0;1420;48420;33106;14245;395;0;3653;3651;3651;3658;3647;3652;3655;3651;3654;0;0;0;35
$1;1;3451000;2;0;1437;48412;33111;14249;395;0;3654;3651;3651;3658;3647;3652;3655;3651;3654;0;0;0;40
$1;1;3452000;2;0;1466;48396;33120;14253;395;0;3654;3651;3651;3659;3648;3652;3655;3651;3654;0;0;0;35
$1;1;3453000;2;0;1486;48387;33128;14257;395;0;3654;3651;3652;3659;3648;3653;3656;3651;3655;0;0;0;32
$1;1;3454000;2;0;1437;48413;33112;14261;395;0;3654;3651;3651;3658;3647;3652;3655;3651;3654;0;0;0;37
$1;1;3455000;2;0;1454;48401;33117;14265;394;0;3654;3651;3651;3658;3647;3652;3655;3651;3654;0;0;0;34
$1;1;3456000;2;0;1498;48371;33131;14270;394;0;3655;3651;3652;3659;3648;3653;3656;3652;3655;0;0;0;45
$1;1;3457000;2;0;1501;48368;33133;14274;394;0;3655;3651;3652;3659;3648;3653;3656;3652;3655;0;0;0;35
$1;1;3458000;2;0;1448;48396;33116;14278;394;0;3654;3651;3651;3658;3648;3652;3655;3651;3654;0;0;0;41
$1;1;3459000;2;0;1444;48404;33115;14282;394;0;3654;3651;3651;3658;3648;3652;3655;3651;3654;0;0;0;46
$1;1;3460000;2;0;1487;48384;33129;14286;393;0;3654;3651;3652;3659;3648;3653;3656;3652;3655;0;0;0;42
$1;1;3461000;2;0;1412;48417;33105;14290;394;0;3653;3651;3651;3658;3647;3652;3655;3651;3654;0;0;0;46
$1;1;3462000;2;0;1471;48389;33125;14294;395;0;3654;3651;3652;3659;3648;3652;3655;3651;3654;0;0;0;37
$1;1;3463000;2;0;1478;48387;33127;14298;395;0;3654;3651;3652;3659;3648;3653;3656;3652;3654;0;0;0;44
$1;1;3464000;2;0;1420;48417;33109;14303;394;0;3654;3651;3651;3658;3647;3652;3655;3651;3654;0;0;0;42
$1;1;3465000;2;0;1438;48408;33116;14307;394;0;3654;3651;3651;3658;3648;3652;3655;3651;3654;0;0;0;41
$1;1;3466000;2;0;1494;48379;33132;14311;394;0;3655;3652;3652;3659;3648;3653;3656;3652;3655;0;0;0;44
$1;1;3467000;2;0;1454;48399;33120;14315;394;0;3654;3651;3652;3659;3648;3652;3656;3651;3654;0;0;0;41
$1;1;3468000;2;0;1448;48402;33119;14319;394;0;3654;3651;3652;3659;3648;3653;3656;3652;3655;0;0;0;43
$1;1;3469000;2;0;1491;48380;33133;14323;394;0;3655;3652;3652;3659;3649;3653;3656;3652;3655;0;0;0;33
$1;1;3470000;2;0;1501;48375;33137;14327;394;0;3655;3652;3653;3659;3649;3653;3657;3653;3655;0;0;0;42
$1;1;3471000;2;0;1484;48385;33131;14331;394;0;3655;3652;3652;3659;3648;3653;3656;3652;3655;0;0;0;41
$1;1;3472000;2;0;1461;48396;33125;14335;393;0;3655;3652;3652;3659;3648;3653;3656;3652;3655;0;0;0;37
$1;1;3473000;2;0;1497;48379;33137;14339;393;0;3655;3652;3653;3659;3649;3653;3656;3652;3655;0;0;0;35
$1;1;3474000;2;0;1502;48372;33139;14344;393;0;3655;3652;3652;3660;3649;3653;3657;3653;3655;0;0;0;45
$1;1;3475000;2;0;1499;48371;33139;14348;393;0;3655;3652;3653;3660;3649;3653;3657;3652;3656;0;0;0;35
$1;1;3476000;2;0;1448;48400;33122;14352;393;0;3655;3652;3652;3659;3648;3653;3656;3652;3655;0;0;0;36
$1;1;3477000;2;0;1468;48392;33129;14356;393;0;3655;3652;3652;3659;3648;3653;3656;3652;3655;0;0;0;36
$1;1;3478000;2;0;1452;48402;33124;14360;393;0;3655;3652;3652;3659;3648;3653;3656;3652;3655;0;0;0;36
$1;1;3479000;2;0;1416;48418;33112;14364;393;0;3654;3651;3651;3659;3648;3652;3656;3651;3654;0;0;0;45
$1;1;3480000;2;0;1492;48378;33138;14368;393;0;3655;3652;3653;3660;3649;3653;3657;3653;3655;0;0;0;42
$1;1;3481000;2;0;1465;48393;33128;14372;393;0;3655;3652;3652;3659;3649;3653;3656;3652;3655;0;0;0;39
$1;1;3482000;2;0;1459;48396;33126;14375;393;0;3655;3651;3652;3659;3648;3653;3656;3652;3655;0;0;0;37
$1;1;3483000;2;0;1496;48378;33139;14379;393;0;3655;3652;3653;3660;3649;3653;3657;3653;3656;0;0;0;47
$1;1;3484000;2;0;1498;48375;33139;14384;393;0;3655;3652;3653;3660;3649;3654;3657;3653;3656;0;0;0;46
$1;1;3485000;2;0;1475;48386;33134;14388;393;0;3655;3652;3653;3659;3649;3653;3657;3652;3656;0;0;0;45
$1;1;3486000;2;0;1477;48386;33134;14392;393;0;3655;3652;3653;3659;3649;3653;3656;3652;3655;0;0;0;37
$1;1;3487000;2;0;1459;48395;33128;14396;393;0;3655;3652;3652;3659;3649;3653;3656;3652;3655;0;0;0;34
$1;1;3488000;2;0;1469;48392;33131;14400;393;0;3655;3652;3653;3659;3649;3653;3657;3652;3655;0;0;0;41
$1;1;3489000;2;0;1446;48404;33124;14403;393;0;3655;3652;3652;3659;3649;3653;3656;3652;3655;0;0;0;42
$1;1;3490000;2;0;1496;48380;33140;14407;393;0;3655;3652;3653;3661;3649;3654;3657;3653;3656;0;0;0;44
$1;128;3490000;318;136;16;15;14;16;12;14;17;15;17;0;0;0;22
$1;1;3491000;2;0;1484;48385;33137;14412;392;0;3655;3652;3653;3660;3649;3654;3657;3653;3656;0;0;0;47
$1;1;3492000;2;0;1475;48387;33134;14416;392;0;3655;3652;3653;3660;3649;3653;3657;3653;3656;0;0;0;32
$1;1;3493000;2;0;1446;48403;33126;14420;392;0;3655;3652;3653;3659;3649;3653;3657;3652;3655;0;0;0;36
$1;1;3494000;2;0;1476;48385;33136;14424;392;0;3655;3652;3653;3660;3649;3653;3657;3653;3656;0;0;0;36
$1;1;3495000;2;0;1498;48378;33142;14428;392;0;3656;3652;3653;3660;3649;3654;3657;3653;3656;0;0;0;44
$1;1;3496000;2;0;1484;48382;33139;14432;391;0;3656;3652;3653;3660;3649;3654;3657;3653;3656;0;0;0;35
$1;1;3497000;2;0;1482;48380;33139;14437;392;0;3655;3652;3653;3660;3649;3654;3657;3653;3656;0;0;0;35
$1;1;3498000;2;0;1460;48394;33131;14441;392;0;3655;3652;3653;3659;3649;3653;3656;3652;3655;0;0;0;34
$1;1;3499000;2;0;1446;48401;33127;14445;392;0;3655;3652;3653;3660;3649;3653;3656;3652;3655;0;0;0;37
$1;1;3500000;2;0;1480;48385;33139;14449;393;0;3655;3653;3653;3660;3649;3654;3657;3653;3656;0;0;0;34
$1;1;3501000;2;0;1433;48409;33123;14453;392;0;3655;3652;3652;3659;3649;3653;3656;3652;3655;0;0;0;39
$1;1;3502000;2;0;1491;48380;33142;14457;392;0;3656;3653;3653;3660;3649;3654;3657;3653;3656;0;0;0;36
$1;1;3503000;2;0;1482;48381;33139;14461;392;0;3656;3652;3653;3660;3649;3654;3657;3653;3656;0;0;0;46
$1;1;3504000;2;0;1497;48375;33144;14466;392;0;3656;3653;3653;3660;3650;3654;3657;3653;3656;0;0;0;34
$1;1;3505000;2;0;1440;48406;33127;14470;392;0;3655;3652;3652;3659;3649;3653;3656;3652;3655;0;0;0;45
$1;1;3506000;2;0;1453;48397;33131;14474;392;0;3655;3652;3653;3660;3649;3653;3657;3653;3655;0;0;0;43
$1;1;3507000;2;0;1444;48402;33128;14478;392;0;3655;3652;3653;3659;3649;3654;3657;3653;3655;0;0;0;46
$1;1;3508000;2;0;1471;48389;33138;14482;392;0;3656;3652;3653;3660;3649;3654;3657;3653;3656;0;0;0;45
$1;1;3509000;2;0;1496;48377;33146;14487;392;0;3656;3653;3653;3660;3650;3654;3658;3653;3656;0;0;0;46
$1;1;3510000;2;0;1501;48375;33149;14491;391;0;3656;3653;3654;3660;3650;3654;3658;3654;3657;0;0;0;33
$1;1;3511000;2;0;1448;48403;33130;14495;391;0;3655;3652;3653;3660;3649;3654;3657;3653;3656;0;0;0;36
$1;1;3512000;2;0;1439;48408;33128;14499;391;0;3655;3652;3653;3660;3649;3654;3657;3653;3656;0;0;0;47
$1;1;3513000;2;0;1441;48408;33128;14503;391;0;3655;3652;3653;3659;3649;3653;3656;3652;3655;0;0;0;45
$1;1;3514000;2;0;1428;48414;33125;14507;391;0;3655;3652;3653;3660;3649;3653;3656;3652;3655;0;0;0;43
$1;1;3515000;2;0;1493;48381;33147;14511;391;0;3656;3653;3654;3660;3650;3654;3658;3654;3657;0;0;0;34
$1;1;3516000;2;0;1463;48392;33137;14516;391;0;3656;3653;3653;3660;3650;3654;3657;3653;3656;0;0;0;34
$1;1;3517000;2;0;1495;48376;33148;14520;392;0;3656;3653;3654;3660;3650;3654;3658;3654;3657;0;0;0;32
$1;1;3518000;2;0;1499;48374;33149;14524;392;0;3656;3653;3654;3661;3650;3655;3658;3654;3657;0;0;0;36
$1;1;3519000;2;0;1501;48373;33151;14528;392;0;3657;3653;3654;3660;3650;3655;3658;3654;3657;0;0;0;39
$1;1;3520000;2;0;1471;48388;33141;14532;392;0;3656;3653;3653;3660;3650;3654;3658;3654;3656;0;0;0;35
$1;1;3521000;2;0;1452;48395;33135;14536;392;0;3656;3653;3653;3660;3650;3654;3657;3653;3656;0;0;0;32
$1;1;3522000;2;0;1495;48372;33150;14541;392;0;3657;3653;3654;3661;3650;3655;3658;3654;3657;0;0;0;45
$1;1;3523000;2;0;1498;48372;33152;14545;392;0;3657;3654;3654;3661;3650;3655;3658;3654;3657;0;0;0;32
$1;1;3524000;2;0;1499;48372;33152;14549;391;0;3657;3654;3654;3661;3651;3655;3658;3654;3657;0;0;0;40
$1;1;3525000;2;0;1499;48373;33152;14553;391;0;3657;3653;3654;3661;3650;3655;3658;3654;3657;0;0;0;37
$1;1;3526000;2;0;1499;48372;33153;14557;391;0;3657;3654;3654;3661;3650;3655;3658;3654;3657;0;0;0;37
$1;1;3527000;2;0;1499;48374;33154;14562;391;0;3657;3654;3654;3661;3651;3655;3658;3654;3658;0;0;0;45
$1;1;3528000;2;0;1499;48373;33154;14566;391;0;3657;3654;3654;3661;3651;3655;3659;3654;3657;0;0;0;47
$1;1;3529000;2;0;1498;48374;33153;14570;391;0;3657;3654;3654;3661;3650;3655;3658;3654;3657;0;0;0;40
$1;1;3530000;2;0;1500;48374;33154;14574;391;0;3657;3654;3654;3661;3651;3655;3658;3654;3657;0;0;0;34
$1;1;3531000;2;0;1499;48375;33154;14578;391;0;3657;3654;3654;3661;3651;3655;3659;3654;3657;0;0;0;46
$1;1;3532000;2;0;1468;48389;33145;14582;390;0;3657;3653;3654;3661;3650;3655;3658;3654;3657;0;0;0;35
$1;1;3533000;2;0;1496;48376;33153;14587;390;0;3657;3654;3654;3661;3651;3655;3659;3654;3657;0;0;0;38
$1;1;3534000;2;0;1498;48374;33155;14591;390;0;3657;3654;3655;3661;3651;3655;3659;3654;3658;0;0;0;34
$1;1;3535000;2;0;1501;48372;33156;14595;391;0;3657;3654;3654;3661;3651;3655;3659;3655;3657;0;0;0;45
$1;1;3536000;2;0;1500;48372;33156;14599;391;0;3657;3654;3654;3661;3651;3655;3659;3655;3658;0;0;0;44
$1;1;3537000;2;0;1501;48373;33156;14603;391;0;3657;3654;3655;3661;3651;3655;3659;3655;3658;0;0;0;44
$1;1;3538000;2;0;1498;48374;33156;14607;391;0;3657;3654;3654;3661;3651;3655;3659;3655;3658;0;0;0;32
$1;1;3539000;2;0;1504;48372;33158;14612;391;0;3657;3654;3655;3662;3651;3656;3659;3655;3658;0;0;0;40
$1;1;3540000;2;0;1501;48374;33157;14616;391;0;3657;3654;3655;3661;3651;3656;3659;3655;3658;0;0;0;45
$1;1;3541000;2;0;1498;48374;33156;14620;390;0;3657;3654;3655;3661;3651;3655;3659;3655;3658;0;0;0;43
$1;1;3542000;2;0;1500;48374;33158;14624;390;0;3657;3654;3655;3661;3651;3656;3659;3655;3658;0;0;0;33
$1;1;3543000;2;0;1501;48374;33159;14628;391;0;3658;3654;3655;3661;3651;3656;3659;3655;3658;0;0;0;34
$1;1;3544000;2;0;1498;48376;33158;14632;391;0;3658;3654;3655;3661;3651;3656;3659;3655;3658;0;0;0;44
$1;1;3545000;2;0;1498;48375;33158;14637;390;0;3658;3654;3655;3661;3651;3656;3659;3655;3658;0;0;0;42
$1;1;3546000;2;0;1498;48374;33158;14641;391;0;3657;3655;3655;3661;3651;3656;3659;3655;3658;0;0;0;38
$1;1;3547000;2;0;1499;48375;33158;14645;391;0;3658;3654;3655;3661;3651;3656;3659;3655;3658;0;0;0;45
$1;1;3548000;2;0;1501;48375;33160;14649;391;0;3658;3654;3655;3661;3651;3656;3659;3655;3658;0;0;0;37
$1;1;3549000;2;0;1498;48376;33159;14653;391;0;3658;3655;3655;3661;3651;3656;3659;3655;3658;0;0;0;38
$1;1;3550000;2;0;1501;48375;33160;14657;391;0;3658;3655;3655;3661;3651;3656;3659;3655;3658;0;0;0;34
$1;128;3550000;318;139;17;15;14;16;13;15;17;15;17;0;0;0;21
$1;1;3551000;2;0;1487;48382;33155;14662;391;0;3657;3654;3655;3662;3651;3656;3659;3655;3658;0;0;0;41
$1;1;3552000;2;0;1497;48377;33160;14666;391;0;3658;3655;3655;3661;3651;3656;3660;3655;3658;0;0;0;36
$1;1;3553000;2;0;1499;48373;33161;14670;392;0;3658;3655;3655;3662;3651;3656;3660;3655;3658;0;0;0;41
$1;1;3554000;2;0;1499;48374;33162;14674;392;0;3658;3655;3655;3662;3651;3656;3660;3655;3658;0;0;0;46
$1;1;3555000;2;0;1499;48374;33162;14678;392;0;3658;3655;3655;3662;3651;3656;3660;3655;3658;0;0;0;35
$1;1;3556000;2;0;1500;48374;33164;14682;393;0;3658;3655;3655;3662;3651;3656;3660;3655;3658;0;0;0;35
$1;1;3557000;2;0;1498;48375;33163;14687;393;0;3658;3655;3655;3662;3651;3656;3660;3655;3658;0;0;0;33
$1;1;3558000;2;0;1500;48374;33163;14691;393;0;3658;3655;3655;3662;3651;3656;3660;3655;3658;0;0;0;40
$1;1;3559000;2;0;1501;48375;33164;14695;393;0;3658;3655;3655;3662;3651;3656;3660;3655;3659;0;0;0;43
$1;1;3560000;2;0;1500;48375;33164;14699;393;0;3658;3655;3655;3662;3651;3656;3660;3655;3658;0;0;0;45
$1;1;3561000;2;0;1498;48376;33164;14703;394;0;3658;3655;3655;3662;3651;3656;3660;3655;3659;0;0;0;43
$1;1;3562000;2;0;1417;48418;33138;14708;394;0;3657;3654;3655;3661;3651;3655;3659;3654;3657;0;0;0;41
$1;1;3563000;2;0;1492;48381;33163;14712;394;0;3658;3655;3655;3662;3651;3656;3660;3655;3658;0;0;0;45
$1;1;3564000;2;0;1477;48387;33157;14716;395;0;3658;3655;3655;3662;3651;3656;3660;3655;3658;0;0;0;37
$1;1;3565000;2;0;1499;48374;33164;14720;396;0;3658;3655;3655;3662;3651;3656;3660;3656;3658;0;0;0;45
$1;1;3566000;2;0;1500;48373;33165;14724;397;0;3658;3655;3656;3662;3651;3657;3660;3656;3658;0;0;0;46
$1;1;3567000;2;0;1447;48399;33149;14728;397;0;3658;3655;3655;3662;3651;3656;3660;3655;3658;0;0;0;42
$1;1;3568000;2;0;1494;48376;33164;14733;398;0;3658;3655;3656;3662;3652;3656;3660;3656;3658;0;0;0;35
$1;1;3569000;2;0;1500;48372;33166;14737;398;0;3658;3655;3656;3662;3651;3657;3661;3656;3659;0;0;0;46
$1;1;3570000;2;0;1501;48373;33166;14741;398;0;3658;3655;3656;3662;3651;3657;3661;3656;3659;0;0;0;39
$1;1;3571000;2;0;1501;48372;33167;14745;399;0;3658;3655;3656;3663;3652;3657;3660;3656;3659;0;0;0;32
$1;1;3572000;2;0;1461;48395;33154;14749;399;0;3658;3655;3655;3662;3651;3656;3660;3655;3658;0;0;0;35
$1;1;3573000;2;0;1494;48375;33165;14753;399;0;3658;3655;3656;3662;3652;3657;3661;3656;3659;0;0;0;45
$1;1;3574000;2;0;1499;48371;33168;14757;400;0;3659;3655;3656;3663;3652;3657;3661;3656;3659;0;0;0;45
$1;1;3575000;2;0;1501;48369;33168;14762;400;0;3659;3655;3656;3663;3652;3657;3661;3656;3659;0;0;0;35
$1;1;3576000;2;0;1500;48370;33168;14766;401;0;3659;3656;3656;3663;3652;3657;3661;3656;3659;0;0;0;47
$1;1;3577000;2;0;1500;48369;33169;14770;401;0;3659;3656;3656;3663;3652;3657;3661;3656;3659;0;0;0;32
$1;1;3578000;2;0;1500;48370;33169;14774;402;0;3659;3656;3656;3663;3652;3657;3661;3656;3659;0;0;0;32
$1;1;3579000;2;0;1498;48372;33169;14778;402;0;3659;3656;3656;3663;3652;3657;3661;3656;3659;0;0;0;47
$1;1;3580000;2;0;1498;48372;33169;14782;403;0;3659;3656;3656;3663;3652;3657;3661;3656;3659;0;0;0;45
$1;1;3581000;2;0;1500;48371;33170;14787;403;0;3659;3656;3656;3663;3652;3657;3661;3656;3659;0;0;0;34
$1;1;3582000;2;0;1499;48370;33168;14791;404;0;3659;3656;3656;3663;3652;3657;3661;3656;3659;0;0;0;40
$1;1;3583000;2;0;1500;48368;33170;14795;405;0;3659;3656;3656;3663;3652;3657;3661;3656;3659;0;0;0;45
$1;1;3584000;2;0;1499;48369;33171;14799;405;0;3659;3656;3656;3663;3652;3657;3661;3656;3659;0;0;0;39
$1;1;3585000;2;0;1501;48368;33172;14803;406;0;3659;3656;3656;3663;3652;3657;3661;3656;3659;0;0;0;43
$1;1;3586000;2;0;1501;48368;33172;14807;406;0;3659;3656;3656;3663;3652;3658;3661;3657;3659;0;0;0;34
$1;1;3587000;2;0;1499;48369;33172;14812;406;0;3659;3656;3656;3663;3652;3657;3661;3656;3659;0;0;0;40
$1;1;3588000;2;0;1500;48370;33173;14816;407;0;3659;3656;3656;3663;3652;3658;3661;3656;3659;0;0;0;37
$1;1;3589000;2;0;1499;48371;33172;14820;407;0;3659;3656;3656;3663;3652;3657;3661;3656;3659;0;0;0;47
$1;1;3590000;2;0;1498;48371;33173;14824;407;0;3659;3656;3656;3663;3652;3658;3661;3656;3659;0;0;0;44
$1;1;3591000;2;0;1501;48370;33174;14828;407;0;3659;3656;3656;3663;3652;3658;3662;3656;3660;0;0;0;47
$1;1;3592000;2;0;1499;48372;33174;14832;407;0;3659;3656;3656;3663;3652;3658;3661;3657;3659;0;0;0;45
$1;1;3593000;2;0;1499;48370;33174;14837;407;0;3659;3656;3657;3663;3652;3658;3661;3657;3660;0;0;0;32
$1;1;3594000;2;0;1499;48364;33174;14841;408;0;3659;3656;3656;3663;3652;3658;3661;3657;3659;0;0;0;39
$1;1;3595000;2;0;1501;48365;33174;14845;408;0;3659;3656;3656;3663;3652;3658;3662;3657;3660;0;0;0;42
$1;1;3596000;2;0;1500;48369;33175;14849;408;0;3659;3656;3657;3663;3652;3658;3662;3657;3660;0;0;0;40
$1;1;3597000;2;0;1500;48371;33175;14853;408;0;3659;3656;3656;3663;3652;3658;3662;3657;3660;0;0;0;42
$1;1;3598000;2;0;1500;48369;33174;14857;409;0;3659;3656;3657;3663;3652;3658;3662;3657;3660;0;0;0;41
$1;1;3599000;2;0;1498;48369;33175;14861;409;0;3659;3656;3657;3663;3652;3658;3662;3657;3659;0;0;0;38
$1;1;3600000;2;0;1501;48367;33176;14866;409;0;3659;3656;3657;3663;3653;3658;3662;3657;3660;0;0;0;37
$1;1;3601000;2;0;1500;48370;33176;14870;409;0;3659;3657;3657;3663;3653;3658;3662;3657;3660;0;0;0;37
$1;1;3602000;2;0;1499;48370;33176;14874;409;0;3660;3657;3657;3663;3653;3658;3662;3657;3660;0;0;0;41
$1;1;3603000;2;0;1498;48369;33176;14878;409;0;3660;3656;3657;3663;3653;3658;3662;3657;3660;0;0;0;44
$1;1;3604000;2;0;1501;48369;33176;14882;410;0;3660;3657;3657;3663;3653;3658;3662;3657;3660;0;0;0;38
$1;1;3605000;2;0;1499;48369;33176;14886;409;0;3660;3656;3657;3663;3653;3658;3662;3657;3660;0;0;0;42
$1;1;3606000;2;0;1499;48371;33176;14891;410;0;3660;3656;3657;3663;3653;3658;3662;3657;3660;0;0;0;46
$1;1;3607000;2;0;1500;48371;33177;14895;410;0;3660;3657;3657;3663;3653;3658;3662;3657;3660;0;0;0;42
$1;1;3608000;2;0;1500;48371;33178;14899;409;0;3660;3657;3657;3663;3653;3658;3662;3657;3660;0;0;0;46
$1;1;3609000;2;0;1499;48371;33178;14903;409;0;3660;3657;3657;3664;3653;3658;3662;3657;3660;0;0;0;43
$1;1;3610000;2;0;1501;48371;33179;14907;409;0;3660;3657;3657;3664;3653;3658;3662;3657;3660;0;0;0;38
$1;128;3610000;318;135;16;15;14;16;13;14;16;15;16;0;0;0;30
$1;1;3611000;2;0;1499;48372;33179;14911;409;0;3660;3657;3657;3664;3653;3658;3662;3657;3660;0;0;0;35
$1;1;3612000;2;0;1500;48372;33180;14916;409;0;3660;3657;3657;3664;3653;3658;3662;3657;3660;0;0;0;32
$1;1;3613000;2;0;1499;48372;33180;14920;409;0;3660;3657;3657;3664;3653;3658;3662;3657;3660;0;0;0;37
$1;1;3614000;2;0;1499;48369;33179;14924;410;0;3660;3657;3657;3664;3653;3658;3662;3657;3660;0;0;0;34
$1;1;3615000;2;0;1500;48369;33180;14928;410;0;3660;3657;3657;3664;3653;3658;3662;3657;3660;0;0;0;40
$1;1;3616000;2;0;1500;48368;33181;14932;410;0;3660;3657;3657;3664;3653;3658;3662;3657;3660;0;0;0;32
$1;1;3617000;2;0;1499;48369;33181;14936;410;0;3660;3657;3657;3664;3653;3658;3662;3657;3660;0;0;0;37
$1;1;3618000;2;0;1500;48368;33181;14941;410;0;3660;3657;3657;3664;3653;3659;3662;3657;3660;0;0;0;43
$1;1;3619000;2;0;1500;48369;33181;14945;410;0;3660;3657;3657;3664;3653;3658;3662;3658;3660;0;0;0;33
$1;1;3620000;2;0;1500;48368;33182;14949;409;0;3660;3657;3657;3664;3653;3659;3662;3657;3660;0;0;0;35
$1;1;3621000;2;0;1501;48370;33182;14953;409;0;3660;3657;3657;3664;3653;3658;3662;3658;3660;0;0;0;47
$1;1;3622000;2;0;1501;48370;33183;14957;409;0;3660;3657;3657;3664;3654;3658;3662;3658;3661;0;0;0;47
$1;1;3623000;2;0;1499;48371;33183;14961;409;0;3660;3657;3658;3664;3653;3658;3662;3658;3661;0;0;0;34
$1;1;3624000;2;0;1498;48371;33183;14966;409;0;3660;3657;3657;3664;3654;3659;3662;3658;3660;0;0;0;43
$1;1;3625000;2;0;1501;48372;33184;14970;408;0;3660;3657;3657;3664;3653;3659;3662;3658;3661;0;0;0;47
$1;1;3626000;2;0;1499;48372;33184;14974;408;0;3660;3657;3658;3664;3654;3659;3662;3658;3661;0;0;0;32
$1;1;3627000;2;0;1499;48371;33184;14978;408;0;3660;3657;3658;3664;3654;3659;3662;3658;3661;0;0;0;46
$1;1;3628000;2;0;1497;48372;33184;14982;408;0;3660;3657;3658;3664;3654;3659;3662;3658;3660;0;0;0;40
$1;1;3629000;2;0;1500;48370;33185;14986;408;0;3661;3657;3658;3664;3654;3659;3662;3658;3661;0;0;0;33
$1;1;3630000;2;0;1500;48364;33184;14990;409;0;3660;3657;3658;3664;3654;3659;3662;3658;3661;0;0;0;42
$1;1;3631000;2;0;1500;48365;33185;14995;409;0;3660;3657;3658;3664;3654;3659;3663;3658;3661;0;0;0;47
$1;1;3632000;2;0;1471;48380;33176;14999;409;0;3660;3657;3658;3664;3653;3658;3662;3658;3660;0;0;0;38
$1;1;3633000;2;0;1490;48373;33182;15003;409;0;3660;3657;3658;3664;3654;3659;3662;3658;3661;0;0;0;35
$1;1;3634000;2;0;1498;48368;33185;15007;409;0;3660;3657;3658;3664;3654;3659;3662;3658;3661;0;0;0;37
$1;1;3635000;2;0;1450;48391;33169;15011;408;0;3660;3657;3657;3664;3653;3658;3662;3657;3660;0;0;0;37
$1;1;3636000;2;0;1492;48372;33184;15015;408;0;3660;3657;3658;3664;3654;3659;3662;3658;3661;0;0;0;37
$1;1;3637000;2;0;1497;48369;33185;15020;408;0;3661;3657;3658;3664;3654;3659;3662;3658;3661;0;0;0;45
$1;1;3638000;2;0;1503;48365;33188;15024;408;0;3661;3658;3658;3665;3654;3659;3663;3658;3661;0;0;0;36
$1;1;3639000;2;0;1498;48370;33187;15028;408;0;3661;3658;3658;3664;3654;3659;3663;3658;3661;0;0;0;32
$1;1;3640000;2;0;1499;48370;33187;15032;407;0;3661;3658;3658;3665;3654;3659;3663;3658;3661;0;0;0;42
$1;1;3641000;2;0;1454;48394;33173;15036;407;0;3660;3657;3657;3664;3654;3658;3662;3657;3660;0;0;0;33
$1;1;3642000;2;0;1495;48373;33186;15040;407;0;3661;3658;3658;3664;3654;3659;3662;3658;3661;0;0;0;35
$1;1;3643000;2;0;1498;48371;33188;15045;407;0;3661;3658;3658;3664;3654;3659;3663;3658;3661;0;0;0;39
$1;1;3644000;2;0;1456;48392;33175;15049;406;0;3660;3657;3658;3664;3654;3659;3662;3658;3661;0;0;0;47
$1;1;3645000;2;0;1493;48375;33187;15053;406;0;3661;3658;3658;3665;3654;3659;3663;3658;3661;0;0;0;38
$1;1;3646000;2;0;1499;48368;33188;15057;407;0;3661;3658;3658;3665;3654;3659;3663;3658;3661;0;0;0;41
$1;1;3647000;2;0;1501;48365;33189;15061;407;0;3661;3658;3658;3665;3654;3659;3663;3658;3661;0;0;0;33
$1;1;3648000;2;0;1483;48376;33184;15065;407;0;3661;3657;3658;3665;3654;3659;3662;3658;3661;0;0;0;32
$1;1;3649000;2;0;1499;48368;33188;15070;407;0;3661;3658;3658;3665;3654;3659;3663;3658;3661;0;0;0;35
$1;1;3650000;2;0;1449;48394;33174;15074;407;0;3660;3657;3658;3664;3654;3659;3662;3658;3660;0;0;0;45
$1;1;3651000;2;0;1494;48372;33188;15078;407;0;3661;3658;3658;3665;3654;3659;3663;3658;3661;0;0;0;36
$1;1;3652000;2;0;1490;48374;33187;15081;407;0;3661;3658;3658;3664;3654;3659;3663;3658;3661;0;0;0;45
$1;1;3653000;2;0;1498;48371;33190;15085;406;0;3661;3658;3658;3665;3654;3659;3663;3659;3661;0;0;0;34
$1;1;3654000;2;0;1472;48383;33181;15090;406;0;3661;3658;3658;3665;3654;3659;3663;3658;3661;0;0;0;41
$1;1;3655000;2;0;1495;48372;33189;15094;406;0;3661;3658;3658;3665;3654;3659;3663;3658;3661;0;0;0;35
$1;1;3656000;2;0;1499;48370;33191;15098;406;0;3661;3658;3658;3665;3655;3659;3663;3659;3661;0;0;0;43
$1;1;3657000;2;0;1476;48382;33184;15102;405;0;3661;3658;3658;3665;3654;3659;3662;3658;3661;0;0;0;34
$1;1;3658000;2;0;1497;48371;33191;15106;405;0;3661;3658;3659;3665;3655;3659;3663;3659;3662;0;0;0;45
$1;1;3659000;2;0;1471;48384;33183;15110;405;0;3661;3658;3658;3665;3654;3659;3663;3658;3661;0;0;0;40
$1;1;3660000;2;0;1498;48371;33191;15115;405;0;3661;3658;3659;3665;3655;3659;3663;3659;3661;0;0;0;40
$1;1;3661000;2;0;1501;48370;33192;15119;405;0;3661;3658;3659;3665;3655;3660;3663;3659;3662;0;0;0;47
$1;1;3662000;2;0;1499;48368;33192;15123;405;0;3661;3658;3659;3665;3655;3660;3663;3659;3662;0;0;0;44
$1;1;3663000;2;0;1439;48399;33173;15126;405;0;3660;3658;3658;3665;3654;3659;3662;3658;3661;0;0;0;43
$1;1;3664000;2;0;1443;48398;33175;15130;405;0;3660;3658;3658;3664;3654;3659;3662;3658;3661;0;0;0;32
$1;1;3665000;2;0;1493;48372;33190;15135;405;0;3661;3658;3659;3665;3655;3660;3663;3659;3661;0;0;0;44
$1;1;3666000;2;0;1498;48369;33192;15139;405;0;3661;3658;3659;3665;3655;3660;3663;3659;3662;0;0;0;35
$1;1;3667000;2;0;1483;48377;33188;15143;405;0;3661;3658;3659;3665;3655;3659;3663;3658;3661;0;0;0;41
$1;1;3668000;2;0;1497;48370;33193;15147;405;0;3662;3658;3659;3665;3655;3660;3663;3659;3662;0;0;0;33
$1;1;3669000;2;0;1480;48379;33188;15151;405;0;3661;3658;3659;3665;3655;3659;3663;3658;3661;0;0;0;41
$1;1;3670000;2;0;1485;48377;33189;15156;404;0;3661;3658;3658;3665;3655;3659;3663;3658;3661;0;0;0;44
$1;128;3670000;318;134;16;15;14;16;12;14;16;15;16;0;0;0;24
$1;1;3671000;2;0;1498;48371;33194;15160;404;0;3662;3658;3659;3665;3655;3660;3663;3659;3662;0;0;0;36
$1;1;3672000;2;0;1467;48386;33185;15164;404;0;3661;3658;3658;3665;3655;3659;3663;3659;3661;0;0;0;32
$1;1;3673000;2;0;1489;48375;33191;15167;404;0;3661;3658;3659;3665;3655;3660;3663;3659;3662;0;0;0;35
$1;1;3674000;2;0;1458;48391;33183;15171;404;0;3661;3658;3659;3665;3655;3659;3663;3658;3661;0;0;0;46
$1;1;3675000;2;0;1430;48404;33174;15176;403;0;3661;3658;3658;3665;3654;3659;3662;3658;3661;0;0;0;35
$1;1;3676000;2;0;1441;48400;33177;15180;403;0;3661;3658;3658;3665;3655;3659;3663;3658;3661;0;0;0;40
$1;1;3677000;2;0;1493;48374;33194;15184;403;0;3662;3658;3659;3666;3655;3659;3663;3659;3662;0;0;0;40
$1;1;3678000;2;0;1475;48384;33188;15188;403;0;3661;3658;3659;3665;3655;3659;3663;3659;3661;0;0;0;34
$1;1;3679000;2;0;1498;48370;33196;15192;404;0;3662;3658;3659;3666;3655;3660;3663;3659;3662;0;0;0;33
$1;1;3680000;2;0;1437;48400;33176;15196;404;0;3661;3658;3658;3665;3655;3659;3662;3658;3661;0;0;0;32
$1;1;3681000;2;0;1494;48371;33195;15200;404;0;3662;3659;3659;3665;3655;3660;3663;3659;3662;0;0;0;34
$1;1;3682000;2;0;1501;48366;33198;15204;404;0;3662;3659;3659;3666;3655;3660;3663;3659;3662;0;0;0;32
$1;1;3683000;2;0;1464;48387;33186;15208;403;0;3661;3658;3659;3665;3655;3660;3663;3659;3661;0;0;0;42
$1;1;3684000;2;0;1496;48370;33196;15212;403;0;3662;3659;3659;3665;3655;3660;3664;3659;3662;0;0;0;36
$1;1;3685000;2;0;1498;48368;33197;15216;403;0;3662;3659;3659;3666;3655;3660;3664;3659;3662;0;0;0;36
$1;1;3686000;2;0;1498;48369;33198;15221;403;0;3662;3659;3659;3666;3655;3660;3664;3659;3662;0;0;0;45
$1;1;3687000;2;0;1465;48385;33188;15225;403;0;3662;3658;3659;3666;3655;3660;3663;3659;3662;0;0;0;47
$1;1;3688000;2;0;1493;48372;33196;15229;402;0;3662;3659;3659;3666;3655;3660;3664;3659;3662;0;0;0;37
$1;1;3689000;2;0;1445;48395;33182;15233;402;0;3661;3658;3659;3665;3655;3660;3663;3659;3662;0;0;0;46
$1;1;3690000;2;0;1467;48385;33188;15237;402;0;3662;3658;3659;3665;3655;3660;3663;3659;3662;0;0;0;42
$1;1;3691000;2;0;1496;48372;33198;15241;402;0;3662;3659;3659;3666;3655;3660;3664;3659;3662;0;0;0;40
$1;1;3692000;2;0;1487;48373;33195;15245;402;0;3662;3659;3659;3666;3655;3660;3664;3659;3662;0;0;0;35
$1;1;3693000;2;0;1498;48366;33199;15249;402;0;3662;3659;3660;3666;3656;3660;3664;3659;3662;0;0;0;33
$1;1;3694000;2;0;1499;48365;33200;15253;401;0;3662;3659;3660;3666;3656;3660;3664;3660;3662;0;0;0;37
$1;1;3695000;2;0;1500;48362;33200;15258;402;0;3662;3659;3660;3666;3656;3660;3664;3659;3663;0;0;0;33
$1;1;3696000;2;0;1499;48363;33200;15262;402;0;3662;3659;3660;3666;3656;3660;3664;3659;3662;0;0;0;42
$1;1;3697000;2;0;1499;48364;33200;15266;402;0;3662;3659;3659;3666;3656;3660;3664;3659;3663;0;0;0;35
$1;1;3698000;2;0;1502;48363;33201;15271;402;0;3662;3659;3660;3667;3656;3661;3664;3659;3662;0;0;0;36
$1;1;3699000;2;0;1499;48364;33201;15275;402;0;3662;3659;3660;3667;3656;3660;3664;3660;3663;0;0;0;47
$1;1;3700000;2;0;1501;48364;33202;15279;402;0;3662;3659;3660;3667;3656;3661;3664;3660;3662;0;0;0;33
$1;1;3701000;2;0;1503;48364;33202;15283;402;0;3663;3659;3660;3667;3656;3661;3664;3660;3663;0;0;0;39
$1;1;3702000;2;0;1500;48365;33201;15288;401;0;3663;3659;3660;3666;3656;3661;3664;3660;3663;0;0;0;44
$1;1;3703000;2;0;1450;48391;33187;15292;401;0;3662;3659;3659;3666;3655;3660;3663;3659;3662;0;0;0;33
$1;1;3704000;2;0;1487;48373;33199;15295;401;0;3662;3659;3659;3667;3656;3660;3664;3659;3662;0;0;0;45
$1;1;3705000;2;0;1498;48367;33202;15300;401;0;3663;3659;3660;3667;3656;3661;3664;3660;3663;0;0;0;42
$1;1;3706000;2;0;1500;48361;33203;15304;401;0;3663;3659;3660;3667;3656;3661;3664;3660;3663;0;0;0;42
$1;1;3707000;2;0;1424;48397;33179;15308;400;0;3662;3659;3659;3666;3655;3660;3663;3659;3662;0;0;0;34
$1;1;3708000;2;0;1453;48389;33188;15312;400;0;3662;3659;3659;3666;3655;3660;3663;3659;3662;0;0;0;39
$1;1;3709000;2;0;1498;48364;33202;15316;400;0;3663;3659;3660;3666;3656;3661;3664;3660;3663;0;0;0;34
$1;1;3710000;2;0;1498;48366;33203;15320;400;0;3663;3660;3660;3667;3656;3661;3664;3660;3663;0;0;0;39
$1;1;3711000;2;0;1501;48365;33204;15324;400;0;3663;3659;3660;3667;3656;3661;3664;3660;3663;0;0;0;45
$1;1;3712000;2;0;1499;48365;33203;15329;400;0;3663;3659;3660;3667;3656;3661;3665;3660;3663;0;0;0;37
$1;1;3713000;2;0;1498;48362;33204;15333;401;0;3663;3660;3660;3667;3656;3661;3664;3660;3663;0;0;0;36
$1;1;3714000;2;0;1435;48395;33184;15337;401;0;3662;3659;3659;3666;3655;3660;3663;3659;3662;0;0;0;45
$1;1;3715000;2;0;1456;48385;33191;15341;401;0;3662;3659;3660;3666;3656;3660;3664;3659;3662;0;0;0;35
$1;1;3716000;2;0;1422;48402;33180;15345;400;0;3662;3659;3659;3666;3655;3660;3663;3659;3662;0;0;0;32
$1;1;3717000;2;0;1482;48372;33200;15349;401;0;3663;3659;3660;3667;3656;3661;3664;3660;3663;0;0;0;41
$1;1;3718000;2;0;1489;48365;33201;15353;401;0;3663;3660;3660;3667;3656;3661;3664;3660;3663;0;0;0;43
$1;1;3719000;2;0;1430;48393;33184;15357;400;0;3662;3659;3660;3666;3656;3660;3663;3659;3662;0;0;0;45
$1;1;3720000;2;0;1490;48365;33203;15361;400;0;3663;3660;3660;3667;3656;3661;3664;3660;3663;0;0;0;42
$1;1;3721000;2;0;1462;48381;33194;15365;400;0;3662;3659;3660;3666;3656;3661;3664;3660;3663;0;0;0;47
$1;1;3722000;2;0;1477;48375;33200;15370;400;0;3663;3659;3660;3666;3656;3661;3664;3660;3663;0;0;0;40
$1;1;3723000;2;0;1478;48376;33200;15374;400;0;3663;3659;3660;3667;3656;3661;3664;3660;3663;0;0;0;32
$1;1;3724000;2;0;1426;48403;33184;15378;400;0;3662;3659;3660;3666;3656;3660;3663;3659;3662;0;0;0;39
$1;1;3725000;2;0;1491;48372;33205;15382;400;0;3663;3660;3660;3667;3657;3661;3664;3660;3663;0;0;0;34
$1;1;3726000;2;0;1481;48377;33202;15386;400;0;3663;3660;3660;3667;3656;3661;3664;3660;3663;0;0;0;39
$1;1;3727000;2;0;1449;48395;33192;15390;399;0;3663;3659;3660;3666;3656;3661;3664;3660;3663;0;0;0;47
$1;1;3728000;2;0;1459;48389;33196;15394;399;0;3663;3660;3660;3667;3656;3661;3664;3660;3663;0;0;0;39
$1;1;3729000;2;0;1399;48419;33176;15398;399;0;3662;3659;3659;3666;3655;3660;3663;3659;3662;0;0;0;47
$1;1;3730000;2;0;1424;48404;33183;15402;400;0;3662;3659;3659;3666;3656;3660;3663;3659;3662;0;0;0;32
$1;128;3730000;315;135;16;15;14;16;12;14;16;15;17;0;0;0;16
$1;1;3731000;2;0;1444;48392;33190;15406;400;0;3662;3659;3660;3666;3656;3660;3664;3659;3662;0;0;0;36
$1;1;3732000;2;0;1437;48396;33188;15411;400;0;3662;3659;3660;3666;3656;3660;3664;3659;3662;0;0;0;40
$1;1;3733000;2;0;1456;48387;33195;15415;400;0;3663;3660;3660;3666;3656;3661;3664;3660;3663;0;0;0;39
$1;1;3734000;2;0;1475;48377;33201;15419;400;0;3663;3660;3660;3667;3656;3661;3664;3660;3663;0;0;0;45
$1;1;3735000;2;0;1464;48384;33198;15423;400;0;3663;3660;3660;3667;3656;3661;3664;3660;3663;0;0;0;42
$1;1;3736000;2;0;1466;48384;33200;15427;400;0;3663;3660;3660;3667;3657;3661;3664;3660;3663;0;0;0;44
$1;1;3737000;2;0;1438;48399;33190;15431;400;0;3662;3659;3660;3666;3656;3660;3664;3660;3662;0;0;0;44
$1;1;3738000;2;0;1410;48414;33181;15435;399;0;3662;3659;3660;3666;3656;3660;3664;3659;3662;0;0;0;34
$1;1;3739000;2;0;1458;48388;33197;15440;399;0;3663;3659;3660;3667;3656;3661;3664;3660;3663;0;0;0;34
$1;1;3740000;2;0;1496;48367;33209;15444;399;0;3663;3660;3661;3667;3657;3662;3665;3661;3663;0;0;0;38
$1;1;3741000;2;0;1490;48372;33207;15448;399;0;3663;3660;3661;3667;3657;3661;3665;3660;3663;0;0;0;37
$1;1;3742000;2;0;1470;48382;33201;15452;399;0;3663;3660;3660;3667;3657;3661;3665;3660;3663;0;0;0;43
$1;1;3743000;2;0;1430;48404;33188;15456;399;0;3662;3659;3660;3667;3656;3661;3664;3660;3663;0;0;0;42
$1;1;3744000;2;0;1425;48408;33188;15460;399;0;3662;3660;3660;3666;3656;3660;3664;3660;3662;0;0;0;43
$1;1;3745000;2;0;1409;48416;33183;15464;398;0;3662;3659;3660;3666;3656;3660;3664;3659;3662;0;0;0;37
$1;1;3746000;2;0;1487;48377;33208;15468;398;0;3663;3660;3661;3667;3657;3662;3665;3660;3664;0;0;0;41
$1;1;3747000;2;0;1488;48372;33209;15473;399;0;3664;3660;3661;3667;3657;3662;3665;3661;3664;0;0;0;46
$1;1;3748000;2;0;1461;48385;33200;15476;399;0;3663;3660;3660;3667;3657;3661;3664;3660;3663;0;0;0;32
$1;1;3749000;2;0;1422;48407;33188;15480;399;0;3663;3660;3660;3666;3656;3661;3664;3660;3663;0;0;0;33
$1;1;3750000;2;0;1410;48412;33185;15485;399;0;3662;3659;3660;3666;3656;3661;3664;3660;3662;0;0;0;46
$1;1;3751000;2;0;1479;48378;33205;15488;399;0;3663;3660;3660;3667;3657;3661;3665;3660;3663;0;0;0;38
$1;1;3752000;2;0;1482;48375;33207;15493;399;0;3663;3660;3661;3668;3657;3661;3665;3660;3663;0;0;0;42
$1;1;3753000;2;0;1501;48366;33213;15497;399;0;3664;3660;3661;3668;3657;3662;3665;3661;3664;0;0;0;32
$1;1;3754000;2;0;1502;48366;33214;15501;399;0;3664;3660;3661;3668;3657;3662;3665;3661;3664;0;0;0;45
$1;1;3755000;2;0;1418;48409;33188;15505;399;0;3663;3660;3660;3667;3656;3661;3664;3660;3663;0;0;0;38
$1;1;3756000;2;0;1462;48387;33202;15509;398;0;3663;3660;3661;3667;3657;3661;3665;3660;3663;0;0;0;36
$1;1;3757000;2;0;1444;48395;33198;15513;398;0;3663;3660;3661;3667;3657;3661;3665;3660;3663;0;0;0;41
$1;1;3758000;2;0;1495;48371;33213;15518;399;0;3664;3661;3661;3668;3657;3662;3665;3661;3664;0;0;0;38
$1;1;3759000;2;0;1500;48367;33215;15522;398;0;3664;3661;3661;3668;3657;3662;3665;3661;3664;0;0;0;35
$1;1;3760000;2;0;1447;48395;33200;15526;398;0;3663;3660;3661;3667;3657;3662;3665;3661;3663;0;0;0;40
$1;1;3761000;2;0;1456;48391;33201;15530;398;0;3663;3660;3661;3668;3657;3662;3665;3661;3664;0;0;0;35
$1;1;3762000;2;0;1451;48395;33201;15534;398;0;3663;3660;3661;3667;3657;3661;3665;3660;3664;0;0;0;42
$1;1;3763000;2;0;1445;48398;33200;15538;398;0;3663;3660;3661;3667;3657;3662;3665;3660;3664;0;0;0;45
$1;1;3764000;2;0;1407;48417;33187;15542;398;0;3663;3660;3660;3666;3657;3661;3664;3660;3663;0;0;0;40
$1;1;3765000;2;0;1477;48379;33209;15547;398;0;3664;3660;3661;3668;3657;3662;3665;3661;3664;0;0;0;45
$1;1;3766000;2;0;1496;48368;33215;15551;399;0;3664;3661;3661;3668;3658;3662;3665;3661;3664;0;0;0;36
$1;1;3767000;2;0;1500;48366;33217;15555;399;0;3664;3661;3661;3668;3658;3662;3666;3661;3664;0;0;0;32
$1;1;3768000;2;0;1499;48366;33218;15559;398;0;3664;3661;3661;3668;3658;3662;3666;3661;3665;0;0;0;45
$1;1;3769000;2;0;1447;48392;33202;15563;398;0;3664;3661;3661;3668;3657;3662;3665;3661;3664;0;0;0;43
$1;1;3770000;2;0;1493;48370;33216;15567;399;0;3664;3661;3661;3669;3658;3662;3666;3661;3664;0;0;0;43
$1;1;3771000;2;0;1470;48381;33210;15571;398;0;3664;3661;3661;3668;3658;3662;3666;3661;3664;0;0;0;40
$1;1;3772000;2;0;1487;48372;33215;15576;398;0;3664;3661;3662;3669;3658;3662;3666;3661;3664;0;0;0;47
$1;1;3773000;2;0;1478;48377;33212;15580;398;0;3664;3661;3662;3668;3658;3662;3666;3661;3664;0;0;0;36
$1;1;3774000;2;0;1498;48365;33218;15584;398;0;3664;3661;3662;3669;3658;3662;3666;3662;3665;0;0;0;35
$1;1;3775000;2;0;1500;48365;33220;15588;398;0;3665;3661;3662;3668;3658;3663;3666;3662;3665;0;0;0;36
$1;1;3776000;2;0;1499;48365;33220;15592;398;0;3665;3661;3662;3669;3658;3663;3666;3662;3665;0;0;0;44
$1;1;3777000;2;0;1463;48384;33210;15597;398;0;3664;3661;3661;3668;3658;3662;3666;3661;3664;0;0;0;33
$1;1;3778000;2;0;1496;48367;33219;15601;398;0;3665;3661;3662;3669;3658;3663;3666;3662;3665;0;0;0;44
$1;1;3779000;2;0;1461;48385;33209;15605;397;0;3664;3661;3662;3668;3658;3662;3666;3661;3664;0;0;0;32
$1;1;3780000;2;0;1453;48389;33207;15609;397;0;3664;3661;3661;3668;3658;3662;3665;3661;3664;0;0;0;41
$1;1;3781000;2;0;1469;48383;33212;15612;397;0;3664;3661;3661;3668;3658;3662;3666;3661;3664;0;0;0;38
$1;1;3782000;2;0;1485;48372;33217;15617;398;0;3664;3661;3662;3668;3658;3662;3666;3662;3664;0;0;0;38
$1;1;3783000;2;0;1431;48401;33200;15621;398;0;3664;3661;3661;3668;3657;3662;3665;3661;3664;0;0;0;36
$1;1;3784000;2;0;1479;48376;33215;15625;398;0;3664;3661;3662;3668;3658;3662;3666;3662;3664;0;0;0;36
$1;1;3785000;2;0;1478;48375;33215;15629;398;0;3664;3661;3662;3669;3658;3663;3666;3661;3664;0;0;0;40
$1;1;3786000;2;0;1464;48383;33212;15632;398;0;3664;3661;3661;3668;3658;3662;3666;3661;3664;0;0;0;33
$1;1;3787000;2;0;1452;48389;33208;15637;398;0;3664;3661;3662;3668;3658;3662;3665;3661;3664;0;0;0;33
$1;1;3788000;2;0;1470;48380;33214;15640;398;0;3664;3661;3662;3668;3658;3662;3666;3661;3665;0;0;0;40
$1;1;3789000;2;0;1474;48377;33215;15645;398;0;3665;3661;3662;3669;3658;3663;3666;3662;3665;0;0;0;35
$1;1;3790000;2;0;1421;48405;33199;15648;398;0;3664;3661;3661;3668;3658;3662;3665;3661;3664;0;0;0;32
$1;1;3791000;2;0;1414;48411;33196;15652;397;0;3663;3660;3661;3667;3657;3662;3665;3661;3664;0;0;0;47
$1;128;3791000;316;136;16;15;14;16;13;14;16;15;17;0;0;0;26
$1;1;3792000;2;0;1469;48381;33213;15656;398;0;3664;3661;3662;3668;3658;3662;3666;3661;3665;0;0;0;42
$1;1;3793000;2;0;1456;48388;33210;15661;397;0;3664;3661;3662;3668;3658;3663;3666;3661;3664;0;0;0;38
$1;1;3794000;2;0;1418;48410;33200;15665;397;0;3664;3661;3661;3668;3658;3662;3665;3661;3664;0;0;0;41
$1;1;3795000;2;0;1456;48392;33211;15669;397;0;3664;3661;3662;3669;3658;3662;3666;3661;3664;0;0;0;34
$1;1;3796000;2;0;1483;48379;33220;15673;397;0;3665;3661;3662;3669;3658;3663;3666;3662;3665;0;0;0;39
$1;1;3797000;2;0;1474;48384;33217;15677;397;0;3665;3661;3662;3669;3658;3663;3666;3662;3665;0;0;0;44
$1;1;3798000;2;0;1471;48385;33216;15682;397;0;3665;3661;3662;3669;3658;3663;3666;3662;3665;0;0;0;44
$1;1;3799000;2;0;1445;48397;33208;15686;397;0;3664;3661;3662;3669;3658;3663;3666;3662;3664;0;0;0;34
$1;1;3800000;2;0;1495;48371;33224;15690;398;0;3665;3662;3662;3670;3659;3663;3666;3662;3665;0;0;0;36
$1;1;3801000;2;0;1434;48403;33206;15694;398;0;3664;3661;3662;3669;3658;3662;3665;3661;3664;0;0;0;35
$1;1;3802000;2;0;1489;48375;33223;15698;398;0;3665;3662;3662;3669;3659;3663;3666;3662;3665;0;0;0;40
$1;1;3803000;2;0;1465;48387;33216;15702;398;0;3665;3662;3662;3668;3658;3663;3666;3662;3665;0;0;0;34
$1;1;3804000;2;0;1466;48386;33217;15707;398;0;3665;3662;3662;3669;3659;3663;3666;3662;3665;0;0;0;35
$1;1;3805000;2;0;1490;48372;33225;15711;398;0;3665;3662;3663;3669;3659;3663;3667;3662;3665;0;0;0;38
$1;1;3806000;2;0;1500;48368;33229;15715;398;0;3665;3662;3663;3669;3659;3664;3667;3663;3666;0;0;0;43
$1;1;3807000;2;0;1497;48368;33228;15719;397;0;3665;3662;3663;3670;3659;3664;3667;3663;3666;0;0;0;47
$1;1;3808000;2;0;1434;48403;33208;15723;397;0;3665;3662;3662;3669;3658;3663;3666;3662;3665;0;0;0;36
$1;1;3809000;2;0;1489;48374;33225;15727;397;0;3665;3662;3662;3670;3659;3663;3667;3662;3665;0;0;0;39
$1;1;3810000;2;0;1490;48374;33227;15731;397;0;3665;3662;3663;3669;3659;3664;3667;3663;3665;0;0;0;45
$1;1;3811000;2;0;1487;48377;33226;15734;397;0;3665;3662;3663;3669;3659;3663;3667;3663;3665;0;0;0;42
$1;1;3812000;2;0;1479;48379;33224;15738;397;0;3665;3662;3663;3669;3659;3663;3667;3662;3665;0;0;0;41
$1;1;3813000;2;0;1450;48394;33213;15742;397;0;3665;3662;3662;3669;3658;3663;3666;3662;3665;0;0;0;40
$1;1;3814000;2;0;1463;48388;33218;15747;396;0;3665;3662;3662;3669;3659;3663;3666;3662;3665;0;0;0;44
$1;1;3815000;2;0;1445;48397;33212;15751;396;0;3665;3662;3662;3669;3659;3663;3666;3662;3665;0;0;0;42
$1;1;3816000;2;0;1442;48401;33212;15755;396;0;3665;3662;3662;3669;3658;3663;3666;3662;3665;0;0;0;35
$1;1;3817000;2;0;1473;48385;33223;15759;396;0;3665;3662;3662;3669;3659;3663;3667;3662;3666;0;0;0;38
$1;1;3818000;2;0;1420;48410;33206;15763;397;0;3664;3661;3662;3668;3658;3663;3666;3662;3665;0;0;0;43
$1;1;3819000;2;0;1468;48385;33220;15767;397;0;3665;3662;3662;3670;3659;3663;3666;3662;3665;0;0;0;39
$1;1;3820000;2;0;1454;48393;33217;15772;397;0;3665;3662;3662;3669;3659;3663;3666;3662;3665;0;0;0;45
$1;1;3821000;2;0;1449;48396;33216;15776;397;0;3665;3662;3662;3669;3659;3663;3666;3662;3665;0;0;0;32
$1;1;3822000;2;0;1457;48393;33218;15780;397;0;3665;3662;3662;3669;3659;3663;3667;3662;3665;0;0;0;47
$1;1;3823000;2;0;1496;48373;33232;15784;397;0;3666;3663;3663;3670;3659;3664;3667;3663;3666;0;0;0;47
$1;1;3824000;2;0;1456;48392;33219;15788;397;0;3665;3662;3663;3670;3659;3663;3667;3662;3665;0;0;0;41
$1;1;3825000;2;0;1485;48378;33228;15792;397;0;3666;3662;3663;3670;3659;3664;3667;3663;3666;0;0;0;45
$1;1;3826000;2;0;1480;48382;33228;15796;397;0;3666;3662;3663;3669;3659;3664;3667;3663;3666;0;0;0;34
$1;1;3827000;2;0;1476;48383;33226;15800;397;0;3666;3662;3663;3670;3659;3664;3667;3663;3665;0;0;0;46
$1;1;3828000;2;0;1485;48380;33230;15804;396;0;3666;3663;3663;3669;3659;3664;3667;3663;3666;0;0;0;38
$1;1;3829000;2;0;1488;48378;33231;15808;396;0;3666;3663;3663;3670;3659;3664;3667;3663;3666;0;0;0;40
$1;1;3830000;2;0;1441;48403;33216;15812;396;0;3665;3662;3663;3670;3659;3663;3667;3663;3665;0;0;0;38
$1;1;3831000;2;0;1492;48378;33233;15816;396;0;3666;3663;3663;3670;3660;3664;3668;3663;3666;0;0;0;34
$1;1;3832000;2;0;1500;48373;33236;15820;396;0;3666;3663;3663;3670;3660;3664;3668;3663;3666;0;0;0;32
$1;1;3833000;2;0;1465;48390;33224;15824;396;0;3666;3663;3663;3670;3659;3664;3667;3663;3666;0;0;0;44
$1;1;3834000;2;0;1459;48393;33224;15828;395;0;3666;3662;3663;3670;3659;3664;3667;3663;3666;0;0;0;41
$1;1;3835000;2;0;1477;48384;33229;15832;396;0;3666;3663;3663;3669;3659;3664;3667;3663;3666;0;0;0;46
$1;1;3836000;2;0;1497;48371;33236;15836;396;0;3666;3663;3663;3670;3660;3664;3668;3663;3666;0;0;0;46
$1;1;3837000;2;0;1500;48371;33237;15840;397;0;3666;3663;3664;3670;3660;3664;3668;3664;3667;0;0;0;32
$1;1;3838000;2;0;1500;48370;33237;15844;397;0;3666;3663;3664;3670;3660;3664;3668;3664;3667;0;0;0;42
$1;1;3839000;2;0;1499;48371;33238;15849;396;0;3666;3663;3664;3670;3660;3665;3668;3664;3667;0;0;0;41
$1;1;3840000;2;0;1488;48377;33236;15853;396;0;3666;3663;3664;3670;3660;3664;3668;3663;3666;0;0;0;35
$1;1;3841000;2;0;1499;48371;33239;15857;396;0;3666;3663;3664;3670;3660;3665;3668;3664;3666;0;0;0;41
$1;1;3842000;2;0;1500;48371;33240;15861;396;0;3667;3663;3664;3670;3660;3665;3668;3664;3667;0;0;0;32
$1;1;3843000;2;0;1499;48371;33239;15865;396;0;3667;3663;3664;3670;3660;3665;3668;3664;3667;0;0;0;42
$1;1;3844000;2;0;1500;48371;33241;15869;396;0;3667;3664;3664;3670;3660;3665;3668;3664;3667;0;0;0;40
$1;1;3845000;2;0;1502;48369;33241;15874;396;0;3667;3664;3664;3670;3660;3665;3668;3664;3667;0;0;0;46
$1;1;3846000;2;0;1499;48372;33241;15878;396;0;3667;3664;3664;3670;3660;3665;3668;3664;3667;0;0;0;40
$1;1;3847000;2;0;1499;48372;33242;15882;396;0;3667;3663;3664;3670;3660;3665;3669;3664;3667;0;0;0;41
$1;1;3848000;2;0;1498;48372;33242;15886;395;0;3667;3664;3664;3670;3660;3665;3668;3664;3667;0;0;0;38
$1;1;3849000;2;0;1499;48371;33242;15890;395;0;3667;3664;3664;3670;3660;3665;3668;3664;3667;0;0;0;34
$1;1;3850000;2;0;1499;48371;33242;15894;395;0;3667;3664;3664;3670;3660;3665;3669;3664;3667;0;0;0;47
$1;1;3851000;2;0;1499;48372;33243;15899;395;0;3667;3664;3664;3670;3661;3665;3668;3664;3667;0;0;0;33
$1;128;3851000;315;134;16;15;14;15;12;14;16;15;17;0;0;0;26
$1;1;3852000;2;0;1500;48371;33244;15903;395;0;3667;3664;3664;3670;3660;3665;3669;3664;3667;0;0;0;37
$1;1;3853000;2;0;1500;48371;33244;15907;395;0;3667;3664;3664;3670;3660;3665;3669;3664;3667;0;0;0;32
$1;1;3854000;2;0;1501;48367;33244;15911;396;0;3667;3664;3664;3670;3661;3665;3669;3664;3667;0;0;0;36
$1;1;3855000;2;0;1499;48368;33244;15915;396;0;3667;3664;3664;3670;3661;3665;3668;3664;3667;0;0;0;47
$1;1;3856000;2;0;1499;48368;33244;15919;396;0;3667;3664;3664;3671;3661;3665;3669;3664;3667;0;0;0;32
$1;1;3857000;2;0;1501;48364;33246;15923;396;0;3667;3664;3664;3671;3661;3665;3669;3664;3667;0;0;0;38
$1;1;3858000;2;0;1499;48365;33245;15928;396;0;3667;3664;3664;3671;3661;3665;3669;3665;3667;0;0;0;33
$1;1;3859000;2;0;1499;48362;33246;15932;396;0;3667;3664;3664;3671;3661;3665;3669;3665;3667;0;0;0;47
$1;1;3860000;2;0;1499;48359;33246;15936;396;0;3667;3664;3664;3671;3661;3665;3669;3664;3667;0;0;0;40
$1;1;3861000;2;0;1501;48358;33247;15940;396;0;3667;3664;3664;3671;3661;3666;3669;3665;3667;0;0;0;42
$1;1;3862000;2;0;1500;48359;33247;15944;396;0;3667;3664;3665;3671;3661;3665;3669;3665;3667;0;0;0;47
$1;1;3863000;2;0;1501;48358;33248;15948;396;0;3667;3664;3665;3671;3661;3666;3669;3665;3668;0;0;0;33
$1;1;3864000;2;0;1499;48359;33247;15953;396;0;3667;3664;3665;3671;3661;3666;3669;3665;3668;0;0;0;34
$1;1;3865000;2;0;1501;48358;33248;15957;395;0;3667;3664;3665;3671;3661;3666;3669;3665;3668;0;0;0;42
$1;1;3866000;2;0;1499;48363;33248;15961;395;0;3667;3664;3665;3671;3661;3665;3669;3665;3668;0;0;0;39
$1;1;3867000;2;0;1500;48365;33248;15965;395;0;3668;3664;3665;3671;3661;3666;3669;3665;3668;0;0;0;41
$1;1;3868000;2;0;1500;48366;33248;15969;395;0;3668;3664;3665;3671;3661;3666;3669;3665;3668;0;0;0;41
$1;1;3869000;2;0;1499;48367;33248;15973;395;0;3668;3664;3665;3671;3661;3666;3669;3665;3668;0;0;0;35
$1;1;3870000;2;0;1498;48369;33248;15978;395;0;3668;3664;3665;3671;3661;3666;3669;3665;3668;0;0;0;47
$1;1;3871000;2;0;1499;48364;33249;15982;396;0;3668;3664;3665;3671;3661;3666;3669;3665;3668;0;0;0;37
$1;1;3872000;2;0;1499;48365;33249;15986;396;0;3668;3664;3665;3671;3661;3666;3669;3665;3668;0;0;0;35
$1;1;3873000;2;0;1501;48363;33249;15990;396;0;3668;3665;3665;3671;3661;3666;3669;3665;3668;0;0;0;34
$1;1;3874000;2;0;1499;48363;33249;15994;396;0;3668;3664;3665;3671;3661;3666;3669;3665;3668;0;0;0;32
$1;1;3875000;2;0;1499;48364;33250;15998;396;0;3668;3664;3665;3671;3661;3666;3669;3665;3668;0;0;0;34
$1;1;3876000;2;0;1499;48365;33250;16003;395;0;3668;3665;3665;3671;3661;3666;3669;3665;3668;0;0;0;42
$1;1;3877000;2;0;1500;48365;33251;16007;395;0;3668;3665;3665;3671;3661;3666;3669;3665;3668;0;0;0;47
$1;1;3878000;2;0;1499;48366;33250;16011;395;0;3668;3665;3665;3671;3661;3666;3669;3665;3668;0;0;0;36
$1;1;3879000;2;0;1500;48367;33251;16015;395;0;3668;3665;3665;3671;3661;3666;3670;3665;3668;0;0;0;40
$1;1;3880000;2;0;1501;48366;33252;16019;395;0;3668;3665;3665;3672;3661;3666;3670;3665;3668;0;0;0;34
$1;1;3881000;2;0;1498;48369;33251;16023;395;0;3668;3665;3665;3671;3661;3666;3670;3665;3668;0;0;0;36
$1;1;3882000;2;0;1501;48368;33254;16028;395;0;3668;3665;3665;3672;3662;3666;3670;3665;3668;0;0;0;41
$1;1;3883000;2;0;1500;48369;33253;16032;395;0;3668;3665;3665;3672;3661;3666;3670;3665;3668;0;0;0;39
$1;1;3884000;2;0;1501;48368;33254;16036;394;0;3668;3665;3665;3672;3662;3666;3670;3665;3668;0;0;0;33
$1;1;3885000;2;0;1499;48368;33254;16040;394;0;3668;3665;3666;3672;3662;3666;3670;3666;3668;0;0;0;33
$1;1;3886000;2;0;1501;48364;33255;16044;394;0;3668;3665;3665;3672;3662;3666;3670;3666;3668;0;0;0;40
$1;1;3887000;2;0;1499;48367;33254;16048;395;0;3668;3665;3665;3672;3661;3666;3670;3666;3668;0;0;0;37
$1;1;3888000;2;0;1500;48368;33254;16053;395;0;3668;3665;3665;3672;3661;3666;3670;3666;3668;0;0;0;46
$1;1;3889000;2;0;1498;48366;33254;16057;395;0;3668;3665;3665;3672;3662;3666;3670;3666;3668;0;0;0;38
$1;1;3890000;2;0;1498;48366;33254;16061;396;0;3668;3665;3665;3672;3661;3666;3670;3666;3669;0;0;0;42
$1;1;3891000;2;0;1501;48364;33256;16065;397;0;3668;3665;3665;3672;3662;3666;3670;3666;3668;0;0;0;45
$1;1;3892000;2;0;1499;48367;33256;16069;397;0;3668;3665;3666;3672;3662;3667;3670;3666;3669;0;0;0;34
$1;1;3893000;2;0;1500;48365;33256;16073;397;0;3668;3665;3666;3672;3662;3667;3670;3666;3669;0;0;0;43
$1;1;3894000;2;0;1501;48365;33257;16078;397;0;3668;3665;3666;3672;3662;3667;3670;3666;3668;0;0;0;38
$1;1;3895000;2;0;1498;48367;33256;16082;398;0;3668;3665;3666;3672;3662;3667;3670;3666;3669;0;0;0;46
$1;1;3896000;2;0;1500;48366;33257;16086;398;0;3668;3665;3666;3672;3662;3667;3670;3666;3668;0;0;0;40
$1;1;3897000;2;0;1500;48368;33257;16090;398;0;3668;3665;3666;3672;3662;3667;3670;3666;3668;0;0;0;32
$1;1;3898000;2;0;1498;48370;33257;16094;398;0;3668;3665;3666;3672;3662;3667;3671;3666;3668;0;0;0;35
$1;1;3899000;2;0;1500;48369;33258;16099;399;0;3669;3665;3666;3672;3662;3667;3670;3666;3669;0;0;0;40
$1;1;3900000;2;0;1498;48371;33258;16103;399;0;3669;3665;3666;3672;3662;3667;3671;3666;3669;0;0;0;35
$1;1;3901000;2;0;1501;48369;33259;16107;399;0;3669;3666;3666;3672;3662;3667;3671;3666;3668;0;0;0;45
$1;1;3902000;2;0;1498;48369;33259;16111;399;0;3669;3666;3666;3673;3662;3667;3671;3666;3669;0;0;0;40
$1;1;3903000;2;0;1500;48369;33260;16115;399;0;3669;3666;3666;3673;3662;3667;3671;3666;3669;0;0;0;39
$1;1;3904000;2;0;1499;48369;33260;16119;400;0;3669;3666;3666;3673;3662;3667;3671;3666;3669;0;0;0;42
$1;1;3905000;2;0;1500;48369;33260;16124;400;0;3669;3666;3666;3673;3662;3667;3671;3666;3669;0;0;0;36
$1;1;3906000;2;0;1500;48370;33260;16128;401;0;3669;3666;3666;3673;3662;3667;3671;3666;3669;0;0;0;34
$1;1;3907000;2;0;1500;48365;33260;16132;402;0;3669;3666;3666;3673;3662;3667;3671;3666;3669;0;0;0;47
$1;1;3908000;2;0;1500;48365;33260;16136;403;0;3669;3666;3666;3673;3662;3667;3671;3666;3669;0;0;0;37
$1;1;3909000;2;0;1500;48366;33260;16140;403;0;3669;3666;3666;3673;3662;3667;3671;3666;3669;0;0;0;38
$1;1;3910000;2;0;1501;48365;33260;16144;404;0;3669;3666;3666;3673;3662;3667;3671;3666;3669;0;0;0;47
$1;1;3911000;2;0;1499;48366;33260;16148;404;0;3669;3666;3666;3673;3662;3667;3671;3666;3669;0;0;0;33
$1;128;3911000;315;134;16;15;14;16;13;13;16;15;16;0;0;0;27
$1;1;3912000;2;0;1501;48365;33262;16153;405;0;3669;3666;3666;3673;3662;3667;3671;3666;3669;0;0;0;40
$1;1;3913000;2;0;1498;48366;33262;16157;405;0;3669;3666;3666;3673;3662;3667;3671;3666;3669;0;0;0;47
$1;1;3914000;2;0;1501;48364;33263;16161;405;0;3669;3666;3666;3673;3662;3667;3671;3666;3669;0;0;0;47
$1;1;3915000;2;0;1498;48366;33262;16165;405;0;3669;3666;3667;3673;3662;3667;3671;3666;3669;0;0;0;41
$1;1;3916000;2;0;1501;48366;33263;16169;406;0;3669;3666;3666;3673;3662;3667;3671;3667;3669;0;0;0;37
$1;1;3917000;2;0;1498;48368;33263;16173;406;0;3669;3666;3666;3673;3663;3667;3671;3666;3669;0;0;0;32
$1;1;3918000;2;0;1500;48367;33264;16178;406;0;3669;3666;3666;3673;3662;3667;3671;3667;3669;0;0;0;44
$1;1;3919000;2;0;1498;48368;33264;16182;406;0;3669;3666;3667;3673;3663;3668;3672;3667;3670;0;0;0;35
$1;1;3920000;2;0;1499;48368;33265;16186;406;0;3669;3666;3666;3673;3663;3667;3671;3667;3670;0;0;0;32
$1;1;3921000;2;0;1501;48367;33266;16190;407;0;3669;3666;3667;3673;3663;3668;3672;3667;3670;0;0;0;38
$1;1;3922000;2;0;1501;48368;33266;16194;407;0;3669;3666;3667;3673;3663;3668;3672;3667;3670;0;0;0;46
$1;1;3923000;2;0;1501;48368;33266;16198;407;0;3669;3666;3667;3673;3663;3668;3672;3667;3670;0;0;0;35
$1;1;3924000;2;0;1500;48364;33266;16202;408;0;3669;3666;3667;3673;3663;3668;3672;3667;3670;0;0;0;38
$1;1;3925000;2;0;1500;48365;33267;16207;408;0;3669;3666;3667;3674;3663;3668;3672;3667;3669;0;0;0;45
$1;1;3926000;2;0;1501;48364;33267;16211;408;0;3670;3666;3667;3674;3663;3668;3672;3667;3670;0;0;0;41
$1;1;3927000;2;0;1500;48366;33267;16215;408;0;3670;3666;3667;3673;3663;3668;3672;3667;3670;0;0;0;40
$1;1;3928000;2;0;1500;48366;33267;16219;409;0;3670;3666;3667;3673;3663;3668;3672;3667;3670;0;0;0;42
$1;1;3929000;2;0;1498;48367;33267;16223;409;0;3670;3667;3667;3673;3663;3668;3672;3667;3670;0;0;0;34
$1;1;3930000;2;0;1499;48368;33268;16227;409;0;3670;3667;3667;3673;3663;3668;3672;3667;3670;0;0;0;47
$1;1;3931000;2;0;1499;48366;33268;16232;409;0;3670;3666;3667;3674;3663;3668;3672;3667;3670;0;0;0;34
$1;1;3932000;2;0;1499;48368;33268;16236;409;0;3670;3667;3667;3674;3663;3668;3672;3667;3670;0;0;0;42
$1;1;3933000;2;0;1500;48367;33269;16240;409;0;3670;3667;3667;3674;3663;3668;3672;3667;3670;0;0;0;37
$1;1;3934000;2;0;1499;48367;33269;16244;409;0;3670;3667;3667;3674;3663;3668;3672;3667;3670;0;0;0;39
$1;1;3935000;2;0;1499;48369;33270;16248;409;0;3670;3667;3667;3674;3663;3668;3672;3667;3670;0;0;0;44
$1;1;3936000;2;0;1499;48368;33269;16252;409;0;3670;3667;3667;3674;3663;3668;3672;3667;3670;0;0;0;45
$1;1;3937000;2;0;1499;48369;33269;16257;408;0;3670;3667;3667;3674;3663;3668;3672;3667;3670;0;0;0;41
$1;1;3938000;2;0;1498;48369;33270;16261;408;0;3670;3667;3667;3674;3663;3668;3672;3667;3670;0;0;0;42
$1;1;3939000;2;0;1478;48379;33262;16265;408;0;3670;3667;3667;3673;3663;3668;3672;3667;3670;0;0;0;36
$1;1;3940000;2;0;1492;48369;33268;16269;409;0;3670;3667;3667;3674;3663;3668;3672;3667;3670;0;0;0;47
$1;1;3941000;2;0;1449;48391;33255;16273;409;0;3669;3666;3667;3673;3663;3668;3671;3667;3669;0;0;0;47
$1;1;3942000;2;0;1496;48367;33271;16277;409;0;3670;3667;3667;3674;3663;3668;3672;3667;3670;0;0;0;32
$1;1;3943000;2;0;1500;48365;33272;16281;409;0;3670;3667;3667;3674;3663;3668;3672;3667;3670;0;0;0;39
$1;1;3944000;2;0;1501;48365;33272;16285;409;0;3670;3667;3667;3674;3663;3668;3672;3667;3670;0;0;0;37
$1;1;3945000;2;0;1501;48364;33272;16290;409;0;3670;3667;3667;3674;3663;3668;3672;3667;3670;0;0;0;33
$1;1;3946000;2;0;1499;48364;33272;16294;409;0;3670;3667;3667;3674;3663;3668;3672;3667;3670;0;0;0;38
$1;1;3947000;2;0;1499;48364;33272;16298;409;0;3670;3667;3667;3674;3663;3668;3672;3667;3670;0;0;0;43
$1;1;3948000;2;0;1482;48375;33267;16302;409;0;3670;3667;3667;3674;3663;3668;3672;3667;3670;0;0;0;40
$1;1;3949000;2;0;1498;48368;33272;16306;409;0;3670;3667;3667;3674;3663;3669;3672;3667;3670;0;0;0;47
$1;1;3950000;2;0;1499;48367;33273;16310;408;0;3670;3667;3668;3674;3664;3668;3672;3667;3670;0;0;0;39
$1;1;3951000;2;0;1500;48367;33273;16315;408;0;3670;3667;3668;3674;3664;3668;3672;3668;3670;0;0;0;45
$1;1;3952000;2;0;1500;48367;33274;16319;408;0;3670;3667;3668;3674;3664;3669;3672;3668;3670;0;0;0;36
$1;1;3953000;2;0;1468;48382;33264;16323;408;0;3670;3667;3667;3674;3663;3668;3672;3667;3670;0;0;0;47
$1;1;3954000;2;0;1471;48382;33264;16327;407;0;3670;3667;3667;3674;3663;3668;3672;3667;3670;0;0;0;43
$1;1;3955000;2;0;1496;48369;33272;16331;407;0;3670;3667;3668;3674;3664;3668;3672;3667;3670;0;0;0;46
$1;1;3956000;2;0;1455;48387;33260;16335;408;0;3670;3667;3667;3674;3663;3668;3672;3667;3670;0;0;0;34
$1;1;3957000;2;0;1445;48393;33256;16339;408;0;3669;3667;3667;3674;3663;3668;3671;3667;3670;0;0;0;37
$1;1;3958000;2;0;1459;48383;33260;16343;408;0;3670;3667;3667;3674;3663;3668;3671;3667;3669;0;0;0;46
$1;1;3959000;2;0;1494;48364;33272;16348;409;0;3670;3667;3667;3674;3664;3669;3672;3668;3670;0;0;0;44
$1;1;3960000;2;0;1483;48372;33270;16352;408;0;3670;3667;3667;3674;3663;3668;3672;3667;3670;0;0;0;38
$1;1;3961000;2;0;1498;48364;33274;16356;408;0;3670;3667;3668;3675;3664;3669;3672;3668;3671;0;0;0;44
$1;1;3962000;2;0;1502;48361;33276;16360;408;0;3671;3667;3668;3675;3664;3669;3672;3668;3670;0;0;0;47
$1;1;3963000;2;0;1473;48379;33267;16364;408;0;3670;3667;3667;3674;3664;3668;3672;3667;3670;0;0;0;37
$1;1;3964000;2;0;1497;48367;33276;16368;407;0;3671;3667;3668;3675;3664;3669;3672;3668;3671;0;0;0;36
$1;1;3965000;2;0;1500;48364;33276;16373;407;0;3671;3668;3668;3675;3664;3669;3673;3668;3671;0;0;0;45
$1;1;3966000;2;0;1498;48366;33276;16377;407;0;3671;3667;3668;3675;3664;3669;3673;3668;3671;0;0;0;39
$1;1;3967000;2;0;1488;48372;33273;16381;407;0;3671;3667;3668;3674;3664;3669;3672;3668;3671;0;0;0;46
$1;1;3968000;2;0;1498;48368;33276;16385;407;0;3671;3667;3668;3675;3664;3669;3673;3668;3671;0;0;0;42
$1;1;3969000;2;0;1473;48380;33269;16389;406;0;3670;3667;3668;3674;3663;3669;3672;3668;3670;0;0;0;44
$1;1;3970000;2;0;1488;48374;33273;16393;406;0;3670;3667;3668;3675;3664;3669;3672;3668;3671;0;0;0;44
$1;1;3971000;2;0;1500;48368;33278;16397;406;0;3671;3668;3668;3675;3664;3669;3673;3668;3671;0;0;0;33
$1;128;3971000;315;132;17;14;13;16;12;14;16;14;16;0;0;0;27
$1;1;3972000;2;0;1459;48386;33265;16401;407;0;3670;3667;3668;3674;3664;3668;3672;3667;3670;0;0;0;43
$1;1;3973000;2;0;1488;48372;33274;16405;407;0;3671;3667;3668;3675;3664;3669;3672;3668;3671;0;0;0;38
$1;1;3974000;2;0;1499;48365;33278;16409;407;0;3671;3668;3668;3675;3664;3669;3673;3668;3671;0;0;0;41
$1;1;3975000;2;0;1500;48364;33279;16414;407;0;3671;3668;3668;3675;3664;3669;3673;3668;3671;0;0;0;37
$1;1;3976000;2;0;1500;48364;33279;16418;407;0;3671;3668;3668;3675;3664;3669;3673;3668;3671;0;0;0;42
$1;1;3977000;2;0;1470;48380;33270;16422;406;0;3670;3667;3668;3675;3664;3669;3672;3668;3671;0;0;0;41
$1;1;3978000;2;0;1448;48393;33263;16426;406;0;3670;3667;3668;3674;3664;3669;3672;3668;3670;0;0;0;41
$1;1;3979000;2;0;1493;48369;33277;16430;406;0;3671;3668;3668;3675;3664;3669;3673;3668;3671;0;0;0;38
$1;1;3980000;2;0;1447;48393;33263;16434;406;0;3670;3667;3668;3675;3664;3669;3672;3668;3670;0;0;0;35
$1;1;3981000;2;0;1496;48368;33279;16439;406;0;3671;3668;3668;3675;3664;3669;3673;3668;3671;0;0;0;34
$1;1;3982000;2;0;1485;48374;33275;16443;405;0;3671;3668;3668;3675;3664;3669;3673;3668;3671;0;0;0;44
$1;1;3983000;2;0;1467;48383;33270;16447;405;0;3671;3667;3668;3675;3664;3669;3672;3668;3671;0;0;0;38
$1;1;3984000;2;0;1451;48392;33265;16451;405;0;3670;3667;3668;3675;3664;3669;3672;3668;3670;0;0;0;39
$1;1;3985000;2;0;1459;48387;33267;16454;405;0;3670;3667;3668;3675;3664;3669;3672;3668;3670;0;0;0;45
$1;1;3986000;2;0;1480;48378;33274;16458;405;0;3671;3668;3668;3675;3664;3669;3673;3668;3671;0;0;0;42
$1;1;3987000;2;0;1452;48393;33266;16463;404;0;3670;3667;3668;3674;3664;3669;3672;3668;3670;0;0;0;36
$1;1;3988000;2;0;1450;48391;33265;16467;405;0;3670;3668;3668;3674;3664;3669;3672;3668;3671;0;0;0;35
$1;1;3989000;2;0;1461;48386;33270;16471;405;0;3671;3667;3668;3675;3664;3669;3672;3668;3671;0;0;0;42
$1;1;3990000;2;0;1483;48374;33276;16475;405;0;3671;3668;3668;3675;3664;3669;3673;3668;3671;0;0;0;47
$1;1;3991000;2;0;1461;48385;33270;16479;405;0;3671;3668;3668;3674;3664;3669;3672;3668;3671;0;0;0;38
$1;1;3992000;2;0;1446;48389;33265;16483;405;0;3670;3667;3668;3675;3664;3669;3672;3668;3671;0;0;0;34
$1;1;3993000;2;0;1496;48365;33281;16487;405;0;3671;3668;3668;3675;3665;3669;3673;3668;3671;0;0;0;44
$1;1;3994000;2;0;1452;48388;33268;16492;405;0;3671;3668;3668;3675;3664;3669;3672;3668;3671;0;0;0;35
$1;1;3995000;2;0;1438;48390;33263;16496;405;0;3671;3668;3668;3675;3664;3669;3672;3668;3671;0;0;0;40
$1;1;3996000;2;0;1446;48385;33265;16500;405;0;3671;3668;3668;3675;3664;3669;3672;3668;3671;0;0;0;46
$1;1;3997000;2;0;1460;48378;33270;16504;405;0;3671;3668;3668;3675;3664;3669;3672;3668;3671;0;0;0;41
$1;1;3998000;2;0;1442;48389;33265;16508;404;0;3671;3668;3668;3675;3664;3669;3672;3668;3671;0;0;0;33
$1;1;3999000;2;0;1493;48364;33282;16512;404;0;3672;3668;3669;3676;3665;3670;3673;3669;3672;0;0;0;38
$1;1;4000000;2;0;1501;48360;33284;16516;404;0;3672;3668;3669;3676;3665;3670;3673;3669;3672;0;0;0;36
$1;1;4001000;2;0;1500;48363;33284;16520;404;0;3672;3669;3669;3676;3665;3670;3673;3669;3672;0;0;0;35
$1;1;4002000;2;0;1473;48376;33276;16524;403;0;3671;3668;3669;3675;3665;3670;3673;3668;3672;0;0;0;47
$1;1;4003000;2;0;1499;48363;33284;16529;403;0;3672;3668;3669;3676;3665;3670;3673;3669;3672;0;0;0;47
$1;1;4004000;2;0;1499;48364;33285;16533;403;0;3672;3669;3669;3676;3665;3670;3674;3669;3672;0;0;0;35
$1;1;4005000;2;0;1498;48358;33284;16537;404;0;3672;3668;3669;3676;3665;3670;3674;3669;3672;0;0;0;47
$1;1;4006000;2;0;1476;48369;33279;16541;404;0;3671;3668;3669;3675;3665;3669;3673;3669;3672;0;0;0;34
$1;1;4007000;2;0;1451;48381;33271;16545;404;0;3671;3668;3669;3675;3665;3669;3673;3668;3672;0;0;0;45
$1;1;4008000;2;0;1454;48380;33272;16549;404;0;3671;3668;3668;3675;3665;3669;3673;3668;3671;0;0;0;43
$1;1;4009000;2;0;1494;48360;33284;16553;404;0;3672;3668;3669;3676;3665;3670;3673;3669;3672;0;0;0;33
$1;1;4010000;2;0;1499;48357;33287;16558;404;0;3672;3669;3669;3677;3665;3670;3674;3669;3672;0;0;0;47
$1;1;4011000;2;0;1467;48376;33277;16561;404;0;3671;3668;3669;3675;3665;3670;3673;3669;3671;0;0;0;45
$1;1;4012000;2;0;1491;48365;33284;16564;404;0;3672;3668;3669;3676;3665;3670;3673;3669;3672;0;0;0;47
$1;1;4013000;2;0;1486;48368;33283;16568;403;0;3672;3668;3669;3676;3665;3670;3673;3669;3672;0;0;0;41
$1;1;4014000;2;0;1450;48387;33272;16573;403;0;3671;3668;3669;3675;3665;3669;3673;3668;3671;0;0;0;42
$1;1;4015000;2;0;1482;48372;33283;16576;403;0;3672;3668;3669;3676;3665;3670;3673;3669;3672;0;0;0;47
$1;1;4016000;2;0;1500;48363;33288;16580;403;0;3672;3669;3669;3676;3665;3670;3674;3669;3672;0;0;0;35
$1;1;4017000;2;0;1482;48373;33283;16584;402;0;3672;3669;3669;3676;3665;3670;3673;3669;3672;0;0;0;33
$1;1;4018000;2;0;1498;48364;33288;16588;402;0;3672;3669;3669;3676;3665;3670;3674;3669;3672;0;0;0;35
$1;1;4019000;2;0;1469;48377;33279;16593;402;0;3672;3669;3669;3676;3665;3670;3673;3669;3672;0;0;0;45
$1;1;4020000;2;0;1468;48379;33279;16597;402;0;3672;3668;3669;3676;3665;3670;3673;3669;3672;0;0;0;45
$1;1;4021000;2;0;1468;48378;33280;16601;402;0;3672;3669;3669;3676;3665;3670;3673;3669;3672;0;0;0;38
$1;1;4022000;2;0;1414;48406;33263;16604;403;0;3671;3668;3668;3675;3665;3669;3672;3668;3671;0;0;0;34
$1;1;4023000;2;0;1446;48390;33272;16608;403;0;3671;3668;3669;3676;3665;3669;3673;3668;3671;0;0;0;35
$1;1;4024000;2;0;1455;48385;33276;16613;403;0;3672;3668;3669;3676;3665;3670;3673;3669;3672;0;0;0;37
$1;1;4025000;2;0;1477;48374;33284;16617;403;0;3672;3669;3669;3676;3665;3670;3673;3669;3672;0;0;0;34
$1;1;4026000;2;0;1418;48404;33265;16621;402;0;3671;3668;3668;3675;3664;3669;3672;3668;3671;0;0;0;41
$1;1;4027000;2;0;1423;48401;33267;16625;402;0;3671;3668;3668;3676;3665;3669;3673;3668;3671;0;0;0;32
$1;1;4028000;2;0;1441;48393;33272;16629;402;0;3671;3668;3669;3675;3665;3670;3673;3668;3672;0;0;0;38
$1;1;4029000;2;0;1456;48385;33277;16633;402;0;3672;3669;3669;3676;3665;3670;3673;3669;3672;0;0;0;40
$1;1;4030000;2;0;1463;48381;33280;16638;402;0;3672;3668;3669;3677;3665;3670;3673;3669;3672;0;0;0;33
$1;1;4031000;2;0;1435;48398;33272;16642;402;0;3671;3668;3669;3676;3665;3670;3673;3668;3672;0;0;0;40
$1;128;4031000;316;131;16;14;13;16;12;14;16;14;16;0;0;0;16
$1;1;4032000;2;0;1419;48407;33267;16646;402;0;3671;3668;3669;3675;3665;3669;3673;3668;3671;0;0;0;44
$1;1;4033000;2;0;1403;48414;33261;16650;401;0;3671;3668;3669;3675;3665;3669;3673;3668;3671;0;0;0;38
$1;1;4034000;2;0;1446;48392;33275;16654;401;0;3672;3669;3669;3676;3665;3670;3673;3669;3671;0;0;0;32
$1;1;4035000;2;0;1444;48392;33274;16658;401;0;3672;3668;3669;3676;3665;3670;3673;3669;3672;0;0;0;44
$1;1;4036000;2;0;1478;48374;33285;16663;401;0;3672;3669;3669;3676;3666;3670;3674;3669;3673;0;0;0;42
$1;1;4037000;2;0;1421;48402;33268;16667;401;0;3672;3668;3669;3676;3665;3670;3673;3669;3672;0;0;0;34
$1;1;4038000;2;0;1494;48359;33291;16671;401;0;3672;3669;3670;3677;3666;3670;3674;3670;3673;0;0;0;46
$1;1;4039000;2;0;1498;48356;33294;16675;402;0;3673;3669;3670;3677;3666;3671;3674;3670;3673;0;0;0;46
$1;1;4040000;2;0;1491;48358;33291;16679;402;0;3672;3669;3670;3677;3666;3671;3674;3670;3673;0;0;0;47
$1;1;4041000;2;0;1500;48354;33296;16683;402;0;3673;3669;3670;3677;3666;3671;3674;3670;3673;0;0;0;40
$1;1;4042000;2;0;1473;48369;33287;16687;402;0;3672;3669;3670;3676;3666;3671;3674;3670;3673;0;0;0;36
$1;1;4043000;2;0;1496;48359;33295;16691;401;0;3673;3670;3670;3677;3666;3671;3675;3670;3673;0;0;0;35
$1;1;4044000;2;0;1492;48360;33294;16695;401;0;3673;3670;3670;3677;3666;3671;3674;3670;3673;0;0;0;46
$1;1;4045000;2;0;1477;48370;33289;16699;401;0;3673;3669;3670;3677;3666;3671;3674;3670;3673;0;0;0;45
$1;1;4046000;2;0;1481;48370;33291;16704;401;0;3673;3670;3670;3677;3666;3671;3674;3670;3673;0;0;0;35
$1;1;4047000;2;0;1496;48361;33295;16708;401;0;3673;3670;3670;3677;3666;3671;3674;3670;3673;0;0;0;44
$1;1;4048000;2;0;1445;48387;33280;16712;401;0;3672;3669;3669;3677;3666;3670;3674;3669;3672;0;0;0;35
$1;1;4049000;2;0;1496;48362;33296;16716;401;0;3673;3670;3670;3677;3666;3671;3675;3670;3673;0;0;0;44
$1;1;4050000;2;0;1488;48366;33294;16720;400;0;3673;3670;3670;3677;3666;3671;3674;3670;3673;0;0;0;40
$1;1;4051000;2;0;1498;48361;33297;16724;400;0;3673;3670;3670;3677;3666;3671;3675;3670;3674;0;0;0;46
$1;1;4052000;2;0;1501;48359;33299;16728;400;0;3673;3670;3671;3677;3666;3671;3675;3670;3674;0;0;0;36
$1;1;4053000;2;0;1449;48387;33283;16732;400;0;3673;3669;3670;3677;3666;3671;3674;3669;3673;0;0;0;44
$1;1;4054000;2;0;1496;48362;33298;16736;400;0;3673;3670;3670;3677;3666;3671;3675;3670;3673;0;0;0;45
$1;1;4055000;2;0;1422;48398;33274;16740;400;0;3672;3669;3670;3677;3666;3670;3674;3669;3673;0;0;0;36
$1;1;4056000;2;0;1491;48363;33297;16744;401;0;3673;3670;3670;3678;3666;3671;3675;3670;3673;0;0;0;45
$1;1;4057000;2;0;1445;48387;33284;16748;401;0;3672;3669;3670;3677;3666;3671;3674;3670;3672;0;0;0;39
$1;1;4058000;2;0;1431;48394;33278;16752;401;0;3672;3669;3670;3677;3666;3670;3674;3669;3672;0;0;0;40
$1;1;4059000;2;0;1452;48381;33285;16756;401;0;3673;3669;3670;3677;3666;3671;3674;3670;3672;0;0;0;38
$1;1;4060000;2;0;1453;48383;33285;16760;401;0;3672;3669;3670;3677;3666;3671;3674;3670;3673;0;0;0;42
$1;1;4061000;2;0;1494;48361;33299;16764;401;0;3673;3670;3670;3677;3667;3671;3675;3670;3674;0;0;0;43
$1;1;4062000;2;0;1500;48358;33301;16768;400;0;3673;3670;3671;3678;3667;3672;3675;3670;3674;0;0;0;46
$1;1;4063000;2;0;1439;48387;33282;16771;400;0;3673;3670;3670;3677;3666;3671;3674;3670;3673;0;0;0;46
$1;1;4064000;2;0;1451;48383;33286;16775;400;0;3673;3670;3670;3677;3666;3671;3674;3670;3673;0;0;0;35
$1;1;4065000;2;0;1459;48378;33288;16779;400;0;3673;3670;3670;3677;3666;3671;3674;3670;3673;0;0;0;44
$1;1;4066000;2;0;1458;48379;33289;16783;400;0;3673;3670;3670;3677;3666;3671;3674;3670;3673;0;0;0;43
$1;1;4067000;2;0;1444;48387;33284;16787;400;0;3673;3669;3670;3677;3666;3671;3674;3670;3673;0;0;0;39
$1;1;4068000;2;0;1444;48387;33284;16791;400;0;3673;3670;3670;3677;3666;3671;3674;3670;3673;0;0;0;39
$1;1;4069000;2;0;1452;48382;33287;16795;399;0;3673;3670;3670;3677;3666;3671;3674;3670;3673;0;0;0;36
$1;1;4070000;2;0;1486;48366;33299;16799;399;0;3673;3670;3670;3677;3667;3671;3675;3670;3674;0;0;0;43
$1;1;4071000;2;0;1417;48402;33278;16803;399;0;3673;3670;3670;3677;3666;3671;3674;3670;3673;0;0;0;35
$1;1;4072000;2;0;1488;48364;33299;16807;400;0;3673;3670;3671;3677;3667;3672;3675;3671;3673;0;0;0;46
$1;1;4073000;2;0;1483;48364;33298;16811;400;0;3673;3670;3671;3678;3667;3672;3675;3670;3673;0;0;0;44
$1;1;4074000;2;0;1454;48379;33289;16815;400;0;3673;3670;3670;3677;3666;3671;3674;3670;3673;0;0;0;36
$1;1;4075000;2;0;1436;48389;33284;16819;400;0;3673;3670;3670;3677;3666;3671;3674;3670;3673;0;0;0;47
$1;1;4076000;2;0;1425;48395;33280;16823;400;0;3673;3670;3670;3677;3666;3671;3674;3670;3673;0;0;0;46
$1;1;4077000;2;0;1408;48403;33275;16827;399;0;3672;3669;3670;3676;3666;3670;3674;3670;3672;0;0;0;41
$1;1;4078000;2;0;1484;48366;33300;16831;400;0;3673;3670;3671;3678;3667;3672;3675;3671;3674;0;0;0;38
$1;1;4079000;2;0;1429;48395;33283;16835;400;0;3673;3670;3670;3677;3666;3671;3674;3670;3673;0;0;0;41
$1;1;4080000;2;0;1482;48365;33298;16839;399;0;3673;3670;3670;3679;3667;3672;3675;3670;3673;0;0;0;45
$1;1;4081000;2;0;1446;48386;33289;16844;399;0;3673;3670;3670;3677;3667;3671;3675;3670;3673;0;0;0;46
$1;1;4082000;2;0;1470;48373;33297;16848;399;0;3674;3670;3671;3678;3667;3672;3675;3671;3674;0;0;0;45
$1;1;4083000;2;0;1498;48356;33307;16852;399;0;3674;3671;3671;3678;3667;3672;3675;3671;3674;0;0;0;47
$1;1;4084000;2;0;1461;48373;33295;16856;399;0;3674;3670;3671;3677;3667;3672;3675;3671;3674;0;0;0;41
$1;1;4085000;2;0;1496;48356;33307;16860;399;0;3674;3671;3671;3678;3667;3672;3676;3671;3674;0;0;0;37
$1;1;4086000;2;0;1501;48353;33308;16864;399;0;3674;3671;3672;3678;3668;3673;3676;3671;3674;0;0;0;42
$1;1;4087000;2;0;1470;48369;33299;16869;399;0;3674;3671;3671;3677;3667;3672;3675;3671;3674;0;0;0;32
$1;1;4088000;2;0;1497;48356;33308;16873;398;0;3674;3671;3671;3678;3667;3673;3676;3672;3674;0;0;0;39
$1;1;4089000;2;0;1458;48378;33296;16877;398;0;3674;3670;3671;3678;3667;3672;3675;3671;3674;0;0;0;43
$1;1;4090000;2;0;1494;48355;33308;16881;399;0;3674;3671;3671;3678;3668;3672;3676;3671;3674;0;0;0;47
$1;1;4091000;2;0;1499;48351;33308;16885;399;0;3674;3671;3671;3678;3668;3673;3676;3672;3674;0;0;0;33
$1;128;4091000;313;131;16;14;13;16;12;14;16;14;16;0;0;0;31
$1;1;4092000;2;0;1491;48356;33308;16889;399;0;3674;3671;3671;3678;3668;3672;3676;3671;3674;0;0;0;35
$1;1;4093000;2;0;1497;48353;33310;16893;399;0;3674;3671;3671;3678;3668;3673;3676;3672;3675;0;0;0;32
$1;1;4094000;2;0;1500;48352;33312;16897;399;0;3675;3671;3672;3678;3668;3673;3676;3672;3675;0;0;0;45
$1;1;4095000;2;0;1500;48352;33312;16901;399;0;3675;3672;3672;3678;3668;3673;3676;3672;3675;0;0;0;33
$1;1;4096000;2;0;1499;48350;33312;16905;399;0;3675;3672;3672;3678;3668;3673;3676;3672;3675;0;0;0;37
$1;1;4097000;2;0;1500;48348;33313;16910;399;0;3675;3672;3672;3678;3668;3673;3676;3672;3675;0;0;0;41
$1;1;4098000;2;0;1500;48348;33313;16914;399;0;3675;3672;3672;3678;3668;3673;3676;3672;3675;0;0;0;34
$1;1;4099000;2;0;1500;48351;33314;16918;399;0;3675;3672;3672;3678;3668;3673;3676;3672;3675;0;0;0;32
$1;1;4100000;2;0;1500;48352;33314;16922;398;0;3675;3672;3672;3678;3668;3673;3676;3672;3675;0;0;0;42
$1;1;4101000;2;0;1500;48354;33314;16926;398;0;3675;3671;3672;3678;3668;3673;3676;3672;3675;0;0;0;42
$1;1;4102000;2;0;1500;48354;33315;16930;398;0;3675;3672;3672;3678;3668;3673;3677;3672;3675;0;0;0;45
$1;1;4103000;2;0;1499;48354;33315;16935;398;0;3675;3672;3672;3678;3668;3673;3676;3672;3675;0;0;0;41
$1;1;4104000;2;0;1499;48355;33316;16939;398;0;3675;3672;3672;3678;3668;3673;3677;3672;3675;0;0;0;33
$1;1;4105000;2;0;1498;48355;33315;16943;398;0;3675;3672;3672;3678;3668;3673;3677;3672;3675;0;0;0;47
$1;1;4106000;2;0;1501;48353;33317;16947;398;0;3675;3672;3672;3679;3668;3673;3677;3672;3675;0;0;0;44
$1;1;4107000;2;0;1498;48355;33316;16951;398;0;3675;3672;3672;3679;3668;3673;3677;3672;3675;0;0;0;44
$1;1;4108000;2;0;1498;48352;33316;16955;398;0;3675;3672;3672;3678;3668;3673;3677;3672;3675;0;0;0;33
$1;1;4109000;2;0;1501;48349;33318;16960;399;0;3675;3672;3672;3678;3669;3673;3677;3672;3675;0;0;0;35
$1;1;4110000;2;0;1499;48349;33318;16964;399;0;3675;3672;3672;3679;3668;3673;3677;3672;3675;0;0;0;47
$1;1;4111000;2;0;1500;48349;33318;16968;399;0;3675;3672;3672;3679;3669;3673;3677;3672;3675;0;0;0;34
$1;1;4112000;2;0;1501;48349;33319;16972;398;0;3675;3672;3672;3679;3668;3674;3677;3672;3675;0;0;0;45
$1;1;4113000;2;0;1501;48350;33319;16976;399;0;3675;3672;3672;3679;3669;3673;3677;3672;3675;0;0;0;39
$1;1;4114000;2;0;1499;48349;33319;16980;398;0;3675;3672;3672;3679;3668;3674;3677;3673;3675;0;0;0;39
$1;1;4115000;2;0;1498;48350;33319;16985;398;0;3675;3672;3672;3679;3669;3674;3677;3673;3675;0;0;0;43
$1;1;4116000;2;0;1499;48349;33319;16989;398;0;3675;3672;3672;3679;3669;3673;3677;3673;3675;0;0;0;42
$1;1;4117000;2;0;1501;48347;33320;16993;398;0;3675;3672;3672;3679;3669;3674;3677;3673;3675;0;0;0;35
$1;1;4118000;2;0;1498;48346;33320;16997;398;0;3676;3672;3673;3679;3669;3674;3677;3673;3676;0;0;0;41
$1;1;4119000;2;0;1501;48346;33321;17001;398;0;3676;3672;3673;3679;3669;3674;3677;3673;3676;0;0;0;47
$1;1;4120000;2;0;1500;48348;33321;17006;398;0;3676;3672;3673;3679;3669;3674;3677;3673;3676;0;0;0;45
$1;1;4121000;2;0;1499;48348;33320;17010;398;0;3676;3672;3673;3679;3669;3674;3677;3673;3676;0;0;0;43
$1;1;4122000;2;0;1501;48347;33322;17014;398;0;3676;3673;3673;3679;3669;3674;3677;3673;3676;0;0;0;32
$1;1;4123000;2;0;1499;48348;33321;17018;397;0;3676;3672;3673;3679;3669;3674;3677;3673;3676;0;0;0;47
$1;1;4124000;2;0;1500;48349;33322;17022;397;0;3676;3673;3673;3679;3669;3674;3677;3673;3676;0;0;0;35
$1;1;4125000;2;0;1499;48347;33322;17026;398;0;3676;3672;3673;3679;3669;3674;3677;3673;3676;0;0;0;39
$1;1;4126000;2;0;1500;48347;33323;17031;398;0;3676;3673;3673;3679;3669;3674;3677;3673;3676;0;0;0;35
$1;1;4127000;2;0;1500;48347;33322;17035;398;0;3676;3673;3673;3679;3669;3674;3677;3673;3676;0;0;0;39
$1;1;4128000;2;0;1500;48347;33323;17039;398;0;3676;3673;3673;3679;3669;3674;3677;3673;3676;0;0;0;37
$1;1;4129000;2;0;1500;48347;33323;17043;398;0;3676;3673;3673;3679;3669;3674;3678;3673;3676;0;0;0;38
$1;1;4130000;2;0;1501;48346;33324;17047;398;0;3676;3673;3673;3679;3669;3674;3677;3673;3676;0;0;0;34
$1;1;4131000;2;0;1501;48346;33325;17051;398;0;3676;3673;3673;3679;3669;3674;3678;3673;3676;0;0;0;42
$1;1;4132000;2;0;1501;48347;33325;17056;398;0;3676;3673;3673;3679;3669;3674;3678;3673;3676;0;0;0;47
$1;1;4133000;2;0;1501;48348;33326;17060;398;0;3676;3673;3673;3680;3669;3674;3678;3673;3676;0;0;0;33
$1;1;4134000;2;0;1499;48348;33325;17064;398;0;3676;3673;3673;3680;3669;3674;3678;3673;3676;0;0;0;33
$1;1;4135000;2;0;1498;48349;33325;17068;398;0;3676;3673;3673;3679;3669;3674;3678;3673;3676;0;0;0;42
$1;1;4136000;2;0;1500;48348;33326;17072;398;0;3676;3673;3673;3679;3670;3674;3678;3673;3676;0;0;0;40
$1;1;4137000;2;0;1501;48349;33327;17076;398;0;3676;3673;3673;3679;3670;3674;3678;3673;3676;0;0;0;44
$1;1;4138000;2;0;1501;48349;33327;17080;397;0;3676;3673;3673;3680;3669;3674;3678;3673;3676;0;0;0;43
$1;1;4139000;2;0;1500;48350;33327;17085;397;0;3676;3673;3673;3680;3669;3674;3678;3673;3676;0;0;0;38
$1;1;4140000;2;0;1501;48349;33328;17089;397;0;3676;3673;3673;3680;3669;3674;3678;3674;3676;0;0;0;37
$1;1;4141000;2;0;1501;48347;33328;17093;397;0;3676;3673;3673;3680;3670;3674;3678;3674;3676;0;0;0;41
$1;1;4142000;2;0;1499;48346;33328;17097;397;0;3676;3673;3673;3680;3670;3675;3678;3673;3676;0;0;0;41
$1;1;4143000;2;0;1498;48343;33327;17101;398;0;3676;3673;3673;3680;3669;3675;3678;3674;3676;0;0;0;45
$1;1;4144000;2;0;1500;48342;33329;17105;398;0;3676;3673;3674;3680;3670;3675;3678;3674;3676;0;0;0;46
$1;1;4145000;2;0;1499;48344;33330;17109;398;0;3676;3673;3674;3680;3670;3675;3678;3674;3676;0;0;0;44
$1;1;4146000;2;0;1500;48343;33329;17114;398;0;3676;3673;3674;3680;3670;3675;3678;3674;3676;0;0;0;45
$1;1;4147000;2;0;1499;48344;33330;17118;398;0;3676;3673;3674;3680;3670;3675;3678;3674;3676;0;0;0;46
$1;1;4148000;2;0;1499;48344;33330;17122;398;0;3677;3673;3674;3680;3670;3675;3678;3674;3677;0;0;0;40
$1;1;4149000;2;0;1499;48344;33330;17126;398;0;3676;3673;3674;3680;3670;3675;3678;3674;3676;0;0;0;45
$1;1;4150000;2;0;1498;48344;33330;17131;398;0;3677;3674;3673;3680;3670;3675;3678;3674;3677;0;0;0;34
$1;1;4151000;2;0;1500;48340;33330;17135;398;0;3677;3673;3674;3680;3670;3675;3678;3674;3677;0;0;0;35
$1;128;4151000;315;133;17;14;13;16;12;14;16;14;17;0;0;0;22
$1;1;4152000;2;0;1499;48343;33330;17139;398;0;3677;3673;3674;3680;3670;3675;3678;3674;3677;0;0;0;46
$1;1;4153000;2;0;1472;48358;33321;17143;397;0;3676;3673;3673;3680;3670;3674;3678;3673;3676;0;0;0;35
$1;1;4154000;2;0;1496;48348;33331;17147;397;0;3677;3673;3674;3680;3670;3675;3678;3674;3677;0;0;0;43
$1;1;4155000;2;0;1499;48344;33332;17151;397;0;3677;3673;3674;3680;3670;3675;3678;3674;3677;0;0;0;45
$1;1;4156000;2;0;1498;48345;33332;17156;397;0;3677;3673;3674;3680;3670;3675;3678;3674;3677;0;0;0;41
$1;1;4157000;2;0;1499;48345;33332;17160;397;0;3677;3674;3674;3680;3670;3675;3678;3674;3677;0;0;0;43
$1;1;4158000;2;0;1499;48342;33332;17164;397;0;3677;3674;3674;3680;3670;3675;3678;3674;3677;0;0;0;39
$1;1;4159000;2;0;1499;48342;33332;17168;397;0;3677;3674;3674;3681;3670;3675;3678;3674;3677;0;0;0;43
$1;1;4160000;2;0;1500;48340;33332;17172;397;0;3677;3674;3674;3680;3670;3675;3678;3674;3677;0;0;0;40
$1;1;4161000;2;0;1454;48363;33319;17177;398;0;3676;3673;3674;3680;3670;3674;3678;3674;3677;0;0;0;44
$1;1;4162000;2;0;1494;48344;33332;17181;398;0;3677;3674;3674;3681;3670;3675;3678;3674;3677;0;0;0;32
$1;1;4163000;2;0;1499;48341;33332;17185;398;0;3677;3674;3674;3680;3670;3675;3678;3674;3677;0;0;0;44
$1;1;4164000;2;0;1499;48343;33334;17189;398;0;3677;3674;3674;3681;3670;3675;3678;3674;3677;0;0;0;34
$1;1;4165000;2;0;1499;48342;33334;17193;398;0;3677;3674;3674;3681;3670;3675;3678;3674;3677;0;0;0;41
$1;1;4166000;2;0;1499;48342;33333;17197;398;0;3677;3674;3674;3681;3670;3675;3679;3674;3677;0;0;0;40
$1;1;4167000;2;0;1470;48357;33325;17202;397;0;3677;3674;3674;3680;3670;3675;3678;3674;3676;0;0;0;44
$1;1;4168000;2;0;1461;48363;33322;17206;397;0;3676;3673;3674;3680;3670;3675;3678;3674;3676;0;0;0;33
$1;1;4169000;2;0;1485;48350;33330;17210;397;0;3677;3674;3674;3681;3670;3675;3678;3674;3677;0;0;0;40
$1;1;4170000;2;0;1490;48349;33332;17214;397;0;3677;3674;3674;3681;3670;3675;3678;3674;3677;0;0;0;42
$1;1;4171000;2;0;1457;48364;33321;17217;397;0;3677;3673;3674;3680;3670;3675;3678;3674;3677;0;0;0;40
$1;1;4172000;2;0;1492;48348;33333;17221;397;0;3677;3674;3674;3681;3670;3675;3678;3674;3677;0;0;0;44
$1;1;4173000;2;0;1446;48369;33319;17225;397;0;3677;3673;3674;3680;3670;3675;3678;3674;3677;0;0;0;45
$1;1;4174000;2;0;1492;48347;33333;17229;397;0;3677;3674;3674;3681;3670;3675;3679;3674;3677;0;0;0;44
$1;1;4175000;2;0;1499;48343;33336;17234;397;0;3677;3674;3674;3681;3671;3675;3679;3674;3677;0;0;0;42
$1;1;4176000;2;0;1501;48343;33337;17238;397;0;3677;3674;3674;3681;3671;3675;3679;3675;3678;0;0;0;42
$1;1;4177000;2;0;1500;48342;33337;17242;397;0;3677;3674;3675;3681;3671;3675;3679;3675;3678;0;0;0;39
$1;1;4178000;2;0;1501;48338;33338;17246;397;0;3677;3674;3675;3681;3671;3676;3679;3675;3678;0;0;0;44
$1;1;4179000;2;0;1498;48339;33337;17250;398;0;3677;3674;3674;3681;3671;3676;3679;3675;3678;0;0;0;43
$1;1;4180000;2;0;1498;48340;33338;17254;398;0;3678;3674;3675;3681;3671;3676;3679;3675;3677;0;0;0;41
$1;1;4181000;2;0;1476;48350;33332;17258;398;0;3677;3674;3674;3681;3671;3675;3679;3674;3677;0;0;0;35
$1;1;4182000;2;0;1450;48366;33322;17263;398;0;3677;3673;3674;3681;3670;3675;3678;3674;3677;0;0;0;47
$1;1;4183000;2;0;1496;48342;33337;17267;397;0;3677;3674;3675;3681;3671;3676;3679;3675;3678;0;0;0;38
$1;1;4184000;2;0;1455;48363;33324;17271;397;0;3677;3674;3674;3681;3670;3675;3678;3674;3677;0;0;0;36
$1;1;4185000;2;0;1490;48347;33336;17275;397;0;3677;3674;3674;3681;3671;3676;3679;3675;3677;0;0;0;47
$1;1;4186000;2;0;1483;48349;33333;17279;398;0;3677;3674;3674;3681;3671;3675;3679;3674;3678;0;0;0;43
$1;1;4187000;2;0;1484;48348;33333;17284;398;0;3677;3674;3674;3681;3671;3675;3679;3674;3677;0;0;0;33
$1;1;4188000;2;0;1449;48366;33323;17288;397;0;3677;3674;3675;3681;3671;3675;3678;3674;3677;0;0;0;33
$1;1;4189000;2;0;1494;48343;33337;17292;397;0;3678;3674;3675;3681;3671;3676;3679;3675;3678;0;0;0;42
$1;1;4190000;2;0;1497;48340;33340;17296;397;0;3678;3675;3675;3682;3671;3676;3679;3675;3678;0;0;0;36
$1;1;4191000;2;0;1489;48347;33337;17299;397;0;3678;3674;3675;3681;3671;3676;3679;3675;3678;0;0;0;32
$1;1;4192000;2;0;1477;48353;33333;17304;397;0;3677;3674;3675;3681;3671;3676;3679;3675;3678;0;0;0;41
$1;1;4193000;2;0;1497;48343;33340;17308;397;0;3678;3675;3675;3682;3671;3676;3679;3675;3678;0;0;0;34
$1;1;4194000;2;0;1498;48341;33342;17312;396;0;3678;3675;3675;3682;3671;3676;3679;3675;3678;0;0;0;32
$1;1;4195000;2;0;1418;48383;33317;17316;396;0;3677;3674;3674;3681;3670;3675;3678;3674;3677;0;0;0;34
$1;1;4196000;2;0;1491;48345;33338;17320;397;0;3678;3674;3675;3682;3671;3676;3679;3675;3678;0;0;0;35
$1;1;4197000;2;0;1452;48365;33327;17325;397;0;3677;3674;3675;3681;3671;3676;3679;3674;3677;0;0;0;38
$1;1;4198000;2;0;1469;48355;33332;17329;397;0;3677;3674;3674;3682;3671;3676;3679;3675;3677;0;0;0;41
$1;1;4199000;2;0;1488;48346;33338;17332;398;0;3678;3675;3675;3682;3671;3676;3679;3675;3678;0;0;0;42
$1;1;4200000;2;0;1481;48349;33337;17336;398;0;3678;3674;3675;3682;3671;3676;3679;3675;3678;0;0;0;37
$1;1;4201000;2;0;1501;48339;33343;17340;398;0;3678;3675;3675;3682;3672;3676;3680;3675;3678;0;0;0;44
$1;1;4202000;2;0;1484;48348;33338;17344;397;0;3678;3675;3675;3682;3671;3676;3679;3675;3678;0;0;0;39
$1;1;4203000;2;0;1436;48371;33322;17348;397;0;3677;3674;3674;3681;3671;3675;3679;3674;3677;0;0;0;35
$1;1;4204000;2;0;1470;48356;33334;17353;397;0;3678;3674;3675;3682;3671;3676;3679;3675;3678;0;0;0;46
$1;1;4205000;2;0;1496;48342;33343;17357;397;0;3678;3675;3675;3682;3672;3676;3680;3675;3678;0;0;0;34
$1;1;4206000;2;0;1503;48337;33344;17361;397;0;3678;3675;3675;3682;3672;3676;3680;3675;3678;0;0;0;44
$1;1;4207000;2;0;1447;48367;33328;17365;396;0;3678;3674;3675;3682;3671;3676;3679;3675;3678;0;0;0;34
$1;1;4208000;2;0;1425;48380;33321;17369;396;0;3677;3674;3674;3682;3671;3675;3679;3674;3677;0;0;0;38
$1;1;4209000;2;0;1459;48363;33332;17373;396;0;3678;3675;3675;3682;3671;3676;3679;3675;3678;0;0;0;42
$1;1;4210000;2;0;1440;48375;33326;17377;396;0;3677;3674;3675;3681;3671;3676;3679;3675;3678;0;0;0;33
$1;1;4211000;2;0;1494;48347;33344;17381;396;0;3678;3675;3675;3682;3672;3676;3680;3675;3679;0;0;0;44
$1;128;4211000;316;132;16;14;14;16;12;14;16;14;16;0;0;0;20
$1;1;4212000;2;0;1502;48342;33346;17386;396;0;3679;3675;3676;3682;3672;3676;3680;3676;3679;0;0;0;32
$1;1;4213000;2;0;1501;48344;33346;17390;396;0;3679;3675;3676;3682;3672;3677;3680;3676;3679;0;0;0;34
$1;1;4214000;2;0;1498;48344;33345;17394;397;0;3678;3675;3676;3682;3672;3676;3680;3676;3679;0;0;0;34
$1;1;4215000;2;0;1428;48379;33323;17398;397;0;3677;3674;3675;3681;3671;3676;3679;3675;3677;0;0;0;44
$1;1;4216000;2;0;1421;48385;33321;17402;397;0;3677;3674;3675;3681;3671;3675;3678;3675;3677;0;0;0;33
$1;1;4217000;2;0;1490;48348;33344;17406;397;0;3678;3675;3675;3682;3672;3676;3680;3675;3678;0;0;0;41
$1;1;4218000;2;0;1489;48348;33344;17409;396;0;3678;3675;3675;3682;3672;3676;3680;3676;3678;0;0;0;35
$1;1;4219000;2;0;1489;48348;33344;17414;396;0;3678;3675;3676;3682;3672;3677;3680;3676;3679;0;0;0;45
$1;1;4220000;2;0;1498;48342;33346;17418;396;0;3679;3675;3676;3683;3672;3677;3680;3676;3679;0;0;0;35
$1;1;4221000;2;0;1499;48342;33348;17422;396;0;3679;3675;3676;3683;3672;3677;3680;3676;3679;0;0;0;36
$1;1;4222000;2;0;1451;48367;33333;17426;396;0;3678;3675;3675;3682;3671;3676;3680;3675;3678;0;0;0;47
$1;1;4223000;2;0;1494;48344;33347;17430;396;0;3679;3675;3676;3683;3672;3677;3680;3676;3679;0;0;0;33
$1;1;4224000;2;0;1476;48355;33341;17435;396;0;3678;3675;3675;3682;3672;3677;3680;3676;3678;0;0;0;43
$1;1;4225000;2;0;1502;48338;33349;17439;396;0;3679;3675;3676;3683;3672;3677;3680;3676;3679;0;0;0;37
$1;1;4226000;2;0;1479;48355;33343;17443;396;0;3679;3675;3676;3682;3672;3677;3680;3676;3679;0;0;0;38
$1;1;4227000;2;0;1497;48343;33349;17447;396;0;3679;3676;3676;3683;3672;3677;3680;3676;3679;0;0;0;44
$1;1;4228000;2;0;1489;48350;33347;17450;396;0;3679;3676;3676;3683;3672;3677;3680;3676;3679;0;0;0;38
$1;1;4229000;2;0;1452;48370;33335;17455;396;0;3678;3675;3675;3682;3672;3677;3680;3676;3678;0;0;0;34
$1;1;4230000;2;0;1485;48354;33345;17459;396;0;3679;3676;3676;3683;3672;3677;3680;3676;3679;0;0;0;44
$1;1;4231000;2;0;1449;48373;33335;17463;396;0;3678;3675;3676;3682;3672;3677;3680;3676;3678;0;0;0;36
$1;1;4232000;2;0;1478;48358;33344;17467;397;0;3679;3676;3676;3682;3672;3677;3680;3676;3678;0;0;0;45
$1;1;4233000;2;0;1480;48358;33345;17471;398;0;3679;3676;3676;3683;3672;3677;3680;3676;3679;0;0;0;34
$1;1;4234000;2;0;1444;48375;33334;17475;398;0;3678;3675;3675;3682;3672;3677;3680;3675;3678;0;0;0;34
$1;1;4235000;2;0;1464;48367;33340;17479;398;0;3678;3675;3676;3682;3672;3677;3680;3676;3679;0;0;0;44
$1;1;4236000;2;0;1496;48351;33351;17483;398;0;3679;3676;3676;3683;3672;3677;3681;3676;3679;0;0;0;32
$1;1;4237000;2;0;1473;48364;33344;17487;398;0;3679;3676;3676;3683;3672;3677;3680;3676;3679;0;0;0;45
$1;1;4238000;2;0;1482;48359;33347;17491;399;0;3679;3676;3676;3683;3672;3677;3681;3676;3679;0;0;0;38
$1;1;4239000;2;0;1487;48354;33349;17496;399;0;3679;3676;3677;3683;3672;3677;3681;3676;3679;0;0;0;39
$1;1;4240000;2;0;1489;48352;33351;17499;399;0;3679;3676;3676;3683;3672;3677;3681;3676;3679;0;0;0;38
$1;1;4241000;2;0;1448;48374;33337;17503;400;0;3678;3676;3676;3683;3672;3677;3680;3676;3678;0;0;0;42
$1;1;4242000;2;0;1451;48373;33339;17506;400;0;3678;3675;3676;3683;3672;3677;3680;3676;3678;0;0;0;46
$1;1;4243000;2;0;1493;48352;33353;17511;400;0;3679;3676;3676;3684;3672;3678;3681;3676;3679;0;0;0;34
$1;1;4244000;2;0;1486;48355;33351;17515;401;0;3679;3676;3676;3683;3672;3677;3681;3676;3679;0;0;0;41
$1;1;4245000;2;0;1457;48370;33342;17519;401;0;3679;3676;3676;3683;3672;3677;3681;3676;3679;0;0;0;45
$1;1;4246000;2;0;1448;48376;33339;17523;401;0;3679;3675;3676;3683;3672;3677;3680;3676;3679;0;0;0;33
$1;1;4247000;2;0;1430;48387;33333;17528;402;0;3678;3676;3676;3683;3672;3677;3680;3676;3678;0;0;0;32
$1;1;4248000;2;0;1495;48355;33355;17532;402;0;3679;3676;3676;3683;3673;3678;3681;3676;3679;0;0;0;43
$1;1;4249000;2;0;1481;48356;33351;17536;404;0;3679;3676;3676;3683;3672;3678;3681;3676;3679;0;0;0;43
$1;1;4250000;2;0;1404;48396;33326;17540;404;0;3678;3675;3675;3682;3672;3676;3680;3675;3678;0;0;0;46
$1;1;4251000;2;0;1490;48350;33355;17544;405;0;3679;3676;3676;3684;3672;3678;3681;3677;3679;0;0;0;34
$1;1;4252000;2;0;1499;48343;33357;17548;405;0;3680;3676;3677;3684;3673;3678;3682;3677;3680;0;0;0;39
$1;1;4253000;2;0;1429;48380;33335;17552;405;0;3679;3676;3676;3683;3672;3677;3681;3676;3679;0;0;0;39
$1;1;4254000;2;0;1424;48384;33333;17556;405;0;3679;3676;3676;3683;3672;3677;3680;3676;3679;0;0;0;42
$1;1;4255000;2;0;1477;48356;33350;17561;406;0;3679;3676;3676;3684;3672;3677;3681;3676;3679;0;0;0;38
$1;1;4256000;2;0;1497;48345;33357;17565;406;0;3680;3676;3677;3684;3673;3678;3681;3677;3680;0;0;0;36
$1;1;4257000;2;0;1450;48371;33343;17569;406;0;3679;3676;3676;3683;3673;3677;3681;3676;3679;0;0;0;40
$1;1;4258000;2;0;1478;48359;33352;17573;406;0;3679;3676;3677;3684;3672;3678;3681;3677;3679;0;0;0;37
$1;1;4259000;2;0;1471;48364;33350;17577;406;0;3679;3677;3677;3683;3673;3678;3681;3677;3679;0;0;0;34
$1;1;4260000;2;0;1469;48366;33349;17581;406;0;3679;3676;3677;3683;3673;3678;3681;3677;3679;0;0;0;35
$1;1;4261000;2;0;1497;48350;33359;17585;406;0;3680;3676;3677;3684;3673;3678;3682;3677;3680;0;0;0;39
$1;1;4262000;2;0;1480;48359;33355;17590;406;0;3680;3676;3677;3684;3673;3678;3682;3677;3680;0;0;0;35
$1;1;4263000;2;0;1501;48345;33361;17594;406;0;3680;3677;3677;3684;3673;3678;3682;3677;3681;0;0;0;36
$1;1;4264000;2;0;1448;48371;33344;17598;406;0;3679;3676;3677;3684;3673;3678;3681;3677;3679;0;0;0;32
$1;1;4265000;2;0;1451;48373;33346;17602;406;0;3679;3676;3677;3683;3673;3678;3681;3677;3679;0;0;0;46
$1;1;4266000;2;0;1498;48344;33361;17606;407;0;3680;3677;3677;3685;3673;3678;3682;3677;3680;0;0;0;40
$1;1;4267000;2;0;1477;48356;33355;17611;408;0;3680;3677;3677;3684;3673;3678;3681;3677;3680;0;0;0;39
$1;1;4268000;2;0;1497;48344;33360;17615;408;0;3680;3677;3677;3684;3673;3678;3682;3677;3680;0;0;0;36
$1;1;4269000;2;0;1501;48342;33362;17619;408;0;3680;3677;3677;3685;3673;3678;3682;3677;3680;0;0;0;34
$1;1;4270000;2;0;1499;48344;33363;17623;408;0;3680;3677;3678;3685;3674;3678;3682;3677;3680;0;0;0;44
$1;1;4271000;2;0;1479;48356;33356;17627;408;0;3680;3677;3677;3685;3673;3678;3682;3677;3680;0;0;0;42
$1;128;4271000;317;132;16;14;13;16;12;14;16;15;16;0;0;0;21
$1;1;4272000;2;0;1497;48347;33362;17631;408;0;3680;3677;3677;3685;3673;3679;3682;3677;3680;0;0;0;40
$1;1;4273000;2;0;1499;48345;33362;17635;408;0;3680;3677;3677;3685;3673;3678;3682;3678;3680;0;0;0;47
$1;1;4274000;2;0;1500;48344;33364;17639;408;0;3680;3677;3677;3685;3674;3679;3682;3678;3681;0;0;0;37
$1;1;4275000;2;0;1445;48371;33346;17644;407;0;3680;3677;3677;3684;3673;3678;3681;3677;3680;0;0;0;45
$1;1;4276000;2;0;1483;48353;33359;17648;408;0;3680;3677;3677;3685;3673;3678;3682;3677;3680;0;0;0;43
$1;1;4277000;2;0;1499;48344;33365;17652;407;0;3681;3677;3678;3685;3674;3679;3682;3678;3681;0;0;0;42
$1;1;4278000;2;0;1500;48344;33365;17656;407;0;3681;3677;3678;3685;3674;3679;3682;3678;3681;0;0;0;32
$1;1;4279000;2;0;1481;48356;33359;17660;407;0;3680;3677;3678;3685;3673;3678;3682;3677;3680;0;0;0;41
$1;1;4280000;2;0;1475;48357;33357;17664;407;0;3680;3677;3677;3685;3674;3678;3682;3677;3680;0;0;0;39
$1;1;4281000;2;0;1497;48346;33364;17669;407;0;3681;3677;3678;3685;3674;3679;3682;3678;3681;0;0;0;38
$1;1;4282000;2;0;1478;48354;33358;17673;408;0;3680;3677;3677;3685;3674;3678;3682;3677;3680;0;0;0;45
$1;1;4283000;2;0;1463;48362;33355;17677;408;0;3680;3677;3678;3685;3674;3678;3682;3677;3680;0;0;0;37
$1;1;4284000;2;0;1496;48344;33365;17681;408;0;3681;3678;3678;3685;3674;3679;3682;3678;3681;0;0;0;39
$1;1;4285000;2;0;1455;48365;33352;17685;408;0;3680;3677;3677;3685;3673;3678;3682;3677;3680;0;0;0;35
$1;1;4286000;2;0;1493;48348;33365;17689;408;0;3681;3677;3678;3685;3674;3679;3682;3678;3681;0;0;0;43
$1;1;4287000;2;0;1497;48345;33367;17693;408;0;3681;3678;3678;3685;3674;3679;3683;3678;3681;0;0;0;36
$1;1;4288000;2;0;1500;48344;33368;17698;408;0;3681;3678;3678;3685;3674;3679;3683;3678;3681;0;0;0;33
$1;1;4289000;2;0;1501;48345;33369;17702;408;0;3681;3678;3678;3685;3674;3679;3683;3678;3681;0;0;0;35
$1;1;4290000;2;0;1491;48351;33365;17705;408;0;3681;3677;3678;3685;3674;3679;3682;3678;3681;0;0;0;35
$1;1;4291000;2;0;1438;48379;33348;17709;407;0;3680;3677;3677;3685;3674;3678;3682;3677;3680;0;0;0;38
$1;1;4292000;2;0;1493;48353;33366;17713;407;0;3681;3678;3678;3685;3674;3679;3683;3678;3681;0;0;0;36
$1;1;4293000;2;0;1466;48367;33358;17717;407;0;3681;3677;3678;3685;3674;3679;3682;3678;3681;0;0;0;47
$1;1;4294000;2;0;1470;48366;33360;17721;407;0;3681;3678;3678;3685;3674;3679;3682;3678;3681;0;0;0;47
$1;1;4295000;2;0;1496;48353;33369;17725;407;0;3681;3678;3678;3686;3674;3679;3683;3678;3681;0;0;0;47
$1;1;4296000;2;0;1502;48350;33371;17729;407;0;3681;3678;3678;3686;3674;3679;3683;3678;3681;0;0;0;38
$1;1;4297000;2;0;1500;48351;33370;17734;406;0;3681;3678;3678;3686;3675;3679;3683;3678;3682;0;0;0;42
$1;1;4298000;2;0;1433;48384;33349;17738;406;0;3680;3677;3677;3685;3674;3678;3682;3677;3680;0;0;0;36
$1;1;4299000;2;0;1418;48392;33345;17742;407;0;3680;3677;3677;3684;3673;3678;3681;3677;3680;0;0;0;46
$1;1;4300000;2;0;1482;48360;33366;17746;407;0;3681;3678;3678;3686;3674;3679;3682;3678;3681;0;0;0;44
$1;1;4301000;2;0;1499;48350;33371;17750;407;0;3681;3678;3678;3686;3674;3679;3683;3678;3682;0;0;0;39
$1;1;4302000;2;0;1485;48358;33367;17754;407;0;3681;3678;3678;3686;3674;3679;3683;3678;3681;0;0;0;33
$1;1;4303000;2;0;1485;48358;33368;17759;407;0;3681;3678;3678;3686;3675;3679;3683;3678;3681;0;0;0;35
$1;1;4304000;2;0;1424;48390;33348;17763;406;0;3680;3677;3678;3685;3674;3678;3682;3677;3680;0;0;0;35
$1;1;4305000;2;0;1485;48360;33368;17767;406;0;3681;3678;3678;3685;3674;3679;3683;3678;3681;0;0;0;32
$1;1;4306000;2;0;1435;48385;33352;17771;406;0;3680;3677;3678;3685;3674;3679;3682;3678;3680;0;0;0;35
$1;1;4307000;2;0;1469;48364;33364;17775;406;0;3681;3678;3678;3685;3674;3679;3683;3678;3681;0;0;0;43
$1;1;4308000;2;0;1483;48356;33369;17779;406;0;3681;3678;3678;3685;3674;3679;3683;3678;3681;0;0;0;32
$1;1;4309000;2;0;1487;48356;33370;17783;406;0;3681;3678;3679;3685;3675;3679;3683;3678;3682;0;0;0;43
$1;1;4310000;2;0;1499;48351;33374;17787;405;0;3682;3678;3679;3686;3675;3680;3683;3679;3682;0;0;0;47
$1;1;4311000;2;0;1498;48354;33374;17791;405;0;3682;3678;3679;3686;3675;3680;3683;3679;3682;0;0;0;45
$1;1;4312000;2;0;1489;48357;33370;17796;405;0;3681;3678;3679;3686;3675;3680;3683;3679;3682;0;0;0;45
$1;1;4313000;2;0;1502;48348;33377;17800;405;0;3682;3678;3679;3686;3675;3680;3683;3679;3682;0;0;0;36
$1;1;4314000;2;0;1455;48371;33362;17804;405;0;3681;3678;3678;3685;3674;3679;3683;3678;3681;0;0;0;46
$1;1;4315000;2;0;1465;48364;33365;17807;405;0;3681;3678;3678;3685;3674;3679;3683;3678;3681;0;0;0;44
$1;1;4316000;2;0;1473;48362;33368;17811;406;0;3681;3678;3678;3686;3675;3679;3683;3678;3681;0;0;0;37
$1;1;4317000;2;0;1498;48348;33375;17815;406;0;3682;3678;3679;3686;3675;3680;3683;3679;3682;0;0;0;39
$1;1;4318000;2;0;1501;48348;33377;17819;405;0;3682;3678;3679;3686;3675;3680;3683;3679;3682;0;0;0;36
$1;1;4319000;2;0;1452;48373;33363;17824;405;0;3681;3678;3678;3686;3675;3679;3683;3679;3681;0;0;0;38
$1;1;4320000;2;0;1407;48398;33347;17828;405;0;3680;3677;3678;3685;3674;3679;3682;3678;3680;0;0;0;46
$1;1;4321000;2;0;1436;48384;33357;17832;405;0;3681;3678;3678;3686;3674;3679;3682;3678;3681;0;0;0;38
$1;1;4322000;2;0;1415;48396;33351;17836;404;0;3681;3678;3678;3685;3674;3679;3682;3678;3681;0;0;0;39
$1;1;4323000;2;0;1494;48355;33377;17840;405;0;3682;3678;3679;3686;3675;3680;3683;3679;3682;0;0;0;33
$1;1;4324000;2;0;1500;48352;33379;17844;405;0;3682;3679;3679;3687;3675;3680;3684;3679;3682;0;0;0;32
$1;1;4325000;2;0;1501;48350;33379;17848;404;0;3682;3679;3679;3687;3675;3680;3684;3679;3682;0;0;0;47
$1;1;4326000;2;0;1449;48379;33363;17852;404;0;3682;3678;3679;3686;3675;3680;3683;3679;3682;0;0;0;45
$1;1;4327000;2;0;1495;48356;33379;17857;404;0;3682;3679;3679;3686;3675;3680;3684;3679;3682;0;0;0;40
$1;1;4328000;2;0;1428;48390;33357;17861;403;0;3681;3678;3679;3686;3675;3679;3683;3678;3681;0;0;0;36
$1;1;4329000;2;0;1462;48373;33369;17865;403;0;3682;3678;3679;3686;3675;3679;3683;3679;3682;0;0;0;46
$1;1;4330000;2;0;1495;48356;33380;17869;403;0;3682;3679;3679;3686;3675;3680;3684;3679;3682;0;0;0;34
$1;1;4331000;2;0;1499;48351;33381;17873;404;0;3682;3679;3679;3686;3676;3680;3684;3679;3683;0;0;0;39
$1;128;4331000;313;132;16;14;14;16;12;14;16;14;16;0;0;0;18
$1;1;4332000;2;0;1457;48371;33367;17877;404;0;3681;3678;3679;3686;3675;3680;3683;3679;3681;0;0;0;44
$1;1;4333000;2;0;1460;48370;33369;17881;404;0;3682;3678;3679;3686;3675;3680;3683;3679;3682;0;0;0;47
$1;1;4334000;2;0;1472;48364;33372;17886;404;0;3682;3679;3679;3686;3675;3680;3684;3679;3682;0;0;0;37
$1;1;4335000;2;0;1497;48350;33381;17890;404;0;3682;3679;3680;3687;3676;3680;3684;3679;3683;0;0;0;38
$1;1;4336000;2;0;1457;48369;33369;17894;404;0;3682;3678;3679;3686;3675;3680;3683;3679;3682;0;0;0;34
$1;1;4337000;2;0;1498;48349;33381;17898;403;0;3682;3679;3679;3687;3675;3680;3684;3679;3682;0;0;0;40
$1;1;4338000;2;0;1479;48361;33376;17903;403;0;3682;3679;3679;3687;3676;3680;3684;3679;3682;0;0;0;42
$1;1;4339000;2;0;1498;48347;33383;17907;403;0;3683;3679;3679;3686;3676;3681;3684;3680;3683;0;0;0;40
$1;1;4340000;2;0;1503;48343;33384;17911;403;0;3683;3679;3680;3687;3676;3680;3684;3680;3683;0;0;0;39
$1;1;4341000;2;0;1503;48343;33384;17915;403;0;3683;3679;3680;3687;3676;3681;3684;3680;3683;0;0;0;35
$1;1;4342000;2;0;1453;48370;33370;17919;402;0;3682;3679;3679;3686;3675;3680;3684;3679;3682;0;0;0;33
$1;1;4343000;2;0;1434;48379;33364;17923;402;0;3682;3679;3679;3686;3675;3680;3683;3679;3682;0;0;0;35
$1;1;4344000;2;0;1423;48385;33359;17927;402;0;3681;3678;3679;3686;3675;3679;3683;3678;3681;0;0;0;45
$1;1;4345000;2;0;1435;48381;33364;17931;402;0;3682;3678;3679;3686;3675;3680;3683;3679;3682;0;0;0;33
$1;1;4346000;2;0;1427;48385;33362;17935;402;0;3682;3679;3679;3686;3675;3680;3683;3679;3681;0;0;0;37
$1;1;4347000;2;0;1479;48357;33379;17940;401;0;3682;3679;3679;3687;3676;3680;3684;3679;3682;0;0;0;45
$1;1;4348000;2;0;1474;48358;33377;17944;402;0;3682;3679;3679;3686;3675;3680;3684;3679;3682;0;0;0;43
$1;1;4349000;2;0;1445;48371;33369;17948;402;0;3682;3679;3679;3686;3675;3680;3683;3679;3682;0;0;0;39
$1;1;4350000;2;0;1492;48347;33384;17952;403;0;3683;3680;3680;3687;3676;3681;3684;3680;3683;0;0;0;43
$1;1;4351000;2;0;1454;48368;33372;17956;402;0;3682;3679;3679;3686;3676;3680;3684;3679;3682;0;0;0;39
$1;1;4352000;2;0;1483;48354;33381;17960;402;0;3683;3679;3680;3687;3676;3680;3684;3680;3683;0;0;0;41
$1;1;4353000;2;0;1430;48379;33365;17965;402;0;3682;3679;3679;3686;3675;3680;3683;3679;3682;0;0;0;37
$1;1;4354000;2;0;1489;48348;33385;17968;402;0;3683;3680;3680;3686;3676;3681;3684;3680;3683;0;0;0;34
$1;1;4355000;2;0;1497;48342;33388;17973;402;0;3683;3680;3680;3687;3676;3681;3685;3680;3683;0;0;0;33
$1;1;4356000;2;0;1479;48353;33382;17977;402;0;3683;3680;3680;3686;3676;3681;3685;3680;3683;0;0;0;45
$1;1;4357000;2;0;1498;48342;33389;17981;402;0;3683;3680;3680;3687;3676;3681;3685;3680;3683;0;0;0;32
$1;1;4358000;2;0;1460;48363;33377;17985;402;0;3683;3679;3680;3686;3676;3681;3684;3680;3683;0;0;0;40
$1;1;4359000;2;0;1461;48362;33378;17989;401;0;3683;3680;3680;3686;3676;3681;3684;3680;3683;0;0;0;47
$1;1;4360000;2;0;1495;48345;33389;17993;401;0;3683;3680;3680;3687;3676;3681;3685;3680;3683;0;0;0;46
$1;1;4361000;2;0;1485;48352;33386;17998;401;0;3683;3680;3680;3687;3676;3681;3685;3680;3683;0;0;0;44
$1;1;4362000;2;0;1498;48344;33392;18002;401;0;3683;3680;3680;3687;3676;3681;3685;3681;3683;0;0;0;37
$1;1;4363000;2;0;1499;48342;33392;18006;401;0;3683;3680;3680;3687;3677;3682;3685;3681;3684;0;0;0;34
$1;1;4364000;2;0;1500;48343;33393;18010;401;0;3683;3680;3680;3687;3677;3681;3685;3680;3684;0;0;0;33
$1;1;4365000;2;0;1499;48341;33393;18014;401;0;3683;3680;3680;3687;3677;3682;3685;3680;3683;0;0;0;35
$1;1;4366000;2;0;1499;48341;33393;18018;401;0;3684;3680;3681;3687;3677;3682;3685;3681;3684;0;0;0;44
$1;1;4367000;2;0;1499;48342;33393;18023;401;0;3684;3681;3681;3687;3677;3682;3685;3681;3684;0;0;0;39
$1;1;4368000;2;0;1499;48342;33393;18027;401;0;3684;3680;3681;3687;3677;3682;3685;3681;3684;0;0;0;45
$1;1;4369000;2;0;1499;48343;33393;18031;401;0;3684;3680;3681;3687;3677;3682;3685;3681;3684;0;0;0;42
$1;1;4370000;2;0;1499;48344;33394;18035;401;0;3684;3680;3681;3687;3677;3682;3685;3681;3684;0;0;0;38
$1;1;4371000;2;0;1501;48343;33396;18039;401;0;3684;3680;3681;3687;3677;3682;3685;3681;3684;0;0;0;46
$1;1;4372000;2;0;1499;48344;33394;18043;401;0;3684;3680;3681;3687;3677;3682;3686;3681;3684;0;0;0;38
$1;1;4373000;2;0;1501;48343;33396;18048;401;0;3684;3680;3681;3687;3677;3682;3686;3681;3684;0;0;0;41
$1;1;4374000;2;0;1499;48343;33395;18052;401;0;3684;3680;3681;3687;3677;3682;3686;3681;3684;0;0;0;38
$1;1;4375000;2;0;1500;48343;33397;18056;400;0;3684;3680;3681;3687;3677;3682;3686;3681;3684;0;0;0;33
$1;1;4376000;2;0;1499;48345;33396;18060;400;0;3684;3681;3681;3688;3677;3682;3686;3681;3684;0;0;0;47
$1;1;4377000;2;0;1499;48345;33397;18064;400;0;3684;3681;3681;3687;3677;3682;3686;3681;3684;0;0;0;36
$1;1;4378000;2;0;1499;48346;33398;18068;400;0;3684;3681;3681;3688;3677;3682;3686;3681;3685;0;0;0;37
$1;1;4379000;2;0;1499;48345;33398;18073;400;0;3684;3681;3681;3688;3678;3682;3686;3681;3684;0;0;0;35
$1;1;4380000;2;0;1500;48346;33398;18077;400;0;3684;3681;3681;3688;3677;3682;3686;3681;3684;0;0;0;44
$1;1;4381000;2;0;1499;48344;33398;18081;400;0;3684;3681;3681;3688;3677;3682;3686;3681;3685;0;0;0;38
$1;1;4382000;2;0;1500;48341;33399;18085;400;0;3684;3681;3681;3688;3677;3682;3686;3681;3684;0;0;0;37
$1;1;4383000;2;0;1499;48343;33399;18089;401;0;3684;3681;3682;3688;3677;3682;3686;3681;3684;0;0;0;41
$1;1;4384000;2;0;1499;48342;33399;18093;401;0;3684;3681;3681;3688;3677;3682;3686;3681;3684;0;0;0;39
$1;1;4385000;2;0;1500;48342;33400;18097;401;0;3684;3681;3681;3688;3678;3682;3686;3681;3685;0;0;0;42
$1;1;4386000;2;0;1500;48342;33400;18102;401;0;3684;3681;3681;3688;3678;3682;3686;3681;3685;0;0;0;36
$1;1;4387000;2;0;1499;48343;33400;18106;400;0;3684;3681;3681;3688;3678;3683;3686;3681;3684;0;0;0;32
$1;1;4388000;2;0;1500;48341;33402;18110;400;0;3684;3681;3681;3688;3678;3682;3686;3682;3685;0;0;0;42
$1;1;4389000;2;0;1501;48339;33402;18114;400;0;3684;3681;3681;3688;3678;3682;3686;3681;3684;0;0;0;35
$1;1;4390000;2;0;1498;48342;33401;18118;400;0;3685;3681;3681;3688;3678;3682;3686;3681;3684;0;0;0;40
$1;1;4391000;2;0;1498;48342;33401;18122;400;0;3685;3681;3682;3688;3678;3682;3686;3681;3685;0;0;0;34
$1;1;4392000;2;0;1501;48342;33402;18127;400;0;3685;3681;3682;3688;3678;3682;3686;3681;3685;0;0;0;38
$1;128;4392000;316;133;16;14;14;16;12;14;16;15;16;0;0;0;30
$1;1;4393000;2;0;1501;48342;33403;18131;400;0;3685;3681;3682;3688;3678;3683;3686;3682;3685;0;0;0;35
$1;1;4394000;2;0;1501;48344;33404;18135;400;0;3685;3681;3682;3688;3678;3683;3686;3682;3685;0;0;0;33
$1;1;4395000;2;0;1498;48346;33403;18139;399;0;3685;3681;3682;3688;3678;3683;3686;3682;3685;0;0;0;47
$1;1;4396000;2;0;1500;48343;33404;18143;399;0;3685;3681;3682;3688;3678;3683;3686;3682;3685;0;0;0;35
$1;1;4397000;2;0;1499;48344;33404;18147;399;0;3685;3681;3682;3688;3678;3683;3686;3682;3685;0;0;0;32
$1;1;4398000;2;0;1499;48344;33404;18151;399;0;3685;3681;3682;3688;3678;3683;3686;3682;3685;0;0;0;40
$1;1;4399000;2;0;1501;48339;33405;18156;400;0;3685;3682;3682;3688;3678;3683;3686;3682;3685;0;0;0;33
$1;1;4400000;2;0;1501;48338;33405;18160;400;0;3685;3681;3682;3688;3678;3683;3686;3682;3685;0;0;0;33
$1;1;4401000;2;0;1499;48340;33405;18164;400;0;3685;3682;3682;3688;3678;3683;3686;3682;3685;0;0;0;40
$1;1;4402000;2;0;1498;48340;33405;18168;400;0;3685;3682;3682;3688;3678;3683;3686;3682;3685;0;0;0;38
$1;1;4403000;2;0;1500;48340;33406;18172;400;0;3685;3682;3682;3688;3678;3683;3686;3682;3685;0;0;0;47
$1;1;4404000;2;0;1498;48341;33405;18176;400;0;3685;3682;3682;3688;3678;3683;3687;3682;3685;0;0;0;47
$1;1;4405000;2;0;1499;48341;33407;18181;400;0;3685;3682;3682;3688;3678;3683;3687;3682;3685;0;0;0;37
$1;1;4406000;2;0;1498;48341;33406;18185;400;0;3685;3682;3682;3689;3678;3683;3687;3682;3685;0;0;0;35
$1;1;4407000;2;0;1498;48339;33407;18189;400;0;3685;3682;3682;3689;3678;3683;3687;3682;3685;0;0;0;32
$1;1;4408000;2;0;1501;48338;33408;18193;399;0;3685;3682;3682;3689;3678;3683;3687;3682;3685;0;0;0;44
$1;1;4409000;2;0;1500;48337;33408;18197;399;0;3685;3682;3682;3689;3679;3683;3687;3682;3685;0;0;0;38
$1;1;4410000;2;0;1499;48338;33408;18201;399;0;3685;3682;3682;3689;3678;3683;3687;3682;3685;0;0;0;45
$1;1;4411000;2;0;1499;48339;33408;18206;399;0;3685;3682;3682;3689;3679;3683;3687;3682;3685;0;0;0;43
$1;1;4412000;2;0;1500;48337;33410;18210;399;0;3685;3682;3682;3689;3678;3683;3687;3682;3685;0;0;0;40
$1;1;4413000;2;0;1500;48339;33409;18214;399;0;3685;3682;3682;3689;3679;3683;3687;3682;3686;0;0;0;41
$1;1;4414000;2;0;1500;48339;33410;18218;399;0;3685;3682;3682;3689;3679;3683;3687;3682;3685;0;0;0;41
$1;1;4415000;2;0;1500;48339;33410;18222;399;0;3686;3682;3682;3689;3679;3683;3687;3682;3685;0;0;0;34
$1;1;4416000;2;0;1498;48339;33410;18226;399;0;3686;3682;3682;3689;3679;3683;3687;3683;3685;0;0;0;36
$1;1;4417000;2;0;1498;48338;33410;18231;400;0;3685;3682;3682;3689;3679;3684;3687;3683;3685;0;0;0;33
$1;1;4418000;2;0;1499;48338;33411;18235;400;0;3686;3682;3682;3689;3679;3684;3687;3683;3686;0;0;0;42
$1;1;4419000;2;0;1500;48337;33411;18239;400;0;3686;3682;3682;3689;3679;3684;3687;3683;3685;0;0;0;42
$1;1;4420000;2;0;1498;48339;33411;18243;400;0;3686;3682;3683;3689;3679;3683;3687;3683;3686;0;0;0;38
$1;1;4421000;2;0;1500;48338;33412;18247;399;0;3686;3682;3683;3689;3679;3684;3687;3683;3686;0;0;0;33
$1;1;4422000;2;0;1502;48338;33413;18252;399;0;3686;3682;3683;3689;3679;3683;3687;3683;3686;0;0;0;34
$1;1;4423000;2;0;1499;48340;33412;18256;399;0;3686;3682;3683;3689;3679;3684;3687;3683;3686;0;0;0;45
$1;1;4424000;2;0;1500;48337;33413;18260;399;0;3686;3682;3683;3689;3679;3684;3687;3683;3686;0;0;0;47
$1;1;4425000;2;0;1499;48335;33414;18264;399;0;3686;3682;3683;3689;3679;3684;3687;3683;3686;0;0;0;46
$1;1;4426000;2;0;1499;48339;33413;18268;399;0;3686;3683;3683;3689;3679;3684;3687;3683;3686;0;0;0;43
$1;1;4427000;2;0;1498;48339;33414;18272;399;0;3686;3682;3683;3689;3679;3684;3687;3683;3686;0;0;0;38
$1;1;4428000;2;0;1500;48339;33415;18277;399;0;3686;3683;3683;3689;3679;3684;3688;3683;3686;0;0;0;35
$1;1;4429000;2;0;1498;48339;33415;18281;399;0;3686;3683;3683;3689;3679;3684;3687;3683;3686;0;0;0;36
$1;1;4430000;2;0;1500;48339;33415;18285;399;0;3686;3683;3683;3690;3679;3684;3687;3683;3686;0;0;0;32
$1;1;4431000;2;0;1501;48339;33416;18289;398;0;3686;3683;3683;3690;3679;3684;3688;3683;3686;0;0;0;33
$1;1;4432000;2;0;1502;48340;33417;18293;398;0;3686;3683;3683;3690;3679;3684;3688;3683;3686;0;0;0;37
$1;1;4433000;2;0;1501;48341;33416;18297;398;0;3686;3683;3683;3690;3679;3684;3688;3683;3686;0;0;0;35
$1;1;4434000;2;0;1498;48339;33415;18302;399;0;3686;3683;3683;3689;3679;3684;3687;3683;3686;0;0;0;34
$1;1;4435000;2;0;1499;48339;33416;18306;399;0;3686;3683;3683;3690;3679;3684;3688;3683;3686;0;0;0;34
$1;1;4436000;2;0;1500;48338;33417;18310;399;0;3686;3683;3683;3690;3680;3684;3688;3683;3686;0;0;0;33
$1;1;4437000;2;0;1502;48338;33417;18314;399;0;3686;3683;3683;3690;3679;3684;3688;3683;3686;0;0;0;32
$1;1;4438000;2;0;1471;48356;33408;18318;399;0;3686;3683;3683;3690;3679;3684;3687;3683;3686;0;0;0;47
$1;1;4439000;2;0;1497;48341;33417;18322;399;0;3686;3683;3683;3690;3680;3684;3688;3683;3686;0;0;0;46
$1;1;4440000;2;0;1489;48346;33414;18326;399;0;3686;3683;3683;3690;3680;3684;3688;3683;3686;0;0;0;47
$1;1;4441000;2;0;1493;48345;33416;18330;399;0;3686;3683;3683;3690;3679;3684;3688;3683;3686;0;0;0;37
$1;1;4442000;2;0;1497;48341;33417;18334;399;0;3686;3683;3683;3690;3679;3684;3688;3683;3686;0;0;0;35
$1;1;4443000;2;0;1469;48358;33408;18339;399;0;3686;3683;3683;3689;3679;3684;3687;3683;3686;0;0;0;47
$1;1;4444000;2;0;1495;48344;33417;18343;399;0;3686;3683;3683;3690;3680;3684;3688;3683;3687;0;0;0;37
$1;1;4445000;2;0;1476;48356;33411;18347;398;0;3686;3683;3683;3690;3679;3684;3687;3683;3686;0;0;0;33
$1;1;4446000;2;0;1486;48350;33415;18351;398;0;3686;3683;3683;3690;3680;3684;3688;3683;3686;0;0;0;33
$1;1;4447000;2;0;1497;48346;33419;18355;398;0;3687;3683;3683;3690;3680;3685;3688;3683;3687;0;0;0;46
$1;1;4448000;2;0;1483;48353;33415;18359;398;0;3686;3683;3683;3690;3680;3684;3688;3683;3686;0;0;0;33
$1;1;4449000;2;0;1498;48345;33420;18364;398;0;3687;3683;3683;3690;3680;3685;3688;3683;3687;0;0;0;36
$1;1;4450000;2;0;1498;48345;33420;18368;398;0;3687;3683;3684;3690;3680;3685;3688;3683;3687;0;0;0;39
$1;1;4451000;2;0;1489;48348;33417;18371;398;0;3686;3683;3684;3690;3680;3685;3688;3683;3686;0;0;0;39
$1;1;4452000;2;0;1448;48366;33404;18375;399;0;3686;3683;3683;3690;3679;3684;3687;3683;3686;0;0;0;45
$1;128;4452000;314;130;16;14;13;15;12;14;16;14;16;0;0;0;17
$1;1;4453000;2;0;1493;48345;33418;18380;399;0;3687;3683;3683;3690;3680;3685;3688;3683;3687;0;0;0;36
$1;1;4454000;2;0;1501;48341;33421;18384;399;0;3687;3684;3684;3690;3680;3685;3688;3684;3687;0;0;0;36
$1;1;4455000;2;0;1501;48339;33421;18388;399;0;3687;3684;3684;3691;3680;3685;3688;3684;3687;0;0;0;39
$1;1;4456000;2;0;1501;48338;33422;18392;399;0;3687;3684;3684;3690;3680;3685;3688;3684;3687;0;0;0;44
$1;1;4457000;2;0;1491;48343;33419;18396;399;0;3687;3684;3684;3691;3680;3685;3688;3684;3687;0;0;0;36
$1;1;4458000;2;0;1441;48370;33404;18400;399;0;3686;3683;3683;3690;3679;3684;3687;3683;3686;0;0;0;44
$1;1;4459000;2;0;1494;48342;33421;18404;399;0;3687;3683;3684;3690;3680;3685;3688;3684;3687;0;0;0;47
$1;1;4460000;2;0;1469;48356;33413;18408;398;0;3686;3683;3684;3690;3680;3685;3688;3683;3686;0;0;0;41
$1;1;4461000;2;0;1496;48341;33422;18412;399;0;3687;3683;3684;3691;3680;3685;3688;3684;3687;0;0;0;32
$1;1;4462000;2;0;1478;48350;33417;18416;398;0;3687;3683;3684;3690;3680;3685;3688;3683;3687;0;0;0;38
$1;1;4463000;2;0;1488;48346;33419;18420;398;0;3687;3683;3684;3690;3680;3685;3688;3684;3687;0;0;0;35
$1;1;4464000;2;0;1500;48339;33424;18424;398;0;3687;3684;3684;3691;3680;3685;3688;3684;3687;0;0;0;33
$1;1;4465000;2;0;1501;48339;33425;18428;398;0;3687;3684;3684;3691;3680;3685;3688;3684;3687;0;0;0;44
$1;1;4466000;2;0;1499;48339;33424;18432;398;0;3687;3684;3684;3691;3680;3685;3688;3684;3687;0;0;0;37
$1;1;4467000;2;0;1490;48344;33422;18436;398;0;3687;3683;3684;3691;3680;3685;3688;3684;3687;0;0;0;34
$1;1;4468000;2;0;1466;48352;33414;18440;399;0;3687;3683;3684;3691;3680;3685;3688;3684;3687;0;0;0;38
$1;1;4469000;2;0;1485;48341;33421;18443;399;0;3687;3684;3684;3691;3680;3685;3688;3684;3687;0;0;0;42
$1;1;4470000;2;0;1500;48334;33426;18447;399;0;3687;3684;3684;3691;3680;3685;3689;3684;3687;0;0;0;46
$1;1;4471000;2;0;1502;48331;33427;18451;399;0;3687;3684;3684;3691;3681;3685;3689;3684;3687;0;0;0;47
$1;1;4472000;2;0;1479;48345;33419;18456;399;0;3687;3684;3684;3691;3680;3685;3688;3684;3687;0;0;0;40
$1;1;4473000;2;0;1497;48335;33426;18460;399;0;3687;3684;3685;3691;3680;3685;3689;3684;3687;0;0;0;39
$1;1;4474000;2;0;1447;48362;33411;18464;399;0;3687;3684;3684;3691;3680;3685;3688;3684;3687;0;0;0;47
$1;1;4475000;2;0;1484;48347;33421;18468;399;0;3687;3684;3684;3691;3680;3685;3688;3684;3687;0;0;0;41
$1;1;4476000;2;0;1463;48358;33416;18472;399;0;3687;3684;3684;3691;3680;3685;3688;3684;3687;0;0;0;34
$1;1;4477000;2;0;1460;48360;33415;18475;399;0;3687;3683;3684;3691;3680;3685;3688;3683;3687;0;0;0;47
$1;1;4478000;2;0;1483;48348;33422;18480;399;0;3687;3684;3684;3691;3680;3685;3688;3684;3687;0;0;0;41
$1;1;4479000;2;0;1477;48350;33421;18484;399;0;3687;3684;3684;3691;3680;3685;3688;3684;3687;0;0;0;45
$1;1;4480000;2;0;1498;48339;33429;18488;398;0;3688;3684;3685;3692;3681;3685;3689;3684;3688;0;0;0;34
$1;1;4481000;2;0;1478;48350;33422;18492;398;0;3687;3684;3684;3691;3680;3685;3689;3684;3687;0;0;0;33
$1;1;4482000;2;0;1496;48341;33429;18496;398;0;3688;3684;3685;3691;3681;3686;3689;3685;3688;0;0;0;47
$1;1;4483000;2;0;1501;48339;33429;18500;398;0;3688;3685;3685;3692;3681;3686;3689;3685;3688;0;0;0;34
$1;1;4484000;2;0;1462;48361;33418;18505;398;0;3687;3684;3684;3691;3680;3685;3689;3684;3687;0;0;0;43
$1;1;4485000;2;0;1479;48354;33423;18509;398;0;3687;3684;3685;3691;3681;3685;3689;3684;3687;0;0;0;34
$1;1;4486000;2;0;1427;48379;33406;18513;398;0;3687;3683;3684;3690;3680;3685;3688;3684;3687;0;0;0;46
$1;1;4487000;2;0;1459;48361;33417;18517;398;0;3687;3684;3684;3691;3680;3685;3688;3684;3687;0;0;0;45
$1;1;4488000;2;0;1482;48349;33425;18522;399;0;3687;3684;3685;3691;3681;3685;3689;3684;3687;0;0;0;41
$1;1;4489000;2;0;1497;48341;33429;18526;399;0;3688;3685;3685;3691;3681;3686;3689;3685;3688;0;0;0;47
$1;1;4490000;2;0;1443;48370;33413;18530;398;0;3687;3684;3684;3691;3680;3685;3688;3684;3687;0;0;0;33
$1;1;4491000;2;0;1496;48343;33430;18534;398;0;3688;3685;3685;3692;3681;3686;3689;3685;3688;0;0;0;44
$1;1;4492000;2;0;1438;48372;33412;18538;398;0;3687;3684;3684;3691;3680;3685;3688;3684;3687;0;0;0;36
$1;1;4493000;2;0;1473;48351;33423;18542;398;0;3688;3684;3685;3691;3681;3685;3689;3684;3688;0;0;0;37
$1;1;4494000;2;0;1438;48371;33412;18546;398;0;3687;3684;3684;3691;3680;3685;3688;3684;3687;0;0;0;40
$1;1;4495000;2;0;1441;48371;33414;18550;398;0;3687;3684;3685;3691;3680;3685;3688;3684;3687;0;0;0;39
$1;1;4496000;2;0;1494;48343;33431;18554;398;0;3688;3685;3685;3692;3681;3686;3689;3685;3688;0;0;0;46
$1;1;4497000;2;0;1489;48345;33429;18559;398;0;3688;3684;3685;3692;3681;3686;3689;3685;3688;0;0;0;32
$1;1;4498000;2;0;1427;48378;33410;18563;398;0;3687;3684;3684;3691;3681;3685;3688;3684;3687;0;0;0;39
$1;1;4499000;2;0;1458;48361;33420;18567;398;0;3688;3684;3685;3692;3681;3686;3689;3684;3688;0;0;0;33
$1;1;4500000;2;0;1439;48372;33414;18571;397;0;3687;3684;3685;3691;3681;3685;3689;3684;3687;0;0;0;42
$1;1;4501000;2;0;1492;48344;33431;18575;397;0;3688;3685;3685;3692;3681;3686;3689;3685;3688;0;0;0;44
$1;1;4502000;2;0;1499;48341;33433;18579;397;0;3688;3685;3685;3692;3681;3686;3690;3685;3688;0;0;0;39
$1;1;4503000;2;0;1450;48366;33419;18583;397;0;3688;3685;3685;3691;3681;3686;3689;3685;3688;0;0;0;32
$1;1;4504000;2;0;1495;48339;33433;18588;398;0;3688;3685;3685;3692;3681;3686;3690;3685;3688;0;0;0;35
$1;1;4505000;2;0;1499;48338;33434;18592;398;0;3688;3685;3685;3692;3682;3686;3690;3685;3689;0;0;0;33
$1;1;4506000;2;0;1499;48339;33435;18596;398;0;3688;3685;3686;3692;3681;3686;3690;3685;3689;0;0;0;38
$1;1;4507000;2;0;1499;48337;33435;18600;398;0;3688;3685;3686;3692;3682;3686;3690;3685;3689;0;0;0;38
$1;1;4508000;2;0;1501;48337;33436;18604;398;0;3689;3685;3685;3693;3682;3687;3690;3686;3689;0;0;0;47
$1;1;4509000;2;0;1501;48338;33437;18608;398;0;3689;3685;3685;3693;3682;3687;3690;3685;3689;0;0;0;47
$1;1;4510000;2;0;1501;48337;33437;18612;398;0;3689;3685;3686;3692;3682;3687;3690;3685;3689;0;0;0;33
$1;1;4511000;2;0;1499;48338;33437;18617;398;0;3689;3685;3686;3693;3682;3687;3690;3685;3689;0;0;0;43
$1;1;4512000;2;0;1499;48339;33437;18621;398;0;3689;3685;3686;3692;3682;3687;3690;3686;3689;0;0;0;46
$1;128;4512000;317;132;17;14;13;16;12;14;16;14;16;0;0;0;23
$1;1;4513000;2;0;1500;48339;33438;18625;398;0;3689;3685;3686;3693;3682;3687;3690;3686;3689;0;0;0;36
$1;1;4514000;2;0;1498;48339;33437;18629;398;0;3689;3685;3686;3693;3682;3687;3690;3686;3689;0;0;0;32
$1;1;4515000;2;0;1473;48354;33430;18633;397;0;3688;3685;3685;3692;3682;3686;3689;3685;3688;0;0;0;36
$1;1;4516000;2;0;1453;48364;33424;18637;397;0;3688;3685;3685;3692;3681;3686;3689;3685;3688;0;0;0;36
$1;1;4517000;2;0;1448;48368;33423;18641;397;0;3688;3685;3685;3692;3681;3686;3689;3685;3688;0;0;0;37
$1;1;4518000;2;0;1459;48361;33426;18645;397;0;3688;3685;3685;3692;3681;3686;3690;3685;3688;0;0;0;42
$1;1;4519000;2;0;1499;48339;33439;18649;397;0;3689;3686;3686;3693;3682;3687;3690;3686;3689;0;0;0;40
$1;1;4520000;2;0;1458;48360;33428;18654;397;0;3688;3685;3686;3693;3682;3686;3690;3685;3689;0;0;0;47
$1;1;4521000;2;0;1476;48354;33433;18658;397;0;3689;3685;3686;3692;3682;3687;3690;3685;3689;0;0;0;34
$1;1;4522000;2;0;1448;48363;33423;18662;398;0;3688;3685;3686;3692;3681;3686;3689;3685;3688;0;0;0;37
$1;1;4523000;2;0;1411;48383;33412;18666;398;0;3688;3685;3685;3692;3681;3686;3689;3685;3688;0;0;0;35
$1;1;4524000;2;0;1492;48341;33438;18670;398;0;3689;3685;3686;3693;3682;3687;3690;3685;3689;0;0;0;38
$1;1;4525000;2;0;1467;48354;33430;18674;398;0;3688;3685;3685;3693;3682;3686;3690;3685;3688;0;0;0;39
$1;1;4526000;2;0;1420;48380;33415;18678;398;0;3688;3685;3685;3692;3681;3686;3689;3685;3688;0;0;0;47
$1;1;4527000;2;0;1477;48351;33433;18682;398;0;3688;3685;3686;3693;3682;3687;3690;3685;3688;0;0;0;41
$1;1;4528000;2;0;1448;48365;33425;18686;397;0;3688;3685;3685;3692;3682;3686;3690;3685;3688;0;0;0;34
$1;1;4529000;2;0;1467;48355;33431;18690;397;0;3689;3685;3686;3693;3682;3687;3690;3685;3689;0;0;0;44
$1;1;4530000;2;0;1450;48365;33426;18694;397;0;3688;3685;3685;3693;3682;3686;3690;3685;3688;0;0;0;35
$1;1;4531000;2;0;1482;48350;33436;18698;397;0;3689;3686;3686;3693;3682;3687;3690;3685;3689;0;0;0;39
$1;1;4532000;2;0;1451;48366;33427;18703;397;0;3688;3685;3686;3693;3682;3686;3690;3685;3688;0;0;0;46
$1;1;4533000;2;0;1441;48371;33424;18707;397;0;3688;3685;3686;3692;3682;3686;3690;3685;3688;0;0;0;46
$1;1;4534000;2;0;1489;48347;33440;18711;397;0;3689;3686;3686;3693;3682;3687;3690;3686;3689;0;0;0;45
$1;1;4535000;2;0;1453;48364;33429;18715;397;0;3689;3686;3686;3692;3682;3687;3690;3685;3689;0;0;0;35
$1;1;4536000;2;0;1449;48368;33429;18719;397;0;3689;3686;3686;3692;3682;3687;3690;3685;3689;0;0;0;43
$1;1;4537000;2;0;1488;48348;33441;18723;397;0;3689;3686;3686;3693;3682;3687;3690;3686;3689;0;0;0;32
$1;1;4538000;2;0;1456;48364;33430;18727;396;0;3689;3686;3686;3693;3682;3687;3690;3686;3689;0;0;0;33
$1;1;4539000;2;0;1443;48373;33427;18731;396;0;3689;3685;3686;3692;3682;3686;3690;3685;3689;0;0;0;35
$1;1;4540000;2;0;1497;48342;33444;18735;397;0;3689;3686;3687;3693;3683;3687;3690;3686;3689;0;0;0;38
$1;1;4541000;2;0;1484;48348;33441;18739;397;0;3689;3686;3686;3693;3683;3687;3691;3686;3690;0;0;0;46
$1;1;4542000;2;0;1497;48341;33445;18743;397;0;3690;3686;3687;3694;3683;3688;3691;3686;3690;0;0;0;46
$1;1;4543000;2;0;1471;48356;33437;18747;397;0;3689;3686;3686;3694;3683;3687;3690;3686;3689;0;0;0;47
$1;1;4544000;2;0;1485;48348;33441;18751;397;0;3689;3686;3686;3693;3683;3687;3690;3686;3689;0;0;0;45
$1;1;4545000;2;0;1461;48360;33433;18756;397;0;3689;3686;3686;3693;3682;3687;3690;3686;3689;0;0;0;47
$1;1;4546000;2;0;1437;48374;33427;18760;397;0;3689;3686;3686;3693;3682;3687;3690;3686;3689;0;0;0;42
$1;1;4547000;2;0;1463;48361;33435;18764;397;0;3689;3686;3686;3693;3682;3687;3690;3686;3689;0;0;0;41
$1;1;4548000;2;0;1496;48341;33446;18768;397;0;3690;3686;3687;3694;3683;3688;3691;3687;3690;0;0;0;46
$1;1;4549000;2;0;1505;48336;33449;18772;397;0;3690;3686;3687;3694;3683;3688;3691;3687;3690;0;0;0;32
$1;1;4550000;2;0;1489;48345;33444;18776;397;0;3690;3686;3687;3694;3683;3688;3691;3686;3690;0;0;0;33
$1;1;4551000;2;0;1422;48381;33424;18780;396;0;3689;3686;3686;3693;3682;3687;3690;3685;3688;0;0;0;44
$1;1;4552000;2;0;1491;48345;33446;18784;396;0;3690;3686;3687;3694;3683;3688;3691;3687;3690;0;0;0;37
$1;1;4553000;2;0;1480;48352;33442;18788;396;0;3690;3686;3687;3693;3683;3688;3691;3686;3690;0;0;0;44
$1;1;4554000;2;0;1502;48339;33449;18792;396;0;3690;3686;3687;3695;3683;3688;3691;3687;3690;0;0;0;42
$1;1;4555000;2;0;1499;48340;33449;18796;396;0;3690;3687;3687;3694;3683;3688;3691;3687;3690;0;0;0;34
$1;1;4556000;2;0;1447;48368;33433;18801;396;0;3689;3686;3687;3693;3683;3687;3691;3686;3690;0;0;0;36
$1;1;4557000;2;0;1493;48342;33449;18805;396;0;3690;3687;3687;3694;3683;3688;3691;3687;3690;0;0;0;45
$1;1;4558000;2;0;1468;48355;33441;18809;397;0;3690;3686;3687;3694;3683;3688;3691;3686;3689;0;0;0;45
$1;1;4559000;2;0;1483;48347;33445;18813;397;0;3690;3687;3687;3694;3683;3688;3691;3686;3690;0;0;0;44
$1;1;4560000;2;0;1498;48339;33450;18817;397;0;3690;3687;3687;3694;3683;3688;3691;3687;3690;0;0;0;36
$1;1;4561000;2;0;1427;48374;33428;18821;397;0;3689;3686;3687;3693;3683;3687;3691;3686;3689;0;0;0;42
$1;1;4562000;2;0;1453;48361;33437;18825;397;0;3689;3686;3686;3694;3683;3688;3691;3686;3689;0;0;0;45
$1;1;4563000;2;0;1486;48344;33447;18829;397;0;3690;3687;3687;3694;3683;3688;3691;3687;3690;0;0;0;41
$1;1;4564000;2;0;1500;48341;33453;18834;396;0;3690;3687;3687;3694;3683;3688;3692;3687;3690;0;0;0;47
$1;1;4565000;2;0;1443;48371;33435;18838;396;0;3690;3686;3687;3694;3683;3688;3691;3686;3690;0;0;0;36
$1;1;4566000;2;0;1435;48376;33432;18842;396;0;3689;3686;3686;3694;3683;3688;3691;3686;3689;0;0;0;42
$1;1;4567000;2;0;1474;48357;33445;18846;396;0;3690;3687;3687;3694;3683;3688;3691;3687;3690;0;0;0;40
$1;1;4568000;2;0;1454;48367;33439;18850;396;0;3690;3686;3687;3694;3683;3688;3691;3687;3689;0;0;0;35
$1;1;4569000;2;0;1441;48374;33435;18854;396;0;3689;3686;3687;3694;3683;3688;3691;3686;3689;0;0;0;37
$1;1;4570000;2;0;1409;48392;33425;18858;395;0;3689;3686;3687;3693;3682;3687;3690;3686;3689;0;0;0;47
$1;1;4571000;2;0;1466;48361;33443;18862;395;0;3690;3687;3687;3695;3683;3688;3691;3687;3690;0;0;0;43
$1;1;4572000;2;0;1459;48366;33441;18866;395;0;3690;3687;3687;3694;3683;3688;3691;3687;3690;0;0;0;36
$1;128;4572000;314;131;16;14;14;15;12;14;16;14;16;0;0;0;20
$1;1;4573000;2;0;1475;48358;33445;18870;395;0;3690;3687;3687;3694;3683;3688;3691;3687;3690;0;0;0;37
$1;1;4574000;2;0;1474;48360;33446;18874;395;0;3690;3687;3687;3694;3683;3688;3692;3687;3690;0;0;0;44
$1;1;4575000;2;0;1468;48359;33444;18878;396;0;3690;3687;3687;3694;3683;3688;3691;3687;3690;0;0;0;36
$1;1;4576000;2;0;1498;48343;33455;18882;397;0;3691;3687;3687;3695;3683;3689;3692;3687;3691;0;0;0;36
$1;1;4577000;2;0;1477;48355;33448;18887;397;0;3690;3687;3687;3695;3683;3688;3692;3687;3690;0;0;0;43
$1;1;4578000;2;0;1431;48376;33434;18891;397;0;3690;3687;3687;3695;3683;3688;3691;3687;3690;0;0;0;40
$1;1;4579000;2;0;1428;48379;33433;18895;397;0;3690;3686;3687;3694;3683;3688;3691;3687;3690;0;0;0;45
$1;1;4580000;2;0;1423;48382;33431;18899;398;0;3689;3687;3687;3694;3683;3688;3691;3686;3689;0;0;0;37
$1;1;4581000;2;0;1453;48367;33441;18903;398;0;3690;3687;3687;3694;3683;3688;3691;3687;3690;0;0;0;44
$1;1;4582000;2;0;1476;48356;33449;18907;398;0;3690;3687;3688;3694;3683;3688;3692;3687;3690;0;0;0;42
$1;1;4583000;2;0;1435;48376;33437;18912;398;0;3690;3687;3687;3694;3683;3688;3692;3687;3690;0;0;0;44
$1;1;4584000;2;0;1461;48364;33444;18916;398;0;3690;3687;3688;3694;3683;3688;3692;3687;3690;0;0;0;38
$1;1;4585000;2;0;1484;48352;33453;18920;399;0;3691;3688;3688;3695;3684;3689;3692;3687;3691;0;0;0;35
$1;1;4586000;2;0;1419;48386;33432;18924;399;0;3690;3687;3687;3694;3683;3688;3691;3687;3690;0;0;0;42
$1;1;4587000;2;0;1433;48379;33437;18928;399;0;3690;3687;3687;3694;3683;3688;3692;3687;3690;0;0;0;41
$1;1;4588000;2;0;1492;48348;33457;18933;399;0;3691;3688;3688;3695;3684;3689;3693;3688;3691;0;0;0;42
$1;1;4589000;2;0;1499;48341;33460;18937;399;0;3691;3688;3688;3695;3684;3689;3693;3688;3691;0;0;0;41
$1;1;4590000;2;0;1422;48383;33435;18940;399;0;3690;3687;3687;3694;3683;3688;3692;3687;3690;0;0;0;38
$1;1;4591000;2;0;1436;48372;33440;18944;401;0;3690;3687;3688;3694;3683;3688;3692;3687;3690;0;0;0;35
$1;1;4592000;2;0;1445;48367;33442;18948;401;0;3690;3687;3688;3695;3683;3689;3692;3687;3690;0;0;0;46
$1;1;4593000;2;0;1499;48338;33461;18953;402;0;3691;3688;3688;3696;3684;3689;3693;3688;3691;0;0;0;41
$1;1;4594000;2;0;1466;48356;33450;18956;403;0;3691;3687;3688;3695;3684;3689;3693;3688;3691;0;0;0;44
$1;1;4595000;2;0;1476;48353;33453;18960;403;0;3691;3688;3688;3695;3684;3689;3693;3688;3691;0;0;0;32
$1;1;4596000;2;0;1471;48355;33453;18964;404;0;3691;3688;3688;3695;3684;3689;3693;3688;3691;0;0;0;33
$1;1;4597000;2;0;1497;48342;33461;18968;404;0;3691;3688;3688;3696;3684;3690;3693;3688;3691;0;0;0;40
$1;1;4598000;2;0;1416;48386;33436;18972;404;0;3690;3687;3688;3694;3683;3688;3692;3687;3690;0;0;0;34
$1;1;4599000;2;0;1436;48375;33443;18976;405;0;3691;3687;3688;3695;3684;3689;3692;3688;3690;0;0;0;35
$1;1;4600000;2;0;1454;48366;33449;18980;405;0;3691;3688;3688;3695;3684;3689;3693;3688;3691;0;0;0;42
$1;1;4601000;2;0;1494;48343;33462;18985;405;0;3691;3688;3689;3696;3684;3690;3693;3688;3691;0;0;0;38
$1;1;4602000;2;0;1446;48369;33448;18989;405;0;3691;3688;3688;3695;3684;3689;3693;3688;3691;0;0;0;44
$1;1;4603000;2;0;1419;48383;33440;18993;405;0;3690;3687;3688;3695;3684;3689;3692;3687;3690;0;0;0;33
$1;1;4604000;2;0;1491;48345;33463;18997;406;0;3692;3688;3688;3696;3684;3689;3693;3688;3691;0;0;0;43
$1;1;4605000;2;0;1498;48341;33465;19001;406;0;3692;3689;3689;3696;3685;3690;3694;3689;3692;0;0;0;42
$1;1;4606000;2;0;1502;48339;33466;19005;406;0;3692;3689;3689;3696;3685;3690;3694;3689;3692;0;0;0;35
$1;1;4607000;2;0;1451;48365;33450;19010;407;0;3691;3688;3688;3695;3684;3689;3693;3688;3691;0;0;0;32
$1;1;4608000;2;0;1447;48365;33449;19014;407;0;3691;3688;3688;3695;3684;3689;3693;3688;3691;0;0;0;36
$1;1;4609000;2;0;1446;48365;33449;19018;408;0;3691;3688;3688;3695;3684;3689;3693;3688;3691;0;0;0;39
$1;1;4610000;2;0;1452;48362;33452;19022;408;0;3691;3688;3688;3695;3684;3689;3693;3688;3691;0;0;0;46
$1;1;4611000;2;0;1443;48364;33449;19026;408;0;3691;3688;3688;3696;3684;3689;3693;3688;3691;0;0;0;36
$1;1;4612000;2;0;1492;48339;33465;19030;408;0;3692;3689;3688;3696;3685;3690;3694;3688;3692;0;0;0;37
$1;1;4613000;2;0;1452;48361;33453;19034;408;0;3691;3688;3688;3695;3684;3689;3693;3688;3691;0;0;0;40
$1;1;4614000;2;0;1471;48353;33459;19038;409;0;3692;3688;3689;3696;3684;3690;3693;3688;3692;0;0;0;34
$1;1;4615000;2;0;1453;48361;33453;19043;408;0;3691;3688;3689;3696;3684;3690;3693;3688;3691;0;0;0;37
$1;1;4616000;2;0;1492;48341;33466;19047;409;0;3692;3689;3689;3696;3685;3690;3694;3689;3692;0;0;0;44
$1;1;4617000;2;0;1413;48382;33442;19051;408;0;3691;3688;3688;3695;3684;3689;3693;3688;3691;0;0;0;39
$1;1;4618000;2;0;1489;48343;33465;19055;409;0;3692;3689;3689;3696;3685;3690;3694;3689;3692;0;0;0;42
$1;1;4619000;2;0;1484;48345;33465;19059;408;0;3692;3689;3689;3696;3685;3690;3694;3689;3692;0;0;0;45
$1;1;4620000;2;0;1500;48334;33471;19063;408;0;3692;3689;3689;3696;3685;3690;3694;3689;3692;0;0;0;32
$1;1;4621000;2;0;1499;48333;33471;19067;408;0;3692;3689;3689;3696;3685;3690;3694;3689;3692;0;0;0;35
$1;1;4622000;2;0;1501;48333;33472;19071;408;0;3692;3689;3689;3696;3685;3690;3694;3689;3692;0;0;0;36
$1;1;4623000;2;0;1501;48331;33473;19076;409;0;3692;3689;3689;3696;3685;3690;3694;3689;3693;0;0;0;33
$1;1;4624000;2;0;1500;48330;33473;19080;409;0;3692;3689;3689;3696;3685;3691;3694;3689;3692;0;0;0;47
$1;1;4625000;2;0;1448;48355;33456;19084;409;0;3692;3689;3689;3696;3685;3690;3694;3689;3692;0;0;0;34
$1;1;4626000;2;0;1405;48382;33441;19088;409;0;3691;3688;3689;3695;3684;3689;3693;3688;3691;0;0;0;37
$1;1;4627000;2;0;1438;48365;33453;19092;409;0;3692;3689;3689;3695;3685;3690;3693;3689;3691;0;0;0;33
$1;1;4628000;2;0;1493;48338;33471;19096;409;0;3692;3689;3689;3696;3685;3690;3694;3689;3692;0;0;0;36
$1;1;4629000;2;0;1470;48350;33464;19100;409;0;3692;3689;3689;3696;3685;3690;3694;3689;3692;0;0;0;44
$1;1;4630000;2;0;1477;48346;33466;19104;409;0;3692;3689;3689;3696;3685;3690;3694;3689;3692;0;0;0;34
$1;1;4631000;2;0;1499;48335;33475;19109;409;0;3693;3690;3690;3696;3686;3691;3694;3690;3693;0;0;0;34
$1;1;4632000;2;0;1500;48334;33475;19113;409;0;3693;3689;3690;3696;3686;3691;3694;3690;3693;0;0;0;34
$1;128;4632000;313;131;16;14;13;16;12;14;16;14;16;0;0;0;16
$1;1;4633000;2;0;1498;48333;33475;19117;409;0;3693;3690;3690;3696;3686;3691;3694;3690;3693;0;0;0;40
$1;1;4634000;2;0;1498;48331;33475;19121;408;0;3693;3690;3690;3697;3686;3691;3695;3690;3693;0;0;0;41
$1;1;4635000;2;0;1501;48328;33477;19125;408;0;3693;3690;3690;3697;3686;3691;3695;3690;3693;0;0;0;39
$1;1;4636000;2;0;1498;48333;33477;19129;408;0;3693;3690;3690;3696;3686;3691;3695;3690;3693;0;0;0;34
$1;1;4637000;2;0;1501;48331;33478;19134;408;0;3693;3690;3690;3697;3686;3691;3695;3690;3693;0;0;0;34
$1;1;4638000;2;0;1501;48329;33477;19138;408;0;3693;3690;3690;3696;3686;3691;3695;3690;3693;0;0;0;38
$1;1;4639000;2;0;1501;48323;33477;19142;408;0;3693;3690;3690;3697;3686;3691;3695;3690;3693;0;0;0;33
$1;1;4640000;2;0;1500;48326;33478;19146;409;0;3693;3690;3690;3697;3686;3691;3695;3690;3693;0;0;0;33
$1;1;4641000;2;0;1501;48327;33479;19150;408;0;3693;3690;3690;3697;3686;3691;3695;3690;3693;0;0;0;39
$1;1;4642000;2;0;1498;48331;33478;19154;409;0;3693;3690;3690;3697;3686;3691;3695;3690;3693;0;0;0;38
$1;1;4643000;2;0;1500;48329;33479;19159;408;0;3693;3690;3690;3697;3686;3691;3695;3690;3693;0;0;0;35
$1;1;4644000;2;0;1500;48329;33479;19163;408;0;3693;3690;3690;3697;3686;3691;3695;3690;3693;0;0;0;45
$1;1;4645000;2;0;1501;48329;33480;19167;408;0;3693;3690;3690;3697;3686;3691;3695;3690;3693;0;0;0;47
$1;1;4646000;2;0;1498;48331;33480;19171;408;0;3693;3690;3690;3697;3686;3691;3695;3690;3693;0;0;0;35
$1;1;4647000;2;0;1502;48329;33481;19175;408;0;3693;3691;3690;3697;3687;3691;3695;3690;3693;0;0;0;44
$1;1;4648000;2;0;1499;48330;33481;19179;407;0;3693;3690;3690;3697;3687;3691;3695;3690;3693;0;0;0;42
$1;1;4649000;2;0;1501;48330;33482;19184;407;0;3693;3690;3690;3697;3686;3691;3695;3690;3693;0;0;0;43
$1;1;4650000;2;0;1498;48331;33482;19188;407;0;3694;3690;3691;3697;3687;3691;3695;3690;3693;0;0;0;40
$1;1;4651000;2;0;1501;48330;33483;19192;407;0;3694;3690;3691;3697;3686;3692;3695;3690;3694;0;0;0;38
$1;1;4652000;2;0;1501;48331;33482;19196;407;0;3694;3690;3690;3697;3687;3692;3695;3691;3694;0;0;0;32
$1;1;4653000;2;0;1498;48331;33482;19200;407;0;3694;3690;3691;3697;3687;3692;3695;3691;3694;0;0;0;45
$1;1;4654000;2;0;1499;48332;33483;19204;406;0;3694;3690;3690;3697;3687;3692;3695;3691;3694;0;0;0;45
$1;1;4655000;2;0;1499;48331;33483;19209;407;0;3694;3690;3691;3697;3687;3692;3695;3691;3694;0;0;0;34
$1;1;4656000;2;0;1499;48329;33484;19213;407;0;3694;3690;3691;3697;3687;3692;3695;3691;3693;0;0;0;35
$1;1;4657000;2;0;1501;48327;33485;19217;407;0;3694;3691;3691;3697;3687;3692;3695;3691;3694;0;0;0;47
$1;1;4658000;2;0;1499;48329;33484;19221;407;0;3694;3690;3691;3697;3687;3692;3695;3691;3694;0;0;0;43
$1;1;4659000;2;0;1500;48328;33485;19225;407;0;3694;3690;3691;3697;3687;3692;3695;3691;3694;0;0;0;47
$1;1;4660000;2;0;1500;48327;33485;19229;407;0;3694;3691;3691;3697;3687;3692;3696;3691;3694;0;0;0;36
$1;1;4661000;2;0;1499;48327;33485;19234;407;0;3694;3691;3691;3697;3687;3692;3696;3691;3694;0;0;0;40
$1;1;4662000;2;0;1500;48327;33487;19238;407;0;3694;3691;3691;3697;3687;3692;3696;3691;3694;0;0;0;36
$1;1;4663000;2;0;1499;48324;33487;19242;406;0;3694;3691;3691;3697;3687;3692;3695;3691;3694;0;0;0;40
$1;1;4664000;2;0;1498;48326;33486;19246;406;0;3694;3691;3691;3697;3687;3692;3695;3691;3694;0;0;0;41
$1;1;4665000;2;0;1500;48327;33487;19250;406;0;3694;3691;3691;3698;3687;3692;3696;3691;3694;0;0;0;35
$1;1;4666000;2;0;1500;48328;33488;19254;406;0;3694;3691;3691;3698;3687;3692;3696;3691;3694;0;0;0;36
$1;1;4667000;2;0;1498;48325;33488;19259;406;0;3694;3691;3691;3698;3687;3692;3696;3691;3694;0;0;0;37
$1;1;4668000;2;0;1499;48322;33489;19263;405;0;3694;3691;3691;3698;3687;3692;3696;3691;3694;0;0;0;39
$1;1;4669000;2;0;1499;48321;33489;19267;405;0;3694;3691;3691;3698;3687;3692;3696;3691;3694;0;0;0;33
$1;1;4670000;2;0;1498;48323;33489;19271;405;0;3694;3691;3691;3698;3687;3692;3696;3691;3694;0;0;0;45
$1;1;4671000;2;0;1499;48323;33489;19275;405;0;3694;3691;3691;3698;3687;3692;3696;3691;3694;0;0;0;41
$1;1;4672000;2;0;1499;48322;33489;19280;405;0;3694;3691;3691;3698;3687;3692;3696;3691;3694;0;0;0;33
$1;1;4673000;2;0;1501;48319;33490;19284;406;0;3694;3691;3691;3698;3687;3693;3696;3691;3694;0;0;0;38
$1;1;4674000;2;0;1498;48321;33489;19288;405;0;3694;3691;3691;3698;3688;3692;3696;3691;3694;0;0;0;34
$1;1;4675000;2;0;1489;48326;33487;19291;406;0;3694;3691;3691;3698;3687;3692;3696;3691;3694;0;0;0;46
$1;1;4676000;2;0;1487;48328;33486;19295;405;0;3694;3691;3691;3698;3687;3692;3696;3691;3694;0;0;0;43
$1;1;4677000;2;0;1499;48320;33490;19299;405;0;3694;3691;3691;3698;3688;3692;3696;3691;3694;0;0;0;41
$1;1;4678000;2;0;1500;48322;33491;19304;405;0;3695;3691;3691;3698;3688;3693;3696;3692;3694;0;0;0;34
$1;1;4679000;2;0;1500;48319;33491;19308;405;0;3695;3691;3692;3698;3688;3693;3696;3692;3695;0;0;0;37
$1;1;4680000;2;0;1467;48339;33481;19312;405;0;3694;3691;3691;3698;3687;3692;3696;3691;3694;0;0;0;37
$1;1;4681000;2;0;1496;48322;33489;19316;404;0;3695;3691;3692;3698;3688;3692;3696;3691;3694;0;0;0;32
$1;1;4682000;2;0;1499;48321;33491;19320;404;0;3695;3691;3692;3698;3688;3693;3696;3691;3694;0;0;0;34
$1;1;4683000;2;0;1450;48347;33477;19324;404;0;3694;3691;3691;3698;3687;3692;3696;3691;3694;0;0;0;38
$1;1;4684000;2;0;1494;48325;33491;19328;404;0;3695;3691;3692;3698;3688;3693;3696;3692;3694;0;0;0;38
$1;1;4685000;2;0;1491;48326;33489;19333;404;0;3694;3691;3692;3698;3688;3692;3696;3691;3694;0;0;0;33
$1;1;4686000;2;0;1498;48322;33493;19337;403;0;3695;3691;3692;3699;3688;3693;3696;3692;3695;0;0;0;36
$1;1;4687000;2;0;1474;48336;33485;19341;403;0;3695;3691;3691;3698;3688;3693;3696;3691;3694;0;0;0;36
$1;1;4688000;2;0;1452;48345;33478;19345;404;0;3694;3691;3691;3698;3687;3692;3695;3691;3694;0;0;0;38
$1;1;4689000;2;0;1494;48323;33491;19349;404;0;3695;3691;3692;3698;3688;3693;3696;3692;3695;0;0;0;43
$1;1;4690000;2;0;1447;48347;33477;19353;404;0;3694;3691;3691;3698;3688;3692;3696;3691;3694;0;0;0;45
$1;1;4691000;2;0;1452;48345;33479;19357;404;0;3694;3691;3691;3698;3688;3692;3696;3691;3694;0;0;0;32
$1;1;4692000;2;0;1466;48339;33483;19362;404;0;3694;3691;3691;3698;3688;3692;3696;3691;3694;0;0;0;44
$1;128;4692000;312;131;16;14;14;15;12;14;16;14;16;0;0;0;31
$1;1;4693000;2;0;1464;48340;33484;19366;404;0;3695;3691;3692;3698;3688;3693;3696;3691;3694;0;0;0;33
$1;1;4694000;2;0;1493;48325;33492;19370;404;0;3695;3692;3692;3699;3688;3693;3696;3692;3695;0;0;0;45
$1;1;4695000;2;0;1432;48357;33474;19374;404;0;3694;3691;3691;3698;3687;3692;3696;3691;3694;0;0;0;34
$1;1;4696000;2;0;1493;48324;33493;19378;404;0;3695;3692;3692;3699;3688;3693;3696;3692;3695;0;0;0;39
$1;1;4697000;2;0;1500;48320;33496;19382;404;0;3695;3692;3692;3699;3688;3693;3697;3692;3695;0;0;0;40
$1;1;4698000;2;0;1491;48325;33492;19386;403;0;3695;3692;3692;3699;3688;3693;3696;3692;3695;0;0;0;45
$1;1;4699000;2;0;1501;48319;33496;19390;403;0;3695;3692;3692;3699;3688;3693;3697;3692;3695;0;0;0;41
$1;1;4700000;2;0;1489;48326;33493;19394;403;0;3695;3692;3692;3699;3688;3693;3697;3692;3695;0;0;0;36
$1;1;4701000;2;0;1499;48319;33497;19398;403;0;3695;3692;3692;3699;3689;3693;3697;3692;3695;0;0;0;33
$1;1;4702000;2;0;1499;48318;33497;19402;402;0;3695;3692;3692;3699;3689;3693;3697;3692;3695;0;0;0;38
$1;1;4703000;2;0;1480;48330;33491;19406;402;0;3695;3692;3692;3699;3688;3693;3697;3692;3695;0;0;0;38
$1;1;4704000;2;0;1450;48345;33482;19410;402;0;3695;3692;3692;3699;3688;3693;3696;3691;3695;0;0;0;41
$1;1;4705000;2;0;1424;48358;33474;19414;403;0;3694;3691;3692;3698;3688;3692;3696;3691;3694;0;0;0;40
$1;1;4706000;2;0;1448;48347;33481;19418;403;0;3695;3691;3692;3698;3688;3693;3696;3692;3694;0;0;0;42
$1;1;4707000;2;0;1496;48321;33497;19423;403;0;3695;3692;3692;3699;3689;3693;3697;3692;3695;0;0;0;36
$1;1;4708000;2;0;1483;48327;33493;19427;403;0;3695;3692;3692;3699;3688;3693;3696;3692;3695;0;0;0;41
$1;1;4709000;2;0;1470;48332;33489;19431;403;0;3695;3692;3692;3699;3688;3693;3697;3692;3695;0;0;0;45
$1;1;4710000;2;0;1448;48346;33483;19435;403;0;3695;3692;3692;3698;3688;3693;3696;3691;3695;0;0;0;32
$1;1;4711000;2;0;1430;48355;33478;19439;402;0;3694;3691;3692;3698;3688;3693;3696;3691;3694;0;0;0;38
$1;1;4712000;2;0;1439;48352;33481;19444;402;0;3695;3692;3692;3699;3688;3693;3696;3691;3694;0;0;0;36
$1;1;4713000;2;0;1469;48336;33490;19448;402;0;3695;3692;3692;3699;3688;3693;3697;3692;3695;0;0;0;45
$1;1;4714000;2;0;1481;48330;33494;19452;402;0;3695;3692;3692;3699;3688;3693;3697;3692;3695;0;0;0;37
$1;1;4715000;2;0;1498;48319;33500;19456;402;0;3696;3692;3693;3700;3689;3694;3697;3692;3695;0;0;0;42
$1;1;4716000;2;0;1450;48344;33485;19460;402;0;3695;3692;3692;3699;3688;3693;3696;3692;3695;0;0;0;40
$1;1;4717000;2;0;1496;48321;33501;19465;402;0;3696;3693;3693;3700;3689;3694;3697;3693;3696;0;0;0;47
$1;1;4718000;2;0;1499;48318;33501;19469;401;0;3696;3693;3693;3700;3689;3694;3698;3693;3696;0;0;0;37
$1;1;4719000;2;0;1499;48318;33501;19473;401;0;3696;3693;3693;3700;3689;3694;3697;3693;3696;0;0;0;32
$1;1;4720000;2;0;1465;48337;33491;19476;401;0;3695;3692;3693;3700;3689;3693;3697;3692;3695;0;0;0;46
$1;1;4721000;2;0;1495;48319;33501;19481;401;0;3696;3692;3693;3700;3689;3694;3697;3693;3696;0;0;0;42
$1;1;4722000;2;0;1465;48333;33491;19485;402;0;3695;3692;3693;3700;3689;3693;3697;3692;3695;0;0;0;39
$1;1;4723000;2;0;1492;48320;33500;19489;402;0;3696;3692;3693;3700;3689;3694;3697;3693;3696;0;0;0;47
$1;1;4724000;2;0;1456;48339;33489;19493;402;0;3695;3692;3692;3699;3688;3693;3696;3692;3695;0;0;0;37
$1;1;4725000;2;0;1495;48319;33502;19497;402;0;3696;3693;3693;3700;3689;3694;3697;3693;3696;0;0;0;40
$1;1;4726000;2;0;1464;48335;33493;19501;402;0;3696;3692;3693;3700;3689;3694;3697;3692;3695;0;0;0;47
$1;1;4727000;2;0;1496;48318;33502;19505;402;0;3696;3693;3693;3701;3689;3694;3697;3693;3696;0;0;0;35
$1;1;4728000;2;0;1485;48325;33500;19510;401;0;3696;3693;3693;3700;3689;3694;3697;3693;3696;0;0;0;36
$1;1;4729000;2;0;1500;48315;33503;19514;401;0;3696;3693;3693;3701;3689;3694;3698;3693;3696;0;0;0;35
$1;1;4730000;2;0;1501;48315;33504;19518;401;0;3696;3693;3693;3700;3690;3694;3698;3693;3696;0;0;0;40
$1;1;4731000;2;0;1498;48316;33504;19522;401;0;3696;3693;3693;3700;3689;3694;3698;3693;3696;0;0;0;42
$1;1;4732000;2;0;1501;48313;33505;19526;401;0;3696;3693;3693;3700;3689;3694;3698;3693;3696;0;0;0;40
$1;1;4733000;2;0;1498;48315;33505;19530;401;0;3696;3693;3693;3701;3689;3694;3698;3693;3696;0;0;0;40
$1;1;4734000;2;0;1499;48315;33506;19534;400;0;3696;3693;3693;3701;3690;3695;3698;3693;3696;0;0;0;33
$1;1;4735000;2;0;1500;48315;33507;19539;400;0;3697;3693;3694;3701;3690;3694;3698;3693;3697;0;0;0;43
$1;1;4736000;2;0;1449;48341;33491;19543;400;0;3696;3693;3693;3700;3689;3694;3697;3693;3696;0;0;0;39
$1;1;4737000;2;0;1456;48338;33493;19547;400;0;3696;3693;3693;3700;3689;3694;3697;3693;3696;0;0;0;32
$1;1;4738000;2;0;1485;48324;33502;19550;400;0;3696;3693;3693;3700;3689;3694;3698;3693;3696;0;0;0;44
$1;1;4739000;2;0;1475;48327;33500;19554;401;0;3696;3693;3694;3700;3689;3694;3698;3693;3696;0;0;0;33
$1;1;4740000;2;0;1440;48345;33489;19559;401;0;3696;3693;3693;3699;3689;3694;3697;3692;3696;0;0;0;40
$1;1;4741000;2;0;1490;48318;33505;19563;401;0;3696;3693;3693;3701;3690;3694;3698;3693;3696;0;0;0;38
$1;1;4742000;2;0;1500;48313;33509;19567;401;0;3697;3693;3694;3701;3690;3695;3698;3694;3697;0;0;0;47
$1;1;4743000;2;0;1500;48312;33509;19571;401;0;3697;3693;3694;3701;3690;3695;3698;3694;3697;0;0;0;40
$1;1;4744000;2;0;1461;48333;33498;19575;400;0;3696;3693;3694;3700;3689;3694;3697;3693;3696;0;0;0;38
$1;1;4745000;2;0;1485;48320;33505;19578;400;0;3697;3693;3693;3701;3690;3695;3698;3693;3697;0;0;0;39
$1;1;4746000;2;0;1487;48320;33507;19583;400;0;3697;3693;3694;3701;3690;3695;3698;3693;3697;0;0;0;39
$1;1;4747000;2;0;1460;48335;33498;19587;400;0;3696;3693;3693;3700;3689;3694;3698;3693;3696;0;0;0;39
$1;1;4748000;2;0;1439;48347;33491;19590;400;0;3696;3693;3693;3700;3689;3694;3697;3693;3696;0;0;0;33
$1;1;4749000;2;0;1477;48328;33503;19594;400;0;3696;3693;3693;3700;3690;3694;3698;3693;3696;0;0;0;42
$1;1;4750000;2;0;1497;48316;33510;19599;400;0;3697;3694;3694;3701;3690;3695;3698;3694;3697;0;0;0;41
$1;1;4751000;2;0;1484;48324;33506;19603;400;0;3697;3693;3694;3701;3690;3695;3698;3694;3697;0;0;0;43
$1;1;4752000;2;0;1472;48331;33502;19606;400;0;3696;3693;3694;3701;3690;3695;3698;3693;3696;0;0;0;35
$1;128;4752000;312;131;16;14;13;16;12;14;16;14;16;0;0;0;22
$1;1;4753000;2;0;1444;48345;33494;19611;399;0;3696;3693;3694;3700;3690;3694;3698;3693;3696;0;0;0;43
$1;1;4754000;2;0;1440;48348;33494;19615;399;0;3696;3693;3693;3700;3690;3694;3698;3693;3696;0;0;0;38
$1;1;4755000;2;0;1478;48328;33506;19619;399;0;3697;3693;3694;3701;3690;3695;3698;3693;3697;0;0;0;43
$1;1;4756000;2;0;1430;48351;33490;19623;400;0;3696;3693;3693;3700;3689;3694;3697;3693;3696;0;0;0;42
$1;1;4757000;2;0;1472;48329;33503;19627;400;0;3697;3694;3694;3701;3690;3695;3698;3693;3696;0;0;0;43
$1;1;4758000;2;0;1479;48324;33506;19632;400;0;3697;3694;3694;3701;3690;3695;3698;3694;3696;0;0;0;36
$1;1;4759000;2;0;1496;48315;33512;19636;400;0;3697;3694;3694;3701;3690;3695;3699;3694;3697;0;0;0;39
$1;1;4760000;2;0;1404;48363;33484;19640;400;0;3696;3693;3693;3700;3689;3694;3697;3693;3695;0;0;0;42
$1;1;4761000;2;0;1494;48317;33513;19644;400;0;3697;3694;3694;3701;3690;3695;3699;3694;3697;0;0;0;40
$1;1;4762000;2;0;1466;48333;33503;19648;400;0;3697;3693;3694;3701;3690;3695;3698;3693;3697;0;0;0;44
$1;1;4763000;2;0;1497;48315;33513;19652;400;0;3697;3694;3694;3701;3690;3695;3699;3694;3697;0;0;0;44
$1;1;4764000;2;0;1459;48335;33501;19657;400;0;3697;3694;3694;3701;3690;3695;3698;3694;3697;0;0;0;44
$1;1;4765000;2;0;1415;48361;33488;19661;399;0;3696;3693;3693;3700;3689;3694;3697;3693;3696;0;0;0;38
$1;1;4766000;2;0;1439;48347;33495;19665;399;0;3696;3693;3694;3700;3690;3694;3698;3693;3696;0;0;0;39
$1;1;4767000;2;0;1427;48354;33492;19669;399;0;3696;3693;3694;3701;3690;3694;3698;3693;3696;0;0;0;33
$1;1;4768000;2;0;1463;48335;33504;19673;399;0;3697;3693;3694;3701;3690;3695;3698;3694;3697;0;0;0;42
$1;1;4769000;2;0;1463;48335;33504;19677;399;0;3697;3694;3694;3701;3690;3695;3698;3694;3697;0;0;0;40
$1;1;4770000;2;0;1432;48353;33495;19681;399;0;3696;3693;3694;3701;3690;3694;3698;3693;3696;0;0;0;37
$1;1;4771000;2;0;1449;48344;33500;19685;399;0;3697;3693;3694;3701;3690;3695;3698;3693;3697;0;0;0;38
$1;1;4772000;2;0;1458;48338;33503;19690;399;0;3697;3694;3694;3700;3690;3695;3698;3694;3697;0;0;0;40
$1;1;4773000;2;0;1435;48348;33497;19693;399;0;3697;3694;3694;3700;3690;3695;3698;3693;3697;0;0;0;45
$1;1;4774000;2;0;1493;48317;33515;19697;400;0;3697;3694;3694;3702;3691;3696;3699;3694;3698;0;0;0;45
$1;1;4775000;2;0;1500;48313;33518;19702;400;0;3698;3694;3695;3702;3691;3696;3699;3694;3698;0;0;0;45
$1;1;4776000;2;0;1466;48331;33508;19706;399;0;3697;3694;3694;3702;3690;3695;3699;3694;3697;0;0;0;46
$1;1;4777000;2;0;1494;48317;33517;19710;400;0;3698;3695;3695;3702;3691;3696;3699;3694;3698;0;0;0;42
$1;1;4778000;2;0;1504;48311;33520;19714;399;0;3698;3695;3695;3702;3691;3696;3699;3695;3698;0;0;0;45
$1;1;4779000;2;0;1504;48313;33521;19718;399;0;3698;3695;3695;3702;3691;3696;3699;3695;3698;0;0;0;35
$1;1;4780000;2;0;1471;48331;33511;19723;399;0;3697;3694;3695;3702;3691;3696;3699;3694;3697;0;0;0;45
$1;1;4781000;2;0;1452;48339;33505;19727;399;0;3697;3694;3694;3702;3691;3695;3699;3694;3697;0;0;0;38
$1;1;4782000;2;0;1491;48321;33518;19731;399;0;3698;3695;3695;3702;3691;3696;3699;3695;3698;0;0;0;42
$1;1;4783000;2;0;1428;48353;33499;19735;399;0;3697;3694;3694;3701;3690;3695;3698;3694;3697;0;0;0;33
$1;1;4784000;2;0;1491;48321;33518;19739;399;0;3698;3695;3695;3702;3691;3696;3699;3695;3698;0;0;0;36
$1;1;4785000;2;0;1499;48317;33522;19743;399;0;3698;3695;3695;3702;3691;3696;3700;3695;3698;0;0;0;45
$1;1;4786000;2;0;1499;48316;33523;19747;399;0;3698;3695;3695;3702;3691;3696;3700;3695;3699;0;0;0;43
$1;1;4787000;2;0;1455;48339;33508;19751;398;0;3698;3695;3695;3702;3691;3696;3699;3694;3698;0;0;0;41
$1;1;4788000;2;0;1445;48345;33506;19756;398;0;3698;3695;3695;3701;3691;3696;3699;3694;3698;0;0;0;38
$1;1;4789000;2;0;1477;48330;33516;19760;398;0;3698;3695;3695;3702;3691;3696;3699;3695;3698;0;0;0;34
$1;1;4790000;2;0;1488;48323;33519;19764;398;0;3698;3695;3695;3702;3691;3696;3700;3695;3698;0;0;0;34
$1;1;4791000;2;0;1482;48323;33517;19768;399;0;3698;3695;3695;3702;3691;3696;3699;3695;3698;0;0;0;43
$1;1;4792000;2;0;1439;48347;33505;19772;399;0;3697;3694;3695;3701;3691;3695;3699;3694;3697;0;0;0;34
$1;1;4793000;2;0;1442;48343;33506;19776;399;0;3697;3694;3695;3702;3691;3696;3699;3694;3697;0;0;0;44
$1;1;4794000;2;0;1440;48346;33505;19780;399;0;3697;3694;3695;3702;3691;3695;3699;3694;3697;0;0;0;37
$1;1;4795000;2;0;1486;48323;33520;19783;399;0;3698;3695;3695;3702;3691;3696;3700;3695;3698;0;0;0;43
$1;1;4796000;2;0;1485;48323;33519;19788;399;0;3698;3695;3695;3702;3691;3696;3700;3695;3698;0;0;0;42
$1;1;4797000;2;0;1418;48356;33499;19792;399;0;3697;3694;3695;3702;3691;3695;3699;3694;3697;0;0;0;45
$1;1;4798000;2;0;1490;48319;33523;19796;399;0;3698;3695;3695;3702;3691;3696;3700;3695;3698;0;0;0;47
$1;1;4799000;2;0;1461;48335;33513;19800;399;0;3698;3695;3695;3702;3691;3696;3700;3695;3698;0;0;0;45
$1;1;4800000;2;0;1498;48315;33526;19804;399;0;3699;3695;3696;3703;3692;3697;3700;3695;3699;0;0;0;36
$1;1;4801000;2;0;1433;48348;33505;19808;398;0;3698;3695;3695;3702;3691;3696;3699;3694;3698;0;0;0;32
$1;1;4802000;2;0;1493;48316;33525;19812;398;0;3699;3695;3695;3703;3692;3697;3700;3695;3699;0;0;0;40
$1;1;4803000;2;0;1465;48331;33517;19816;398;0;3698;3695;3695;3702;3691;3696;3700;3695;3699;0;0;0;34
$1;1;4804000;2;0;1429;48351;33505;19820;398;0;3698;3694;3695;3702;3691;3696;3699;3694;3698;0;0;0;45
$1;1;4805000;2;0;1470;48330;33517;19824;398;0;3698;3695;3695;3702;3691;3696;3699;3695;3698;0;0;0;32
$1;1;4806000;2;0;1496;48315;33527;19828;398;0;3699;3696;3696;3702;3692;3697;3700;3695;3699;0;0;0;32
$1;1;4807000;2;0;1480;48325;33523;19832;398;0;3699;3695;3696;3703;3692;3697;3700;3695;3699;0;0;0;40
$1;1;4808000;2;0;1452;48335;33514;19836;398;0;3698;3695;3695;3702;3692;3697;3700;3695;3698;0;0;0;43
$1;1;4809000;2;0;1492;48315;33527;19840;399;0;3699;3696;3696;3703;3692;3697;3700;3696;3699;0;0;0;38
$1;1;4810000;2;0;1476;48323;33523;19844;399;0;3699;3696;3696;3702;3692;3697;3700;3696;3699;0;0;0;32
$1;1;4811000;2;0;1444;48340;33513;19848;399;0;3698;3695;3695;3702;3692;3696;3700;3695;3698;0;0;0;40
$1;1;4812000;2;0;1494;48315;33528;19852;399;0;3699;3696;3696;3703;3692;3697;3700;3696;3699;0;0;0;38
$1;128;4812000;313;130;16;14;13;15;12;14;16;14;16;0;0;0;30
$1;1;4813000;2;0;1501;48311;33531;19856;399;0;3699;3696;3696;3703;3692;3697;3701;3696;3699;0;0;0;35
$1;1;4814000;2;0;1488;48316;33527;19861;399;0;3699;3696;3696;3703;3692;3697;3700;3696;3699;0;0;0;33
$1;1;4815000;2;0;1497;48312;33531;19865;399;0;3699;3696;3696;3703;3692;3697;3701;3696;3699;0;0;0;40
$1;1;4816000;2;0;1502;48309;33533;19869;398;0;3699;3696;3696;3703;3692;3697;3701;3696;3699;0;0;0;35
$1;1;4817000;2;0;1499;48312;33533;19873;398;0;3699;3696;3696;3703;3693;3697;3701;3696;3700;0;0;0;32
$1;1;4818000;2;0;1477;48324;33525;19877;398;0;3699;3696;3696;3703;3692;3697;3700;3696;3699;0;0;0;40
$1;1;4819000;2;0;1434;48346;33512;19882;398;0;3698;3695;3696;3703;3692;3696;3700;3695;3698;0;0;0;37
$1;1;4820000;2;0;1457;48335;33519;19886;398;0;3699;3695;3696;3703;3692;3697;3700;3695;3699;0;0;0;32
$1;1;4821000;2;0;1495;48314;33533;19890;398;0;3699;3696;3696;3703;3693;3697;3701;3696;3699;0;0;0;35
$1;1;4822000;2;0;1500;48310;33535;19894;398;0;3700;3696;3697;3703;3693;3698;3701;3696;3700;0;0;0;37
$1;1;4823000;2;0;1487;48318;33531;19898;398;0;3700;3696;3697;3703;3693;3698;3701;3696;3699;0;0;0;43
$1;1;4824000;2;0;1490;48318;33532;19902;397;0;3700;3696;3696;3703;3693;3697;3701;3696;3700;0;0;0;43
$1;1;4825000;2;0;1500;48314;33536;19906;397;0;3700;3696;3697;3703;3693;3698;3701;3697;3700;0;0;0;33
$1;1;4826000;2;0;1499;48310;33536;19910;398;0;3700;3696;3697;3703;3693;3698;3701;3697;3700;0;0;0;47
$1;1;4827000;2;0;1498;48309;33537;19914;398;0;3700;3696;3697;3703;3693;3698;3701;3697;3700;0;0;0;34
$1;1;4828000;2;0;1499;48310;33537;19919;398;0;3700;3696;3697;3703;3693;3698;3701;3697;3700;0;0;0;41
$1;1;4829000;2;0;1499;48310;33537;19923;398;0;3700;3697;3697;3703;3693;3698;3701;3697;3700;0;0;0;32
$1;1;4830000;2;0;1501;48309;33538;19927;398;0;3700;3697;3697;3703;3693;3698;3701;3697;3700;0;0;0;43
$1;1;4831000;2;0;1499;48311;33538;19931;398;0;3700;3697;3697;3703;3693;3698;3701;3697;3700;0;0;0;36
$1;1;4832000;2;0;1500;48310;33539;19935;398;0;3700;3697;3697;3704;3693;3698;3701;3697;3700;0;0;0;37
$1;1;4833000;2;0;1498;48311;33538;19939;398;0;3700;3697;3697;3704;3693;3698;3702;3697;3700;0;0;0;43
$1;1;4834000;2;0;1500;48312;33540;19944;398;0;3700;3697;3697;3704;3693;3698;3702;3697;3700;0;0;0;42
$1;1;4835000;2;0;1501;48311;33540;19948;398;0;3700;3697;3697;3704;3693;3698;3702;3697;3700;0;0;0;37
$1;1;4836000;2;0;1501;48312;33540;19952;398;0;3700;3697;3697;3704;3693;3698;3702;3697;3700;0;0;0;46
$1;1;4837000;2;0;1501;48312;33541;19956;397;0;3700;3697;3697;3704;3694;3698;3702;3697;3700;0;0;0;34
$1;1;4838000;2;0;1500;48312;33542;19960;397;0;3700;3697;3697;3704;3693;3698;3702;3697;3700;0;0;0;45
$1;1;4839000;2;0;1500;48313;33542;19964;397;0;3700;3697;3697;3704;3693;3698;3702;3697;3700;0;0;0;41
$1;1;4840000;2;0;1498;48315;33542;19969;397;0;3700;3697;3697;3704;3693;3699;3702;3697;3701;0;0;0;44
$1;1;4841000;2;0;1499;48314;33542;19973;397;0;3700;3697;3697;3704;3694;3698;3702;3697;3701;0;0;0;32
$1;1;4842000;2;0;1501;48313;33544;19977;397;0;3701;3697;3698;3704;3694;3699;3702;3697;3700;0;0;0;40
$1;1;4843000;2;0;1501;48312;33543;19981;397;0;3700;3697;3697;3704;3694;3698;3702;3697;3701;0;0;0;40
$1;1;4844000;2;0;1499;48312;33543;19985;398;0;3700;3697;3698;3704;3694;3699;3702;3697;3701;0;0;0;42
$1;1;4845000;2;0;1499;48312;33544;19989;398;0;3701;3697;3697;3704;3694;3699;3702;3698;3701;0;0;0;33
$1;1;4846000;2;0;1501;48310;33545;19993;398;0;3701;3697;3698;3704;3694;3699;3702;3697;3701;0;0;0;42
$1;1;4847000;2;0;1498;48312;33544;19998;398;0;3701;3697;3698;3704;3694;3699;3702;3697;3701;0;0;0;34
$1;1;4848000;2;0;1500;48310;33546;20002;398;0;3701;3697;3698;3704;3694;3699;3702;3697;3701;0;0;0;45
$1;1;4849000;2;0;1500;48309;33545;20006;398;0;3701;3697;3698;3704;3694;3699;3702;3698;3701;0;0;0;44
$1;1;4850000;2;0;1500;48308;33546;20010;398;0;3701;3698;3698;3704;3694;3699;3702;3698;3701;0;0;0;46
$1;1;4851000;2;0;1501;48309;33547;20014;398;0;3701;3697;3698;3704;3694;3699;3702;3698;3701;0;0;0;37
$1;1;4852000;2;0;1500;48309;33546;20018;398;0;3701;3698;3698;3704;3694;3699;3702;3698;3701;0;0;0;37
$1;1;4853000;2;0;1499;48310;33546;20023;397;0;3701;3698;3698;3704;3694;3699;3702;3698;3701;0;0;0;42
$1;1;4854000;2;0;1501;48308;33547;20027;397;0;3701;3698;3698;3705;3694;3699;3702;3698;3701;0;0;0;32
$1;1;4855000;2;0;1499;48310;33547;20031;397;0;3701;3698;3698;3704;3694;3699;3702;3698;3701;0;0;0;46
$1;1;4856000;2;0;1499;48310;33547;20035;397;0;3701;3697;3698;3704;3694;3699;3702;3698;3701;0;0;0;38
$1;1;4857000;2;0;1501;48309;33549;20039;397;0;3701;3698;3698;3704;3694;3699;3702;3698;3701;0;0;0;34
$1;1;4858000;2;0;1500;48311;33549;20043;397;0;3701;3698;3698;3704;3694;3699;3703;3698;3701;0;0;0;41
$1;1;4859000;2;0;1500;48312;33549;20048;397;0;3701;3698;3698;3704;3694;3699;3703;3698;3701;0;0;0;32
$1;1;4860000;2;0;1499;48314;33549;20052;397;0;3701;3698;3698;3705;3694;3699;3703;3698;3701;0;0;0;39
$1;1;4861000;2;0;1499;48311;33549;20056;397;0;3701;3698;3698;3705;3694;3699;3703;3698;3701;0;0;0;39
$1;1;4862000;2;0;1501;48310;33549;20060;398;0;3701;3698;3698;3705;3694;3699;3703;3698;3701;0;0;0;47
$1;1;4863000;2;0;1499;48311;33549;20064;398;0;3701;3698;3698;3705;3694;3699;3703;3698;3701;0;0;0;43
$1;1;4864000;2;0;1499;48313;33550;20068;398;0;3701;3698;3698;3705;3695;3699;3703;3698;3701;0;0;0;43
$1;1;4865000;2;0;1499;48310;33550;20073;397;0;3701;3698;3698;3705;3695;3699;3703;3698;3701;0;0;0;44
$1;1;4866000;2;0;1498;48311;33550;20077;397;0;3701;3698;3698;3705;3694;3699;3703;3698;3701;0;0;0;42
$1;1;4867000;2;0;1501;48307;33551;20081;398;0;3701;3698;3698;3705;3695;3699;3703;3698;3701;0;0;0;43
$1;1;4868000;2;0;1499;48309;33551;20085;398;0;3701;3698;3698;3705;3695;3700;3703;3698;3701;0;0;0;47
$1;1;4869000;2;0;1501;48309;33553;20089;397;0;3702;3698;3699;3705;3695;3700;3703;3699;3702;0;0;0;47
$1;1;4870000;2;0;1500;48310;33553;20093;398;0;3702;3698;3698;3705;3695;3700;3703;3699;3702;0;0;0;43
$1;1;4871000;2;0;1501;48309;33552;20098;397;0;3702;3698;3699;3705;3695;3700;3703;3699;3701;0;0;0;36
$1;1;4872000;2;0;1499;48310;33552;20102;397;0;3702;3698;3699;3705;3695;3700;3703;3699;3701;0;0;0;45
$1;128;4872000;310;132;17;14;13;16;12;14;16;14;16;0;0;0;27
$1;1;4873000;2;0;1499;48311;33553;20106;397;0;3702;3698;3699;3705;3695;3700;3703;3699;3702;0;0;0;43
$1;1;4874000;2;0;1500;48309;33555;20110;397;0;3702;3699;3699;3705;3695;3700;3703;3699;3702;0;0;0;36
$1;1;4875000;2;0;1499;48311;33555;20114;397;0;3702;3698;3699;3705;3695;3700;3703;3699;3702;0;0;0;40
$1;1;4876000;2;0;1500;48309;33555;20118;397;0;3702;3698;3699;3705;3695;3700;3703;3699;3702;0;0;0;47
$1;1;4877000;2;0;1499;48310;33555;20123;396;0;3702;3699;3699;3705;3695;3700;3703;3699;3702;0;0;0;47
$1;1;4878000;2;0;1499;48310;33556;20127;396;0;3702;3699;3699;3705;3695;3700;3703;3699;3702;0;0;0;39
$1;1;4879000;2;0;1499;48307;33556;20131;397;0;3702;3699;3699;3706;3695;3700;3703;3699;3702;0;0;0;37
$1;1;4880000;2;0;1499;48308;33555;20135;397;0;3702;3699;3699;3705;3695;3700;3703;3699;3702;0;0;0;40
$1;1;4881000;2;0;1499;48308;33556;20139;398;0;3702;3699;3699;3705;3695;3700;3703;3699;3702;0;0;0;41
$1;1;4882000;2;0;1499;48309;33557;20143;398;0;3702;3699;3699;3706;3695;3700;3703;3699;3702;0;0;0;36
$1;1;4883000;2;0;1481;48319;33551;20148;398;0;3702;3699;3699;3705;3695;3700;3703;3699;3702;0;0;0;35
$1;1;4884000;2;0;1477;48321;33550;20152;398;0;3702;3698;3699;3705;3695;3700;3703;3699;3702;0;0;0;45
$1;1;4885000;2;0;1499;48310;33558;20156;398;0;3702;3699;3699;3706;3695;3700;3704;3699;3702;0;0;0;39
$1;1;4886000;2;0;1498;48310;33559;20160;397;0;3702;3699;3699;3706;3695;3700;3704;3699;3702;0;0;0;46
$1;1;4887000;2;0;1500;48309;33559;20164;397;0;3702;3699;3699;3706;3695;3700;3704;3699;3702;0;0;0;35
$1;1;4888000;2;0;1498;48311;33559;20168;397;0;3702;3699;3699;3706;3695;3700;3704;3699;3702;0;0;0;41
$1;1;4889000;2;0;1502;48309;33560;20173;397;0;3702;3699;3699;3706;3696;3700;3704;3699;3702;0;0;0;32
$1;1;4890000;2;0;1500;48312;33559;20177;397;0;3702;3699;3699;3706;3695;3700;3704;3699;3702;0;0;0;45
$1;1;4891000;2;0;1499;48313;33561;20181;397;0;3702;3699;3699;3706;3695;3700;3704;3699;3702;0;0;0;46
$1;1;4892000;2;0;1502;48311;33561;20185;397;0;3702;3699;3699;3706;3696;3701;3704;3700;3702;0;0;0;43
$1;1;4893000;2;0;1501;48311;33561;20189;397;0;3703;3699;3700;3706;3696;3701;3704;3700;3703;0;0;0;36
$1;1;4894000;2;0;1502;48312;33561;20193;397;0;3703;3699;3700;3706;3696;3701;3704;3699;3703;0;0;0;41
$1;1;4895000;2;0;1499;48314;33561;20197;397;0;3703;3699;3700;3706;3696;3701;3704;3700;3703;0;0;0;40
$1;1;4896000;2;0;1499;48314;33561;20202;396;0;3702;3699;3700;3706;3696;3701;3704;3700;3702;0;0;0;37
$1;1;4897000;2;0;1499;48312;33562;20206;397;0;3703;3699;3699;3706;3696;3701;3704;3700;3703;0;0;0;37
$1;1;4898000;2;0;1498;48314;33561;20210;397;0;3703;3699;3700;3706;3696;3701;3704;3700;3702;0;0;0;41
$1;1;4899000;2;0;1499;48310;33562;20214;397;0;3703;3700;3700;3706;3696;3701;3704;3700;3703;0;0;0;42
$1;1;4900000;2;0;1454;48334;33549;20218;397;0;3702;3699;3699;3706;3695;3700;3703;3699;3702;0;0;0;45
$1;1;4901000;2;0;1496;48313;33561;20223;397;0;3703;3700;3700;3706;3696;3701;3704;3700;3703;0;0;0;33
$1;1;4902000;2;0;1499;48312;33563;20227;397;0;3703;3699;3700;3706;3696;3701;3704;3700;3703;0;0;0;43
$1;1;4903000;2;0;1499;48312;33563;20231;397;0;3703;3700;3700;3706;3696;3701;3704;3700;3703;0;0;0;44
$1;1;4904000;2;0;1498;48313;33563;20235;397;0;3703;3700;3700;3706;3696;3701;3704;3700;3703;0;0;0;47
$1;1;4905000;2;0;1500;48312;33564;20239;397;0;3703;3699;3700;3707;3696;3701;3704;3700;3703;0;0;0;36
$1;1;4906000;2;0;1487;48320;33561;20243;397;0;3703;3699;3700;3706;3696;3701;3704;3700;3703;0;0;0;33
$1;1;4907000;2;0;1454;48338;33551;20247;397;0;3702;3699;3699;3706;3696;3700;3704;3699;3702;0;0;0;33
$1;1;4908000;2;0;1494;48318;33563;20251;397;0;3703;3700;3700;3706;3696;3701;3704;3700;3703;0;0;0;38
$1;1;4909000;2;0;1466;48334;33555;20255;397;0;3703;3699;3700;3706;3696;3701;3704;3699;3702;0;0;0;36
$1;1;4910000;2;0;1498;48318;33565;20259;397;0;3703;3700;3700;3707;3696;3701;3704;3700;3703;0;0;0;44
$1;1;4911000;2;0;1469;48334;33557;20263;397;0;3703;3700;3700;3706;3696;3701;3704;3700;3702;0;0;0;37
$1;1;4912000;2;0;1483;48327;33561;20268;397;0;3703;3700;3700;3706;3696;3701;3704;3700;3703;0;0;0;47
$1;1;4913000;2;0;1497;48318;33566;20272;397;0;3703;3700;3700;3707;3696;3701;3705;3700;3703;0;0;0;43
$1;1;4914000;2;0;1500;48316;33567;20276;397;0;3703;3700;3700;3707;3696;3701;3704;3700;3703;0;0;0;41
$1;1;4915000;2;0;1500;48312;33567;20280;397;0;3703;3700;3700;3707;3696;3701;3704;3700;3703;0;0;0;37
$1;1;4916000;2;0;1463;48334;33556;20284;397;0;3703;3700;3700;3706;3696;3701;3704;3700;3703;0;0;0;33
$1;1;4917000;2;0;1475;48330;33560;20288;397;0;3703;3700;3700;3706;3696;3701;3704;3700;3703;0;0;0;42
$1;1;4918000;2;0;1497;48319;33566;20293;397;0;3703;3700;3700;3707;3696;3701;3705;3700;3703;0;0;0;46
$1;1;4919000;2;0;1478;48328;33561;20297;397;0;3703;3700;3700;3707;3696;3701;3704;3700;3703;0;0;0;46
$1;1;4920000;2;0;1485;48324;33564;20301;397;0;3703;3700;3700;3707;3696;3701;3705;3700;3703;0;0;0;32
$1;1;4921000;2;0;1500;48315;33570;20305;397;0;3703;3700;3701;3707;3697;3701;3705;3700;3704;0;0;0;41
$1;1;4922000;2;0;1458;48339;33557;20309;396;0;3703;3700;3700;3707;3696;3701;3704;3700;3703;0;0;0;38
$1;1;4923000;2;0;1497;48318;33569;20313;396;0;3703;3700;3700;3707;3696;3701;3705;3700;3703;0;0;0;32
$1;1;4924000;2;0;1500;48317;33571;20317;396;0;3704;3700;3700;3707;3696;3702;3705;3701;3704;0;0;0;40
$1;1;4925000;2;0;1499;48319;33571;20322;396;0;3704;3700;3700;3707;3697;3702;3705;3701;3703;0;0;0;38
$1;1;4926000;2;0;1502;48318;33572;20326;396;0;3704;3700;3701;3707;3697;3702;3705;3701;3704;0;0;0;38
$1;1;4927000;2;0;1500;48320;33573;20330;396;0;3704;3701;3701;3707;3697;3702;3705;3701;3704;0;0;0;41
$1;1;4928000;2;0;1500;48318;33572;20334;396;0;3704;3701;3701;3707;3697;3702;3705;3701;3704;0;0;0;40
$1;1;4929000;2;0;1452;48339;33557;20338;396;0;3703;3700;3700;3707;3696;3701;3705;3700;3703;0;0;0;36
$1;1;4930000;2;0;1493;48317;33570;20342;397;0;3704;3700;3701;3707;3697;3702;3705;3701;3704;0;0;0;38
$1;1;4931000;2;0;1477;48327;33565;20347;397;0;3703;3700;3701;3707;3697;3702;3705;3700;3703;0;0;0;46
$1;1;4932000;2;0;1497;48315;33572;20351;398;0;3704;3701;3701;3708;3697;3702;3705;3701;3704;0;0;0;35
$1;128;4932000;310;129;16;14;13;15;11;14;16;14;16;0;0;0;21
$1;1;4933000;2;0;1501;48311;33573;20355;398;0;3704;3701;3701;3708;3697;3702;3706;3701;3704;0;0;0;46
$1;1;4934000;2;0;1498;48313;33573;20359;398;0;3704;3701;3701;3708;3697;3702;3706;3701;3704;0;0;0;38
$1;1;4935000;2;0;1487;48319;33570;20363;398;0;3704;3700;3701;3708;3697;3702;3705;3701;3704;0;0;0;43
$1;1;4936000;2;0;1450;48338;33558;20367;398;0;3703;3700;3700;3708;3696;3701;3705;3700;3703;0;0;0;45
$1;1;4937000;2;0;1463;48333;33563;20371;398;0;3703;3701;3701;3707;3697;3702;3705;3701;3703;0;0;0;36
$1;1;4938000;2;0;1493;48319;33573;20375;398;0;3704;3701;3701;3708;3697;3702;3706;3701;3704;0;0;0;37
$1;1;4939000;2;0;1483;48326;33570;20379;399;0;3704;3701;3701;3708;3697;3702;3706;3701;3704;0;0;0;39
$1;1;4940000;2;0;1501;48316;33576;20384;399;0;3704;3701;3701;3708;3697;3702;3706;3701;3704;0;0;0;37
$1;1;4941000;2;0;1472;48333;33568;20388;399;0;3704;3701;3701;3708;3697;3702;3706;3701;3704;0;0;0;37
$1;1;4942000;2;0;1498;48319;33576;20392;399;0;3704;3701;3701;3708;3697;3702;3706;3701;3704;0;0;0;46
$1;1;4943000;2;0;1498;48319;33577;20396;399;0;3704;3701;3701;3708;3697;3702;3706;3701;3704;0;0;0;42
$1;1;4944000;2;0;1498;48319;33577;20400;399;0;3704;3701;3701;3708;3697;3703;3706;3701;3704;0;0;0;36
$1;1;4945000;2;0;1499;48319;33577;20405;400;0;3704;3701;3701;3708;3697;3703;3706;3701;3704;0;0;0;38
$1;1;4946000;2;0;1468;48336;33569;20409;400;0;3704;3701;3701;3708;3697;3702;3706;3701;3704;0;0;0;36
$1;1;4947000;2;0;1500;48316;33579;20413;401;0;3704;3701;3701;3708;3697;3703;3706;3701;3704;0;0;0;34
$1;1;4948000;2;0;1483;48325;33573;20417;402;0;3704;3701;3701;3708;3697;3703;3706;3701;3704;0;0;0;42
$1;1;4949000;2;0;1487;48323;33575;20421;402;0;3704;3701;3701;3708;3697;3703;3706;3701;3704;0;0;0;42
$1;1;4950000;2;0;1499;48317;33579;20425;403;0;3704;3701;3701;3708;3697;3703;3706;3702;3704;0;0;0;32
$1;1;4951000;2;0;1503;48316;33581;20430;404;0;3705;3701;3702;3709;3697;3703;3707;3702;3705;0;0;0;37
$1;1;4952000;2;0;1499;48315;33580;20434;404;0;3705;3701;3702;3709;3697;3703;3706;3702;3704;0;0;0;34
$1;1;4953000;2;0;1424;48354;33556;20438;404;0;3704;3701;3701;3708;3697;3702;3706;3701;3703;0;0;0;33
$1;1;4954000;2;0;1492;48317;33579;20442;405;0;3705;3702;3702;3708;3697;3703;3707;3702;3704;0;0;0;40
$1;1;4955000;2;0;1500;48312;33581;20446;405;0;3705;3702;3702;3709;3698;3703;3707;3702;3705;0;0;0;42
$1;1;4956000;2;0;1498;48316;33581;20450;406;0;3705;3702;3702;3709;3698;3703;3707;3702;3705;0;0;0;41
$1;1;4957000;2;0;1500;48316;33582;20454;406;0;3705;3701;3702;3709;3698;3703;3707;3702;3705;0;0;0;44
$1;1;4958000;2;0;1479;48328;33575;20459;406;0;3704;3701;3702;3709;3697;3703;3706;3702;3705;0;0;0;43
$1;1;4959000;2;0;1498;48317;33583;20463;406;0;3705;3702;3702;3709;3698;3703;3707;3702;3705;0;0;0;37
$1;1;4960000;2;0;1483;48323;33578;20467;407;0;3705;3702;3702;3709;3698;3703;3706;3702;3704;0;0;0;35
$1;1;4961000;2;0;1497;48315;33583;20471;407;0;3705;3702;3702;3709;3698;3703;3707;3702;3705;0;0;0;33
$1;1;4962000;2;0;1461;48335;33571;20475;407;0;3704;3701;3702;3708;3697;3703;3706;3701;3704;0;0;0;47
$1;1;4963000;2;0;1495;48318;33583;20479;407;0;3705;3702;3702;3709;3698;3703;3707;3702;3705;0;0;0;36
$1;1;4964000;2;0;1472;48328;33574;20484;408;0;3705;3702;3702;3709;3698;3703;3707;3701;3705;0;0;0;47
$1;1;4965000;2;0;1425;48353;33561;20488;408;0;3704;3701;3701;3708;3697;3703;3706;3701;3704;0;0;0;39
$1;1;4966000;2;0;1450;48343;33569;20492;409;0;3704;3701;3702;3708;3697;3703;3706;3701;3704;0;0;0;38
$1;1;4967000;2;0;1491;48323;33582;20496;409;0;3705;3702;3702;3709;3698;3703;3707;3702;3705;0;0;0;34
$1;1;4968000;2;0;1446;48347;33568;20500;409;0;3704;3701;3702;3708;3697;3703;3706;3701;3704;0;0;0;32
$1;1;4969000;2;0;1496;48319;33585;20504;409;0;3705;3702;3702;3709;3698;3703;3707;3702;3705;0;0;0;47
$1;1;4970000;2;0;1502;48317;33585;20508;409;0;3705;3702;3702;3710;3698;3704;3707;3702;3705;0;0;0;38
$1;1;4971000;2;0;1477;48331;33579;20512;409;0;3705;3702;3702;3709;3698;3703;3707;3702;3705;0;0;0;39
$1;1;4972000;2;0;1481;48330;33580;20516;409;0;3705;3702;3702;3709;3698;3703;3707;3702;3705;0;0;0;46
$1;1;4973000;2;0;1448;48346;33570;20521;409;0;3705;3702;3702;3709;3698;3703;3706;3702;3705;0;0;0;33
$1;1;4974000;2;0;1467;48339;33577;20525;409;0;3705;3702;3702;3709;3698;3703;3707;3702;3705;0;0;0;33
$1;1;4975000;2;0;1445;48348;33569;20529;409;0;3705;3702;3702;3709;3698;3703;3706;3702;3705;0;0;0;36
$1;1;4976000;2;0;1469;48337;33578;20533;409;0;3705;3702;3702;3709;3698;3703;3707;3702;3705;0;0;0;43
$1;1;4977000;2;0;1489;48326;33585;20536;409;0;3705;3702;3702;3709;3698;3704;3707;3702;3705;0;0;0;36
$1;1;4978000;2;0;1497;48323;33587;20541;409;0;3706;3702;3702;3710;3698;3704;3707;3702;3705;0;0;0;40
$1;1;4979000;2;0;1446;48347;33571;20545;409;0;3705;3702;3702;3709;3698;3703;3707;3702;3705;0;0;0;38
$1;1;4980000;2;0;1440;48349;33570;20549;410;0;3705;3702;3702;3709;3698;3703;3706;3702;3704;0;0;0;45
$1;1;4981000;2;0;1488;48325;33585;20553;410;0;3705;3702;3702;3709;3698;3704;3707;3702;3705;0;0;0;36
$1;1;4982000;2;0;1498;48321;33589;20557;410;0;3706;3702;3703;3710;3699;3704;3708;3703;3706;0;0;0;44
$1;1;4983000;2;0;1461;48338;33577;20561;410;0;3705;3702;3702;3709;3698;3703;3707;3702;3705;0;0;0;38
$1;1;4984000;2;0;1458;48339;33577;20565;410;0;3705;3702;3702;3709;3698;3703;3707;3702;3705;0;0;0;46
$1;1;4985000;2;0;1483;48327;33585;20569;410;0;3705;3702;3702;3709;3699;3704;3707;3702;3706;0;0;0;34
$1;1;4986000;2;0;1481;48328;33584;20574;410;0;3705;3702;3702;3710;3699;3704;3707;3702;3705;0;0;0;42
$1;1;4987000;2;0;1425;48359;33567;20578;410;0;3705;3702;3702;3709;3698;3703;3706;3702;3705;0;0;0;45
$1;1;4988000;2;0;1465;48338;33580;20582;410;0;3705;3702;3702;3709;3698;3703;3707;3702;3705;0;0;0;44
$1;1;4989000;2;0;1485;48327;33586;20586;410;0;3706;3703;3703;3710;3699;3704;3707;3703;3706;0;0;0;32
$1;1;4990000;2;0;1501;48315;33592;20590;409;0;3706;3703;3703;3710;3699;3704;3708;3703;3706;0;0;0;33
$1;1;4991000;2;0;1466;48335;33581;20594;409;0;3706;3703;3703;3710;3699;3704;3707;3703;3705;0;0;0;40
$1;1;4992000;2;0;1444;48346;33574;20598;409;0;3705;3702;3702;3710;3699;3703;3707;3702;3705;0;0;0;44
$1;1;4993000;2;0;1444;48348;33575;20603;409;0;3705;3702;3703;3710;3698;3704;3707;3702;3705;0;0;0;36
$1;128;4993000;312;132;17;14;13;16;12;14;16;14;16;0;0;0;23
$1;1;4994000;2;0;1494;48323;33591;20607;409;0;3706;3703;3703;3710;3699;3704;3708;3703;3706;0;0;0;35
$1;1;4995000;2;0;1482;48328;33587;20611;409;0;3706;3703;3703;3710;3699;3704;3708;3703;3706;0;0;0;46
$1;1;4996000;2;0;1428;48355;33570;20615;409;0;3705;3702;3702;3710;3698;3703;3707;3702;3705;0;0;0;35
$1;1;4997000;2;0;1447;48342;33576;20619;409;0;3705;3702;3703;3710;3699;3704;3707;3702;3705;0;0;0;32
$1;1;4998000;2;0;1492;48318;33591;20623;409;0;3706;3703;3703;3711;3699;3704;3708;3703;3706;0;0;0;38
$1;1;4999000;2;0;1428;48353;33572;20627;409;0;3705;3702;3703;3710;3699;3704;3707;3702;3705;0;0;0;46
$1;1;5000000;2;0;1434;48352;33574;20631;409;0;3705;3702;3703;3710;3699;3704;3707;3702;3705;0;0;0;43
$1;1;5001000;2;0;1443;48348;33577;20635;409;0;3705;3703;3703;3710;3699;3704;3707;3703;3706;0;0;0;37
$1;1;5002000;2;0;1482;48328;33589;20640;409;0;3706;3703;3703;3710;3699;3704;3708;3703;3706;0;0;0;34
$1;1;5003000;2;0;1478;48331;33587;20643;409;0;3706;3703;3703;3710;3699;3704;3708;3703;3706;0;0;0;35
$1;1;5004000;2;0;1459;48342;33583;20647;409;0;3706;3703;3703;3710;3699;3704;3707;3703;3706;0;0;0;44
$1;1;5005000;2;0;1453;48347;33581;20651;408;0;3706;3703;3703;3710;3699;3704;3707;3703;3706;0;0;0;38
$1;1;5006000;2;0;1445;48350;33579;20654;408;0;3706;3703;3703;3710;3699;3704;3707;3703;3706;0;0;0;38
$1;1;5007000;2;0;1418;48366;33571;20658;407;0;3705;3703;3703;3709;3699;3704;3707;3702;3705;0;0;0;40
$1;1;5008000;2;0;1439;48354;33578;20662;407;0;3706;3703;3703;3710;3699;3704;3707;3703;3706;0;0;0;44
$1;1;5009000;2;0;1491;48327;33594;20666;407;0;3706;3703;3703;3710;3700;3705;3708;3703;3707;0;0;0;35
$1;1;5010000;2;0;1490;48325;33595;20669;407;0;3707;3703;3703;3711;3700;3704;3708;3703;3707;0;0;0;39
$1;1;5011000;2;0;1456;48343;33585;20673;407;0;3706;3703;3703;3710;3699;3704;3708;3703;3706;0;0;0;38
$1;1;5012000;2;0;1485;48327;33593;20677;408;0;3706;3703;3704;3710;3700;3705;3708;3703;3706;0;0;0;34
$1;1;5013000;2;0;1497;48320;33597;20681;408;0;3707;3704;3704;3711;3700;3705;3708;3704;3707;0;0;0;43
$1;1;5014000;2;0;1499;48320;33598;20686;407;0;3707;3704;3704;3711;3700;3705;3708;3704;3707;0;0;0;37
$1;1;5015000;2;0;1499;48319;33599;20690;407;0;3707;3704;3704;3711;3700;3705;3708;3704;3707;0;0;0;40
$1;1;5016000;2;0;1499;48318;33599;20694;407;0;3707;3704;3704;3711;3700;3705;3708;3704;3707;0;0;0;46
$1;1;5017000;2;0;1447;48343;33584;20698;407;0;3706;3703;3703;3710;3699;3704;3708;3703;3706;0;0;0;36
$1;1;5018000;2;0;1494;48318;33598;20702;407;0;3707;3704;3704;3711;3700;3705;3708;3704;3707;0;0;0;34
$1;1;5019000;2;0;1498;48318;33599;20706;407;0;3707;3704;3704;3711;3700;3705;3708;3704;3707;0;0;0;42
$1;1;5020000;2;0;1490;48322;33599;20710;407;0;3707;3704;3704;3711;3700;3705;3708;3704;3707;0;0;0;38
$1;1;5021000;2;0;1465;48336;33590;20714;406;0;3707;3703;3704;3711;3700;3705;3708;3704;3707;0;0;0;35
$1;1;5022000;2;0;1436;48351;33582;20718;406;0;3706;3703;3703;3710;3699;3704;3708;3703;3706;0;0;0;41
$1;1;5023000;2;0;1494;48319;33600;20722;406;0;3707;3704;3704;3711;3700;3705;3709;3704;3707;0;0;0;43
$1;1;5024000;2;0;1452;48342;33587;20726;406;0;3707;3704;3703;3711;3700;3705;3708;3703;3707;0;0;0;33
$1;1;5025000;2;0;1411;48366;33575;20730;405;0;3706;3703;3703;3710;3699;3704;3707;3703;3706;0;0;0;33
$1;1;5026000;2;0;1489;48326;33599;20734;405;0;3707;3704;3704;3711;3700;3705;3708;3704;3707;0;0;0;40
$1;1;5027000;2;0;1489;48326;33599;20738;405;0;3707;3704;3704;3712;3700;3705;3709;3704;3707;0;0;0;39
$1;1;5028000;2;0;1429;48355;33582;20741;406;0;3706;3703;3704;3710;3699;3704;3708;3703;3706;0;0;0;34
$1;1;5029000;2;0;1467;48337;33593;20745;406;0;3707;3704;3704;3710;3700;3705;3708;3704;3707;0;0;0;41
$1;1;5030000;2;0;1464;48339;33593;20749;406;0;3707;3704;3704;3711;3700;3705;3708;3704;3707;0;0;0;33
$1;1;5031000;2;0;1466;48338;33594;20753;406;0;3707;3704;3704;3711;3700;3705;3708;3704;3707;0;0;0;47
$1;1;5032000;2;0;1421;48362;33581;20757;406;0;3706;3703;3704;3710;3699;3705;3708;3703;3706;0;0;0;32
$1;1;5033000;2;0;1425;48361;33581;20762;406;0;3706;3703;3704;3710;3700;3704;3708;3703;3706;0;0;0;32
$1;1;5034000;2;0;1492;48324;33602;20766;405;0;3707;3704;3704;3712;3700;3705;3709;3704;3707;0;0;0;39
$1;1;5035000;2;0;1485;48328;33601;20770;405;0;3707;3704;3704;3711;3700;3705;3709;3704;3707;0;0;0;43
$1;1;5036000;2;0;1497;48321;33605;20774;405;0;3708;3705;3705;3711;3701;3706;3709;3704;3708;0;0;0;32
$1;1;5037000;2;0;1447;48347;33589;20778;405;0;3707;3704;3704;3711;3700;3705;3708;3704;3707;0;0;0;36
$1;1;5038000;2;0;1494;48323;33605;20783;405;0;3708;3704;3705;3712;3701;3706;3709;3704;3708;0;0;0;37
$1;1;5039000;2;0;1501;48320;33607;20787;404;0;3708;3704;3705;3712;3701;3706;3709;3704;3708;0;0;0;45
$1;1;5040000;2;0;1452;48346;33593;20791;404;0;3707;3704;3704;3712;3700;3705;3708;3704;3707;0;0;0;47
$1;1;5041000;2;0;1468;48337;33597;20795;404;0;3707;3704;3704;3711;3700;3705;3709;3704;3707;0;0;0;35
$1;1;5042000;2;0;1446;48347;33591;20799;404;0;3707;3704;3704;3711;3700;3705;3708;3704;3707;0;0;0;32
$1;1;5043000;2;0;1453;48342;33594;20803;404;0;3707;3704;3704;3711;3700;3705;3708;3704;3707;0;0;0;41
$1;1;5044000;2;0;1495;48317;33608;20807;404;0;3708;3705;3705;3713;3701;3706;3709;3705;3708;0;0;0;38
$1;1;5045000;2;0;1476;48329;33602;20812;404;0;3707;3704;3705;3712;3701;3706;3709;3704;3707;0;0;0;40
$1;1;5046000;2;0;1498;48315;33610;20816;404;0;3708;3705;3705;3712;3701;3706;3709;3705;3708;0;0;0;35
$1;1;5047000;2;0;1451;48338;33595;20820;404;0;3707;3704;3704;3712;3701;3705;3709;3704;3707;0;0;0;33
$1;1;5048000;2;0;1495;48315;33609;20824;404;0;3708;3705;3705;3712;3701;3706;3709;3705;3708;0;0;0;41
$1;1;5049000;2;0;1500;48312;33611;20828;404;0;3708;3705;3705;3712;3701;3706;3710;3705;3708;0;0;0;47
$1;1;5050000;2;0;1463;48335;33599;20832;404;0;3708;3705;3705;3712;3701;3706;3709;3705;3708;0;0;0;38
$1;1;5051000;2;0;1439;48345;33592;20836;404;0;3707;3704;3704;3712;3701;3705;3709;3704;3707;0;0;0;34
$1;1;5052000;2;0;1455;48338;33597;20841;403;0;3707;3705;3705;3711;3701;3706;3709;3704;3708;0;0;0;44
$1;1;5053000;2;0;1466;48334;33602;20845;403;0;3708;3705;3705;3712;3701;3706;3709;3705;3708;0;0;0;39
$1;128;5053000;309;129;15;14;13;15;12;14;16;14;16;0;0;0;18
$1;1;5054000;2;0;1453;48341;33597;20849;403;0;3708;3705;3705;3712;3701;3706;3709;3704;3708;0;0;0;38
$1;1;5055000;2;0;1449;48343;33597;20853;403;0;3708;3705;3705;3712;3701;3706;3709;3704;3708;0;0;0;37
$1;1;5056000;2;0;1465;48336;33602;20857;403;0;3708;3705;3705;3712;3701;3706;3709;3705;3708;0;0;0;32
$1;1;5057000;2;0;1496;48320;33612;20861;403;0;3708;3705;3705;3712;3701;3706;3710;3705;3708;0;0;0;38
$1;1;5058000;2;0;1498;48319;33613;20865;402;0;3708;3705;3705;3713;3701;3707;3710;3705;3708;0;0;0;41
$1;1;5059000;2;0;1499;48317;33613;20869;402;0;3708;3705;3705;3713;3702;3707;3710;3705;3708;0;0;0;40
$1;1;5060000;2;0;1501;48316;33616;20874;402;0;3709;3705;3706;3712;3702;3707;3710;3705;3709;0;0;0;40
$1;1;5061000;2;0;1498;48315;33615;20878;402;0;3709;3705;3705;3713;3702;3707;3710;3705;3709;0;0;0;38
$1;1;5062000;2;0;1499;48314;33615;20882;403;0;3709;3705;3706;3712;3702;3707;3710;3706;3709;0;0;0;32
$1;1;5063000;2;0;1481;48324;33610;20886;403;0;3708;3705;3705;3712;3701;3706;3710;3705;3708;0;0;0;40
$1;1;5064000;2;0;1446;48339;33599;20890;402;0;3708;3705;3705;3713;3701;3706;3709;3705;3708;0;0;0;37
$1;1;5065000;2;0;1488;48318;33612;20894;402;0;3708;3705;3705;3713;3701;3706;3710;3705;3708;0;0;0;41
$1;1;5066000;2;0;1450;48341;33601;20898;402;0;3708;3705;3705;3712;3702;3706;3709;3705;3708;0;0;0;39
$1;1;5067000;2;0;1417;48359;33591;20902;402;0;3708;3705;3705;3712;3701;3706;3709;3705;3707;0;0;0;40
$1;1;5068000;2;0;1412;48364;33589;20906;402;0;3707;3704;3704;3711;3701;3705;3709;3704;3707;0;0;0;47
$1;1;5069000;2;0;1492;48320;33616;20910;402;0;3709;3705;3706;3713;3702;3707;3710;3705;3709;0;0;0;45
$1;1;5070000;2;0;1448;48345;33603;20915;402;0;3708;3705;3705;3712;3702;3706;3710;3705;3708;0;0;0;35
$1;1;5071000;2;0;1493;48321;33617;20919;402;0;3709;3706;3706;3713;3702;3707;3710;3706;3709;0;0;0;44
$1;1;5072000;2;0;1501;48317;33621;20923;401;0;3709;3706;3706;3713;3702;3707;3710;3706;3709;0;0;0;47
$1;1;5073000;2;0;1429;48355;33597;20927;401;0;3708;3705;3705;3712;3701;3706;3709;3705;3708;0;0;0;33
$1;1;5074000;2;0;1492;48323;33618;20931;401;0;3709;3706;3706;3713;3702;3707;3710;3706;3709;0;0;0;44
$1;1;5075000;2;0;1499;48318;33621;20935;401;0;3709;3706;3706;3713;3702;3707;3711;3706;3709;0;0;0;33
$1;1;5076000;2;0;1470;48333;33611;20939;400;0;3709;3706;3706;3713;3702;3707;3710;3706;3709;0;0;0;35
$1;1;5077000;2;0;1497;48319;33621;20944;400;0;3709;3706;3706;3713;3702;3707;3711;3706;3709;0;0;0;43
$1;1;5078000;2;0;1417;48360;33596;20948;401;0;3708;3705;3705;3712;3701;3706;3709;3705;3708;0;0;0;41
$1;1;5079000;2;0;1473;48332;33614;20952;401;0;3709;3705;3706;3713;3702;3707;3710;3706;3709;0;0;0;36
$1;1;5080000;2;0;1497;48318;33622;20956;401;0;3709;3706;3706;3713;3702;3707;3711;3706;3709;0;0;0;35
$1;1;5081000;2;0;1500;48314;33623;20960;401;0;3709;3706;3707;3713;3703;3707;3711;3706;3709;0;0;0;37
$1;1;5082000;2;0;1500;48314;33624;20964;401;0;3710;3706;3706;3713;3702;3708;3711;3706;3709;0;0;0;34
$1;1;5083000;2;0;1498;48314;33624;20969;401;0;3710;3706;3707;3713;3703;3708;3711;3706;3710;0;0;0;38
$1;1;5084000;2;0;1500;48311;33624;20973;401;0;3710;3706;3707;3713;3703;3708;3711;3706;3709;0;0;0;39
$1;1;5085000;2;0;1499;48313;33625;20977;400;0;3710;3706;3707;3713;3703;3708;3711;3707;3710;0;0;0;40
$1;1;5086000;2;0;1499;48314;33625;20981;400;0;3710;3706;3707;3713;3703;3708;3711;3707;3710;0;0;0;37
$1;1;5087000;2;0;1498;48312;33625;20985;400;0;3710;3706;3707;3713;3703;3708;3711;3707;3710;0;0;0;39
$1;1;5088000;2;0;1500;48311;33626;20989;400;0;3710;3707;3707;3713;3703;3708;3711;3707;3710;0;0;0;37
$1;1;5089000;2;0;1499;48311;33626;20994;400;0;3710;3706;3707;3713;3703;3708;3711;3707;3710;0;0;0;40
$1;1;5090000;2;0;1501;48309;33627;20998;400;0;3710;3706;3707;3713;3703;3708;3711;3707;3710;0;0;0;36
$1;1;5091000;2;0;1500;48310;33627;21002;400;0;3710;3707;3707;3713;3703;3708;3711;3707;3710;0;0;0;38
$1;1;5092000;2;0;1500;48312;33627;21006;400;0;3710;3707;3707;3713;3703;3708;3711;3707;3710;0;0;0;35
$1;1;5093000;2;0;1500;48311;33628;21010;399;0;3710;3707;3707;3713;3703;3708;3711;3707;3710;0;0;0;46
$1;1;5094000;2;0;1500;48314;33629;21014;399;0;3710;3707;3707;3714;3703;3708;3711;3707;3710;0;0;0;46
$1;1;5095000;2;0;1499;48312;33628;21019;400;0;3710;3707;3707;3714;3703;3708;3711;3707;3710;0;0;0;35
$1;1;5096000;2;0;1499;48313;33629;21023;400;0;3710;3707;3707;3714;3703;3708;3711;3707;3710;0;0;0;41
$1;1;5097000;2;0;1498;48313;33629;21027;400;0;3710;3707;3707;3714;3703;3708;3711;3707;3710;0;0;0;45
$1;1;5098000;2;0;1499;48314;33630;21031;400;0;3710;3707;3707;3714;3703;3708;3711;3707;3710;0;0;0;43
$1;1;5099000;2;0;1500;48312;33631;21035;400;0;3710;3707;3707;3714;3703;3708;3712;3707;3710;0;0;0;43
$1;1;5100000;2;0;1498;48315;33631;21039;400;0;3710;3707;3707;3714;3703;3708;3712;3707;3710;0;0;0;33
$1;1;5101000;2;0;1499;48313;33632;21044;400;0;3710;3707;3707;3714;3703;3708;3712;3707;3710;0;0;0;46
$1;1;5102000;2;0;1499;48314;33632;21048;400;0;3710;3707;3707;3714;3703;3708;3712;3707;3710;0;0;0;38
$1;1;5103000;2;0;1501;48312;33633;21052;400;0;3710;3707;3707;3714;3704;3708;3712;3707;3710;0;0;0;44
$1;1;5104000;2;0;1498;48314;33633;21056;400;0;3710;3707;3707;3714;3703;3709;3712;3707;3710;0;0;0;46
$1;1;5105000;2;0;1501;48312;33634;21060;399;0;3710;3707;3707;3714;3704;3709;3712;3707;3710;0;0;0;42
$1;1;5106000;2;0;1500;48315;33634;21064;399;0;3710;3707;3707;3714;3704;3708;3712;3707;3710;0;0;0;42
$1;1;5107000;2;0;1499;48315;33634;21069;399;0;3711;3707;3707;3714;3704;3708;3712;3707;3711;0;0;0;39
$1;1;5108000;2;0;1498;48314;33634;21073;399;0;3711;3707;3708;3714;3703;3709;3712;3707;3711;0;0;0;42
$1;1;5109000;2;0;1499;48314;33634;21077;399;0;3711;3707;3708;3714;3704;3709;3712;3708;3711;0;0;0;38
$1;1;5110000;2;0;1500;48313;33634;21081;399;0;3711;3708;3707;3714;3704;3709;3712;3708;3711;0;0;0;33
$1;1;5111000;2;0;1501;48315;33635;21085;399;0;3711;3707;3708;3714;3704;3709;3712;3708;3711;0;0;0;34
$1;1;5112000;2;0;1499;48312;33634;21090;399;0;3711;3707;3708;3714;3704;3709;3712;3708;3711;0;0;0;35
$1;1;5113000;2;0;1498;48308;33634;21094;400;0;3711;3708;3708;3714;3704;3709;3712;3708;3711;0;0;0;36
$1;128;5113000;309;132;17;15;13;15;12;14;16;14;16;0;0;0;30
$1;1;5114000;2;0;1500;48308;33635;21098;400;0;3711;3708;3708;3714;3704;3709;3712;3708;3710;0;0;0;47
$1;1;5115000;2;0;1499;48309;33636;21102;400;0;3711;3708;3708;3714;3704;3709;3712;3708;3711;0;0;0;46
$1;1;5116000;2;0;1500;48308;33636;21106;400;0;3711;3708;3708;3714;3704;3709;3712;3708;3711;0;0;0;41
$1;1;5117000;2;0;1497;48311;33636;21110;400;0;3711;3708;3708;3715;3704;3709;3712;3708;3711;0;0;0;41
$1;1;5118000;2;0;1501;48309;33638;21115;400;0;3711;3708;3708;3715;3704;3709;3712;3708;3711;0;0;0;42
$1;1;5119000;2;0;1500;48310;33639;21119;400;0;3711;3708;3708;3715;3704;3709;3712;3708;3711;0;0;0;47
$1;1;5120000;2;0;1500;48307;33638;21123;400;0;3711;3708;3708;3715;3704;3709;3712;3708;3711;0;0;0;43
$1;1;5121000;2;0;1501;48309;33639;21127;399;0;3711;3708;3708;3715;3704;3709;3713;3708;3711;0;0;0;38
$1;1;5122000;2;0;1499;48310;33639;21131;399;0;3711;3708;3708;3715;3704;3709;3713;3708;3711;0;0;0;42
$1;1;5123000;2;0;1498;48311;33639;21135;399;0;3711;3708;3708;3715;3704;3709;3713;3708;3711;0;0;0;47
$1;1;5124000;2;0;1501;48311;33641;21140;399;0;3711;3708;3708;3715;3704;3709;3713;3708;3711;0;0;0;36
$1;1;5125000;2;0;1500;48311;33641;21144;399;0;3711;3708;3708;3715;3704;3709;3713;3708;3711;0;0;0;32
$1;1;5126000;2;0;1499;48314;33641;21148;399;0;3711;3708;3708;3715;3704;3709;3713;3708;3711;0;0;0;43
$1;1;5127000;2;0;1499;48312;33641;21152;398;0;3711;3708;3708;3715;3704;3709;3713;3708;3711;0;0;0;38
$1;1;5128000;2;0;1499;48314;33642;21156;398;0;3711;3708;3708;3715;3704;3709;3713;3708;3711;0;0;0;40
$1;1;5129000;2;0;1499;48311;33642;21160;399;0;3711;3708;3708;3715;3704;3709;3713;3708;3711;0;0;0;40
$1;1;5130000;2;0;1499;48309;33642;21165;399;0;3711;3708;3708;3715;3704;3710;3713;3708;3711;0;0;0;36
$1;1;5131000;2;0;1500;48308;33642;21169;399;0;3711;3708;3708;3715;3705;3710;3713;3708;3711;0;0;0;40
$1;1;5132000;2;0;1499;48309;33643;21173;399;0;3711;3708;3709;3715;3704;3710;3713;3709;3711;0;0;0;32
$1;1;5133000;2;0;1499;48309;33643;21177;399;0;3712;3708;3708;3715;3705;3710;3713;3708;3711;0;0;0;39
$1;1;5134000;2;0;1500;48309;33644;21181;399;0;3712;3708;3708;3715;3705;3710;3713;3709;3711;0;0;0;46
$1;1;5135000;2;0;1500;48309;33645;21185;399;0;3712;3708;3709;3715;3705;3710;3713;3709;3712;0;0;0;40
$1;1;5136000;2;0;1502;48309;33645;21190;399;0;3712;3708;3709;3715;3705;3710;3713;3709;3711;0;0;0;46
$1;1;5137000;2;0;1499;48310;33645;21194;399;0;3712;3709;3709;3715;3705;3710;3713;3709;3712;0;0;0;34
$1;1;5138000;2;0;1499;48311;33646;21198;399;0;3712;3708;3709;3715;3705;3710;3713;3709;3711;0;0;0;33
$1;1;5139000;2;0;1499;48313;33646;21202;399;0;3712;3709;3709;3715;3705;3710;3713;3709;3712;0;0;0;32
$1;1;5140000;2;0;1489;48319;33642;21206;399;0;3712;3708;3709;3715;3705;3710;3713;3709;3711;0;0;0;39
$1;1;5141000;2;0;1500;48314;33646;21210;399;0;3712;3708;3709;3715;3705;3710;3713;3709;3712;0;0;0;43
$1;1;5142000;2;0;1463;48333;33634;21215;399;0;3711;3708;3709;3715;3705;3710;3713;3708;3711;0;0;0;40
$1;1;5143000;2;0;1494;48317;33646;21219;399;0;3712;3709;3709;3715;3705;3710;3713;3709;3712;0;0;0;46
$1;1;5144000;2;0;1499;48313;33646;21223;399;0;3712;3709;3709;3716;3705;3710;3713;3709;3712;0;0;0;42
$1;1;5145000;2;0;1501;48311;33648;21227;398;0;3712;3709;3709;3716;3705;3710;3713;3709;3712;0;0;0;34
$1;1;5146000;2;0;1500;48313;33647;21231;398;0;3712;3709;3709;3716;3705;3710;3714;3709;3712;0;0;0;45
$1;1;5147000;2;0;1503;48309;33649;21235;399;0;3712;3709;3709;3716;3705;3710;3713;3709;3712;0;0;0;40
$1;1;5148000;2;0;1499;48310;33647;21239;399;0;3712;3709;3709;3716;3705;3710;3713;3709;3712;0;0;0;47
$1;1;5149000;2;0;1499;48309;33648;21244;399;0;3712;3709;3709;3716;3705;3710;3713;3709;3712;0;0;0;35
$1;1;5150000;2;0;1465;48328;33637;21248;399;0;3712;3709;3709;3716;3705;3710;3713;3709;3712;0;0;0;47
$1;1;5151000;2;0;1496;48312;33648;21252;399;0;3712;3709;3710;3716;3705;3710;3714;3709;3712;0;0;0;39
$1;1;5152000;2;0;1499;48310;33649;21256;399;0;3712;3709;3709;3716;3705;3710;3714;3709;3712;0;0;0;36
$1;1;5153000;2;0;1477;48322;33643;21260;399;0;3712;3709;3709;3716;3705;3710;3713;3709;3712;0;0;0;44
$1;1;5154000;2;0;1446;48338;33634;21265;399;0;3712;3709;3709;3715;3705;3710;3713;3709;3712;0;0;0;36
$1;1;5155000;2;0;1494;48313;33649;21269;399;0;3712;3709;3709;3716;3706;3710;3714;3709;3712;0;0;0;34
$1;1;5156000;2;0;1499;48311;33651;21273;399;0;3713;3709;3709;3716;3706;3711;3714;3709;3712;0;0;0;44
$1;1;5157000;2;0;1454;48336;33636;21277;398;0;3712;3709;3709;3716;3705;3710;3713;3709;3712;0;0;0;41
$1;1;5158000;2;0;1427;48350;33628;21281;398;0;3711;3708;3709;3716;3705;3710;3713;3708;3711;0;0;0;36
$1;1;5159000;2;0;1446;48343;33634;21285;398;0;3712;3709;3709;3715;3705;3710;3713;3709;3712;0;0;0;42
$1;1;5160000;2;0;1494;48317;33649;21289;398;0;3712;3709;3710;3716;3706;3710;3714;3709;3712;0;0;0;39
$1;1;5161000;2;0;1451;48338;33636;21293;398;0;3712;3709;3709;3716;3705;3710;3713;3709;3712;0;0;0;45
$1;1;5162000;2;0;1492;48315;33650;21297;398;0;3713;3709;3709;3716;3705;3711;3714;3709;3713;0;0;0;44
$1;1;5163000;2;0;1501;48311;33653;21302;398;0;3713;3710;3710;3717;3706;3711;3714;3710;3713;0;0;0;38
$1;1;5164000;2;0;1499;48310;33653;21306;398;0;3713;3709;3710;3717;3706;3711;3714;3710;3713;0;0;0;44
$1;1;5165000;2;0;1458;48328;33640;21310;398;0;3712;3709;3709;3716;3705;3710;3713;3709;3712;0;0;0;42
$1;1;5166000;2;0;1493;48310;33651;21314;399;0;3713;3709;3710;3717;3706;3711;3714;3709;3713;0;0;0;44
$1;1;5167000;2;0;1441;48339;33635;21318;399;0;3712;3709;3709;3716;3705;3710;3713;3709;3712;0;0;0;43
$1;1;5168000;2;0;1462;48330;33642;21322;399;0;3712;3709;3709;3716;3705;3710;3713;3709;3712;0;0;0;37
$1;1;5169000;2;0;1425;48349;33631;21327;398;0;3712;3709;3709;3716;3705;3710;3713;3709;3711;0;0;0;42
$1;1;5170000;2;0;1490;48316;33651;21331;399;0;3713;3710;3710;3716;3706;3711;3714;3709;3713;0;0;0;32
$1;1;5171000;2;0;1502;48308;33656;21335;399;0;3713;3710;3710;3717;3706;3711;3714;3710;3713;0;0;0;46
$1;1;5172000;2;0;1451;48335;33640;21339;398;0;3712;3709;3710;3716;3705;3710;3714;3709;3713;0;0;0;44
$1;1;5173000;2;0;1444;48339;33638;21343;398;0;3712;3709;3710;3716;3706;3710;3714;3709;3712;0;0;0;37
$1;128;5173000;307;128;15;14;13;15;11;14;16;14;16;0;0;0;29
$1;1;5174000;2;0;1491;48315;33654;21347;398;0;3713;3710;3710;3717;3706;3711;3714;3710;3713;0;0;0;42
$1;1;5175000;2;0;1501;48310;33657;21351;398;0;3713;3710;3710;3717;3706;3711;3714;3710;3713;0;0;0;34
$1;1;5176000;2;0;1498;48312;33657;21355;398;0;3713;3710;3710;3717;3706;3711;3715;3710;3713;0;0;0;39
$1;1;5177000;2;0;1489;48315;33655;21359;398;0;3713;3710;3710;3717;3706;3711;3714;3710;3713;0;0;0;46
$1;1;5178000;2;0;1439;48340;33638;21362;398;0;3712;3709;3710;3716;3706;3710;3714;3709;3713;0;0;0;40
$1;1;5179000;2;0;1459;48330;33645;21366;398;0;3713;3709;3710;3716;3706;3711;3714;3709;3713;0;0;0;38
$1;1;5180000;2;0;1457;48331;33644;21370;398;0;3713;3709;3709;3716;3706;3711;3714;3709;3713;0;0;0;33
$1;1;5181000;2;0;1449;48338;33643;21374;398;0;3713;3710;3710;3717;3706;3711;3714;3709;3712;0;0;0;37
$1;1;5182000;2;0;1458;48333;33646;21378;398;0;3713;3710;3710;3717;3706;3711;3714;3709;3713;0;0;0;37
$1;1;5183000;2;0;1439;48343;33640;21382;398;0;3713;3709;3709;3716;3706;3711;3714;3709;3712;0;0;0;39
$1;1;5184000;2;0;1493;48315;33657;21386;399;0;3713;3710;3710;3717;3706;3711;3715;3710;3713;0;0;0;41
$1;1;5185000;2;0;1454;48335;33645;21389;399;0;3713;3709;3710;3717;3706;3711;3714;3709;3713;0;0;0;44
$1;1;5186000;2;0;1462;48331;33647;21394;398;0;3713;3710;3710;3717;3706;3711;3714;3710;3713;0;0;0;33
$1;1;5187000;2;0;1480;48323;33653;21398;398;0;3713;3710;3710;3717;3706;3711;3714;3710;3713;0;0;0;38
$1;1;5188000;2;0;1503;48309;33660;21402;399;0;3714;3710;3710;3718;3707;3712;3715;3710;3714;0;0;0;34
$1;1;5189000;2;0;1485;48319;33656;21406;398;0;3713;3710;3710;3717;3706;3711;3714;3710;3713;0;0;0;33
$1;1;5190000;2;0;1485;48319;33656;21410;398;0;3714;3710;3710;3717;3707;3711;3715;3710;3713;0;0;0;41
$1;1;5191000;2;0;1488;48317;33658;21414;398;0;3714;3710;3711;3717;3706;3712;3715;3710;3714;0;0;0;37
$1;1;5192000;2;0;1454;48334;33647;21418;398;0;3713;3710;3710;3717;3706;3711;3714;3710;3713;0;0;0;39
$1;1;5193000;2;0;1470;48325;33653;21422;398;0;3713;3710;3710;3717;3706;3711;3714;3710;3713;0;0;0;44
$1;1;5194000;2;0;1497;48310;33661;21426;398;0;3714;3710;3711;3718;3707;3712;3715;3710;3714;0;0;0;44
$1;1;5195000;2;0;1465;48328;33651;21430;398;0;3713;3710;3710;3717;3706;3711;3715;3710;3713;0;0;0;35
$1;1;5196000;2;0;1486;48319;33658;21434;398;0;3714;3710;3711;3717;3707;3712;3715;3710;3713;0;0;0;38
$1;1;5197000;2;0;1475;48324;33655;21438;397;0;3714;3710;3711;3718;3707;3712;3715;3710;3713;0;0;0;36
$1;1;5198000;2;0;1497;48312;33662;21442;397;0;3714;3711;3711;3718;3707;3712;3715;3711;3714;0;0;0;44
$1;1;5199000;2;0;1467;48328;33653;21447;397;0;3714;3710;3711;3717;3707;3712;3715;3710;3714;0;0;0;35
$1;1;5200000;2;0;1497;48310;33663;21451;398;0;3714;3711;3711;3718;3707;3712;3715;3711;3714;0;0;0;32
$1;1;5201000;2;0;1450;48333;33647;21455;398;0;3713;3710;3710;3718;3707;3711;3715;3710;3713;0;0;0;43
$1;1;5202000;2;0;1455;48334;33649;21459;398;0;3713;3710;3710;3717;3706;3711;3714;3710;3713;0;0;0;39
$1;1;5203000;2;0;1446;48340;33647;21463;398;0;3713;3710;3710;3717;3707;3711;3715;3710;3713;0;0;0;32
$1;1;5204000;2;0;1495;48311;33662;21467;398;0;3714;3711;3711;3718;3707;3712;3715;3711;3714;0;0;0;35
$1;1;5205000;2;0;1448;48335;33649;21471;398;0;3713;3710;3710;3717;3707;3711;3715;3710;3713;0;0;0;39
$1;1;5206000;2;0;1465;48326;33654;21476;398;0;3714;3710;3711;3717;3707;3712;3715;3710;3714;0;0;0;32
$1;1;5207000;2;0;1483;48317;33660;21480;398;0;3714;3711;3711;3718;3707;3712;3715;3711;3714;0;0;0;42
$1;1;5208000;2;0;1466;48326;33656;21484;398;0;3714;3711;3711;3718;3707;3712;3715;3711;3714;0;0;0;45
$1;1;5209000;2;0;1474;48320;33658;21488;398;0;3714;3711;3711;3717;3707;3712;3715;3711;3714;0;0;0;36
$1;1;5210000;2;0;1446;48335;33650;21492;398;0;3714;3711;3711;3717;3707;3712;3715;3710;3714;0;0;0;43
$1;1;5211000;2;0;1494;48311;33665;21496;398;0;3714;3711;3711;3718;3707;3713;3716;3711;3714;0;0;0;45
$1;1;5212000;2;0;1498;48308;33667;21500;398;0;3715;3711;3711;3719;3707;3713;3716;3711;3715;0;0;0;39
$1;1;5213000;2;0;1498;48307;33667;21505;397;0;3715;3711;3711;3718;3707;3713;3716;3711;3715;0;0;0;34
$1;1;5214000;2;0;1459;48329;33656;21509;397;0;3714;3711;3711;3718;3707;3712;3715;3711;3714;0;0;0;40
$1;1;5215000;2;0;1493;48310;33666;21513;397;0;3715;3711;3711;3719;3708;3712;3716;3711;3715;0;0;0;32
$1;1;5216000;2;0;1498;48307;33669;21517;397;0;3715;3712;3711;3719;3708;3713;3716;3711;3715;0;0;0;39
$1;1;5217000;2;0;1502;48305;33670;21521;397;0;3715;3712;3712;3719;3708;3713;3716;3711;3715;0;0;0;40
$1;1;5218000;2;0;1487;48311;33666;21525;398;0;3715;3711;3712;3719;3708;3713;3716;3711;3714;0;0;0;32
$1;1;5219000;2;0;1488;48311;33666;21529;398;0;3715;3712;3712;3719;3708;3713;3716;3711;3715;0;0;0;32
$1;1;5220000;2;0;1477;48316;33662;21533;398;0;3714;3711;3711;3719;3708;3713;3716;3711;3714;0;0;0;34
$1;1;5221000;2;0;1472;48322;33661;21538;398;0;3714;3711;3711;3718;3707;3712;3716;3711;3715;0;0;0;39
$1;1;5222000;2;0;1452;48332;33656;21542;398;0;3714;3711;3711;3718;3707;3712;3715;3711;3714;0;0;0;44
$1;1;5223000;2;0;1386;48366;33636;21546;398;0;3713;3710;3710;3717;3707;3711;3714;3710;3714;0;0;0;43
$1;1;5224000;2;0;1485;48314;33668;21550;398;0;3715;3711;3712;3719;3708;3713;3716;3711;3715;0;0;0;37
$1;1;5225000;2;0;1502;48304;33672;21554;398;0;3715;3712;3712;3719;3708;3713;3716;3712;3715;0;0;0;36
$1;1;5226000;2;0;1500;48307;33672;21558;398;0;3715;3712;3712;3719;3708;3713;3716;3712;3715;0;0;0;42
$1;1;5227000;2;0;1473;48321;33665;21563;397;0;3715;3711;3712;3719;3708;3713;3716;3711;3715;0;0;0;43
$1;1;5228000;2;0;1496;48307;33671;21567;397;0;3715;3712;3712;3719;3708;3713;3716;3712;3715;0;0;0;42
$1;1;5229000;2;0;1498;48307;33672;21571;397;0;3715;3712;3712;3719;3708;3713;3716;3712;3715;0;0;0;33
$1;1;5230000;2;0;1445;48335;33656;21575;397;0;3714;3711;3711;3719;3707;3713;3716;3711;3714;0;0;0;38
$1;1;5231000;2;0;1494;48309;33672;21580;397;0;3715;3712;3712;3720;3708;3713;3716;3712;3715;0;0;0;46
$1;1;5232000;2;0;1470;48323;33665;21584;397;0;3715;3711;3712;3719;3708;3713;3716;3711;3715;0;0;0;39
$1;1;5233000;2;0;1443;48337;33658;21588;397;0;3715;3711;3712;3719;3708;3713;3716;3711;3715;0;0;0;33
$1;128;5233000;310;129;16;14;13;15;12;14;15;14;16;0;0;0;30
$1;1;5234000;2;0;1445;48337;33658;21592;397;0;3715;3712;3712;3719;3708;3713;3716;3711;3715;0;0;0;40
$1;1;5235000;2;0;1447;48332;33659;21596;397;0;3715;3712;3712;3718;3708;3713;3716;3711;3714;0;0;0;43
$1;1;5236000;2;0;1456;48327;33661;21600;398;0;3715;3711;3712;3719;3708;3713;3716;3711;3715;0;0;0;39
$1;1;5237000;2;0;1444;48334;33658;21604;398;0;3715;3712;3712;3719;3708;3713;3716;3711;3714;0;0;0;43
$1;1;5238000;2;0;1430;48342;33654;21608;398;0;3714;3712;3712;3718;3708;3713;3716;3711;3714;0;0;0;38
$1;1;5239000;2;0;1413;48352;33649;21613;398;0;3714;3711;3711;3718;3708;3712;3715;3711;3714;0;0;0;35
$1;1;5240000;2;0;1454;48330;33662;21617;398;0;3715;3712;3712;3719;3708;3713;3716;3711;3715;0;0;0;36
$1;1;5241000;2;0;1495;48308;33676;21621;398;0;3715;3712;3712;3720;3709;3714;3717;3712;3716;0;0;0;46
$1;1;5242000;2;0;1464;48325;33667;21625;397;0;3715;3712;3712;3719;3708;3713;3716;3712;3715;0;0;0;41
$1;1;5243000;2;0;1406;48357;33648;21629;397;0;3714;3711;3711;3718;3707;3713;3715;3711;3714;0;0;0;38
$1;1;5244000;2;0;1407;48357;33648;21634;397;0;3714;3711;3711;3719;3708;3712;3715;3711;3714;0;0;0;35
$1;1;5245000;2;0;1388;48368;33643;21638;397;0;3714;3711;3711;3718;3707;3712;3715;3711;3714;0;0;0;39
$1;1;5246000;2;0;1430;48344;33656;21642;397;0;3715;3711;3712;3719;3708;3713;3716;3711;3714;0;0;0;41
$1;1;5247000;2;0;1436;48341;33658;21646;397;0;3715;3711;3712;3719;3708;3713;3716;3711;3714;0;0;0;33
$1;1;5248000;2;0;1458;48330;33666;21650;397;0;3715;3712;3712;3719;3708;3713;3716;3712;3715;0;0;0;43
$1;1;5249000;2;0;1496;48310;33678;21654;397;0;3716;3712;3713;3719;3708;3714;3717;3712;3716;0;0;0;38
$1;1;5250000;2;0;1470;48323;33670;21657;396;0;3715;3712;3712;3719;3708;3713;3716;3712;3715;0;0;0;43
$1;1;5251000;2;0;1457;48330;33667;21662;396;0;3715;3712;3712;3720;3708;3713;3716;3712;3715;0;0;0;39
$1;1;5252000;2;0;1495;48312;33679;21666;396;0;3716;3713;3713;3720;3709;3714;3717;3713;3716;0;0;0;39
$1;1;5253000;2;0;1447;48335;33664;21670;397;0;3715;3712;3712;3719;3709;3713;3716;3712;3715;0;0;0;43
$1;1;5254000;2;0;1461;48326;33670;21674;397;0;3715;3712;3712;3719;3708;3713;3716;3712;3715;0;0;0;42
$1;1;5255000;2;0;1496;48306;33680;21678;398;0;3716;3713;3713;3720;3709;3714;3717;3713;3716;0;0;0;33
$1;1;5256000;2;0;1498;48306;33682;21683;397;0;3716;3713;3713;3720;3709;3714;3717;3713;3716;0;0;0;37
$1;1;5257000;2;0;1501;48302;33682;21687;397;0;3716;3713;3713;3720;3709;3714;3717;3713;3716;0;0;0;37
$1;1;5258000;2;0;1480;48315;33677;21691;397;0;3716;3713;3713;3720;3709;3714;3717;3713;3716;0;0;0;41
$1;1;5259000;2;0;1496;48306;33682;21695;397;0;3716;3713;3713;3720;3709;3714;3717;3713;3716;0;0;0;35
$1;1;5260000;2;0;1500;48306;33684;21699;397;0;3716;3713;3714;3720;3709;3714;3718;3713;3717;0;0;0;36
$1;1;5261000;2;0;1470;48319;33675;21703;397;0;3716;3713;3713;3720;3709;3714;3717;3713;3716;0;0;0;40
$1;1;5262000;2;0;1497;48305;33684;21708;397;0;3716;3713;3713;3720;3709;3715;3718;3713;3716;0;0;0;36
$1;1;5263000;2;0;1497;48306;33684;21712;397;0;3716;3713;3713;3720;3709;3714;3718;3713;3717;0;0;0;45
$1;1;5264000;2;0;1443;48334;33669;21716;396;0;3716;3713;3713;3720;3709;3714;3717;3713;3716;0;0;0;42
$1;1;5265000;2;0;1493;48306;33683;21720;396;0;3716;3713;3713;3721;3709;3715;3717;3713;3716;0;0;0;38
$1;1;5266000;2;0;1497;48305;33685;21724;396;0;3717;3713;3714;3721;3709;3714;3718;3713;3717;0;0;0;41
$1;1;5267000;2;0;1499;48304;33686;21728;396;0;3717;3714;3713;3720;3710;3715;3718;3713;3717;0;0;0;32
$1;1;5268000;2;0;1501;48303;33688;21733;396;0;3717;3714;3714;3721;3710;3715;3718;3713;3717;0;0;0;42
$1;1;5269000;2;0;1501;48302;33688;21737;396;0;3717;3713;3714;3721;3710;3715;3718;3713;3717;0;0;0;41
$1;1;5270000;2;0;1500;48301;33688;21741;396;0;3717;3713;3714;3721;3710;3715;3718;3713;3717;0;0;0;34
$1;1;5271000;2;0;1438;48335;33670;21744;397;0;3716;3713;3713;3720;3709;3714;3717;3713;3716;0;0;0;45
$1;1;5272000;2;0;1447;48330;33671;21749;397;0;3716;3713;3713;3720;3709;3714;3717;3713;3716;0;0;0;47
$1;1;5273000;2;0;1458;48326;33675;21753;397;0;3716;3713;3713;3720;3709;3714;3717;3713;3716;0;0;0;40
$1;1;5274000;2;0;1495;48306;33688;21757;397;0;3717;3714;3714;3721;3710;3715;3718;3713;3717;0;0;0;45
$1;1;5275000;2;0;1478;48315;33682;21761;397;0;3717;3713;3714;3721;3710;3715;3718;3713;3717;0;0;0;37
$1;1;5276000;2;0;1498;48303;33689;21765;397;0;3717;3714;3714;3721;3709;3715;3718;3714;3717;0;0;0;40
$1;1;5277000;2;0;1489;48307;33687;21769;397;0;3717;3714;3714;3721;3710;3715;3718;3714;3717;0;0;0;39
$1;1;5278000;2;0;1498;48304;33691;21773;397;0;3717;3714;3714;3721;3710;3715;3718;3714;3717;0;0;0;39
$1;1;5279000;2;0;1501;48302;33692;21778;397;0;3717;3714;3714;3721;3710;3715;3718;3714;3717;0;0;0;41
$1;1;5280000;2;0;1501;48300;33693;21782;396;0;3717;3714;3714;3721;3710;3715;3718;3714;3717;0;0;0;40
$1;1;5281000;2;0;1501;48302;33694;21786;396;0;3717;3714;3714;3721;3710;3715;3718;3714;3717;0;0;0;40
$1;1;5282000;2;0;1500;48303;33694;21790;396;0;3717;3714;3714;3721;3710;3715;3719;3714;3717;0;0;0;45
$1;1;5283000;2;0;1500;48302;33694;21794;396;0;3717;3714;3714;3721;3710;3715;3719;3714;3717;0;0;0;41
$1;1;5284000;2;0;1501;48303;33694;21799;396;0;3717;3714;3714;3721;3710;3715;3719;3714;3717;0;0;0;35
$1;1;5285000;2;0;1491;48312;33691;21802;396;0;3717;3714;3714;3721;3710;3715;3718;3714;3717;0;0;0;35
$1;1;5286000;2;0;1498;48307;33694;21806;396;0;3717;3714;3714;3721;3710;3715;3719;3714;3717;0;0;0;45
$1;1;5287000;2;0;1499;48305;33694;21810;396;0;3718;3714;3715;3721;3710;3716;3719;3714;3718;0;0;0;42
$1;1;5288000;2;0;1457;48327;33682;21814;395;0;3717;3714;3714;3721;3710;3715;3718;3714;3717;0;0;0;36
$1;1;5289000;2;0;1495;48305;33694;21819;396;0;3718;3714;3714;3721;3710;3715;3719;3714;3718;0;0;0;35
$1;1;5290000;2;0;1500;48301;33696;21823;396;0;3718;3714;3715;3721;3710;3716;3719;3715;3717;0;0;0;37
$1;1;5291000;2;0;1500;48301;33696;21827;396;0;3718;3714;3715;3721;3711;3716;3719;3714;3718;0;0;0;47
$1;1;5292000;2;0;1500;48301;33697;21831;396;0;3718;3715;3715;3721;3710;3716;3719;3715;3718;0;0;0;43
$1;1;5293000;2;0;1499;48302;33696;21835;396;0;3718;3715;3715;3721;3710;3716;3719;3715;3718;0;0;0;45
$1;128;5293000;309;127;15;14;13;15;11;13;16;14;16;0;0;0;22
$1;1;5294000;2;0;1499;48301;33698;21839;396;0;3718;3715;3715;3721;3711;3716;3719;3715;3718;0;0;0;42
$1;1;5295000;2;0;1500;48301;33698;21843;396;0;3718;3715;3715;3721;3711;3716;3719;3715;3718;0;0;0;39
$1;1;5296000;2;0;1498;48303;33698;21848;396;0;3718;3714;3715;3721;3711;3716;3719;3715;3718;0;0;0;44
$1;1;5297000;2;0;1500;48302;33699;21852;396;0;3718;3715;3715;3721;3711;3716;3719;3715;3718;0;0;0;39
$1;1;5298000;2;0;1500;48303;33700;21856;396;0;3718;3715;3715;3722;3711;3716;3719;3715;3718;0;0;0;47
$1;1;5299000;2;0;1500;48302;33700;21860;396;0;3718;3715;3715;3722;3711;3716;3719;3715;3718;0;0;0;42
$1;1;5300000;2;0;1499;48302;33700;21864;396;0;3718;3715;3715;3722;3711;3716;3720;3715;3718;0;0;0;36
$1;1;5301000;2;0;1499;48303;33701;21868;396;0;3718;3715;3715;3721;3711;3716;3720;3715;3718;0;0;0;42
$1;1;5302000;2;0;1500;48304;33702;21873;396;0;3718;3715;3715;3722;3711;3716;3720;3715;3718;0;0;0;37
$1;1;5303000;2;0;1500;48302;33702;21877;396;0;3718;3715;3715;3722;3711;3716;3720;3715;3718;0;0;0;38
$1;1;5304000;2;0;1499;48303;33701;21881;396;0;3718;3715;3715;3722;3711;3716;3720;3715;3718;0;0;0;43
$1;1;5305000;2;0;1499;48304;33702;21885;396;0;3718;3715;3715;3722;3711;3716;3720;3715;3718;0;0;0;42
$1;1;5306000;2;0;1499;48304;33703;21889;396;0;3718;3715;3715;3722;3711;3716;3720;3715;3718;0;0;0;36
$1;1;5307000;2;0;1498;48301;33703;21894;397;0;3718;3715;3716;3722;3711;3717;3720;3715;3718;0;0;0;46
$1;1;5308000;2;0;1499;48301;33704;21898;398;0;3719;3715;3715;3722;3711;3716;3720;3715;3718;0;0;0;39
$1;1;5309000;2;0;1499;48301;33704;21902;398;0;3719;3716;3715;3722;3711;3717;3720;3715;3718;0;0;0;38
$1;1;5310000;2;0;1499;48300;33705;21906;398;0;3719;3716;3716;3722;3711;3717;3720;3715;3719;0;0;0;40
$1;1;5311000;2;0;1499;48300;33705;21910;399;0;3719;3716;3716;3722;3711;3717;3720;3715;3718;0;0;0;46
$1;1;5312000;2;0;1500;48300;33706;21914;399;0;3719;3716;3716;3722;3711;3717;3720;3715;3719;0;0;0;42
$1;1;5313000;2;0;1499;48301;33706;21919;399;0;3719;3716;3716;3722;3711;3717;3721;3716;3719;0;0;0;36
$1;1;5314000;2;0;1498;48300;33706;21923;399;0;3719;3716;3716;3722;3711;3717;3720;3716;3719;0;0;0;43
$1;1;5315000;2;0;1499;48300;33706;21927;400;0;3719;3716;3716;3722;3711;3717;3721;3716;3718;0;0;0;40
$1;1;5316000;2;0;1500;48300;33707;21931;400;0;3719;3716;3716;3723;3711;3717;3721;3716;3719;0;0;0;44
$1;1;5317000;2;0;1499;48300;33706;21935;401;0;3719;3716;3716;3722;3711;3717;3721;3716;3719;0;0;0;41
$1;1;5318000;2;0;1501;48300;33708;21939;401;0;3719;3716;3716;3722;3711;3717;3721;3716;3719;0;0;0;36
$1;1;5319000;2;0;1499;48301;33708;21944;401;0;3719;3716;3716;3723;3712;3717;3721;3716;3719;0;0;0;44
$1;1;5320000;2;0;1499;48302;33708;21948;402;0;3719;3716;3716;3723;3711;3717;3721;3716;3719;0;0;0;41
$1;1;5321000;2;0;1499;48303;33709;21952;402;0;3719;3716;3716;3723;3712;3717;3721;3716;3719;0;0;0;32
$1;1;5322000;2;0;1499;48301;33709;21956;403;0;3719;3716;3716;3723;3712;3717;3721;3716;3719;0;0;0;36
$1;1;5323000;2;0;1499;48304;33709;21960;403;0;3719;3716;3716;3723;3712;3717;3721;3716;3719;0;0;0;37
$1;1;5324000;2;0;1499;48300;33709;21964;404;0;3719;3716;3716;3723;3712;3717;3721;3716;3719;0;0;0;37
$1;1;5325000;2;0;1499;48298;33710;21968;405;0;3719;3716;3716;3723;3712;3717;3721;3716;3719;0;0;0;33
$1;1;5326000;2;0;1500;48298;33711;21973;405;0;3719;3716;3716;3723;3712;3717;3721;3716;3719;0;0;0;40
$1;1;5327000;2;0;1498;48300;33711;21977;405;0;3719;3716;3716;3723;3712;3717;3721;3716;3719;0;0;0;45
$1;1;5328000;2;0;1498;48300;33711;21981;406;0;3719;3716;3716;3723;3712;3717;3721;3716;3719;0;0;0;40
$1;1;5329000;2;0;1499;48300;33712;21985;406;0;3719;3716;3716;3723;3712;3718;3721;3716;3719;0;0;0;32
$1;1;5330000;2;0;1499;48299;33713;21989;406;0;3720;3716;3717;3723;3712;3718;3721;3716;3719;0;0;0;47
$1;1;5331000;2;0;1499;48300;33713;21994;406;0;3720;3717;3716;3723;3712;3718;3721;3716;3719;0;0;0;35
$1;1;5332000;2;0;1501;48300;33715;21998;407;0;3720;3717;3717;3723;3712;3718;3721;3716;3719;0;0;0;42
$1;1;5333000;2;0;1500;48300;33715;22002;407;0;3720;3717;3716;3723;3712;3718;3721;3716;3719;0;0;0;34
$1;1;5334000;2;0;1501;48302;33715;22006;407;0;3720;3717;3717;3723;3712;3718;3722;3716;3719;0;0;0;32
$1;1;5335000;2;0;1498;48302;33715;22010;407;0;3720;3717;3717;3723;3712;3718;3721;3716;3719;0;0;0;36
$1;1;5336000;2;0;1499;48302;33715;22014;407;0;3720;3717;3717;3723;3712;3718;3721;3717;3720;0;0;0;41
$1;1;5337000;2;0;1501;48301;33717;22019;407;0;3720;3717;3717;3723;3713;3718;3721;3717;3719;0;0;0;47
$1;1;5338000;2;0;1499;48302;33717;22023;407;0;3720;3717;3717;3724;3712;3718;3722;3717;3720;0;0;0;37
$1;1;5339000;2;0;1500;48302;33717;22027;407;0;3720;3717;3717;3724;3713;3718;3722;3717;3720;0;0;0;32
$1;1;5340000;2;0;1500;48300;33717;22031;407;0;3720;3717;3717;3724;3713;3718;3722;3717;3720;0;0;0;43
$1;1;5341000;2;0;1501;48298;33718;22035;408;0;3720;3717;3717;3724;3713;3718;3722;3717;3720;0;0;0;47
$1;1;5342000;2;0;1500;48298;33718;22039;408;0;3720;3717;3717;3724;3713;3718;3722;3717;3720;0;0;0;33
$1;1;5343000;2;0;1501;48298;33718;22043;409;0;3720;3717;3717;3724;3713;3718;3722;3717;3720;0;0;0;45
$1;1;5344000;2;0;1501;48298;33719;22048;409;0;3720;3717;3717;3724;3713;3718;3722;3717;3720;0;0;0;32
$1;1;5345000;2;0;1499;48299;33719;22052;409;0;3720;3717;3717;3724;3713;3718;3722;3717;3720;0;0;0;43
$1;1;5346000;2;0;1501;48298;33719;22056;409;0;3720;3717;3717;3724;3713;3718;3722;3717;3720;0;0;0;45
$1;1;5347000;2;0;1501;48298;33720;22060;409;0;3720;3717;3717;3724;3713;3718;3722;3717;3720;0;0;0;35
$1;1;5348000;2;0;1500;48298;33721;22064;409;0;3720;3717;3717;3724;3713;3718;3722;3717;3720;0;0;0;40
$1;1;5349000;2;0;1501;48298;33721;22068;409;0;3720;3717;3717;3724;3713;3718;3722;3717;3720;0;0;0;36
$1;1;5350000;2;0;1500;48298;33721;22072;409;0;3720;3717;3717;3724;3713;3718;3722;3717;3720;0;0;0;38
$1;1;5351000;2;0;1499;48299;33721;22077;409;0;3720;3717;3717;3724;3713;3718;3722;3717;3720;0;0;0;34
$1;1;5352000;2;0;1500;48298;33723;22081;408;0;3721;3717;3717;3724;3713;3719;3722;3717;3720;0;0;0;43
$1;1;5353000;2;0;1500;48300;33723;22085;408;0;3721;3717;3717;3724;3713;3719;3722;3717;3720;0;0;0;46
$1;128;5353000;309;128;16;14;13;15;12;13;15;14;16;0;0;0;23
$1;1;5354000;2;0;1500;48300;33723;22089;408;0;3721;3717;3718;3724;3714;3719;3722;3717;3721;0;0;0;44
$1;1;5355000;2;0;1499;48300;33723;22093;408;0;3721;3718;3717;3724;3713;3719;3722;3717;3721;0;0;0;32
$1;1;5356000;2;0;1501;48296;33723;22098;409;0;3721;3718;3718;3725;3714;3719;3722;3717;3721;0;0;0;46
$1;1;5357000;2;0;1500;48295;33724;22102;409;0;3721;3717;3718;3725;3714;3719;3722;3718;3721;0;0;0;40
$1;1;5358000;2;0;1500;48297;33724;22106;409;0;3721;3717;3718;3725;3714;3719;3722;3718;3721;0;0;0;33
$1;1;5359000;2;0;1500;48297;33725;22110;409;0;3721;3718;3718;3724;3714;3719;3722;3718;3720;0;0;0;41
$1;1;5360000;2;0;1501;48295;33725;22114;409;0;3721;3718;3718;3724;3714;3719;3723;3718;3721;0;0;0;36
$1;1;5361000;2;0;1499;48297;33725;22118;409;0;3721;3718;3718;3725;3714;3719;3722;3718;3721;0;0;0;43
$1;1;5362000;2;0;1499;48298;33725;22123;409;0;3721;3718;3718;3725;3714;3719;3723;3718;3721;0;0;0;46
$1;1;5363000;2;0;1500;48298;33726;22127;409;0;3721;3718;3718;3725;3714;3719;3723;3718;3721;0;0;0;41
$1;1;5364000;2;0;1499;48298;33725;22131;409;0;3721;3718;3718;3725;3714;3719;3723;3718;3721;0;0;0;43
$1;1;5365000;2;0;1500;48298;33727;22135;408;0;3721;3718;3718;3725;3714;3719;3723;3718;3721;0;0;0;44
$1;1;5366000;2;0;1501;48298;33728;22139;408;0;3721;3718;3718;3725;3714;3719;3723;3718;3721;0;0;0;45
$1;1;5367000;2;0;1500;48299;33727;22143;408;0;3721;3718;3718;3725;3714;3719;3723;3718;3721;0;0;0;46
$1;1;5368000;2;0;1500;48299;33728;22147;408;0;3721;3718;3718;3725;3714;3719;3723;3718;3721;0;0;0;42
$1;1;5369000;2;0;1500;48300;33728;22152;408;0;3721;3718;3718;3725;3714;3719;3723;3718;3721;0;0;0;46
$1;1;5370000;2;0;1499;48300;33729;22156;407;0;3721;3718;3718;3725;3714;3719;3723;3718;3721;0;0;0;45
$1;1;5371000;2;0;1499;48299;33729;22160;407;0;3721;3718;3718;3725;3714;3719;3723;3718;3721;0;0;0;40
$1;1;5372000;2;0;1502;48294;33729;22164;408;0;3721;3718;3718;3725;3714;3719;3723;3718;3721;0;0;0;46
$1;1;5373000;2;0;1487;48301;33725;22168;408;0;3721;3718;3718;3725;3714;3719;3723;3718;3721;0;0;0;46
$1;1;5374000;2;0;1498;48295;33730;22172;408;0;3721;3718;3718;3725;3714;3719;3723;3718;3721;0;0;0;36
$1;1;5375000;2;0;1462;48315;33718;22177;408;0;3721;3718;3718;3724;3714;3719;3723;3718;3721;0;0;0;39
$1;1;5376000;2;0;1420;48338;33706;22181;408;0;3720;3717;3717;3724;3713;3719;3722;3717;3720;0;0;0;34
$1;1;5377000;2;0;1439;48328;33710;22185;408;0;3721;3717;3718;3724;3714;3719;3722;3717;3720;0;0;0;32
$1;1;5378000;2;0;1450;48323;33715;22189;408;0;3721;3718;3718;3725;3714;3719;3722;3717;3720;0;0;0;44
$1;1;5379000;2;0;1491;48300;33728;22193;408;0;3721;3718;3718;3725;3714;3719;3723;3718;3721;0;0;0;43
$1;1;5380000;2;0;1498;48298;33730;22197;408;0;3722;3718;3719;3725;3714;3719;3723;3718;3722;0;0;0;40
$1;1;5381000;2;0;1499;48298;33731;22202;407;0;3722;3718;3719;3725;3715;3720;3723;3718;3722;0;0;0;34
$1;1;5382000;2;0;1437;48329;33713;22206;407;0;3721;3718;3718;3724;3714;3719;3722;3718;3721;0;0;0;32
$1;1;5383000;2;0;1446;48327;33716;22210;407;0;3721;3718;3718;3724;3714;3719;3722;3717;3721;0;0;0;36
$1;1;5384000;2;0;1438;48330;33714;22213;407;0;3721;3718;3718;3725;3714;3719;3722;3718;3721;0;0;0;35
$1;1;5385000;2;0;1493;48303;33730;22217;407;0;3722;3718;3719;3725;3714;3720;3723;3718;3721;0;0;0;40
$1;1;5386000;2;0;1498;48301;33733;22222;406;0;3722;3719;3719;3725;3715;3720;3723;3718;3722;0;0;0;37
$1;1;5387000;2;0;1502;48297;33735;22226;406;0;3722;3719;3719;3726;3715;3720;3723;3719;3722;0;0;0;40
$1;1;5388000;2;0;1502;48295;33735;22230;407;0;3722;3719;3719;3726;3715;3720;3724;3719;3722;0;0;0;36
$1;1;5389000;2;0;1502;48294;33735;22234;407;0;3722;3719;3719;3726;3715;3720;3723;3719;3722;0;0;0;39
$1;1;5390000;2;0;1500;48296;33735;22238;407;0;3722;3719;3719;3726;3715;3720;3723;3719;3722;0;0;0;35
$1;1;5391000;2;0;1486;48302;33730;22242;407;0;3722;3719;3719;3726;3715;3720;3723;3718;3722;0;0;0;40
$1;1;5392000;2;0;1462;48317;33724;22246;407;0;3722;3718;3719;3726;3715;3719;3723;3718;3721;0;0;0;44
$1;1;5393000;2;0;1481;48307;33730;22251;407;0;3722;3718;3719;3725;3715;3720;3723;3718;3721;0;0;0;43
$1;1;5394000;2;0;1498;48300;33735;22255;407;0;3722;3719;3719;3726;3715;3720;3723;3719;3722;0;0;0;34
$1;1;5395000;2;0;1447;48325;33719;22259;407;0;3721;3718;3718;3725;3714;3719;3723;3718;3721;0;0;0;45
$1;1;5396000;2;0;1494;48300;33734;22263;406;0;3722;3719;3719;3726;3715;3720;3723;3719;3722;0;0;0;41
$1;1;5397000;2;0;1499;48299;33737;22267;406;0;3722;3719;3719;3726;3715;3720;3724;3719;3722;0;0;0;36
$1;1;5398000;2;0;1500;48300;33738;22271;406;0;3722;3719;3719;3727;3715;3720;3724;3719;3722;0;0;0;34
$1;1;5399000;2;0;1460;48319;33726;22276;406;0;3722;3719;3719;3726;3715;3720;3723;3718;3722;0;0;0;35
$1;1;5400000;2;0;1470;48314;33729;22280;405;0;3722;3719;3719;3725;3715;3720;3723;3718;3721;0;0;0;45
$1;1;5401000;2;0;1469;48315;33729;22284;405;0;3722;3719;3719;3726;3715;3720;3723;3719;3722;0;0;0;32
$1;1;5402000;2;0;1496;48300;33738;22288;405;0;3722;3719;3719;3727;3715;3721;3724;3719;3722;0;0;0;44
$1;1;5403000;2;0;1502;48297;33740;22292;405;0;3723;3719;3719;3726;3715;3720;3724;3719;3722;0;0;0;43
$1;1;5404000;2;0;1484;48306;33734;22296;405;0;3722;3719;3719;3726;3715;3720;3724;3719;3722;0;0;0;44
$1;1;5405000;2;0;1478;48306;33732;22301;405;0;3722;3719;3720;3727;3715;3720;3724;3719;3722;0;0;0;44
$1;1;5406000;2;0;1408;48345;33710;22304;405;0;3721;3718;3719;3725;3715;3719;3723;3718;3721;0;0;0;47
$1;1;5407000;2;0;1490;48301;33736;22308;406;0;3722;3719;3719;3727;3715;3720;3724;3719;3722;0;0;0;43
$1;1;5408000;2;0;1489;48301;33736;22312;405;0;3722;3719;3719;3726;3715;3720;3724;3719;3722;0;0;0;37
$1;1;5409000;2;0;1439;48328;33721;22317;405;0;3722;3719;3719;3726;3715;3720;3723;3718;3721;0;0;0;34
$1;1;5410000;2;0;1445;48325;33724;22321;405;0;3722;3719;3719;3726;3715;3720;3723;3718;3722;0;0;0;47
$1;1;5411000;2;0;1446;48326;33724;22325;405;0;3722;3719;3719;3726;3715;3720;3723;3719;3722;0;0;0;43
$1;1;5412000;2;0;1445;48326;33725;22329;405;0;3722;3719;3719;3726;3715;3720;3723;3719;3722;0;0;0;38
$1;1;5413000;2;0;1492;48302;33740;22333;405;0;3723;3719;3719;3727;3715;3721;3724;3719;3722;0;0;0;37
$1;128;5413000;307;126;15;13;13;15;12;13;15;14;16;0;0;0;16
$1;1;5414000;2;0;1437;48331;33721;22337;404;0;3722;3719;3719;3726;3715;3720;3723;3718;3722;0;0;0;40
$1;1;5415000;2;0;1490;48305;33739;22342;404;0;3723;3719;3720;3727;3715;3721;3724;3719;3723;0;0;0;36
$1;1;5416000;2;0;1480;48309;33736;22346;404;0;3723;3720;3719;3727;3715;3721;3724;3719;3722;0;0;0;32
$1;1;5417000;2;0;1498;48299;33742;22350;404;0;3723;3720;3720;3727;3716;3721;3724;3719;3723;0;0;0;44
$1;1;5418000;2;0;1465;48317;33733;22354;403;0;3723;3719;3720;3727;3715;3721;3724;3719;3722;0;0;0;43
$1;1;5419000;2;0;1433;48335;33724;22358;403;0;3722;3719;3719;3726;3715;3720;3723;3719;3722;0;0;0;47
$1;1;5420000;2;0;1442;48330;33726;22362;403;0;3722;3719;3719;3726;3715;3720;3724;3719;3722;0;0;0;42
$1;1;5421000;2;0;1493;48299;33742;22366;404;0;3723;3720;3720;3727;3716;3721;3724;3719;3723;0;0;0;39
$1;1;5422000;2;0;1441;48327;33726;22370;404;0;3722;3719;3719;3727;3715;3720;3724;3719;3722;0;0;0;40
$1;1;5423000;2;0;1449;48322;33730;22374;404;0;3722;3719;3720;3726;3716;3720;3724;3719;3722;0;0;0;47
$1;1;5424000;2;0;1484;48305;33740;22378;404;0;3723;3720;3720;3727;3716;3721;3724;3719;3722;0;0;0;44
$1;1;5425000;2;0;1481;48307;33739;22382;404;0;3723;3720;3720;3727;3716;3721;3724;3719;3723;0;0;0;32
$1;1;5426000;2;0;1450;48323;33730;22387;404;0;3723;3720;3720;3727;3715;3721;3724;3719;3722;0;0;0;39
$1;1;5427000;2;0;1494;48299;33744;22391;403;0;3723;3720;3720;3727;3716;3721;3724;3720;3723;0;0;0;37
$1;1;5428000;2;0;1451;48324;33731;22395;403;0;3723;3720;3720;3727;3716;3721;3724;3719;3722;0;0;0;41
$1;1;5429000;2;0;1473;48312;33738;22399;403;0;3723;3720;3720;3727;3716;3721;3724;3719;3723;0;0;0;41
$1;1;5430000;2;0;1483;48309;33742;22402;403;0;3723;3720;3720;3727;3716;3721;3724;3720;3723;0;0;0;38
$1;1;5431000;2;0;1425;48339;33725;22406;402;0;3723;3719;3719;3726;3716;3720;3724;3719;3722;0;0;0;39
$1;1;5432000;2;0;1442;48330;33730;22411;402;0;3723;3720;3720;3727;3716;3721;3724;3719;3722;0;0;0;46
$1;1;5433000;2;0;1450;48328;33732;22414;402;0;3723;3720;3720;3727;3716;3721;3724;3719;3723;0;0;0;35
$1;1;5434000;2;0;1494;48304;33746;22418;402;0;3724;3720;3720;3727;3716;3722;3725;3720;3723;0;0;0;34
$1;1;5435000;2;0;1498;48300;33748;22423;402;0;3724;3721;3720;3728;3717;3722;3725;3720;3723;0;0;0;34
$1;1;5436000;2;0;1499;48299;33750;22427;402;0;3724;3720;3721;3728;3717;3722;3725;3720;3724;0;0;0;43
$1;1;5437000;2;0;1457;48319;33736;22431;401;0;3723;3720;3720;3727;3716;3721;3724;3720;3723;0;0;0;40
$1;1;5438000;2;0;1496;48296;33748;22435;402;0;3724;3720;3720;3728;3717;3722;3725;3720;3723;0;0;0;41
$1;1;5439000;2;0;1501;48293;33751;22439;403;0;3724;3721;3721;3728;3717;3722;3725;3720;3724;0;0;0;32
$1;1;5440000;2;0;1498;48293;33750;22444;402;0;3724;3721;3721;3728;3717;3722;3725;3720;3724;0;0;0;37
$1;1;5441000;2;0;1457;48317;33739;22448;402;0;3723;3720;3720;3727;3716;3721;3725;3720;3723;0;0;0;36
$1;1;5442000;2;0;1496;48297;33751;22452;402;0;3724;3721;3721;3728;3717;3722;3725;3720;3724;0;0;0;43
$1;1;5443000;2;0;1499;48296;33753;22456;402;0;3724;3721;3721;3728;3717;3722;3725;3720;3724;0;0;0;34
$1;1;5444000;2;0;1498;48296;33754;22460;402;0;3724;3721;3721;3728;3717;3722;3725;3721;3724;0;0;0;39
$1;1;5445000;2;0;1499;48294;33753;22464;402;0;3724;3721;3721;3728;3717;3722;3725;3721;3724;0;0;0;38
$1;1;5446000;2;0;1468;48312;33743;22469;402;0;3724;3721;3721;3728;3717;3722;3725;3720;3724;0;0;0;41
$1;1;5447000;2;0;1473;48307;33746;22473;402;0;3724;3721;3721;3728;3717;3722;3725;3720;3724;0;0;0;40
$1;1;5448000;2;0;1491;48299;33752;22477;401;0;3724;3721;3721;3728;3717;3722;3725;3720;3724;0;0;0;47
$1;1;5449000;2;0;1501;48294;33754;22481;401;0;3724;3721;3721;3729;3717;3722;3725;3721;3724;0;0;0;36
$1;1;5450000;2;0;1488;48301;33751;22485;401;0;3724;3721;3721;3728;3717;3722;3725;3720;3724;0;0;0;32
$1;1;5451000;2;0;1441;48326;33737;22489;401;0;3723;3720;3720;3728;3716;3722;3725;3720;3723;0;0;0;44
$1;1;5452000;2;0;1431;48332;33734;22494;401;0;3723;3720;3720;3727;3716;3721;3724;3720;3723;0;0;0;47
$1;1;5453000;2;0;1430;48333;33734;22498;401;0;3723;3720;3720;3727;3716;3721;3725;3720;3723;0;0;0;35
$1;1;5454000;2;0;1419;48338;33730;22502;401;0;3723;3720;3720;3727;3716;3721;3724;3720;3723;0;0;0;35
$1;1;5455000;2;0;1493;48298;33754;22506;402;0;3724;3721;3721;3728;3717;3722;3725;3721;3724;0;0;0;35
$1;1;5456000;2;0;1465;48313;33745;22510;402;0;3724;3721;3721;3728;3717;3722;3725;3720;3723;0;0;0;42
$1;1;5457000;2;0;1437;48327;33737;22514;402;0;3723;3721;3720;3728;3716;3722;3725;3720;3723;0;0;0;45
$1;1;5458000;2;0;1440;48326;33739;22518;402;0;3724;3720;3721;3728;3717;3722;3725;3720;3723;0;0;0;39
$1;1;5459000;2;0;1455;48319;33743;22522;402;0;3724;3721;3721;3728;3717;3722;3725;3720;3723;0;0;0;43
$1;1;5460000;2;0;1496;48295;33756;22526;402;0;3724;3721;3721;3729;3717;3723;3726;3721;3724;0;0;0;46
$1;1;5461000;2;0;1475;48307;33751;22530;401;0;3724;3721;3721;3728;3717;3722;3725;3721;3724;0;0;0;40
$1;1;5462000;2;0;1430;48332;33737;22534;401;0;3724;3721;3721;3728;3717;3722;3725;3720;3724;0;0;0;41
$1;1;5463000;2;0;1440;48326;33740;22539;401;0;3724;3721;3721;3728;3717;3722;3725;3720;3723;0;0;0;32
$1;1;5464000;2;0;1459;48317;33747;22543;401;0;3724;3721;3721;3729;3717;3722;3725;3720;3724;0;0;0;33
$1;1;5465000;2;0;1453;48320;33745;22547;401;0;3724;3721;3721;3728;3717;3722;3725;3721;3724;0;0;0;40
$1;1;5466000;2;0;1496;48296;33758;22551;401;0;3725;3721;3721;3729;3717;3723;3726;3721;3724;0;0;0;39
$1;1;5467000;2;0;1486;48302;33755;22556;400;0;3725;3721;3721;3729;3717;3723;3726;3721;3724;0;0;0;32
$1;1;5468000;2;0;1498;48295;33761;22560;400;0;3725;3722;3722;3729;3718;3723;3726;3722;3725;0;0;0;32
$1;1;5469000;2;0;1488;48303;33758;22564;400;0;3725;3722;3722;3729;3718;3723;3726;3721;3725;0;0;0;35
$1;1;5470000;2;0;1488;48304;33758;22568;400;0;3725;3722;3722;3729;3718;3723;3726;3721;3725;0;0;0;32
$1;1;5471000;2;0;1498;48298;33762;22572;400;0;3725;3722;3722;3729;3718;3723;3726;3722;3725;0;0;0;37
$1;1;5472000;2;0;1483;48303;33757;22576;401;0;3725;3722;3722;3729;3718;3723;3726;3721;3725;0;0;0;47
$1;1;5473000;2;0;1497;48296;33762;22580;401;0;3725;3722;3722;3729;3718;3723;3726;3721;3725;0;0;0;41
$1;128;5473000;307;126;15;14;12;15;12;13;15;14;16;0;0;0;16
$1;1;5474000;2;0;1502;48292;33764;22585;401;0;3725;3722;3722;3730;3718;3723;3726;3721;3725;0;0;0;44
$1;1;5475000;2;0;1428;48332;33741;22589;401;0;3724;3721;3721;3729;3717;3722;3725;3720;3724;0;0;0;32
$1;1;5476000;2;0;1491;48299;33762;22593;401;0;3725;3722;3722;3729;3718;3723;3726;3722;3725;0;0;0;36
$1;1;5477000;2;0;1421;48336;33740;22597;400;0;3724;3721;3722;3728;3717;3722;3725;3721;3724;0;0;0;35
$1;1;5478000;2;0;1492;48299;33764;22601;401;0;3725;3722;3722;3729;3718;3723;3726;3722;3725;0;0;0;39
$1;1;5479000;2;0;1480;48305;33758;22605;400;0;3725;3722;3722;3729;3718;3723;3726;3721;3725;0;0;0;40
$1;1;5480000;2;0;1502;48292;33766;22609;400;0;3725;3722;3722;3730;3718;3723;3727;3722;3725;0;0;0;33
$1;1;5481000;2;0;1498;48296;33766;22614;400;0;3726;3722;3722;3730;3718;3723;3727;3722;3726;0;0;0;42
$1;1;5482000;2;0;1500;48293;33766;22618;400;0;3726;3722;3722;3730;3718;3723;3727;3722;3725;0;0;0;35
$1;1;5483000;2;0;1459;48316;33754;22622;400;0;3725;3722;3722;3729;3718;3723;3726;3721;3725;0;0;0;34
$1;1;5484000;2;0;1418;48338;33742;22626;399;0;3724;3721;3722;3728;3718;3723;3725;3721;3724;0;0;0;41
$1;1;5485000;2;0;1476;48307;33759;22630;400;0;3725;3722;3722;3730;3718;3723;3726;3722;3725;0;0;0;44
$1;1;5486000;2;0;1488;48301;33762;22633;399;0;3725;3722;3722;3730;3718;3723;3727;3722;3725;0;0;0;37
$1;1;5487000;2;0;1498;48296;33768;22637;399;0;3726;3722;3723;3730;3719;3724;3727;3722;3725;0;0;0;32
$1;1;5488000;2;0;1444;48325;33751;22641;399;0;3725;3722;3722;3729;3718;3723;3726;3721;3725;0;0;0;34
$1;1;5489000;2;0;1494;48295;33766;22645;400;0;3726;3723;3723;3730;3719;3724;3727;3722;3725;0;0;0;44
$1;1;5490000;2;0;1452;48317;33754;22649;400;0;3725;3722;3722;3729;3718;3723;3726;3722;3725;0;0;0;36
$1;1;5491000;2;0;1440;48322;33751;22654;400;0;3725;3722;3722;3729;3718;3723;3726;3721;3725;0;0;0;42
$1;1;5492000;2;0;1492;48297;33767;22658;400;0;3726;3723;3723;3730;3719;3724;3727;3722;3725;0;0;0;47
$1;1;5493000;2;0;1499;48293;33771;22662;400;0;3726;3723;3723;3730;3719;3724;3727;3722;3726;0;0;0;44
$1;1;5494000;2;0;1449;48318;33755;22666;400;0;3725;3723;3723;3729;3718;3724;3727;3722;3725;0;0;0;47
$1;1;5495000;2;0;1494;48296;33770;22670;400;0;3726;3723;3723;3729;3719;3724;3727;3722;3726;0;0;0;40
$1;1;5496000;2;0;1430;48330;33750;22674;400;0;3725;3722;3722;3729;3718;3723;3726;3722;3725;0;0;0;41
$1;1;5497000;2;0;1442;48322;33754;22678;399;0;3725;3722;3722;3729;3718;3723;3726;3722;3725;0;0;0;33
$1;1;5498000;2;0;1433;48330;33750;22682;399;0;3725;3722;3722;3729;3718;3723;3726;3721;3725;0;0;0;41
$1;1;5499000;2;0;1483;48303;33767;22686;399;0;3726;3722;3723;3730;3719;3724;3727;3722;3726;0;0;0;46
$1;1;5500000;2;0;1482;48305;33768;22690;399;0;3726;3723;3723;3729;3719;3724;3727;3722;3726;0;0;0;41
$1;1;5501000;2;0;1500;48294;33773;22694;399;0;3726;3723;3723;3730;3719;3724;3728;3723;3726;0;0;0;34
$1;1;5502000;2;0;1500;48294;33775;22698;399;0;3726;3723;3723;3730;3719;3724;3728;3723;3726;0;0;0;43
$1;1;5503000;2;0;1500;48294;33776;22702;399;0;3727;3723;3723;3730;3719;3724;3728;3723;3726;0;0;0;42
$1;1;5504000;2;0;1500;48294;33777;22707;399;0;3727;3723;3723;3730;3719;3725;3728;3723;3726;0;0;0;40
$1;1;5505000;2;0;1498;48295;33777;22711;398;0;3727;3723;3723;3730;3719;3724;3728;3723;3727;0;0;0;46
$1;1;5506000;2;0;1499;48295;33777;22715;398;0;3727;3724;3724;3730;3719;3725;3728;3723;3726;0;0;0;40
$1;1;5507000;2;0;1499;48291;33777;22719;399;0;3727;3723;3723;3730;3719;3725;3728;3723;3726;0;0;0;32
$1;1;5508000;2;0;1501;48292;33778;22723;400;0;3727;3723;3724;3730;3719;3725;3728;3723;3726;0;0;0;42
$1;1;5509000;2;0;1501;48292;33779;22727;399;0;3727;3723;3724;3730;3720;3725;3728;3723;3726;0;0;0;35
$1;1;5510000;2;0;1502;48292;33780;22732;399;0;3727;3724;3723;3730;3720;3725;3728;3723;3727;0;0;0;43
$1;1;5511000;2;0;1501;48292;33779;22736;399;0;3727;3724;3723;3730;3720;3725;3728;3723;3727;0;0;0;43
$1;1;5512000;2;0;1500;48291;33779;22740;399;0;3727;3724;3724;3730;3720;3725;3728;3723;3727;0;0;0;44
$1;1;5513000;2;0;1498;48293;33779;22744;399;0;3727;3723;3724;3730;3720;3725;3728;3723;3727;0;0;0;44
$1;1;5514000;2;0;1500;48294;33780;22748;399;0;3727;3724;3724;3730;3720;3725;3728;3723;3727;0;0;0;33
$1;1;5515000;2;0;1501;48291;33781;22753;399;0;3727;3724;3724;3731;3720;3725;3728;3724;3727;0;0;0;41
$1;1;5516000;2;0;1499;48293;33781;22757;399;0;3727;3724;3724;3731;3720;3725;3728;3724;3727;0;0;0;44
$1;1;5517000;2;0;1500;48292;33782;22761;399;0;3727;3724;3724;3731;3720;3725;3728;3724;3727;0;0;0;43
$1;1;5518000;2;0;1501;48291;33783;22765;399;0;3727;3724;3724;3731;3720;3725;3728;3724;3727;0;0;0;35
$1;1;5519000;2;0;1500;48292;33782;22769;399;0;3727;3724;3724;3731;3720;3725;3728;3724;3727;0;0;0;45
$1;1;5520000;2;0;1499;48292;33782;22773;399;0;3727;3724;3724;3730;3720;3725;3729;3724;3727;0;0;0;45
$1;1;5521000;2;0;1500;48293;33783;22778;399;0;3727;3724;3724;3731;3720;3725;3729;3724;3727;0;0;0;39
$1;1;5522000;2;0;1500;48293;33784;22782;398;0;3728;3724;3724;3731;3720;3725;3729;3724;3727;0;0;0;40
$1;1;5523000;2;0;1501;48291;33785;22786;398;0;3728;3724;3724;3731;3720;3725;3729;3724;3728;0;0;0;32
$1;1;5524000;2;0;1500;48290;33785;22790;399;0;3728;3724;3724;3731;3720;3725;3729;3724;3727;0;0;0;46
$1;1;5525000;2;0;1499;48291;33785;22794;399;0;3728;3724;3724;3731;3720;3725;3729;3724;3727;0;0;0;43
$1;1;5526000;2;0;1501;48288;33786;22798;399;0;3728;3724;3724;3731;3721;3725;3729;3724;3727;0;0;0;46
$1;1;5527000;2;0;1499;48291;33785;22803;399;0;3728;3724;3724;3731;3720;3725;3729;3724;3727;0;0;0;40
$1;1;5528000;2;0;1500;48291;33786;22807;399;0;3728;3724;3724;3731;3721;3725;3729;3724;3727;0;0;0;32
$1;1;5529000;2;0;1500;48291;33788;22811;399;0;3728;3724;3725;3731;3721;3726;3729;3724;3727;0;0;0;42
$1;1;5530000;2;0;1500;48291;33788;22815;399;0;3728;3724;3724;3731;3720;3726;3729;3724;3728;0;0;0;41
$1;1;5531000;2;0;1501;48291;33789;22819;399;0;3728;3724;3725;3731;3721;3726;3729;3724;3728;0;0;0;36
$1;1;5532000;2;0;1498;48291;33788;22823;399;0;3728;3724;3725;3731;3721;3726;3729;3724;3728;0;0;0;46
$1;1;5533000;2;0;1498;48291;33788;22828;399;0;3728;3724;3725;3731;3721;3726;3729;3724;3728;0;0;0;36
$1;128;5533000;310;127;15;14;13;15;11;13;16;14;16;0;0;0;19
$1;1;5534000;2;0;1501;48291;33790;22832;399;0;3728;3724;3725;3731;3721;3726;3729;3725;3728;0;0;0;33
$1;1;5535000;2;0;1501;48291;33790;22836;399;0;3728;3725;3725;3731;3721;3726;3729;3725;3728;0;0;0;37
$1;1;5536000;2;0;1501;48290;33790;22840;399;0;3728;3725;3725;3731;3721;3726;3729;3725;3728;0;0;0;38
$1;1;5537000;2;0;1500;48290;33790;22844;398;0;3728;3725;3725;3731;3721;3726;3729;3725;3728;0;0;0;35
$1;1;5538000;2;0;1499;48291;33790;22849;398;0;3728;3725;3725;3731;3721;3726;3729;3725;3728;0;0;0;33
$1;1;5539000;2;0;1501;48291;33792;22853;398;0;3728;3725;3725;3732;3721;3726;3729;3725;3728;0;0;0;42
$1;1;5540000;2;0;1499;48292;33791;22857;398;0;3728;3725;3725;3732;3721;3726;3730;3725;3728;0;0;0;40
$1;1;5541000;2;0;1498;48292;33792;22861;398;0;3728;3725;3725;3732;3721;3726;3729;3725;3728;0;0;0;38
$1;1;5542000;2;0;1500;48289;33792;22865;399;0;3728;3725;3725;3732;3721;3726;3729;3725;3728;0;0;0;42
$1;1;5543000;2;0;1499;48289;33792;22869;399;0;3728;3725;3725;3732;3721;3726;3730;3725;3728;0;0;0;46
$1;1;5544000;2;0;1500;48289;33792;22874;399;0;3728;3725;3725;3732;3721;3726;3730;3725;3728;0;0;0;36
$1;1;5545000;2;0;1500;48289;33794;22878;399;0;3728;3725;3725;3732;3721;3726;3730;3725;3728;0;0;0;47
$1;1;5546000;2;0;1499;48288;33794;22882;399;0;3728;3725;3725;3732;3721;3727;3730;3725;3728;0;0;0;40
$1;1;5547000;2;0;1500;48289;33794;22886;399;0;3729;3725;3725;3732;3721;3726;3730;3725;3728;0;0;0;45
$1;1;5548000;2;0;1499;48290;33794;22890;398;0;3729;3725;3725;3732;3721;3727;3730;3725;3728;0;0;0;44
$1;1;5549000;2;0;1498;48290;33795;22894;398;0;3729;3725;3726;3732;3721;3726;3730;3725;3729;0;0;0;42
$1;1;5550000;2;0;1501;48288;33796;22899;398;0;3729;3725;3726;3732;3721;3727;3730;3725;3728;0;0;0;36
$1;1;5551000;2;0;1501;48291;33797;22903;398;0;3729;3726;3725;3732;3722;3727;3730;3725;3729;0;0;0;44
$1;1;5552000;2;0;1500;48289;33797;22907;398;0;3729;3725;3726;3732;3722;3727;3730;3725;3729;0;0;0;35
$1;1;5553000;2;0;1500;48289;33797;22911;398;0;3729;3726;3726;3732;3722;3727;3730;3725;3729;0;0;0;38
$1;1;5554000;2;0;1503;48287;33798;22915;398;0;3729;3726;3726;3732;3722;3727;3730;3725;3729;0;0;0;39
$1;1;5555000;2;0;1501;48290;33798;22919;398;0;3729;3726;3726;3732;3722;3727;3730;3725;3729;0;0;0;46
$1;1;5556000;2;0;1500;48289;33797;22924;398;0;3729;3725;3726;3732;3722;3727;3730;3725;3729;0;0;0;38
$1;1;5557000;2;0;1449;48317;33782;22928;398;0;3728;3725;3725;3732;3721;3726;3730;3725;3728;0;0;0;36
$1;1;5558000;2;0;1492;48294;33796;22932;398;0;3729;3726;3726;3732;3722;3727;3730;3725;3729;0;0;0;43
$1;1;5559000;2;0;1499;48291;33799;22936;399;0;3729;3726;3726;3733;3722;3727;3730;3726;3729;0;0;0;44
$1;1;5560000;2;0;1502;48287;33800;22940;399;0;3729;3726;3726;3733;3722;3727;3730;3726;3729;0;0;0;44
$1;1;5561000;2;0;1500;48288;33800;22944;399;0;3729;3726;3726;3733;3722;3727;3730;3726;3729;0;0;0;36
$1;1;5562000;2;0;1499;48290;33800;22949;399;0;3729;3726;3726;3733;3722;3727;3730;3726;3729;0;0;0;34
$1;1;5563000;2;0;1498;48291;33800;22953;399;0;3729;3726;3726;3733;3722;3727;3730;3726;3729;0;0;0;40
$1;1;5564000;2;0;1500;48290;33802;22957;399;0;3729;3726;3726;3733;3722;3727;3730;3726;3729;0;0;0;40
$1;1;5565000;2;0;1476;48301;33794;22961;398;0;3729;3726;3726;3733;3722;3727;3730;3725;3729;0;0;0;39
$1;1;5566000;2;0;1499;48289;33802;22965;398;0;3729;3726;3726;3733;3722;3727;3730;3726;3729;0;0;0;35
$1;1;5567000;2;0;1451;48314;33787;22969;398;0;3729;3726;3726;3733;3722;3727;3730;3725;3729;0;0;0;46
$1;1;5568000;2;0;1493;48291;33801;22973;398;0;3729;3726;3726;3733;3722;3727;3730;3726;3729;0;0;0;42
$1;1;5569000;2;0;1490;48294;33800;22977;398;0;3729;3726;3726;3733;3722;3727;3730;3726;3729;0;0;0;40
$1;1;5570000;2;0;1498;48291;33802;22982;398;0;3730;3726;3726;3733;3722;3727;3731;3726;3729;0;0;0;44
$1;1;5571000;2;0;1500;48289;33803;22986;398;0;3730;3726;3726;3733;3722;3727;3731;3726;3729;0;0;0;33
$1;1;5572000;2;0;1498;48291;33803;22990;398;0;3730;3726;3727;3733;3722;3728;3730;3726;3729;0;0;0;35
$1;1;5573000;2;0;1500;48290;33804;22994;398;0;3730;3726;3727;3733;3722;3727;3731;3726;3730;0;0;0;38
$1;1;5574000;2;0;1467;48309;33794;22998;398;0;3729;3726;3726;3732;3722;3727;3730;3726;3729;0;0;0;43
$1;1;5575000;2;0;1496;48291;33803;23002;398;0;3730;3726;3726;3733;3722;3728;3731;3726;3730;0;0;0;33
$1;1;5576000;2;0;1484;48296;33800;23006;398;0;3730;3726;3726;3733;3722;3727;3731;3726;3729;0;0;0;38
$1;1;5577000;2;0;1462;48307;33793;23010;399;0;3729;3726;3726;3733;3722;3727;3730;3726;3729;0;0;0;44
$1;1;5578000;2;0;1474;48300;33798;23014;399;0;3729;3726;3726;3733;3722;3728;3730;3726;3729;0;0;0;35
$1;1;5579000;2;0;1452;48313;33790;23018;398;0;3729;3726;3726;3733;3722;3727;3730;3726;3729;0;0;0;46
$1;1;5580000;2;0;1493;48291;33804;23022;399;0;3730;3727;3727;3733;3723;3728;3731;3726;3730;0;0;0;43
$1;1;5581000;2;0;1464;48307;33795;23026;399;0;3729;3726;3726;3733;3722;3728;3730;3726;3729;0;0;0;47
$1;1;5582000;2;0;1498;48290;33806;23030;399;0;3730;3727;3727;3733;3723;3728;3731;3726;3730;0;0;0;34
$1;1;5583000;2;0;1502;48286;33807;23034;398;0;3730;3727;3727;3734;3723;3728;3731;3727;3730;0;0;0;36
$1;1;5584000;2;0;1499;48288;33807;23039;398;0;3730;3727;3727;3734;3723;3728;3731;3727;3730;0;0;0;35
$1;1;5585000;2;0;1501;48287;33809;23043;398;0;3730;3727;3727;3734;3723;3728;3731;3727;3730;0;0;0;46
$1;1;5586000;2;0;1441;48318;33790;23046;398;0;3730;3726;3727;3733;3723;3728;3730;3726;3729;0;0;0;43
$1;1;5587000;2;0;1439;48320;33790;23050;398;0;3729;3726;3727;3733;3722;3728;3730;3726;3729;0;0;0;32
$1;1;5588000;2;0;1451;48315;33793;23054;398;0;3729;3726;3726;3733;3722;3727;3730;3726;3729;0;0;0;46
$1;1;5589000;2;0;1494;48294;33808;23058;398;0;3730;3727;3727;3733;3723;3728;3731;3727;3730;0;0;0;33
$1;1;5590000;2;0;1435;48325;33790;23062;398;0;3729;3727;3727;3733;3722;3727;3730;3726;3729;0;0;0;32
$1;1;5591000;2;0;1484;48298;33804;23066;398;0;3730;3727;3727;3733;3723;3728;3731;3726;3730;0;0;0;37
$1;1;5592000;2;0;1465;48309;33800;23070;397;0;3730;3727;3727;3733;3723;3728;3731;3726;3730;0;0;0;44
$1;1;5593000;2;0;1452;48314;33795;23074;398;0;3730;3726;3727;3734;3723;3728;3731;3726;3729;0;0;0;35
$1;128;5593000;307;124;15;13;13;15;11;13;15;14;15;0;0;0;27
$1;1;5594000;2;0;1472;48302;33802;23078;398;0;3730;3727;3727;3734;3723;3728;3731;3726;3730;0;0;0;37
$1;1;5595000;2;0;1482;48298;33805;23082;398;0;3730;3727;3727;3734;3723;3728;3731;3727;3730;0;0;0;42
$1;1;5596000;2;0;1489;48293;33808;23086;398;0;3730;3727;3727;3734;3723;3728;3731;3727;3730;0;0;0;32
$1;1;5597000;2;0;1438;48320;33792;23090;398;0;3730;3727;3727;3733;3723;3728;3731;3726;3729;0;0;0;39
$1;1;5598000;2;0;1492;48291;33810;23094;398;0;3731;3727;3727;3734;3723;3728;3731;3727;3731;0;0;0;44
$1;1;5599000;2;0;1451;48316;33797;23098;398;0;3730;3727;3727;3734;3723;3728;3731;3726;3729;0;0;0;41
$1;1;5600000;2;0;1495;48292;33812;23102;398;0;3731;3728;3727;3734;3723;3729;3732;3727;3730;0;0;0;42
$1;1;5601000;2;0;1474;48303;33805;23106;398;0;3730;3727;3727;3734;3723;3728;3731;3727;3730;0;0;0;35
$1;1;5602000;2;0;1470;48305;33804;23110;398;0;3730;3727;3727;3734;3723;3728;3731;3727;3730;0;0;0;36
$1;1;5603000;2;0;1488;48295;33810;23114;398;0;3731;3728;3727;3734;3723;3728;3731;3727;3730;0;0;0;37
$1;1;5604000;2;0;1466;48307;33803;23118;398;0;3730;3727;3727;3734;3723;3728;3731;3727;3730;0;0;0;40
$1;1;5605000;2;0;1495;48292;33814;23122;398;0;3731;3728;3728;3734;3724;3729;3732;3727;3731;0;0;0;34
$1;1;5606000;2;0;1447;48316;33799;23127;397;0;3730;3727;3727;3734;3723;3728;3731;3727;3730;0;0;0;38
$1;1;5607000;2;0;1442;48319;33798;23131;397;0;3730;3727;3727;3734;3723;3728;3731;3727;3730;0;0;0;43
$1;1;5608000;2;0;1424;48330;33792;23135;397;0;3730;3727;3727;3733;3723;3728;3731;3726;3730;0;0;0;39
$1;1;5609000;2;0;1447;48318;33800;23139;397;0;3730;3727;3727;3734;3723;3728;3731;3727;3730;0;0;0;39
$1;1;5610000;2;0;1448;48318;33801;23143;397;0;3730;3727;3727;3734;3723;3728;3731;3727;3730;0;0;0;44
$1;1;5611000;2;0;1425;48328;33794;23148;397;0;3730;3727;3727;3734;3723;3728;3731;3727;3730;0;0;0;45
$1;1;5612000;2;0;1411;48334;33790;23152;398;0;3730;3727;3727;3734;3723;3728;3731;3726;3729;0;0;0;45
$1;1;5613000;2;0;1490;48292;33814;23156;398;0;3731;3728;3728;3735;3724;3729;3732;3727;3730;0;0;0;35
$1;1;5614000;2;0;1466;48305;33807;23160;398;0;3731;3728;3727;3734;3724;3729;3732;3727;3730;0;0;0;43
$1;1;5615000;2;0;1482;48297;33813;23163;398;0;3731;3728;3728;3734;3724;3729;3732;3727;3731;0;0;0;34
$1;1;5616000;2;0;1499;48288;33818;23168;398;0;3731;3728;3728;3735;3724;3729;3732;3728;3731;0;0;0;43
$1;1;5617000;2;0;1488;48294;33815;23171;398;0;3731;3728;3728;3735;3724;3729;3732;3728;3731;0;0;0;34
$1;1;5618000;2;0;1466;48306;33809;23175;398;0;3731;3728;3728;3735;3724;3729;3732;3727;3731;0;0;0;33
$1;1;5619000;2;0;1436;48322;33801;23180;397;0;3731;3727;3727;3734;3723;3728;3731;3727;3730;0;0;0;43
$1;1;5620000;2;0;1494;48290;33818;23184;397;0;3732;3728;3728;3735;3724;3730;3732;3728;3731;0;0;0;44
$1;1;5621000;2;0;1491;48292;33817;23188;397;0;3732;3728;3728;3735;3724;3729;3732;3728;3731;0;0;0;33
$1;1;5622000;2;0;1458;48310;33808;23192;397;0;3731;3728;3728;3735;3724;3729;3732;3727;3731;0;0;0;37
$1;1;5623000;2;0;1453;48315;33805;23196;397;0;3731;3727;3728;3735;3724;3729;3732;3727;3730;0;0;0;45
$1;1;5624000;2;0;1436;48321;33801;23200;397;0;3731;3727;3728;3735;3723;3729;3731;3727;3730;0;0;0;34
$1;1;5625000;2;0;1473;48304;33814;23204;397;0;3731;3728;3728;3735;3724;3729;3732;3728;3731;0;0;0;32
$1;1;5626000;2;0;1456;48315;33809;23208;397;0;3731;3728;3728;3734;3724;3729;3732;3727;3731;0;0;0;42
$1;1;5627000;2;0;1496;48291;33822;23212;397;0;3732;3728;3728;3736;3724;3729;3733;3728;3732;0;0;0;36
$1;1;5628000;2;0;1454;48315;33809;23216;396;0;3731;3728;3728;3735;3724;3729;3732;3728;3731;0;0;0;38
$1;1;5629000;2;0;1494;48290;33821;23220;397;0;3732;3729;3729;3735;3725;3730;3733;3728;3731;0;0;0;34
$1;1;5630000;2;0;1499;48287;33823;23225;397;0;3732;3729;3729;3736;3725;3730;3733;3728;3732;0;0;0;38
$1;1;5631000;2;0;1462;48307;33811;23229;397;0;3731;3728;3728;3735;3724;3729;3732;3728;3731;0;0;0;44
$1;1;5632000;2;0;1485;48293;33819;23233;397;0;3732;3728;3728;3735;3724;3729;3733;3728;3731;0;0;0;43
$1;1;5633000;2;0;1500;48287;33824;23237;397;0;3732;3729;3729;3736;3725;3730;3733;3728;3732;0;0;0;32
$1;1;5634000;2;0;1499;48287;33824;23241;397;0;3732;3729;3729;3736;3725;3730;3733;3728;3732;0;0;0;39
$1;1;5635000;2;0;1499;48287;33825;23245;397;0;3732;3729;3729;3736;3725;3730;3733;3729;3732;0;0;0;34
$1;1;5636000;2;0;1489;48293;33822;23249;397;0;3732;3729;3729;3736;3725;3730;3733;3728;3732;0;0;0;47
$1;1;5637000;2;0;1500;48286;33826;23254;397;0;3732;3729;3729;3736;3725;3730;3733;3728;3732;0;0;0;34
$1;1;5638000;2;0;1503;48286;33827;23258;397;0;3732;3729;3729;3736;3725;3730;3733;3729;3732;0;0;0;34
$1;1;5639000;2;0;1502;48286;33828;23262;396;0;3733;3729;3729;3737;3725;3730;3733;3729;3732;0;0;0;37
$1;1;5640000;2;0;1500;48288;33828;23266;396;0;3733;3729;3729;3736;3725;3730;3733;3729;3732;0;0;0;34
$1;1;5641000;2;0;1498;48288;33827;23270;396;0;3733;3729;3729;3736;3725;3731;3733;3729;3732;0;0;0;42
$1;1;5642000;2;0;1458;48310;33814;23274;396;0;3732;3729;3729;3736;3725;3730;3733;3728;3732;0;0;0;32
$1;1;5643000;2;0;1495;48289;33826;23279;396;0;3733;3729;3729;3736;3725;3730;3733;3729;3732;0;0;0;45
$1;1;5644000;2;0;1448;48312;33813;23283;397;0;3732;3729;3729;3735;3725;3730;3733;3728;3732;0;0;0;40
$1;1;5645000;2;0;1444;48314;33813;23287;397;0;3732;3729;3729;3736;3725;3730;3733;3728;3732;0;0;0;36
$1;1;5646000;2;0;1398;48338;33799;23291;397;0;3731;3728;3729;3735;3724;3730;3732;3728;3731;0;0;0;39
$1;1;5647000;2;0;1488;48292;33826;23295;397;0;3732;3729;3729;3736;3725;3730;3733;3729;3732;0;0;0;45
$1;1;5648000;2;0;1460;48308;33817;23299;397;0;3732;3729;3729;3736;3725;3730;3733;3729;3732;0;0;0;40
$1;1;5649000;2;0;1480;48297;33824;23303;397;0;3732;3729;3729;3736;3725;3730;3733;3729;3732;0;0;0;34
$1;1;5650000;2;0;1474;48300;33822;23308;397;0;3733;3730;3729;3736;3725;3730;3733;3729;3732;0;0;0;42
$1;1;5651000;2;0;1491;48292;33829;23312;396;0;3733;3730;3729;3736;3725;3731;3734;3729;3733;0;0;0;44
$1;1;5652000;2;0;1452;48314;33818;23316;396;0;3732;3729;3729;3736;3725;3730;3733;3729;3732;0;0;0;39
$1;1;5653000;2;0;1443;48319;33814;23320;396;0;3732;3729;3729;3735;3725;3730;3733;3729;3732;0;0;0;33
$1;128;5653000;307;124;15;14;13;15;11;13;15;13;15;0;0;0;20
$1;1;5654000;2;0;1463;48307;33821;23324;396;0;3732;3729;3729;3736;3725;3730;3733;3729;3732;0;0;0;42
$1;1;5655000;2;0;1459;48311;33820;23328;396;0;3732;3729;3729;3736;3725;3730;3733;3729;3732;0;0;0;40
$1;1;5656000;2;0;1495;48291;33831;23332;396;0;3733;3730;3730;3736;3725;3731;3734;3729;3732;0;0;0;46
$1;1;5657000;2;0;1414;48335;33806;23336;396;0;3732;3729;3729;3735;3725;3730;3733;3728;3732;0;0;0;44
$1;1;5658000;2;0;1488;48296;33830;23340;396;0;3733;3730;3730;3736;3725;3731;3734;3729;3733;0;0;0;46
$1;1;5659000;2;0;1419;48332;33808;23344;396;0;3732;3729;3729;3736;3725;3730;3733;3729;3732;0;0;0;33
$1;1;5660000;2;0;1489;48296;33831;23349;396;0;3733;3730;3730;3737;3725;3731;3734;3729;3732;0;0;0;44
$1;1;5661000;2;0;1498;48289;33834;23353;396;0;3733;3730;3730;3737;3726;3731;3734;3729;3733;0;0;0;47
$1;1;5662000;2;0;1482;48296;33829;23357;397;0;3733;3730;3730;3737;3725;3731;3734;3729;3733;0;0;0;35
$1;1;5663000;2;0;1499;48287;33834;23361;397;0;3733;3730;3730;3737;3726;3731;3734;3730;3733;0;0;0;42
$1;1;5664000;2;0;1460;48307;33824;23365;397;0;3733;3730;3730;3737;3725;3731;3734;3729;3732;0;0;0;45
$1;1;5665000;2;0;1457;48310;33823;23370;398;0;3733;3730;3730;3737;3725;3731;3734;3729;3732;0;0;0;34
$1;1;5666000;2;0;1497;48289;33836;23374;398;0;3734;3730;3730;3737;3726;3731;3734;3730;3733;0;0;0;33
$1;1;5667000;2;0;1482;48296;33830;23378;398;0;3733;3730;3730;3737;3726;3731;3734;3729;3733;0;0;0;47
$1;1;5668000;2;0;1498;48288;33837;23382;398;0;3734;3730;3730;3738;3726;3732;3734;3730;3733;0;0;0;37
$1;1;5669000;2;0;1485;48293;33833;23386;398;0;3733;3730;3730;3738;3726;3731;3734;3730;3733;0;0;0;38
$1;1;5670000;2;0;1448;48315;33823;23390;398;0;3733;3730;3730;3737;3726;3731;3734;3729;3732;0;0;0;32
$1;1;5671000;2;0;1467;48305;33828;23395;399;0;3733;3730;3730;3737;3726;3731;3734;3730;3732;0;0;0;42
$1;1;5672000;2;0;1497;48289;33839;23399;399;0;3734;3731;3730;3738;3726;3732;3735;3730;3733;0;0;0;37
$1;1;5673000;2;0;1502;48287;33840;23403;399;0;3734;3731;3730;3738;3726;3732;3735;3730;3733;0;0;0;45
$1;1;5674000;2;0;1394;48344;33808;23407;399;0;3732;3730;3729;3736;3725;3730;3734;3729;3732;0;0;0;45
$1;1;5675000;2;0;1444;48317;33823;23411;399;0;3733;3730;3730;3737;3725;3731;3734;3729;3732;0;0;0;39
$1;1;5676000;2;0;1444;48316;33823;23415;400;0;3733;3730;3730;3737;3726;3731;3734;3729;3733;0;0;0;36
$1;1;5677000;2;0;1448;48317;33826;23419;400;0;3733;3730;3730;3737;3726;3731;3734;3730;3733;0;0;0;41
$1;1;5678000;2;0;1494;48289;33839;23423;402;0;3734;3730;3731;3738;3726;3732;3735;3730;3734;0;0;0;40
$1;1;5679000;2;0;1498;48284;33840;23428;402;0;3734;3731;3731;3739;3726;3732;3735;3730;3733;0;0;0;42
$1;1;5680000;2;0;1448;48312;33826;23432;403;0;3733;3730;3730;3738;3726;3731;3734;3730;3733;0;0;0;33
$1;1;5681000;2;0;1494;48287;33840;23436;403;0;3734;3731;3731;3738;3726;3732;3735;3730;3733;0;0;0;45
$1;1;5682000;2;0;1443;48316;33826;23440;404;0;3733;3730;3730;3737;3726;3732;3735;3730;3733;0;0;0;35
$1;1;5683000;2;0;1394;48342;33811;23443;404;0;3733;3729;3730;3737;3725;3731;3734;3729;3732;0;0;0;41
$1;1;5684000;2;0;1462;48306;33832;23448;405;0;3734;3730;3730;3737;3726;3732;3735;3730;3733;0;0;0;44
$1;1;5685000;2;0;1495;48288;33843;23452;405;0;3734;3731;3731;3738;3727;3732;3736;3730;3734;0;0;0;37
$1;1;5686000;2;0;1421;48328;33820;23456;405;0;3733;3730;3730;3737;3726;3731;3734;3730;3733;0;0;0;44
$1;1;5687000;2;0;1440;48318;33826;23460;405;0;3734;3730;3730;3737;3726;3732;3735;3730;3733;0;0;0;47
$1;1;5688000;2;0;1477;48298;33838;23464;406;0;3734;3731;3731;3738;3727;3732;3735;3730;3733;0;0;0;43
$1;1;5689000;2;0;1472;48301;33837;23468;406;0;3734;3731;3731;3738;3727;3732;3735;3730;3734;0;0;0;42
$1;1;5690000;2;0;1486;48295;33841;23472;406;0;3734;3731;3731;3738;3727;3732;3735;3730;3734;0;0;0;47
$1;1;5691000;2;0;1440;48318;33828;23477;406;0;3734;3731;3730;3738;3726;3732;3735;3730;3733;0;0;0;45
$1;1;5692000;2;0;1452;48314;33832;23480;406;0;3734;3731;3731;3738;3726;3732;3735;3730;3733;0;0;0;35
$1;1;5693000;2;0;1428;48326;33825;23484;406;0;3734;3730;3731;3738;3726;3731;3735;3730;3733;0;0;0;46
$1;1;5694000;2;0;1393;48346;33814;23488;406;0;3733;3730;3730;3737;3726;3731;3734;3729;3733;0;0;0;38
$1;1;5695000;2;0;1462;48309;33836;23493;406;0;3734;3731;3731;3738;3727;3732;3735;3730;3733;0;0;0;44
$1;1;5696000;2;0;1473;48299;33838;23497;407;0;3734;3731;3731;3738;3727;3732;3736;3731;3734;0;0;0;41
$1;1;5697000;2;0;1499;48287;33849;23501;408;0;3735;3732;3731;3739;3727;3733;3736;3731;3734;0;0;0;38
$1;1;5698000;2;0;1491;48292;33847;23505;408;0;3735;3732;3731;3738;3727;3733;3736;3731;3734;0;0;0;46
$1;1;5699000;2;0;1468;48302;33840;23509;408;0;3735;3731;3731;3739;3727;3733;3736;3731;3734;0;0;0;40
$1;1;5700000;2;0;1432;48322;33829;23513;408;0;3734;3731;3731;3738;3727;3732;3735;3730;3734;0;0;0;35
$1;1;5701000;2;0;1491;48292;33849;23517;408;0;3735;3732;3732;3739;3727;3733;3736;3731;3734;0;0;0;32
$1;1;5702000;2;0;1467;48305;33840;23521;408;0;3734;3731;3731;3738;3727;3732;3736;3731;3734;0;0;0;40
$1;1;5703000;2;0;1495;48289;33850;23525;408;0;3735;3732;3732;3739;3727;3733;3736;3731;3735;0;0;0;36
$1;1;5704000;2;0;1502;48284;33852;23530;408;0;3735;3732;3732;3739;3728;3733;3736;3731;3735;0;0;0;40
$1;1;5705000;2;0;1472;48300;33843;23534;408;0;3735;3731;3732;3739;3727;3733;3736;3731;3734;0;0;0;43
$1;1;5706000;2;0;1486;48294;33849;23538;408;0;3735;3732;3732;3739;3727;3733;3736;3731;3734;0;0;0;42
$1;1;5707000;2;0;1497;48287;33852;23542;408;0;3735;3732;3732;3739;3728;3733;3737;3732;3735;0;0;0;34
$1;1;5708000;2;0;1501;48286;33853;23546;408;0;3735;3732;3732;3739;3728;3733;3737;3732;3735;0;0;0;39
$1;1;5709000;2;0;1500;48285;33853;23550;408;0;3735;3732;3732;3739;3728;3733;3737;3732;3735;0;0;0;35
$1;1;5710000;2;0;1500;48287;33855;23554;408;0;3736;3732;3732;3739;3728;3733;3737;3732;3735;0;0;0;40
$1;1;5711000;2;0;1483;48295;33850;23558;407;0;3735;3732;3732;3739;3728;3733;3737;3732;3735;0;0;0;37
$1;1;5712000;2;0;1496;48286;33854;23562;409;0;3736;3732;3732;3739;3728;3733;3737;3732;3735;0;0;0;32
$1;1;5713000;2;0;1498;48284;33854;23566;409;0;3736;3732;3732;3739;3728;3733;3737;3732;3735;0;0;0;41
$1;128;5713000;306;126;15;14;13;15;11;13;15;14;16;0;0;0;22
$1;1;5714000;2;0;1499;48285;33856;23570;409;0;3736;3732;3732;3739;3728;3734;3737;3732;3735;0;0;0;44
$1;1;5715000;2;0;1498;48285;33857;23574;409;0;3736;3732;3732;3739;3728;3734;3737;3732;3735;0;0;0;41
$1;1;5716000;2;0;1501;48284;33859;23579;409;0;3736;3732;3732;3739;3728;3734;3737;3732;3735;0;0;0;41
$1;1;5717000;2;0;1498;48285;33858;23583;409;0;3736;3732;3733;3739;3728;3734;3737;3732;3735;0;0;0;45
$1;1;5718000;2;0;1500;48284;33860;23587;408;0;3736;3733;3732;3739;3728;3734;3737;3732;3735;0;0;0;45
$1;1;5719000;2;0;1500;48285;33860;23591;408;0;3736;3733;3733;3740;3728;3734;3737;3732;3736;0;0;0;38
$1;1;5720000;2;0;1500;48284;33860;23595;408;0;3736;3733;3733;3740;3729;3734;3737;3732;3736;0;0;0;40
$1;1;5721000;2;0;1500;48285;33861;23599;408;0;3736;3733;3733;3740;3728;3734;3737;3733;3736;0;0;0;37
$1;1;5722000;2;0;1499;48285;33861;23604;408;0;3736;3733;3733;3740;3729;3734;3737;3733;3736;0;0;0;33
$1;1;5723000;2;0;1498;48285;33861;23608;407;0;3736;3733;3733;3740;3729;3734;3737;3733;3736;0;0;0;34
$1;1;5724000;2;0;1501;48284;33862;23612;407;0;3736;3733;3733;3740;3729;3734;3737;3733;3736;0;0;0;45
$1;1;5725000;2;0;1501;48284;33863;23616;407;0;3736;3733;3733;3740;3729;3734;3737;3733;3735;0;0;0;42
$1;1;5726000;2;0;1498;48286;33862;23620;407;0;3737;3733;3733;3740;3729;3734;3738;3733;3736;0;0;0;35
$1;1;5727000;2;0;1501;48285;33864;23624;407;0;3737;3733;3733;3740;3729;3734;3738;3733;3736;0;0;0;34
$1;1;5728000;2;0;1501;48282;33863;23628;407;0;3736;3733;3733;3740;3729;3734;3738;3733;3736;0;0;0;32
$1;1;5729000;2;0;1501;48282;33864;23633;408;0;3737;3733;3733;3740;3729;3735;3738;3733;3736;0;0;0;35
$1;1;5730000;2;0;1501;48282;33864;23637;408;0;3737;3733;3733;3740;3729;3735;3738;3733;3736;0;0;0;47
$1;1;5731000;2;0;1499;48284;33864;23641;408;0;3737;3733;3733;3740;3729;3734;3738;3733;3736;0;0;0;40
$1;1;5732000;2;0;1502;48281;33865;23645;408;0;3737;3733;3733;3740;3729;3734;3738;3733;3736;0;0;0;40
$1;1;5733000;2;0;1500;48283;33866;23649;407;0;3737;3733;3733;3740;3729;3734;3738;3733;3736;0;0;0;41
$1;1;5734000;2;0;1498;48284;33866;23654;407;0;3737;3733;3733;3740;3729;3734;3738;3733;3736;0;0;0;37
$1;1;5735000;2;0;1498;48284;33867;23658;407;0;3737;3734;3733;3740;3729;3735;3738;3733;3737;0;0;0;46
$1;1;5736000;2;0;1499;48284;33867;23662;407;0;3737;3734;3733;3740;3729;3735;3738;3733;3737;0;0;0;37
$1;1;5737000;2;0;1500;48283;33868;23666;407;0;3737;3734;3733;3740;3729;3735;3738;3733;3736;0;0;0;40
$1;1;5738000;2;0;1499;48284;33868;23670;407;0;3737;3734;3733;3740;3730;3735;3738;3733;3736;0;0;0;46
$1;1;5739000;2;0;1502;48283;33870;23674;406;0;3737;3734;3734;3740;3730;3735;3738;3733;3737;0;0;0;33
$1;1;5740000;2;0;1499;48284;33869;23679;406;0;3737;3734;3734;3740;3730;3735;3738;3734;3737;0;0;0;41
$1;1;5741000;2;0;1502;48283;33870;23683;406;0;3737;3734;3734;3740;3730;3735;3738;3734;3737;0;0;0;33
$1;1;5742000;2;0;1499;48285;33871;23687;406;0;3737;3734;3734;3741;3730;3735;3738;3734;3737;0;0;0;35
$1;1;5743000;2;0;1500;48284;33871;23691;406;0;3737;3734;3734;3741;3730;3735;3738;3734;3737;0;0;0;37
$1;1;5744000;2;0;1498;48283;33871;23695;406;0;3737;3734;3734;3741;3730;3735;3738;3734;3737;0;0;0;33
$1;1;5745000;2;0;1500;48282;33872;23700;406;0;3737;3734;3734;3741;3730;3735;3738;3734;3737;0;0;0;47
$1;1;5746000;2;0;1499;48282;33872;23704;406;0;3737;3734;3734;3741;3730;3735;3738;3734;3737;0;0;0;41
$1;1;5747000;2;0;1499;48282;33872;23708;406;0;3737;3734;3734;3741;3730;3735;3739;3734;3737;0;0;0;37
$1;1;5748000;2;0;1500;48280;33873;23712;406;0;3737;3734;3734;3741;3730;3735;3738;3734;3737;0;0;0;34
$1;1;5749000;2;0;1499;48281;33874;23716;406;0;3737;3734;3734;3741;3730;3735;3739;3734;3737;0;0;0;33
$1;1;5750000;2;0;1498;48282;33874;23720;406;0;3737;3734;3734;3741;3730;3735;3739;3734;3737;0;0;0;46
$1;1;5751000;2;0;1500;48281;33875;23725;406;0;3738;3734;3734;3741;3730;3735;3739;3734;3738;0;0;0;40
$1;1;5752000;2;0;1500;48281;33875;23729;406;0;3738;3734;3734;3741;3730;3735;3739;3734;3737;0;0;0;40
$1;1;5753000;2;0;1500;48281;33875;23733;405;0;3738;3734;3734;3741;3730;3735;3739;3734;3737;0;0;0;33
$1;1;5754000;2;0;1500;48281;33875;23737;405;0;3738;3734;3734;3741;3730;3736;3739;3734;3737;0;0;0;33
$1;1;5755000;2;0;1498;48283;33875;23741;405;0;3738;3734;3734;3741;3730;3736;3739;3734;3737;0;0;0;35
$1;1;5756000;2;0;1500;48282;33876;23745;405;0;3738;3735;3734;3741;3730;3736;3739;3734;3737;0;0;0;39
$1;1;5757000;2;0;1499;48283;33876;23749;404;0;3738;3734;3734;3741;3730;3736;3739;3734;3737;0;0;0;42
$1;1;5758000;2;0;1499;48283;33877;23754;404;0;3738;3735;3735;3741;3730;3736;3739;3734;3737;0;0;0;40
$1;1;5759000;2;0;1499;48283;33877;23758;404;0;3738;3735;3735;3741;3730;3736;3739;3734;3737;0;0;0;37
$1;1;5760000;2;0;1500;48281;33877;23762;404;0;3738;3735;3735;3741;3731;3736;3739;3734;3738;0;0;0;43
$1;1;5761000;2;0;1505;48277;33879;23766;405;0;3738;3734;3735;3742;3730;3736;3739;3734;3737;0;0;0;33
$1;1;5762000;2;0;1501;48279;33878;23770;405;0;3738;3735;3735;3742;3731;3736;3739;3734;3737;0;0;0;46
$1;1;5763000;2;0;1499;48280;33878;23774;405;0;3738;3734;3735;3741;3731;3736;3739;3735;3738;0;0;0;33
$1;1;5764000;2;0;1501;48279;33880;23779;405;0;3738;3735;3735;3741;3731;3736;3739;3735;3738;0;0;0;43
$1;1;5765000;2;0;1498;48281;33879;23783;405;0;3738;3735;3735;3742;3731;3736;3739;3735;3738;0;0;0;44
$1;1;5766000;2;0;1502;48278;33881;23787;405;0;3738;3735;3735;3742;3731;3736;3739;3735;3738;0;0;0;40
$1;1;5767000;2;0;1501;48279;33881;23791;404;0;3738;3735;3735;3742;3731;3736;3739;3735;3738;0;0;0;45
$1;1;5768000;2;0;1501;48280;33882;23795;404;0;3739;3735;3735;3742;3731;3736;3740;3735;3738;0;0;0;44
$1;1;5769000;2;0;1499;48281;33882;23799;404;0;3739;3735;3735;3742;3731;3736;3740;3735;3738;0;0;0;32
$1;1;5770000;2;0;1499;48281;33882;23804;404;0;3739;3735;3735;3742;3731;3736;3740;3735;3738;0;0;0;35
$1;1;5771000;2;0;1501;48279;33883;23808;403;0;3739;3735;3735;3742;3731;3736;3740;3735;3738;0;0;0;47
$1;1;5772000;2;0;1502;48278;33884;23812;403;0;3739;3735;3735;3742;3731;3736;3740;3735;3738;0;0;0;34
$1;1;5773000;2;0;1502;48280;33884;23816;403;0;3739;3735;3735;3742;3731;3736;3740;3735;3738;0;0;0;32
$1;1;5774000;2;0;1499;48282;33883;23820;403;0;3739;3735;3735;3742;3731;3736;3740;3735;3738;0;0;0;36
$1;128;5774000;306;123;15;13;12;15;11;13;15;14;15;0;0;0;23
$1;1;5775000;2;0;1498;48283;33884;23824;403;0;3739;3735;3735;3742;3731;3736;3740;3735;3738;0;0;0;38
$1;1;5776000;2;0;1500;48281;33885;23829;403;0;3739;3735;3735;3742;3731;3737;3740;3735;3738;0;0;0;42
$1;1;5777000;2;0;1465;48297;33874;23833;404;0;3738;3735;3735;3742;3731;3736;3739;3734;3738;0;0;0;35
$1;1;5778000;2;0;1481;48288;33879;23836;404;0;3738;3735;3735;3742;3731;3736;3740;3735;3738;0;0;0;47
$1;1;5779000;2;0;1427;48316;33862;23840;404;0;3738;3734;3734;3741;3731;3736;3739;3734;3737;0;0;0;44
$1;1;5780000;2;0;1493;48283;33882;23845;404;0;3739;3735;3735;3742;3731;3736;3740;3735;3738;0;0;0;33
$1;1;5781000;2;0;1483;48289;33880;23849;404;0;3739;3735;3735;3742;3731;3736;3740;3735;3738;0;0;0;37
$1;1;5782000;2;0;1497;48283;33885;23853;404;0;3739;3736;3735;3742;3731;3737;3740;3735;3738;0;0;0;37
$1;1;5783000;2;0;1450;48307;33871;23857;403;0;3738;3735;3735;3742;3731;3736;3739;3735;3738;0;0;0;39
$1;1;5784000;2;0;1444;48311;33870;23861;403;0;3738;3735;3735;3742;3731;3736;3739;3734;3738;0;0;0;39
$1;1;5785000;2;0;1480;48291;33881;23865;403;0;3739;3735;3735;3742;3731;3736;3740;3735;3738;0;0;0;35
$1;1;5786000;2;0;1497;48282;33887;23869;403;0;3739;3736;3736;3743;3732;3737;3740;3735;3739;0;0;0;44
$1;1;5787000;2;0;1501;48279;33888;23873;403;0;3739;3736;3736;3743;3732;3737;3740;3735;3739;0;0;0;35
$1;1;5788000;2;0;1470;48296;33879;23877;402;0;3739;3736;3735;3742;3731;3737;3740;3735;3738;0;0;0;33
$1;1;5789000;2;0;1493;48285;33887;23881;402;0;3739;3736;3736;3743;3732;3737;3740;3735;3739;0;0;0;39
$1;1;5790000;2;0;1499;48282;33888;23886;402;0;3740;3736;3736;3743;3732;3737;3740;3736;3739;0;0;0;39
$1;1;5791000;2;0;1501;48280;33890;23890;402;0;3740;3736;3736;3743;3732;3737;3740;3736;3739;0;0;0;42
$1;1;5792000;2;0;1424;48321;33866;23894;402;0;3738;3735;3735;3742;3731;3736;3740;3735;3738;0;0;0;38
$1;1;5793000;2;0;1421;48323;33866;23898;402;0;3738;3735;3735;3742;3731;3736;3739;3735;3738;0;0;0;34
$1;1;5794000;2;0;1478;48291;33883;23901;403;0;3739;3736;3736;3742;3732;3737;3740;3735;3739;0;0;0;38
$1;1;5795000;2;0;1499;48279;33890;23906;403;0;3740;3736;3736;3743;3732;3737;3741;3736;3739;0;0;0;38
$1;1;5796000;2;0;1499;48279;33891;23910;403;0;3740;3736;3736;3743;3732;3737;3741;3736;3739;0;0;0;35
$1;1;5797000;2;0;1485;48287;33887;23914;403;0;3739;3736;3736;3743;3732;3737;3740;3736;3739;0;0;0;34
$1;1;5798000;2;0;1467;48297;33882;23918;403;0;3739;3736;3736;3743;3732;3737;3740;3735;3739;0;0;0;42
$1;1;5799000;2;0;1430;48317;33870;23922;402;0;3739;3736;3735;3742;3731;3736;3740;3735;3738;0;0;0;36
$1;1;5800000;2;0;1493;48284;33890;23926;402;0;3740;3736;3736;3743;3732;3737;3741;3736;3739;0;0;0;46
$1;1;5801000;2;0;1493;48284;33891;23930;402;0;3740;3736;3736;3743;3732;3737;3741;3736;3739;0;0;0;41
$1;1;5802000;2;0;1500;48281;33893;23934;402;0;3740;3737;3736;3743;3732;3738;3741;3736;3739;0;0;0;44
$1;1;5803000;2;0;1483;48290;33888;23938;402;0;3740;3736;3736;3743;3732;3737;3741;3736;3739;0;0;0;47
$1;1;5804000;2;0;1437;48314;33874;23942;402;0;3739;3736;3736;3742;3731;3737;3740;3735;3738;0;0;0;43
$1;1;5805000;2;0;1495;48284;33892;23947;402;0;3740;3736;3736;3743;3732;3737;3741;3736;3739;0;0;0;40
$1;1;5806000;2;0;1497;48283;33895;23951;402;0;3740;3736;3737;3744;3732;3738;3741;3736;3740;0;0;0;41
$1;1;5807000;2;0;1420;48322;33871;23955;401;0;3739;3736;3736;3743;3732;3737;3740;3735;3738;0;0;0;41
$1;1;5808000;2;0;1492;48283;33892;23959;401;0;3740;3737;3736;3744;3732;3738;3741;3736;3739;0;0;0;32
$1;1;5809000;2;0;1449;48307;33880;23963;401;0;3740;3736;3736;3743;3732;3737;3740;3736;3739;0;0;0;40
$1;1;5810000;2;0;1492;48284;33893;23968;401;0;3740;3736;3737;3744;3733;3738;3741;3736;3740;0;0;0;34
$1;1;5811000;2;0;1441;48310;33877;23972;402;0;3739;3736;3736;3743;3732;3737;3740;3735;3739;0;0;0;41
$1;1;5812000;2;0;1455;48305;33882;23976;402;0;3740;3736;3736;3743;3732;3737;3740;3736;3739;0;0;0;40
$1;1;5813000;2;0;1437;48314;33877;23980;402;0;3739;3736;3736;3743;3732;3737;3740;3735;3739;0;0;0;35
$1;1;5814000;2;0;1484;48287;33892;23984;402;0;3740;3737;3736;3743;3733;3738;3741;3736;3740;0;0;0;37
$1;1;5815000;2;0;1476;48291;33890;23988;402;0;3740;3737;3737;3744;3733;3738;3741;3736;3739;0;0;0;40
$1;1;5816000;2;0;1492;48284;33895;23992;402;0;3740;3737;3736;3744;3733;3738;3741;3736;3740;0;0;0;36
$1;1;5817000;2;0;1499;48279;33899;23996;402;0;3741;3737;3737;3744;3733;3738;3741;3736;3740;0;0;0;36
$1;1;5818000;2;0;1471;48296;33889;24000;401;0;3740;3737;3737;3743;3732;3738;3741;3736;3739;0;0;0;38
$1;1;5819000;2;0;1497;48283;33899;24005;401;0;3741;3737;3737;3744;3733;3738;3741;3736;3740;0;0;0;38
$1;1;5820000;2;0;1426;48318;33877;24009;401;0;3740;3736;3736;3744;3732;3737;3740;3736;3739;0;0;0;41
$1;1;5821000;2;0;1413;48327;33874;24013;401;0;3739;3736;3736;3743;3732;3737;3740;3735;3739;0;0;0;32
$1;1;5822000;2;0;1440;48312;33882;24017;401;0;3740;3737;3737;3743;3732;3738;3740;3736;3739;0;0;0;44
$1;1;5823000;2;0;1445;48310;33884;24021;401;0;3740;3737;3737;3743;3733;3738;3741;3736;3739;0;0;0;41
$1;1;5824000;2;0;1437;48315;33882;24026;400;0;3740;3736;3737;3743;3732;3738;3740;3736;3739;0;0;0;47
$1;1;5825000;2;0;1437;48316;33882;24030;400;0;3740;3736;3736;3743;3733;3737;3741;3736;3739;0;0;0;36
$1;1;5826000;2;0;1494;48285;33899;24034;400;0;3741;3737;3737;3744;3733;3738;3741;3737;3740;0;0;0;45
$1;1;5827000;2;0;1460;48300;33889;24038;400;0;3741;3737;3737;3744;3733;3738;3741;3736;3740;0;0;0;39
$1;1;5828000;2;0;1463;48299;33890;24042;401;0;3740;3737;3737;3744;3733;3738;3741;3736;3740;0;0;0;47
$1;1;5829000;2;0;1487;48284;33899;24046;401;0;3741;3737;3737;3744;3733;3738;3741;3737;3740;0;0;0;37
$1;1;5830000;2;0;1422;48320;33879;24051;401;0;3740;3737;3737;3743;3733;3738;3741;3736;3739;0;0;0;44
$1;1;5831000;2;0;1424;48320;33880;24055;401;0;3740;3737;3736;3743;3733;3738;3741;3736;3739;0;0;0;40
$1;1;5832000;2;0;1450;48306;33888;24059;401;0;3740;3737;3737;3744;3733;3738;3741;3736;3740;0;0;0;32
$1;1;5833000;2;0;1448;48307;33887;24063;401;0;3740;3737;3737;3743;3733;3738;3741;3736;3740;0;0;0;40
$1;1;5834000;2;0;1429;48317;33882;24066;401;0;3740;3737;3737;3744;3733;3738;3741;3736;3739;0;0;0;32
$1;128;5834000;308;123;16;13;12;15;11;13;15;13;15;0;0;0;22
$1;1;5835000;2;0;1461;48299;33892;24071;401;0;3741;3737;3737;3744;3733;3738;3741;3737;3740;0;0;0;35
$1;1;5836000;2;0;1437;48313;33886;24074;400;0;3740;3737;3737;3744;3733;3738;3741;3736;3740;0;0;0;33
$1;1;5837000;2;0;1445;48308;33888;24079;400;0;3741;3737;3737;3744;3733;3738;3741;3737;3740;0;0;0;44
$1;1;5838000;2;0;1440;48310;33887;24083;400;0;3741;3737;3737;3744;3733;3738;3741;3736;3740;0;0;0;36
$1;1;5839000;2;0;1422;48320;33882;24087;400;0;3740;3737;3737;3744;3733;3738;3741;3736;3740;0;0;0;34
$1;1;5840000;2;0;1486;48286;33902;24091;400;0;3741;3737;3738;3745;3733;3739;3742;3737;3741;0;0;0;44
$1;1;5841000;2;0;1500;48280;33908;24095;400;0;3742;3738;3738;3745;3734;3739;3742;3737;3741;0;0;0;33
$1;1;5842000;2;0;1498;48280;33907;24099;400;0;3742;3738;3738;3745;3734;3739;3742;3737;3741;0;0;0;33
$1;1;5843000;2;0;1447;48308;33892;24104;399;0;3741;3738;3738;3744;3734;3739;3742;3737;3741;0;0;0;46
$1;1;5844000;2;0;1443;48310;33891;24108;399;0;3741;3738;3738;3744;3734;3739;3742;3737;3740;0;0;0;42
$1;1;5845000;2;0;1492;48281;33906;24112;400;0;3742;3738;3738;3745;3734;3739;3742;3737;3741;0;0;0;46
$1;1;5846000;2;0;1500;48277;33910;24116;400;0;3742;3738;3738;3746;3734;3740;3742;3738;3741;0;0;0;47
$1;1;5847000;2;0;1490;48283;33907;24120;400;0;3742;3738;3738;3745;3734;3739;3742;3738;3741;0;0;0;35
$1;1;5848000;2;0;1463;48297;33899;24124;400;0;3741;3738;3738;3745;3734;3739;3742;3737;3740;0;0;0;42
$1;1;5849000;2;0;1495;48280;33909;24129;400;0;3742;3738;3738;3745;3734;3739;3742;3738;3741;0;0;0;44
$1;1;5850000;2;0;1435;48311;33890;24132;400;0;3741;3738;3737;3745;3734;3739;3742;3737;3740;0;0;0;46
$1;1;5851000;2;0;1494;48281;33910;24137;400;0;3742;3738;3738;3745;3734;3740;3742;3738;3741;0;0;0;44
$1;1;5852000;2;0;1482;48286;33906;24141;400;0;3742;3738;3738;3745;3734;3740;3742;3737;3741;0;0;0;38
$1;1;5853000;2;0;1499;48277;33911;24145;400;0;3742;3739;3738;3746;3734;3740;3742;3738;3741;0;0;0;44
$1;1;5854000;2;0;1455;48302;33899;24149;399;0;3742;3738;3738;3745;3734;3739;3742;3737;3741;0;0;0;33
$1;1;5855000;2;0;1477;48291;33906;24153;399;0;3742;3738;3738;3745;3734;3739;3742;3738;3741;0;0;0;40
$1;1;5856000;2;0;1497;48280;33912;24157;399;0;3742;3739;3739;3746;3735;3740;3743;3738;3742;0;0;0;42
$1;1;5857000;2;0;1499;48279;33914;24162;399;0;3742;3739;3738;3746;3734;3740;3743;3738;3742;0;0;0;35
$1;1;5858000;2;0;1440;48309;33895;24166;399;0;3741;3738;3738;3745;3734;3739;3742;3737;3741;0;0;0;32
$1;1;5859000;2;0;1434;48313;33894;24170;399;0;3741;3738;3738;3745;3734;3739;3742;3737;3741;0;0;0;47
$1;1;5860000;2;0;1428;48317;33893;24174;399;0;3741;3738;3738;3745;3734;3739;3742;3737;3741;0;0;0;47
$1;1;5861000;2;0;1430;48316;33894;24177;399;0;3741;3738;3738;3745;3734;3739;3742;3737;3741;0;0;0;34
$1;1;5862000;2;0;1437;48309;33897;24181;399;0;3742;3738;3738;3745;3734;3739;3742;3738;3741;0;0;0;46
$1;1;5863000;2;0;1477;48288;33909;24185;400;0;3742;3739;3738;3746;3734;3740;3742;3738;3741;0;0;0;42
$1;1;5864000;2;0;1476;48290;33909;24190;400;0;3742;3739;3738;3746;3734;3740;3743;3738;3741;0;0;0;32
$1;1;5865000;2;0;1456;48300;33902;24193;400;0;3742;3738;3738;3745;3734;3740;3742;3738;3741;0;0;0;32
$1;1;5866000;2;0;1414;48323;33890;24198;400;0;3741;3738;3738;3745;3734;3739;3742;3737;3741;0;0;0;39
$1;1;5867000;2;0;1473;48291;33908;24202;400;0;3742;3739;3738;3746;3734;3739;3743;3738;3741;0;0;0;32
$1;1;5868000;2;0;1495;48280;33916;24206;400;0;3743;3739;3739;3746;3735;3740;3743;3738;3742;0;0;0;32
$1;1;5869000;2;0;1489;48282;33914;24210;399;0;3743;3739;3739;3747;3735;3740;3743;3738;3742;0;0;0;45
$1;1;5870000;2;0;1461;48297;33907;24214;399;0;3742;3739;3739;3746;3735;3740;3743;3738;3742;0;0;0;33
$1;1;5871000;2;0;1493;48280;33917;24218;399;0;3743;3739;3739;3747;3735;3740;3743;3738;3742;0;0;0;38
$1;1;5872000;2;0;1482;48286;33914;24223;399;0;3743;3739;3739;3746;3735;3740;3743;3739;3742;0;0;0;40
$1;1;5873000;2;0;1488;48281;33915;24227;399;0;3743;3739;3739;3747;3735;3740;3743;3739;3742;0;0;0;32
$1;1;5874000;2;0;1452;48303;33905;24231;399;0;3742;3739;3739;3746;3735;3740;3743;3738;3742;0;0;0;44
$1;1;5875000;2;0;1453;48302;33906;24235;399;0;3742;3739;3739;3746;3735;3740;3743;3738;3742;0;0;0;42
$1;1;5876000;2;0;1465;48298;33911;24239;398;0;3743;3739;3739;3746;3735;3740;3743;3738;3742;0;0;0;36
$1;1;5877000;2;0;1488;48286;33918;24243;398;0;3743;3739;3739;3746;3735;3741;3744;3739;3742;0;0;0;42
$1;1;5878000;2;0;1499;48281;33923;24247;398;0;3743;3740;3739;3746;3735;3741;3744;3739;3742;0;0;0;32
$1;1;5879000;2;0;1441;48309;33903;24252;398;0;3742;3739;3739;3746;3735;3740;3743;3738;3742;0;0;0;43
$1;1;5880000;2;0;1485;48284;33918;24256;399;0;3743;3740;3739;3746;3735;3741;3744;3739;3742;0;0;0;38
$1;1;5881000;2;0;1498;48277;33923;24260;399;0;3743;3740;3740;3747;3736;3741;3744;3739;3743;0;0;0;39
$1;1;5882000;2;0;1499;48276;33924;24264;399;0;3743;3740;3740;3747;3736;3741;3744;3739;3743;0;0;0;39
$1;1;5883000;2;0;1501;48276;33924;24268;399;0;3743;3740;3740;3747;3736;3741;3744;3739;3743;0;0;0;42
$1;1;5884000;2;0;1499;48276;33925;24272;399;0;3744;3740;3740;3747;3736;3741;3744;3740;3743;0;0;0;46
$1;1;5885000;2;0;1499;48276;33924;24276;399;0;3744;3740;3740;3746;3736;3741;3744;3740;3743;0;0;0;43
$1;1;5886000;2;0;1461;48296;33912;24280;399;0;3743;3740;3740;3747;3735;3741;3743;3739;3742;0;0;0;32
$1;1;5887000;2;0;1430;48313;33903;24284;398;0;3742;3739;3739;3746;3735;3740;3743;3738;3742;0;0;0;44
$1;1;5888000;2;0;1495;48281;33925;24288;399;0;3743;3740;3740;3747;3736;3741;3744;3740;3743;0;0;0;36
$1;1;5889000;2;0;1498;48277;33927;24292;399;0;3744;3740;3740;3747;3736;3742;3744;3740;3743;0;0;0;44
$1;1;5890000;2;0;1501;48276;33928;24296;398;0;3744;3740;3740;3747;3736;3741;3744;3740;3743;0;0;0;45
$1;1;5891000;2;0;1499;48276;33928;24300;398;0;3744;3740;3740;3747;3736;3742;3744;3740;3743;0;0;0;33
$1;1;5892000;2;0;1498;48276;33928;24305;398;0;3744;3740;3740;3747;3736;3742;3744;3740;3743;0;0;0;38
$1;1;5893000;2;0;1499;48277;33929;24309;398;0;3744;3741;3741;3747;3736;3742;3745;3740;3743;0;0;0;43
$1;1;5894000;2;0;1500;48276;33930;24313;398;0;3744;3740;3741;3747;3736;3742;3745;3740;3744;0;0;0;41
$1;128;5894000;307;123;14;13;13;15;11;13;15;14;15;0;0;0;23
$1;1;5895000;2;0;1499;48277;33930;24317;398;0;3744;3740;3740;3747;3736;3742;3745;3740;3744;0;0;0;45
$1;1;5896000;2;0;1500;48277;33931;24321;398;0;3744;3741;3740;3747;3736;3742;3745;3740;3743;0;0;0;45
$1;1;5897000;2;0;1500;48276;33931;24325;398;0;3744;3741;3740;3747;3737;3742;3745;3740;3744;0;0;0;47
$1;1;5898000;2;0;1499;48275;33931;24330;398;0;3744;3741;3741;3747;3737;3742;3745;3740;3743;0;0;0;32
$1;1;5899000;2;0;1498;48276;33932;24334;399;0;3744;3741;3741;3747;3737;3742;3745;3740;3744;0;0;0;34
$1;1;5900000;2;0;1500;48275;33933;24338;398;0;3744;3741;3741;3747;3737;3742;3745;3741;3744;0;0;0;45
$1;1;5901000;2;0;1500;48275;33933;24342;398;0;3744;3741;3741;3747;3737;3742;3745;3740;3744;0;0;0;32
$1;1;5902000;2;0;1501;48275;33934;24346;398;0;3744;3741;3741;3747;3736;3742;3745;3740;3744;0;0;0;32
$1;1;5903000;2;0;1498;48275;33933;24350;398;0;3744;3741;3741;3747;3737;3742;3745;3740;3744;0;0;0;33
$1;1;5904000;2;0;1499;48276;33935;24355;398;0;3744;3741;3741;3747;3737;3742;3745;3741;3744;0;0;0;38
$1;1;5905000;2;0;1498;48276;33934;24359;398;0;3744;3741;3741;3748;3737;3742;3745;3741;3744;0;0;0;36
$1;1;5906000;2;0;1499;48275;33935;24363;398;0;3745;3741;3741;3748;3737;3742;3745;3741;3744;0;0;0;44
$1;1;5907000;2;0;1499;48276;33935;24367;398;0;3745;3741;3741;3748;3737;3742;3745;3741;3744;0;0;0;42
$1;1;5908000;2;0;1501;48275;33937;24371;398;0;3745;3741;3741;3748;3737;3742;3746;3741;3744;0;0;0;32
$1;1;5909000;2;0;1501;48275;33937;24375;398;0;3745;3741;3741;3748;3737;3743;3745;3741;3744;0;0;0;39
$1;1;5910000;2;0;1500;48276;33937;24380;398;0;3745;3741;3741;3748;3737;3743;3746;3741;3744;0;0;0;36
$1;1;5911000;2;0;1499;48276;33937;24384;398;0;3745;3741;3741;3748;3737;3742;3746;3741;3744;0;0;0;33
$1;1;5912000;2;0;1499;48276;33937;24388;398;0;3745;3741;3741;3748;3737;3743;3746;3741;3744;0;0;0;47
$1;1;5913000;2;0;1501;48275;33939;24392;397;0;3745;3741;3742;3748;3738;3743;3746;3741;3744;0;0;0;43
$1;1;5914000;2;0;1499;48276;33938;24396;398;0;3745;3741;3741;3748;3737;3743;3746;3741;3744;0;0;0;41
$1;1;5915000;2;0;1500;48273;33939;24400;398;0;3745;3741;3742;3748;3737;3743;3746;3741;3745;0;0;0;39
$1;1;5916000;2;0;1498;48274;33939;24405;398;0;3745;3741;3742;3748;3737;3743;3746;3741;3744;0;0;0;39
$1;1;5917000;2;0;1501;48272;33940;24409;398;0;3745;3741;3741;3748;3737;3743;3746;3741;3744;0;0;0;32
$1;1;5918000;2;0;1498;48274;33940;24413;399;0;3745;3742;3742;3748;3738;3743;3746;3741;3745;0;0;0;44
$1;1;5919000;2;0;1499;48273;33941;24417;398;0;3745;3742;3742;3748;3738;3743;3746;3741;3744;0;0;0;46
$1;1;5920000;2;0;1499;48274;33941;24421;398;0;3745;3742;3742;3748;3738;3743;3746;3741;3745;0;0;0;39
$1;1;5921000;2;0;1501;48273;33942;24425;398;0;3745;3742;3742;3748;3738;3743;3746;3741;3745;0;0;0;38
$1;1;5922000;2;0;1500;48274;33942;24429;398;0;3745;3742;3742;3748;3738;3743;3746;3742;3745;0;0;0;44
$1;1;5923000;2;0;1501;48273;33943;24434;398;0;3745;3742;3742;3748;3738;3743;3746;3742;3745;0;0;0;38
$1;1;5924000;2;0;1499;48275;33943;24438;398;0;3745;3742;3742;3748;3738;3743;3746;3742;3745;0;0;0;43
$1;1;5925000;2;0;1498;48276;33943;24442;398;0;3745;3742;3742;3748;3738;3743;3746;3742;3745;0;0;0;37
$1;1;5926000;2;0;1498;48274;33943;24446;398;0;3746;3742;3742;3748;3738;3743;3746;3742;3745;0;0;0;35
$1;1;5927000;2;0;1498;48276;33944;24450;398;0;3746;3742;3742;3749;3738;3743;3746;3742;3745;0;0;0;33
$1;1;5928000;2;0;1499;48276;33946;24454;397;0;3746;3742;3742;3749;3738;3743;3746;3742;3745;0;0;0;38
$1;1;5929000;2;0;1498;48276;33946;24458;397;0;3746;3742;3742;3749;3738;3743;3747;3742;3745;0;0;0;43
$1;1;5930000;2;0;1500;48275;33946;24463;397;0;3746;3742;3742;3749;3738;3743;3746;3742;3745;0;0;0;41
$1;1;5931000;2;0;1499;48276;33946;24467;397;0;3746;3742;3742;3749;3738;3743;3747;3742;3745;0;0;0;47
$1;1;5932000;2;0;1500;48272;33947;24471;398;0;3746;3742;3742;3749;3738;3743;3747;3742;3745;0;0;0;32
$1;1;5933000;2;0;1498;48273;33947;24475;398;0;3746;3742;3742;3749;3738;3744;3746;3742;3745;0;0;0;34
$1;1;5934000;2;0;1500;48271;33947;24479;398;0;3746;3742;3742;3749;3738;3744;3747;3742;3745;0;0;0;42
$1;1;5935000;2;0;1500;48271;33947;24483;398;0;3746;3743;3743;3749;3738;3744;3747;3742;3745;0;0;0;46
$1;1;5936000;2;0;1500;48271;33948;24487;398;0;3746;3742;3743;3749;3738;3744;3747;3742;3745;0;0;0;39
$1;1;5937000;2;0;1500;48272;33949;24492;398;0;3746;3743;3743;3749;3738;3744;3747;3742;3745;0;0;0;33
$1;1;5938000;2;0;1500;48272;33949;24496;398;0;3746;3743;3743;3749;3738;3744;3747;3742;3745;0;0;0;42
$1;1;5939000;2;0;1499;48273;33949;24500;398;0;3746;3742;3743;3749;3738;3744;3747;3742;3745;0;0;0;36
$1;1;5940000;2;0;1498;48272;33950;24504;398;0;3746;3743;3743;3749;3739;3744;3747;3742;3746;0;0;0;37
$1;1;5941000;2;0;1499;48273;33950;24508;398;0;3746;3743;3743;3749;3739;3744;3747;3742;3746;0;0;0;40
$1;1;5942000;2;0;1499;48273;33951;24512;398;0;3746;3743;3743;3749;3739;3744;3747;3742;3746;0;0;0;33
$1;1;5943000;2;0;1500;48273;33951;24517;398;0;3746;3743;3743;3750;3739;3744;3747;3742;3746;0;0;0;44
$1;1;5944000;2;0;1502;48272;33953;24521;397;0;3747;3743;3743;3750;3739;3744;3747;3743;3746;0;0;0;32
$1;1;5945000;2;0;1500;48273;33952;24525;397;0;3747;3743;3743;3750;3739;3744;3747;3743;3746;0;0;0;39
$1;1;5946000;2;0;1499;48274;33952;24529;397;0;3746;3743;3743;3750;3739;3744;3747;3743;3746;0;0;0;47
$1;1;5947000;2;0;1501;48272;33952;24533;397;0;3746;3743;3743;3750;3739;3744;3747;3743;3746;0;0;0;35
$1;1;5948000;2;0;1499;48273;33953;24537;397;0;3747;3743;3743;3750;3739;3744;3747;3743;3746;0;0;0;41
$1;1;5949000;2;0;1499;48274;33954;24542;397;0;3747;3743;3743;3750;3739;3744;3747;3743;3746;0;0;0;42
$1;1;5950000;2;0;1501;48268;33955;24546;398;0;3747;3743;3743;3750;3739;3744;3747;3743;3746;0;0;0;37
$1;1;5951000;2;0;1500;48270;33955;24550;398;0;3747;3743;3743;3750;3739;3745;3747;3743;3746;0;0;0;42
$1;1;5952000;2;0;1500;48269;33955;24554;398;0;3747;3743;3743;3750;3739;3744;3748;3743;3746;0;0;0;43
$1;1;5953000;2;0;1500;48269;33956;24559;398;0;3747;3743;3743;3750;3739;3745;3748;3743;3746;0;0;0;37
$1;1;5954000;2;0;1451;48296;33941;24563;398;0;3746;3743;3743;3749;3739;3744;3747;3742;3745;0;0;0;45
$1;128;5954000;308;122;14;14;12;15;11;13;15;13;15;0;0;0;21
$1;1;5955000;2;0;1494;48274;33954;24567;398;0;3747;3743;3743;3750;3739;3744;3747;3743;3746;0;0;0;34
$1;1;5956000;2;0;1499;48270;33956;24571;398;0;3747;3743;3743;3750;3740;3745;3748;3743;3746;0;0;0;45
$1;1;5957000;2;0;1500;48270;33957;24575;398;0;3747;3744;3743;3750;3739;3745;3748;3743;3746;0;0;0;33
$1;1;5958000;2;0;1499;48271;33957;24579;398;0;3747;3743;3744;3750;3739;3745;3748;3743;3747;0;0;0;35
$1;1;5959000;2;0;1450;48298;33943;24583;398;0;3747;3743;3743;3750;3739;3744;3747;3743;3746;0;0;0;40
$1;1;5960000;2;0;1494;48275;33957;24588;398;0;3747;3744;3744;3750;3740;3745;3748;3743;3747;0;0;0;38
$1;1;5961000;2;0;1499;48271;33959;24592;398;0;3747;3744;3744;3750;3740;3745;3748;3743;3747;0;0;0;43
$1;1;5962000;2;0;1499;48270;33959;24596;397;0;3747;3744;3744;3750;3740;3745;3748;3743;3747;0;0;0;34
$1;1;5963000;2;0;1489;48277;33957;24600;397;0;3747;3744;3744;3750;3740;3745;3748;3743;3747;0;0;0;39
$1;1;5964000;2;0;1500;48271;33960;24604;397;0;3748;3744;3744;3751;3740;3745;3748;3743;3746;0;0;0;41
$1;1;5965000;2;0;1482;48280;33955;24608;397;0;3747;3744;3744;3750;3739;3745;3748;3743;3747;0;0;0;38
$1;1;5966000;2;0;1498;48273;33961;24613;397;0;3747;3744;3744;3751;3740;3745;3748;3743;3747;0;0;0;32
$1;1;5967000;2;0;1455;48294;33947;24616;398;0;3747;3743;3743;3750;3739;3744;3747;3743;3746;0;0;0;39
$1;1;5968000;2;0;1484;48278;33957;24620;398;0;3747;3743;3744;3750;3740;3745;3748;3743;3746;0;0;0;37
$1;1;5969000;2;0;1467;48286;33950;24624;398;0;3747;3744;3744;3750;3740;3745;3747;3743;3746;0;0;0;35
$1;1;5970000;2;0;1450;48296;33947;24628;398;0;3747;3744;3743;3751;3739;3745;3747;3743;3746;0;0;0;44
$1;1;5971000;2;0;1471;48284;33953;24632;398;0;3747;3744;3744;3751;3740;3745;3748;3743;3746;0;0;0;37
$1;1;5972000;2;0;1491;48275;33960;24636;398;0;3748;3744;3744;3751;3740;3745;3748;3744;3746;0;0;0;42
$1;1;5973000;2;0;1440;48302;33945;24641;398;0;3747;3743;3743;3751;3739;3745;3747;3743;3746;0;0;0;40
$1;1;5974000;2;0;1475;48283;33955;24645;398;0;3747;3744;3744;3751;3740;3745;3748;3743;3746;0;0;0;37
$1;1;5975000;2;0;1496;48273;33963;24649;398;0;3748;3744;3744;3751;3740;3745;3748;3744;3747;0;0;0;38
$1;1;5976000;2;0;1479;48282;33958;24653;397;0;3748;3744;3744;3751;3740;3745;3748;3744;3747;0;0;0;38
$1;1;5977000;2;0;1500;48270;33965;24657;397;0;3748;3744;3744;3751;3740;3745;3748;3744;3747;0;0;0;47
$1;1;5978000;2;0;1443;48299;33947;24661;397;0;3747;3744;3744;3750;3740;3745;3748;3743;3746;0;0;0;44
$1;1;5979000;2;0;1442;48301;33947;24665;397;0;3747;3744;3744;3750;3739;3745;3748;3743;3747;0;0;0;39
$1;1;5980000;2;0;1493;48275;33964;24670;397;0;3748;3744;3745;3751;3740;3746;3748;3744;3747;0;0;0;47
$1;1;5981000;2;0;1474;48285;33958;24674;397;0;3748;3744;3744;3751;3740;3745;3748;3744;3747;0;0;0;33
$1;1;5982000;2;0;1458;48292;33954;24678;397;0;3748;3744;3744;3751;3740;3745;3748;3743;3747;0;0;0;45
$1;1;5983000;2;0;1476;48283;33959;24682;397;0;3748;3744;3744;3751;3740;3746;3748;3744;3747;0;0;0;44
$1;1;5984000;2;0;1478;48282;33959;24686;397;0;3748;3744;3744;3751;3740;3745;3748;3744;3747;0;0;0;35
$1;1;5985000;2;0;1474;48281;33959;24690;397;0;3748;3744;3744;3752;3740;3745;3748;3744;3747;0;0;0;41
$1;1;5986000;2;0;1490;48274;33964;24694;398;0;3748;3745;3744;3751;3740;3746;3749;3744;3747;0;0;0;47
$1;1;5987000;2;0;1500;48268;33968;24699;398;0;3748;3745;3745;3752;3741;3746;3749;3744;3747;0;0;0;41
$1;1;5988000;2;0;1462;48289;33957;24702;398;0;3748;3744;3744;3751;3740;3745;3748;3744;3747;0;0;0;35
$1;1;5989000;2;0;1450;48296;33953;24706;398;0;3748;3744;3744;3751;3740;3745;3748;3744;3747;0;0;0;45
$1;1;5990000;2;0;1496;48271;33968;24710;398;0;3748;3745;3745;3752;3741;3746;3749;3744;3747;0;0;0;41
$1;1;5991000;2;0;1499;48269;33970;24714;398;0;3749;3745;3745;3752;3741;3746;3749;3744;3748;0;0;0;45
$1;1;5992000;2;0;1418;48313;33945;24718;397;0;3748;3744;3744;3751;3740;3745;3748;3744;3747;0;0;0;32
$1;1;5993000;2;0;1474;48284;33962;24723;397;0;3748;3745;3745;3752;3741;3746;3749;3744;3747;0;0;0;41
$1;1;5994000;2;0;1476;48283;33963;24727;397;0;3748;3745;3745;3752;3740;3746;3749;3744;3747;0;0;0;47
$1;1;5995000;2;0;1469;48289;33962;24731;396;0;3748;3745;3745;3751;3741;3746;3749;3744;3748;0;0;0;32
$1;1;5996000;2;0;1470;48288;33962;24735;396;0;3748;3745;3745;3752;3741;3746;3749;3744;3747;0;0;0;34
$1;1;5997000;2;0;1470;48286;33962;24739;396;0;3748;3745;3745;3752;3741;3746;3749;3744;3747;0;0;0;33
$1;1;5998000;2;0;1460;48294;33959;24743;396;0;3748;3745;3745;3752;3740;3746;3749;3744;3747;0;0;0;40
$1;1;5999000;2;0;1487;48280;33969;24747;396;0;3749;3745;3745;3752;3741;3746;3749;3744;3748;0;0;0;45
$1;1;6000000;2;0;1452;48298;33959;24751;396;0;3748;3745;3745;3752;3740;3746;3749;3744;3747;0;0;0;45
$1;1;6001000;2;0;1487;48280;33971;24756;396;0;3749;3745;3745;3752;3741;3746;3750;3745;3748;0;0;0;38
$1;1;6002000;2;0;1498;48270;33973;24760;397;0;3749;3746;3746;3752;3741;3747;3750;3745;3748;0;0;0;35
$1;1;6003000;2;0;1486;48277;33970;24763;397;0;3749;3745;3745;3752;3741;3747;3750;3745;3748;0;0;0;42
$1;1;6004000;2;0;1452;48295;33959;24767;397;0;3748;3745;3745;3752;3741;3746;3749;3744;3747;0;0;0;33
$1;1;6005000;2;0;1485;48278;33971;24770;398;0;3749;3746;3745;3752;3741;3746;3749;3745;3748;0;0;0;38
$1;1;6006000;2;0;1499;48270;33975;24775;398;0;3749;3746;3745;3753;3741;3747;3750;3745;3749;0;0;0;40
$1;1;6007000;2;0;1499;48270;33975;24779;398;0;3749;3746;3746;3753;3741;3747;3750;3745;3749;0;0;0;38
$1;1;6008000;2;0;1451;48296;33960;24783;398;0;3749;3745;3745;3752;3741;3746;3749;3745;3748;0;0;0;45
$1;1;6009000;2;0;1451;48298;33961;24787;398;0;3748;3745;3745;3752;3741;3746;3749;3745;3748;0;0;0;38
$1;1;6010000;2;0;1478;48282;33970;24791;398;0;3749;3745;3745;3753;3741;3747;3750;3745;3748;0;0;0;32
$1;1;6011000;2;0;1469;48286;33968;24795;398;0;3749;3745;3745;3753;3741;3747;3750;3745;3748;0;0;0;40
$1;1;6012000;2;0;1425;48312;33955;24799;399;0;3748;3745;3745;3752;3741;3746;3749;3744;3748;0;0;0;36
$1;1;6013000;2;0;1450;48299;33963;24804;399;0;3749;3745;3745;3752;3741;3746;3750;3745;3748;0;0;0;35
$1;1;6014000;2;0;1498;48273;33978;24808;399;0;3749;3746;3746;3753;3741;3747;3750;3745;3749;0;0;0;35
$1;128;6014000;306;122;15;13;12;14;11;13;15;14;15;0;0;0;21
$1;1;6015000;2;0;1499;48271;33979;24812;399;0;3750;3746;3746;3753;3742;3747;3751;3745;3749;0;0;0;33
$1;1;6016000;2;0;1459;48294;33967;24815;399;0;3749;3746;3746;3753;3741;3747;3750;3745;3748;0;0;0;38
$1;1;6017000;2;0;1441;48303;33961;24820;400;0;3749;3745;3745;3752;3741;3747;3750;3745;3748;0;0;0;39
$1;1;6018000;2;0;1494;48274;33978;24824;400;0;3750;3746;3746;3753;3742;3747;3751;3745;3749;0;0;0;39
$1;1;6019000;2;0;1499;48272;33981;24828;400;0;3750;3746;3746;3753;3742;3747;3751;3746;3749;0;0;0;36
$1;1;6020000;2;0;1473;48282;33972;24832;401;0;3749;3746;3746;3753;3741;3747;3750;3745;3749;0;0;0;42
$1;1;6021000;2;0;1481;48277;33975;24836;402;0;3749;3746;3746;3754;3741;3747;3750;3745;3748;0;0;0;42
$1;1;6022000;2;0;1451;48293;33966;24840;403;0;3749;3746;3746;3753;3741;3747;3750;3745;3748;0;0;0;43
$1;1;6023000;2;0;1494;48271;33981;24844;403;0;3750;3746;3746;3754;3742;3747;3751;3746;3749;0;0;0;45
$1;1;6024000;2;0;1425;48306;33959;24849;404;0;3749;3746;3745;3753;3741;3747;3750;3745;3748;0;0;0;34
$1;1;6025000;2;0;1415;48314;33956;24853;404;0;3749;3745;3745;3752;3741;3746;3750;3744;3748;0;0;0;37
$1;1;6026000;2;0;1484;48278;33977;24857;405;0;3750;3746;3746;3754;3742;3747;3751;3745;3749;0;0;0;46
$1;1;6027000;2;0;1470;48284;33973;24861;405;0;3750;3746;3746;3753;3742;3747;3751;3745;3749;0;0;0;33
$1;1;6028000;2;0;1496;48272;33983;24865;405;0;3750;3747;3746;3754;3742;3748;3751;3746;3749;0;0;0;46
$1;1;6029000;2;0;1500;48268;33984;24869;405;0;3750;3747;3747;3755;3742;3748;3751;3746;3749;0;0;0;33
$1;1;6030000;2;0;1499;48269;33983;24874;406;0;3750;3747;3746;3754;3742;3748;3751;3746;3749;0;0;0;33
$1;1;6031000;2;0;1412;48316;33958;24878;406;0;3749;3746;3746;3753;3741;3747;3750;3745;3748;0;0;0;33
$1;1;6032000;2;0;1450;48296;33971;24882;406;0;3750;3746;3746;3754;3742;3747;3750;3745;3749;0;0;0;46
$1;1;6033000;2;0;1455;48293;33971;24886;406;0;3750;3746;3746;3753;3742;3747;3751;3746;3749;0;0;0;46
$1;1;6034000;2;0;1463;48291;33974;24890;406;0;3750;3746;3746;3753;3742;3748;3750;3746;3749;0;0;0;34
$1;1;6035000;2;0;1441;48302;33969;24894;406;0;3750;3746;3746;3754;3742;3747;3751;3745;3749;0;0;0;42
$1;1;6036000;2;0;1477;48283;33980;24898;406;0;3750;3747;3747;3754;3742;3748;3751;3746;3749;0;0;0;35
$1;1;6037000;2;0;1462;48288;33975;24902;408;0;3750;3746;3746;3754;3742;3748;3751;3746;3749;0;0;0;43
$1;1;6038000;2;0;1471;48283;33978;24906;408;0;3750;3746;3746;3754;3742;3748;3751;3746;3749;0;0;0;36
$1;1;6039000;2;0;1413;48314;33961;24910;408;0;3749;3746;3746;3753;3742;3747;3750;3745;3748;0;0;0;34
$1;1;6040000;2;0;1416;48313;33962;24914;408;0;3749;3746;3746;3753;3742;3747;3750;3745;3748;0;0;0;41
$1;1;6041000;2;0;1490;48275;33985;24918;408;0;3750;3747;3747;3754;3742;3748;3751;3746;3750;0;0;0;41
$1;1;6042000;2;0;1465;48285;33978;24922;408;0;3750;3747;3747;3755;3742;3748;3751;3746;3749;0;0;0;45
$1;1;6043000;2;0;1423;48308;33965;24926;408;0;3750;3746;3746;3753;3742;3747;3751;3746;3749;0;0;0;43
$1;1;6044000;2;0;1489;48274;33985;24930;409;0;3751;3747;3747;3754;3743;3748;3751;3746;3750;0;0;0;46
$1;1;6045000;2;0;1479;48280;33984;24935;408;0;3751;3747;3747;3754;3743;3748;3752;3746;3750;0;0;0;45
$1;1;6046000;2;0;1496;48269;33989;24939;409;0;3751;3747;3747;3755;3743;3749;3752;3747;3750;0;0;0;41
$1;1;6047000;2;0;1466;48287;33981;24943;408;0;3750;3747;3747;3754;3742;3748;3751;3746;3750;0;0;0;33
$1;1;6048000;2;0;1453;48294;33976;24947;408;0;3750;3747;3747;3754;3742;3748;3751;3746;3749;0;0;0;46
$1;1;6049000;2;0;1497;48270;33991;24951;408;0;3751;3748;3747;3755;3743;3749;3752;3747;3750;0;0;0;38
$1;1;6050000;2;0;1481;48279;33986;24955;408;0;3751;3747;3747;3755;3743;3748;3752;3746;3750;0;0;0;45
$1;1;6051000;2;0;1439;48301;33973;24960;408;0;3750;3747;3747;3755;3742;3748;3751;3746;3749;0;0;0;38
$1;1;6052000;2;0;1490;48275;33990;24964;408;0;3751;3747;3748;3755;3743;3749;3752;3747;3750;0;0;0;41
$1;1;6053000;2;0;1428;48306;33971;24967;409;0;3750;3747;3747;3754;3742;3748;3751;3746;3750;0;0;0;46
$1;1;6054000;2;0;1493;48271;33992;24972;409;0;3751;3748;3748;3755;3743;3749;3752;3747;3750;0;0;0;35
$1;1;6055000;2;0;1486;48275;33989;24975;409;0;3751;3748;3747;3755;3743;3749;3752;3747;3750;0;0;0;32
$1;1;6056000;2;0;1444;48297;33979;24980;409;0;3751;3747;3747;3754;3743;3749;3752;3747;3750;0;0;0;42
$1;1;6057000;2;0;1494;48268;33994;24984;409;0;3751;3748;3748;3756;3743;3749;3752;3747;3750;0;0;0;35
$1;1;6058000;2;0;1501;48265;33997;24988;409;0;3752;3748;3748;3756;3744;3749;3753;3747;3751;0;0;0;39
$1;1;6059000;2;0;1486;48274;33993;24992;409;0;3752;3748;3748;3756;3744;3749;3752;3747;3751;0;0;0;38
$1;1;6060000;2;0;1449;48294;33982;24996;408;0;3751;3747;3747;3755;3743;3749;3752;3747;3750;0;0;0;34
$1;1;6061000;2;0;1437;48301;33977;25000;408;0;3751;3747;3747;3755;3743;3748;3752;3747;3750;0;0;0;43
$1;1;6062000;2;0;1464;48286;33986;25004;408;0;3751;3748;3748;3755;3743;3749;3752;3747;3750;0;0;0;43
$1;1;6063000;2;0;1463;48287;33986;25009;408;0;3751;3748;3748;3755;3743;3749;3752;3747;3750;0;0;0;33
$1;1;6064000;2;0;1445;48297;33982;25013;408;0;3751;3748;3748;3755;3743;3749;3752;3747;3750;0;0;0;44
$1;1;6065000;2;0;1417;48313;33973;25017;408;0;3751;3747;3747;3755;3743;3749;3752;3747;3750;0;0;0;45
$1;1;6066000;2;0;1456;48291;33985;25021;408;0;3751;3748;3748;3755;3744;3749;3752;3747;3750;0;0;0;43
$1;1;6067000;2;0;1466;48286;33989;25025;408;0;3751;3748;3748;3755;3743;3749;3752;3747;3750;0;0;0;32
$1;1;6068000;2;0;1430;48303;33979;25029;408;0;3751;3747;3747;3755;3743;3749;3752;3747;3750;0;0;0;35
$1;1;6069000;2;0;1424;48306;33977;25033;408;0;3751;3747;3748;3755;3743;3749;3752;3747;3750;0;0;0;40
$1;1;6070000;2;0;1431;48302;33980;25037;408;0;3751;3747;3748;3755;3743;3749;3752;3747;3750;0;0;0;44
$1;1;6071000;2;0;1491;48271;33998;25041;408;0;3752;3748;3748;3756;3744;3750;3752;3748;3751;0;0;0;36
$1;1;6072000;2;0;1486;48275;33997;25045;408;0;3752;3748;3748;3756;3744;3750;3753;3748;3751;0;0;0;47
$1;1;6073000;2;0;1454;48291;33988;25048;408;0;3752;3748;3748;3755;3744;3749;3752;3747;3751;0;0;0;45
$1;1;6074000;2;0;1496;48268;34001;25052;408;0;3752;3749;3748;3756;3744;3750;3753;3748;3751;0;0;0;34
$1;128;6074000;307;125;16;13;13;15;11;13;15;14;15;0;0;0;22
$1;1;6075000;2;0;1489;48273;33999;25056;408;0;3752;3749;3749;3756;3744;3750;3753;3748;3751;0;0;0;45
$1;1;6076000;2;0;1441;48299;33985;25061;407;0;3751;3748;3748;3755;3744;3749;3752;3747;3751;0;0;0;46
$1;1;6077000;2;0;1471;48282;33995;25065;407;0;3752;3749;3748;3756;3744;3750;3753;3748;3751;0;0;0;36
$1;1;6078000;2;0;1466;48285;33993;25069;407;0;3752;3748;3748;3755;3744;3750;3753;3748;3751;0;0;0;34
$1;1;6079000;2;0;1469;48284;33995;25073;407;0;3752;3749;3748;3756;3744;3750;3753;3748;3751;0;0;0;34
$1;1;6080000;2;0;1496;48269;34005;25077;407;0;3753;3749;3749;3756;3745;3750;3754;3748;3752;0;0;0;33
$1;1;6081000;2;0;1502;48266;34007;25081;407;0;3753;3749;3749;3757;3745;3751;3753;3748;3752;0;0;0;47
$1;1;6082000;2;0;1502;48266;34007;25085;406;0;3753;3749;3749;3757;3745;3750;3754;3748;3752;0;0;0;47
$1;1;6083000;2;0;1499;48266;34007;25090;407;0;3753;3749;3749;3756;3745;3751;3753;3749;3752;0;0;0;46
$1;1;6084000;2;0;1499;48263;34007;25094;407;0;3753;3749;3749;3757;3745;3750;3754;3749;3752;0;0;0;47
$1;1;6085000;2;0;1501;48262;34008;25098;407;0;3753;3749;3749;3756;3745;3751;3754;3749;3752;0;0;0;44
$1;1;6086000;2;0;1501;48263;34009;25102;407;0;3753;3749;3749;3756;3745;3751;3754;3749;3752;0;0;0;45
$1;1;6087000;2;0;1500;48262;34010;25106;407;0;3753;3750;3749;3756;3745;3751;3754;3749;3752;0;0;0;40
$1;1;6088000;2;0;1499;48263;34010;25110;406;0;3753;3749;3750;3756;3745;3751;3754;3749;3752;0;0;0;33
$1;1;6089000;2;0;1499;48263;34010;25114;406;0;3753;3749;3750;3756;3745;3751;3754;3749;3752;0;0;0;36
$1;1;6090000;2;0;1499;48264;34010;25119;406;0;3753;3750;3750;3756;3745;3751;3754;3749;3752;0;0;0;46
$1;1;6091000;2;0;1499;48263;34011;25123;406;0;3753;3750;3750;3756;3745;3751;3754;3749;3752;0;0;0;32
$1;1;6092000;2;0;1498;48264;34012;25127;406;0;3753;3750;3749;3757;3745;3751;3754;3749;3752;0;0;0;43
$1;1;6093000;2;0;1499;48264;34013;25131;406;0;3753;3750;3750;3756;3745;3751;3754;3749;3753;0;0;0;37
$1;1;6094000;2;0;1500;48263;34013;25135;405;0;3753;3750;3750;3756;3745;3751;3754;3749;3753;0;0;0;35
$1;1;6095000;2;0;1499;48264;34013;25139;405;0;3754;3750;3750;3757;3746;3751;3754;3749;3753;0;0;0;45
$1;1;6096000;2;0;1499;48263;34014;25144;405;0;3754;3750;3750;3757;3746;3751;3754;3749;3753;0;0;0;36
$1;1;6097000;2;0;1500;48263;34015;25148;405;0;3754;3750;3750;3757;3746;3751;3755;3749;3753;0;0;0;40
$1;1;6098000;2;0;1499;48264;34015;25152;405;0;3754;3750;3750;3757;3746;3751;3755;3750;3753;0;0;0;34
$1;1;6099000;2;0;1500;48264;34016;25156;405;0;3754;3750;3750;3757;3746;3751;3755;3750;3753;0;0;0;37
$1;1;6100000;2;0;1501;48260;34016;25160;405;0;3754;3750;3750;3757;3746;3751;3755;3750;3753;0;0;0;36
$1;1;6101000;2;0;1499;48260;34016;25165;405;0;3754;3750;3750;3757;3746;3752;3755;3750;3753;0;0;0;35
$1;1;6102000;2;0;1498;48260;34016;25169;405;0;3754;3750;3750;3757;3746;3751;3755;3750;3753;0;0;0;46
$1;1;6103000;2;0;1500;48260;34017;25173;405;0;3754;3750;3750;3757;3746;3752;3755;3750;3753;0;0;0;38
$1;1;6104000;2;0;1499;48260;34017;25177;405;0;3754;3750;3750;3757;3746;3752;3755;3750;3753;0;0;0;36
$1;1;6105000;2;0;1499;48260;34018;25181;405;0;3754;3750;3750;3757;3746;3752;3755;3750;3753;0;0;0;35
$1;1;6106000;2;0;1499;48260;34019;25185;405;0;3754;3750;3750;3757;3746;3752;3755;3750;3753;0;0;0;37
$1;1;6107000;2;0;1498;48260;34019;25190;405;0;3754;3750;3750;3757;3746;3752;3755;3750;3753;0;0;0;33
$1;1;6108000;2;0;1499;48260;34019;25194;404;0;3754;3751;3751;3757;3746;3752;3755;3750;3753;0;0;0;42
$1;1;6109000;2;0;1500;48260;34019;25198;404;0;3754;3751;3751;3757;3746;3752;3755;3750;3753;0;0;0;38
$1;1;6110000;2;0;1499;48260;34019;25202;404;0;3754;3751;3750;3757;3746;3752;3755;3750;3753;0;0;0;46
$1;1;6111000;2;0;1500;48260;34020;25206;404;0;3754;3751;3751;3758;3746;3752;3755;3750;3754;0;0;0;41
$1;1;6112000;2;0;1500;48261;34021;25210;404;0;3754;3751;3751;3757;3746;3752;3755;3750;3754;0;0;0;34
$1;1;6113000;2;0;1499;48261;34021;25214;404;0;3754;3751;3751;3757;3747;3752;3755;3750;3754;0;0;0;39
$1;1;6114000;2;0;1499;48260;34022;25219;403;0;3755;3751;3751;3758;3747;3752;3755;3750;3754;0;0;0;38
$1;1;6115000;2;0;1498;48261;34021;25223;403;0;3755;3751;3751;3757;3747;3752;3755;3750;3754;0;0;0;34
$1;1;6116000;2;0;1499;48259;34023;25227;404;0;3755;3751;3751;3757;3747;3752;3755;3751;3754;0;0;0;43
$1;1;6117000;2;0;1498;48260;34023;25231;404;0;3755;3751;3751;3758;3747;3752;3755;3751;3754;0;0;0;41
$1;1;6118000;2;0;1499;48259;34024;25235;404;0;3755;3751;3751;3758;3747;3752;3755;3751;3754;0;0;0;46
$1;1;6119000;2;0;1499;48259;34024;25239;404;0;3755;3751;3751;3758;3747;3752;3756;3751;3754;0;0;0;32
$1;1;6120000;2;0;1497;48260;34024;25244;404;0;3755;3751;3751;3758;3747;3752;3756;3751;3754;0;0;0;36
$1;1;6121000;2;0;1499;48259;34025;25248;404;0;3755;3751;3751;3758;3747;3753;3756;3751;3754;0;0;0;45
$1;1;6122000;2;0;1500;48258;34026;25252;404;0;3755;3751;3751;3758;3747;3753;3756;3751;3754;0;0;0;38
$1;1;6123000;2;0;1498;48260;34026;25256;403;0;3755;3751;3751;3758;3747;3753;3756;3751;3754;0;0;0;47
$1;1;6124000;2;0;1500;48259;34027;25260;403;0;3755;3751;3751;3758;3747;3753;3756;3751;3754;0;0;0;38
$1;1;6125000;2;0;1489;48264;34024;25264;403;0;3755;3751;3751;3758;3747;3753;3756;3751;3754;0;0;0;46
$1;1;6126000;2;0;1491;48264;34025;25268;403;0;3755;3751;3751;3758;3747;3752;3756;3751;3754;0;0;0;40
$1;1;6127000;2;0;1499;48260;34028;25273;403;0;3755;3751;3752;3758;3747;3753;3756;3751;3754;0;0;0;32
$1;1;6128000;2;0;1500;48259;34029;25277;403;0;3755;3752;3751;3759;3747;3753;3756;3751;3754;0;0;0;32
$1;1;6129000;2;0;1501;48260;34030;25281;403;0;3755;3752;3751;3759;3748;3753;3756;3751;3755;0;0;0;37
$1;1;6130000;2;0;1502;48258;34030;25285;402;0;3755;3752;3751;3759;3747;3753;3756;3751;3754;0;0;0;46
$1;1;6131000;2;0;1499;48260;34030;25289;402;0;3755;3752;3752;3759;3747;3753;3756;3751;3755;0;0;0;41
$1;1;6132000;2;0;1500;48260;34031;25293;402;0;3755;3751;3752;3759;3747;3753;3756;3751;3755;0;0;0;34
$1;1;6133000;2;0;1500;48257;34031;25298;403;0;3755;3752;3752;3759;3747;3753;3756;3751;3755;0;0;0;46
$1;1;6134000;2;0;1499;48257;34031;25302;403;0;3755;3752;3752;3759;3747;3753;3756;3751;3755;0;0;0;42
$1;128;6134000;307;122;15;13;12;15;11;13;15;13;15;0;0;0;17
$1;1;6135000;2;0;1500;48256;34031;25306;403;0;3756;3752;3752;3759;3748;3753;3756;3752;3755;0;0;0;32
$1;1;6136000;2;0;1501;48255;34032;25310;403;0;3756;3752;3752;3759;3748;3753;3756;3751;3755;0;0;0;38
$1;1;6137000;2;0;1501;48255;34033;25314;403;0;3756;3752;3752;3759;3748;3753;3756;3752;3755;0;0;0;33
$1;1;6138000;2;0;1499;48257;34031;25318;403;0;3756;3752;3752;3759;3748;3753;3756;3752;3755;0;0;0;34
$1;1;6139000;2;0;1500;48256;34032;25323;403;0;3756;3752;3752;3759;3748;3753;3756;3752;3755;0;0;0;40
$1;1;6140000;2;0;1499;48256;34032;25327;402;0;3756;3752;3752;3759;3748;3754;3756;3752;3755;0;0;0;37
$1;1;6141000;2;0;1501;48255;34034;25331;402;0;3756;3752;3752;3759;3748;3754;3756;3752;3755;0;0;0;38
$1;1;6142000;2;0;1501;48256;34034;25335;402;0;3756;3752;3752;3759;3748;3754;3757;3752;3755;0;0;0;35
$1;1;6143000;2;0;1499;48257;34034;25339;402;0;3756;3752;3752;3759;3748;3754;3757;3752;3755;0;0;0;47
$1;1;6144000;2;0;1499;48257;34035;25343;402;0;3756;3752;3752;3759;3748;3754;3757;3752;3755;0;0;0;36
$1;1;6145000;2;0;1499;48257;34036;25348;402;0;3756;3752;3752;3759;3748;3754;3757;3752;3755;0;0;0;45
$1;1;6146000;2;0;1501;48255;34036;25352;402;0;3756;3752;3752;3759;3748;3754;3757;3752;3755;0;0;0;39
$1;1;6147000;2;0;1499;48256;34037;25356;401;0;3756;3752;3753;3759;3748;3754;3757;3752;3755;0;0;0;34
$1;1;6148000;2;0;1499;48256;34037;25360;401;0;3756;3752;3753;3760;3748;3754;3757;3752;3755;0;0;0;34
$1;1;6149000;2;0;1489;48263;34033;25364;401;0;3756;3752;3753;3760;3748;3754;3756;3752;3755;0;0;0;37
$1;1;6150000;2;0;1462;48275;34026;25369;402;0;3756;3752;3752;3759;3748;3753;3756;3752;3755;0;0;0;41
$1;1;6151000;2;0;1463;48275;34027;25373;402;0;3756;3752;3752;3759;3748;3753;3756;3752;3755;0;0;0;35
$1;1;6152000;2;0;1499;48255;34038;25377;402;0;3756;3753;3753;3760;3748;3754;3757;3752;3755;0;0;0;33
$1;1;6153000;2;0;1485;48263;34034;25381;402;0;3756;3752;3752;3760;3748;3754;3757;3752;3755;0;0;0;45
$1;1;6154000;2;0;1431;48292;34018;25385;402;0;3755;3752;3752;3759;3748;3753;3756;3751;3754;0;0;0;44
$1;1;6155000;2;0;1472;48271;34031;25389;402;0;3756;3752;3752;3760;3748;3754;3756;3752;3755;0;0;0;44
$1;1;6156000;2;0;1451;48281;34024;25394;402;0;3756;3752;3752;3760;3748;3754;3756;3752;3755;0;0;0;41
$1;1;6157000;2;0;1447;48284;34024;25398;401;0;3756;3752;3752;3759;3748;3754;3756;3752;3755;0;0;0;47
$1;1;6158000;2;0;1466;48275;34030;25402;401;0;3756;3752;3753;3759;3748;3754;3756;3752;3755;0;0;0;45
$1;1;6159000;2;0;1496;48259;34040;25406;401;0;3757;3753;3753;3760;3749;3754;3757;3752;3756;0;0;0;39
$1;1;6160000;2;0;1501;48255;34042;25410;401;0;3757;3753;3753;3760;3749;3754;3757;3752;3756;0;0;0;43
$1;1;6161000;2;0;1500;48255;34042;25414;401;0;3757;3753;3753;3760;3749;3754;3757;3753;3756;0;0;0;46
$1;1;6162000;2;0;1447;48284;34026;25419;400;0;3756;3752;3753;3760;3749;3754;3757;3752;3755;0;0;0;47
$1;1;6163000;2;0;1493;48260;34041;25423;400;0;3757;3753;3753;3760;3749;3754;3757;3753;3756;0;0;0;39
$1;1;6164000;2;0;1427;48295;34021;25427;400;0;3756;3752;3753;3759;3748;3754;3756;3752;3755;0;0;0;47
$1;1;6165000;2;0;1492;48259;34041;25431;401;0;3757;3753;3753;3760;3749;3754;3757;3752;3756;0;0;0;41
$1;1;6166000;2;0;1498;48255;34043;25436;401;0;3757;3753;3753;3761;3749;3755;3757;3753;3756;0;0;0;40
$1;1;6167000;2;0;1491;48259;34041;25440;401;0;3757;3753;3753;3761;3749;3755;3757;3753;3756;0;0;0;47
$1;1;6168000;2;0;1433;48290;34024;25444;401;0;3756;3753;3752;3760;3748;3754;3757;3752;3755;0;0;0;41
$1;1;6169000;2;0;1426;48293;34022;25448;401;0;3756;3753;3752;3760;3748;3754;3756;3752;3755;0;0;0;36
$1;1;6170000;2;0;1449;48283;34030;25452;401;0;3756;3753;3753;3760;3749;3754;3757;3752;3755;0;0;0;45
$1;1;6171000;2;0;1457;48277;34032;25456;401;0;3757;3753;3753;3760;3749;3754;3757;3752;3756;0;0;0;44
$1;1;6172000;2;0;1491;48260;34043;25461;401;0;3757;3754;3753;3761;3749;3755;3758;3753;3756;0;0;0;40
$1;1;6173000;2;0;1486;48263;34042;25464;401;0;3757;3753;3754;3761;3749;3755;3758;3753;3756;0;0;0;40
$1;1;6174000;2;0;1502;48253;34047;25468;401;0;3757;3754;3753;3762;3749;3755;3758;3753;3756;0;0;0;43
$1;1;6175000;2;0;1476;48267;34039;25472;400;0;3757;3754;3753;3761;3749;3755;3757;3753;3756;0;0;0;32
$1;1;6176000;2;0;1483;48264;34042;25476;400;0;3757;3754;3753;3760;3749;3755;3757;3753;3756;0;0;0;35
$1;1;6177000;2;0;1479;48266;34042;25480;400;0;3757;3753;3754;3761;3749;3755;3757;3753;3756;0;0;0;45
$1;1;6178000;2;0;1468;48274;34039;25484;400;0;3757;3754;3753;3760;3749;3755;3757;3753;3756;0;0;0;40
$1;1;6179000;2;0;1464;48275;34037;25489;400;0;3757;3754;3753;3761;3749;3755;3757;3753;3756;0;0;0;38
$1;1;6180000;2;0;1448;48284;34032;25493;400;0;3757;3753;3753;3761;3749;3755;3757;3753;3756;0;0;0;41
$1;1;6181000;2;0;1493;48258;34047;25497;400;0;3757;3754;3754;3762;3750;3755;3758;3753;3756;0;0;0;45
$1;1;6182000;2;0;1500;48253;34050;25501;401;0;3758;3754;3754;3761;3750;3755;3758;3754;3757;0;0;0;45
$1;1;6183000;2;0;1488;48260;34046;25505;401;0;3758;3754;3754;3761;3750;3755;3758;3753;3757;0;0;0;41
$1;1;6184000;2;0;1490;48259;34047;25509;401;0;3758;3754;3754;3761;3749;3755;3758;3753;3756;0;0;0;41
$1;1;6185000;2;0;1402;48306;34021;25513;400;0;3756;3753;3753;3760;3749;3754;3757;3752;3755;0;0;0;33
$1;1;6186000;2;0;1416;48298;34026;25517;400;0;3756;3753;3753;3760;3749;3755;3757;3752;3756;0;0;0;32
$1;1;6187000;2;0;1462;48275;34040;25521;400;0;3757;3754;3754;3761;3749;3755;3758;3753;3756;0;0;0;42
$1;1;6188000;2;0;1496;48256;34051;25526;400;0;3758;3754;3754;3761;3750;3756;3758;3754;3757;0;0;0;42
$1;1;6189000;2;0;1459;48275;34041;25530;400;0;3757;3754;3754;3761;3750;3755;3758;3753;3757;0;0;0;36
$1;1;6190000;2;0;1432;48290;34031;25534;400;0;3757;3753;3754;3761;3749;3755;3757;3753;3756;0;0;0;40
$1;1;6191000;2;0;1451;48281;34038;25538;400;0;3757;3754;3754;3761;3750;3755;3758;3753;3756;0;0;0;41
$1;1;6192000;2;0;1495;48257;34052;25542;400;0;3758;3754;3755;3761;3750;3756;3758;3754;3757;0;0;0;35
$1;1;6193000;2;0;1422;48297;34031;25546;399;0;3757;3754;3754;3761;3750;3755;3757;3753;3756;0;0;0;32
$1;1;6194000;2;0;1417;48300;34030;25551;399;0;3757;3753;3754;3761;3749;3755;3757;3753;3756;0;0;0;38
$1;128;6194000;305;123;16;13;12;15;11;13;15;13;15;0;0;0;27
$1;1;6195000;2;0;1407;48306;34026;25555;399;0;3757;3754;3753;3760;3749;3755;3757;3753;3756;0;0;0;34
$1;1;6196000;2;0;1449;48283;34039;25558;399;0;3757;3754;3754;3761;3750;3755;3758;3753;3756;0;0;0;37
$1;1;6197000;2;0;1492;48260;34054;25562;399;0;3758;3754;3755;3762;3750;3756;3759;3754;3757;0;0;0;36
$1;1;6198000;2;0;1498;48257;34055;25566;399;0;3758;3755;3755;3762;3750;3756;3759;3754;3757;0;0;0;33
$1;1;6199000;2;0;1488;48260;34053;25570;400;0;3758;3754;3755;3762;3750;3756;3759;3754;3757;0;0;0;34
$1;1;6200000;2;0;1490;48259;34055;25574;400;0;3758;3755;3754;3761;3750;3756;3758;3754;3757;0;0;0;34
$1;1;6201000;2;0;1470;48268;34048;25578;400;0;3758;3755;3754;3761;3750;3755;3758;3754;3757;0;0;0;44
$1;1;6202000;2;0;1441;48283;34040;25582;399;0;3758;3754;3754;3761;3750;3755;3758;3754;3757;0;0;0;35
$1;1;6203000;2;0;1440;48286;34039;25587;400;0;3758;3754;3754;3761;3750;3755;3758;3754;3757;0;0;0;42
$1;1;6204000;2;0;1474;48267;34050;25591;400;0;3758;3754;3754;3761;3750;3756;3758;3754;3757;0;0;0;46
$1;1;6205000;2;0;1435;48287;34039;25594;399;0;3758;3754;3755;3761;3750;3755;3758;3754;3757;0;0;0;43
$1;1;6206000;2;0;1494;48257;34056;25598;399;0;3758;3755;3755;3762;3751;3756;3759;3754;3757;0;0;0;42
$1;1;6207000;2;0;1496;48256;34058;25602;399;0;3759;3755;3755;3762;3751;3756;3759;3754;3758;0;0;0;40
$1;1;6208000;2;0;1503;48250;34060;25606;399;0;3759;3755;3755;3763;3751;3756;3759;3755;3758;0;0;0;35
$1;1;6209000;2;0;1485;48260;34055;25611;399;0;3759;3755;3755;3762;3751;3756;3759;3754;3757;0;0;0;33
$1;1;6210000;2;0;1498;48254;34061;25615;399;0;3759;3755;3755;3763;3751;3757;3759;3755;3758;0;0;0;47
$1;1;6211000;2;0;1437;48286;34042;25619;399;0;3758;3755;3755;3762;3750;3756;3759;3754;3757;0;0;0;39
$1;1;6212000;2;0;1489;48260;34059;25623;399;0;3759;3755;3755;3762;3751;3756;3759;3755;3758;0;0;0;36
$1;1;6213000;2;0;1499;48253;34063;25627;399;0;3759;3756;3755;3763;3751;3757;3759;3755;3758;0;0;0;42
$1;1;6214000;2;0;1498;48255;34063;25631;398;0;3759;3755;3756;3763;3751;3757;3759;3755;3758;0;0;0;44
$1;1;6215000;2;0;1433;48290;34042;25635;398;0;3758;3755;3755;3762;3750;3756;3758;3754;3757;0;0;0;46
$1;1;6216000;2;0;1466;48270;34053;25639;399;0;3758;3755;3755;3762;3751;3756;3759;3754;3757;0;0;0;46
$1;1;6217000;2;0;1473;48266;34056;25643;399;0;3759;3755;3755;3762;3751;3757;3759;3755;3758;0;0;0;42
$1;1;6218000;2;0;1491;48256;34062;25647;399;0;3759;3755;3756;3763;3751;3757;3759;3755;3758;0;0;0;43
$1;1;6219000;2;0;1498;48252;34066;25651;399;0;3759;3756;3756;3763;3752;3757;3760;3755;3758;0;0;0;46
$1;1;6220000;2;0;1486;48260;34061;25655;399;0;3759;3756;3756;3763;3751;3757;3759;3755;3758;0;0;0;32
$1;1;6221000;2;0;1460;48272;34054;25659;399;0;3759;3756;3755;3762;3751;3757;3759;3755;3758;0;0;0;34
$1;1;6222000;2;0;1422;48293;34042;25663;399;0;3758;3755;3755;3762;3751;3756;3758;3754;3757;0;0;0;42
$1;1;6223000;2;0;1451;48279;34051;25667;399;0;3759;3755;3755;3762;3751;3756;3759;3754;3758;0;0;0;34
$1;1;6224000;2;0;1374;48320;34027;25671;399;0;3758;3754;3754;3761;3750;3756;3758;3754;3756;0;0;0;34
$1;1;6225000;2;0;1442;48284;34049;25675;399;0;3759;3755;3755;3762;3751;3756;3759;3755;3758;0;0;0;47
$1;1;6226000;2;0;1457;48278;34054;25679;399;0;3759;3755;3755;3762;3751;3756;3759;3755;3758;0;0;0;43
$1;1;6227000;2;0;1458;48276;34055;25683;398;0;3759;3755;3755;3762;3751;3757;3759;3755;3758;0;0;0;47
$1;1;6228000;2;0;1483;48261;34063;25686;398;0;3759;3756;3756;3763;3751;3757;3759;3755;3758;0;0;0;33
$1;1;6229000;2;0;1457;48276;34055;25690;398;0;3759;3756;3756;3762;3751;3757;3759;3755;3758;0;0;0;44
$1;1;6230000;2;0;1439;48285;34050;25695;398;0;3759;3755;3755;3762;3751;3756;3759;3755;3758;0;0;0;33
$1;1;6231000;2;0;1494;48259;34068;25699;398;0;3760;3756;3756;3763;3752;3757;3760;3756;3759;0;0;0;32
$1;1;6232000;2;0;1422;48297;34046;25703;398;0;3759;3755;3756;3762;3751;3757;3759;3755;3758;0;0;0;33
$1;1;6233000;2;0;1451;48279;34055;25707;398;0;3759;3756;3756;3763;3751;3757;3759;3755;3758;0;0;0;32
$1;1;6234000;2;0;1462;48272;34059;25711;398;0;3759;3756;3756;3763;3752;3757;3760;3755;3758;0;0;0;46
$1;1;6235000;2;0;1496;48254;34070;25715;399;0;3760;3756;3756;3763;3752;3758;3760;3756;3759;0;0;0;41
$1;1;6236000;2;0;1498;48252;34071;25719;399;0;3760;3756;3756;3764;3752;3758;3760;3756;3759;0;0;0;40
$1;1;6237000;2;0;1499;48252;34072;25724;398;0;3760;3756;3756;3764;3752;3758;3760;3756;3759;0;0;0;36
$1;1;6238000;2;0;1498;48252;34073;25728;398;0;3760;3757;3756;3763;3752;3758;3761;3756;3759;0;0;0;32
$1;1;6239000;2;0;1500;48251;34073;25732;398;0;3760;3757;3757;3764;3752;3758;3761;3756;3759;0;0;0;47
$1;1;6240000;2;0;1500;48252;34075;25736;398;0;3760;3757;3757;3764;3752;3758;3761;3756;3760;0;0;0;42
$1;1;6241000;2;0;1490;48257;34072;25740;398;0;3760;3757;3757;3764;3752;3758;3761;3756;3759;0;0;0;42
$1;1;6242000;2;0;1498;48252;34075;25745;398;0;3760;3757;3757;3764;3753;3758;3761;3756;3759;0;0;0;39
$1;1;6243000;2;0;1500;48251;34076;25749;398;0;3760;3757;3757;3764;3753;3758;3761;3756;3759;0;0;0;42
$1;1;6244000;2;0;1500;48251;34077;25753;398;0;3761;3757;3757;3764;3752;3758;3761;3757;3760;0;0;0;44
$1;1;6245000;2;0;1501;48251;34079;25757;397;0;3761;3757;3757;3764;3753;3758;3761;3757;3760;0;0;0;40
$1;1;6246000;2;0;1500;48252;34078;25761;397;0;3761;3757;3757;3764;3752;3758;3761;3757;3760;0;0;0;44
$1;1;6247000;2;0;1501;48251;34079;25765;397;0;3761;3757;3757;3764;3753;3758;3761;3757;3760;0;0;0;43
$1;1;6248000;2;0;1501;48251;34079;25770;397;0;3761;3757;3757;3764;3753;3759;3761;3757;3760;0;0;0;33
$1;1;6249000;2;0;1499;48252;34079;25774;397;0;3761;3757;3757;3764;3753;3758;3761;3757;3760;0;0;0;38
$1;1;6250000;2;0;1500;48249;34079;25778;398;0;3761;3757;3757;3764;3753;3759;3761;3757;3760;0;0;0;39
$1;1;6251000;2;0;1499;48249;34080;25782;398;0;3761;3757;3757;3764;3753;3759;3762;3757;3760;0;0;0;39
$1;1;6252000;2;0;1499;48249;34080;25786;398;0;3761;3757;3757;3764;3753;3759;3761;3757;3760;0;0;0;35
$1;1;6253000;2;0;1498;48250;34081;25790;398;0;3761;3757;3757;3764;3753;3759;3762;3757;3760;0;0;0;46
$1;1;6254000;2;0;1499;48250;34081;25795;398;0;3761;3757;3758;3764;3753;3759;3762;3757;3760;0;0;0;34
$1;1;6255000;2;0;1500;48250;34082;25799;398;0;3761;3758;3758;3764;3753;3759;3762;3757;3760;0;0;0;34
$1;128;6255000;304;123;15;13;12;15;11;13;15;14;15;0;0;0;16
$1;1;6256000;2;0;1498;48251;34082;25803;398;0;3761;3758;3757;3764;3753;3759;3762;3757;3760;0;0;0;35
$1;1;6257000;2;0;1501;48249;34084;25807;398;0;3761;3758;3758;3764;3754;3759;3762;3757;3760;0;0;0;32
$1;1;6258000;2;0;1501;48249;34084;25811;398;0;3761;3758;3758;3764;3753;3759;3762;3757;3760;0;0;0;47
$1;1;6259000;2;0;1499;48250;34084;25815;398;0;3761;3757;3758;3764;3754;3759;3762;3757;3761;0;0;0;43
$1;1;6260000;2;0;1498;48251;34084;25820;397;0;3761;3758;3758;3764;3754;3759;3762;3757;3761;0;0;0;39
$1;1;6261000;2;0;1499;48250;34085;25824;397;0;3761;3758;3758;3764;3754;3759;3762;3757;3761;0;0;0;35
$1;1;6262000;2;0;1499;48251;34085;25828;397;0;3762;3758;3758;3764;3754;3759;3762;3757;3761;0;0;0;46
$1;1;6263000;2;0;1499;48251;34086;25832;397;0;3762;3758;3758;3764;3754;3759;3762;3758;3761;0;0;0;40
$1;1;6264000;2;0;1498;48251;34087;25836;397;0;3762;3758;3758;3764;3754;3759;3762;3758;3761;0;0;0;43
$1;1;6265000;2;0;1499;48251;34088;25840;397;0;3762;3758;3758;3765;3754;3759;3762;3758;3761;0;0;0;36
$1;1;6266000;2;0;1500;48251;34088;25844;397;0;3762;3758;3758;3765;3754;3759;3762;3758;3761;0;0;0;34
$1;1;6267000;2;0;1498;48250;34088;25849;397;0;3762;3758;3758;3765;3754;3759;3762;3758;3761;0;0;0;47
$1;1;6268000;2;0;1500;48247;34089;25853;398;0;3762;3758;3758;3765;3754;3760;3762;3758;3761;0;0;0;41
$1;1;6269000;2;0;1498;48248;34089;25857;398;0;3762;3758;3758;3765;3754;3760;3762;3758;3761;0;0;0;35
$1;1;6270000;2;0;1500;48246;34089;25861;398;0;3762;3758;3758;3765;3754;3760;3762;3758;3761;0;0;0;32
$1;1;6271000;2;0;1500;48247;34091;25865;398;0;3762;3759;3758;3765;3754;3760;3763;3758;3761;0;0;0;45
$1;1;6272000;2;0;1500;48247;34091;25869;398;0;3762;3758;3758;3765;3754;3760;3763;3758;3761;0;0;0;35
$1;1;6273000;2;0;1499;48247;34091;25874;398;0;3762;3759;3759;3765;3754;3760;3763;3758;3761;0;0;0;47
$1;1;6274000;2;0;1500;48247;34091;25878;398;0;3762;3759;3758;3765;3754;3760;3763;3758;3761;0;0;0;36
$1;1;6275000;2;0;1499;48247;34091;25882;398;0;3762;3759;3759;3765;3755;3760;3763;3758;3761;0;0;0;33
$1;1;6276000;2;0;1500;48247;34092;25886;398;0;3762;3759;3759;3765;3754;3760;3763;3758;3761;0;0;0;37
$1;1;6277000;2;0;1499;48247;34093;25890;397;0;3762;3759;3759;3765;3755;3760;3763;3758;3761;0;0;0;45
$1;1;6278000;2;0;1498;48248;34092;25894;397;0;3762;3759;3759;3765;3755;3760;3763;3758;3762;0;0;0;42
$1;1;6279000;2;0;1500;48248;34094;25899;397;0;3762;3759;3759;3765;3755;3760;3763;3758;3761;0;0;0;35
$1;1;6280000;2;0;1498;48249;34094;25903;397;0;3762;3759;3759;3766;3755;3760;3763;3759;3762;0;0;0;39
$1;1;6281000;2;0;1501;48247;34095;25907;397;0;3763;3759;3759;3765;3755;3760;3763;3759;3762;0;0;0;46
$1;1;6282000;2;0;1499;48248;34095;25911;397;0;3763;3759;3759;3765;3755;3760;3763;3759;3762;0;0;0;37
$1;1;6283000;2;0;1501;48247;34096;25915;397;0;3763;3759;3759;3766;3755;3760;3763;3759;3762;0;0;0;47
$1;1;6284000;2;0;1500;48248;34096;25919;397;0;3763;3759;3759;3766;3755;3760;3763;3759;3762;0;0;0;42
$1;1;6285000;2;0;1500;48247;34097;25924;397;0;3763;3759;3759;3766;3755;3760;3763;3759;3762;0;0;0;43
$1;1;6286000;2;0;1499;48245;34096;25928;397;0;3763;3759;3759;3766;3755;3761;3763;3759;3762;0;0;0;39
$1;1;6287000;2;0;1501;48244;34098;25932;398;0;3763;3759;3759;3766;3755;3760;3763;3759;3762;0;0;0;44
$1;1;6288000;2;0;1499;48245;34098;25936;398;0;3763;3759;3759;3766;3755;3761;3763;3759;3762;0;0;0;39
$1;1;6289000;2;0;1499;48247;34098;25940;398;0;3763;3759;3759;3766;3755;3761;3763;3759;3762;0;0;0;37
$1;1;6290000;2;0;1498;48246;34098;25944;397;0;3763;3759;3759;3766;3755;3761;3763;3759;3762;0;0;0;38
$1;1;6291000;2;0;1498;48246;34099;25949;397;0;3763;3759;3759;3766;3755;3761;3764;3759;3762;0;0;0;44
$1;1;6292000;2;0;1467;48262;34090;25953;397;0;3763;3759;3759;3766;3755;3760;3763;3759;3762;0;0;0;45
$1;1;6293000;2;0;1496;48248;34099;25957;397;0;3763;3760;3759;3766;3755;3761;3764;3759;3762;0;0;0;43
$1;1;6294000;2;0;1498;48246;34100;25961;397;0;3763;3759;3760;3766;3755;3761;3764;3759;3762;0;0;0;40
$1;1;6295000;2;0;1499;48246;34102;25966;397;0;3763;3760;3760;3766;3755;3761;3764;3759;3762;0;0;0;39
$1;1;6296000;2;0;1502;48244;34103;25970;397;0;3763;3759;3760;3766;3756;3761;3764;3759;3762;0;0;0;42
$1;1;6297000;2;0;1498;48247;34102;25974;397;0;3763;3759;3760;3766;3755;3761;3764;3759;3762;0;0;0;44
$1;1;6298000;2;0;1499;48245;34103;25978;397;0;3763;3760;3760;3766;3756;3761;3764;3759;3763;0;0;0;37
$1;1;6299000;2;0;1474;48259;34095;25982;397;0;3763;3760;3760;3766;3755;3761;3764;3759;3762;0;0;0;35
$1;1;6300000;2;0;1499;48246;34103;25986;397;0;3763;3760;3760;3766;3755;3761;3764;3759;3762;0;0;0;37
$1;1;6301000;2;0;1500;48245;34103;25991;396;0;3764;3760;3760;3767;3756;3761;3764;3760;3763;0;0;0;47
$1;1;6302000;2;0;1499;48246;34104;25995;396;0;3764;3760;3760;3767;3756;3761;3764;3760;3763;0;0;0;45
$1;1;6303000;2;0;1501;48243;34104;25999;397;0;3764;3760;3760;3767;3756;3761;3764;3759;3763;0;0;0;46
$1;1;6304000;2;0;1501;48243;34105;26003;397;0;3764;3760;3760;3767;3756;3761;3764;3760;3763;0;0;0;43
$1;1;6305000;2;0;1499;48244;34104;26007;397;0;3764;3760;3760;3767;3756;3761;3764;3760;3763;0;0;0;40
$1;1;6306000;2;0;1499;48244;34105;26011;397;0;3764;3760;3760;3767;3756;3761;3764;3760;3763;0;0;0;45
$1;1;6307000;2;0;1502;48242;34107;26016;397;0;3764;3760;3760;3767;3756;3762;3764;3760;3763;0;0;0;47
$1;1;6308000;2;0;1499;48244;34106;26020;397;0;3764;3760;3760;3767;3756;3761;3764;3760;3763;0;0;0;34
$1;1;6309000;2;0;1499;48244;34107;26024;397;0;3764;3760;3760;3767;3756;3762;3764;3760;3763;0;0;0;37
$1;1;6310000;2;0;1501;48243;34107;26028;397;0;3764;3760;3760;3767;3756;3762;3764;3760;3763;0;0;0;38
$1;1;6311000;2;0;1500;48243;34107;26032;397;0;3764;3760;3760;3767;3756;3762;3764;3760;3763;0;0;0;45
$1;1;6312000;2;0;1468;48259;34098;26036;397;0;3764;3760;3760;3767;3756;3761;3764;3760;3763;0;0;0;42
$1;1;6313000;2;0;1478;48255;34102;26041;397;0;3764;3760;3760;3767;3756;3761;3764;3760;3763;0;0;0;36
$1;1;6314000;2;0;1499;48244;34109;26045;397;0;3764;3761;3760;3767;3756;3762;3764;3760;3763;0;0;0;33
$1;1;6315000;2;0;1498;48245;34110;26049;397;0;3764;3761;3761;3767;3756;3762;3765;3760;3763;0;0;0;36
$1;128;6315000;308;122;15;13;12;15;11;13;15;13;15;0;0;0;31
$1;1;6316000;2;0;1501;48244;34110;26053;396;0;3764;3761;3761;3767;3757;3762;3765;3760;3763;0;0;0;44
$1;1;6317000;2;0;1449;48271;34094;26057;396;0;3764;3760;3760;3767;3756;3761;3764;3760;3763;0;0;0;44
$1;1;6318000;2;0;1444;48275;34093;26061;396;0;3764;3760;3760;3767;3756;3761;3764;3760;3763;0;0;0;40
$1;1;6319000;2;0;1495;48248;34110;26065;396;0;3764;3761;3760;3767;3756;3762;3764;3760;3763;0;0;0;39
$1;1;6320000;2;0;1498;48246;34112;26070;396;0;3764;3761;3761;3768;3757;3762;3765;3760;3764;0;0;0;33
$1;1;6321000;2;0;1490;48249;34109;26074;397;0;3764;3761;3761;3768;3757;3762;3765;3760;3763;0;0;0;47
$1;1;6322000;2;0;1499;48242;34112;26078;397;0;3764;3761;3761;3768;3757;3762;3765;3760;3764;0;0;0;47
$1;1;6323000;2;0;1460;48263;34101;26082;397;0;3764;3760;3761;3768;3756;3762;3764;3760;3763;0;0;0;42
$1;1;6324000;2;0;1498;48244;34113;26086;397;0;3765;3761;3761;3768;3757;3762;3765;3760;3764;0;0;0;47
$1;1;6325000;2;0;1499;48244;34114;26090;397;0;3765;3761;3761;3768;3757;3762;3765;3761;3764;0;0;0;46
$1;1;6326000;2;0;1479;48254;34107;26095;397;0;3764;3761;3761;3768;3757;3762;3765;3760;3763;0;0;0;34
$1;1;6327000;2;0;1445;48273;34097;26099;397;0;3764;3761;3761;3767;3756;3762;3764;3760;3763;0;0;0;34
$1;1;6328000;2;0;1491;48249;34112;26103;397;0;3765;3761;3761;3768;3757;3762;3765;3760;3764;0;0;0;42
$1;1;6329000;2;0;1497;48245;34115;26107;396;0;3765;3761;3761;3768;3757;3762;3765;3761;3764;0;0;0;34
$1;1;6330000;2;0;1490;48250;34113;26111;396;0;3765;3761;3761;3768;3757;3762;3765;3761;3764;0;0;0;40
$1;1;6331000;2;0;1440;48278;34097;26114;396;0;3764;3760;3761;3767;3757;3762;3765;3760;3763;0;0;0;47
$1;1;6332000;2;0;1494;48249;34115;26118;396;0;3765;3761;3761;3768;3757;3762;3765;3761;3764;0;0;0;41
$1;1;6333000;2;0;1500;48245;34116;26122;396;0;3765;3761;3761;3768;3757;3763;3766;3761;3764;0;0;0;32
$1;1;6334000;2;0;1472;48259;34109;26127;396;0;3765;3761;3761;3768;3757;3763;3765;3761;3764;0;0;0;38
$1;1;6335000;2;0;1499;48246;34117;26131;396;0;3765;3761;3761;3769;3757;3763;3766;3761;3764;0;0;0;38
$1;1;6336000;2;0;1499;48246;34118;26135;396;0;3765;3762;3761;3768;3757;3763;3766;3761;3764;0;0;0;44
$1;1;6337000;2;0;1453;48272;34104;26139;396;0;3765;3761;3761;3768;3757;3762;3765;3761;3764;0;0;0;44
$1;1;6338000;2;0;1458;48269;34106;26143;396;0;3765;3761;3761;3768;3757;3762;3765;3761;3764;0;0;0;45
$1;1;6339000;2;0;1479;48256;34113;26148;397;0;3765;3762;3761;3768;3757;3763;3765;3761;3764;0;0;0;47
$1;1;6340000;2;0;1473;48259;34111;26152;397;0;3765;3761;3761;3768;3757;3763;3765;3761;3764;0;0;0;46
$1;1;6341000;2;0;1498;48245;34120;26156;397;0;3765;3762;3762;3769;3757;3763;3766;3761;3764;0;0;0;35
$1;1;6342000;2;0;1500;48244;34121;26160;397;0;3765;3762;3762;3769;3757;3763;3766;3761;3765;0;0;0;36
$1;1;6343000;2;0;1499;48244;34120;26164;398;0;3765;3762;3762;3769;3758;3763;3766;3761;3764;0;0;0;32
$1;1;6344000;2;0;1501;48243;34121;26168;398;0;3765;3762;3762;3769;3758;3763;3766;3762;3765;0;0;0;47
$1;1;6345000;2;0;1484;48253;34117;26172;398;0;3765;3762;3762;3769;3758;3763;3766;3761;3764;0;0;0;47
$1;1;6346000;2;0;1489;48251;34118;26177;398;0;3766;3762;3762;3769;3758;3763;3766;3761;3765;0;0;0;43
$1;1;6347000;2;0;1491;48251;34121;26181;398;0;3766;3762;3762;3769;3758;3763;3766;3762;3765;0;0;0;35
$1;1;6348000;2;0;1499;48246;34124;26185;398;0;3766;3762;3762;3769;3758;3764;3767;3762;3765;0;0;0;37
$1;1;6349000;2;0;1501;48244;34125;26189;399;0;3766;3762;3762;3770;3758;3763;3766;3762;3765;0;0;0;36
$1;1;6350000;2;0;1491;48251;34122;26193;399;0;3766;3762;3762;3770;3758;3763;3766;3762;3765;0;0;0;44
$1;1;6351000;2;0;1460;48267;34113;26198;399;0;3765;3762;3762;3769;3758;3763;3766;3761;3764;0;0;0;38
$1;1;6352000;2;0;1496;48248;34124;26202;399;0;3766;3762;3762;3770;3758;3764;3767;3762;3765;0;0;0;42
$1;1;6353000;2;0;1483;48255;34121;26206;399;0;3766;3762;3762;3769;3758;3764;3767;3762;3765;0;0;0;42
$1;1;6354000;2;0;1501;48243;34127;26210;400;0;3766;3763;3762;3770;3758;3764;3767;3762;3765;0;0;0;46
$1;1;6355000;2;0;1433;48278;34104;26214;401;0;3765;3762;3762;3769;3757;3763;3766;3761;3764;0;0;0;34
$1;1;6356000;2;0;1461;48264;34115;26218;402;0;3765;3762;3762;3769;3758;3763;3766;3761;3764;0;0;0;43
$1;1;6357000;2;0;1471;48259;34118;26223;402;0;3766;3762;3762;3769;3758;3763;3766;3762;3765;0;0;0;33
$1;1;6358000;2;0;1449;48271;34112;26227;403;0;3765;3762;3762;3769;3757;3763;3766;3761;3764;0;0;0;46
$1;1;6359000;2;0;1496;48246;34127;26231;403;0;3766;3763;3762;3770;3758;3764;3767;3762;3765;0;0;0;41
$1;1;6360000;2;0;1479;48256;34122;26235;404;0;3766;3762;3762;3770;3758;3764;3767;3762;3765;0;0;0;36
$1;1;6361000;2;0;1498;48245;34129;26240;404;0;3766;3763;3763;3770;3758;3764;3767;3762;3765;0;0;0;33
$1;1;6362000;2;0;1440;48277;34111;26244;405;0;3766;3762;3762;3769;3758;3764;3766;3762;3764;0;0;0;32
$1;1;6363000;2;0;1493;48248;34128;26248;405;0;3766;3763;3763;3770;3758;3764;3767;3762;3765;0;0;0;45
$1;1;6364000;2;0;1498;48244;34130;26252;405;0;3767;3763;3763;3770;3759;3764;3767;3762;3766;0;0;0;44
$1;1;6365000;2;0;1437;48279;34112;26256;405;0;3766;3762;3762;3769;3758;3764;3766;3762;3765;0;0;0;40
$1;1;6366000;2;0;1423;48287;34107;26260;405;0;3765;3762;3762;3769;3758;3763;3766;3761;3765;0;0;0;41
$1;1;6367000;2;0;1451;48272;34116;26264;406;0;3766;3762;3762;3769;3758;3764;3766;3762;3765;0;0;0;39
$1;1;6368000;2;0;1487;48252;34128;26268;406;0;3766;3763;3763;3770;3758;3764;3767;3762;3765;0;0;0;41
$1;1;6369000;2;0;1486;48252;34128;26271;406;0;3766;3763;3763;3770;3759;3764;3767;3762;3765;0;0;0;32
$1;1;6370000;2;0;1467;48261;34121;26275;407;0;3766;3763;3762;3770;3758;3764;3767;3762;3765;0;0;0;43
$1;1;6371000;2;0;1464;48263;34122;26279;408;0;3766;3763;3763;3770;3758;3764;3767;3762;3765;0;0;0;42
$1;1;6372000;2;0;1496;48245;34132;26284;408;0;3767;3763;3763;3771;3759;3765;3768;3763;3766;0;0;0;46
$1;1;6373000;2;0;1486;48252;34129;26287;408;0;3767;3763;3763;3770;3759;3764;3767;3763;3766;0;0;0;46
$1;1;6374000;2;0;1502;48241;34134;26291;409;0;3767;3763;3763;3771;3759;3765;3768;3763;3766;0;0;0;35
$1;1;6375000;2;0;1462;48263;34123;26295;409;0;3766;3763;3763;3770;3759;3764;3767;3762;3765;0;0;0;43
$1;128;6375000;306;123;16;13;12;15;11;13;15;13;15;0;0;0;21
$1;1;6376000;2;0;1434;48279;34115;26299;409;0;3766;3763;3763;3770;3758;3764;3767;3762;3765;0;0;0;40
$1;1;6377000;2;0;1465;48262;34124;26303;409;0;3766;3763;3763;3770;3759;3764;3767;3762;3765;0;0;0;38
$1;1;6378000;2;0;1497;48245;34135;26308;409;0;3767;3763;3763;3771;3759;3765;3768;3763;3766;0;0;0;38
$1;1;6379000;2;0;1500;48244;34136;26312;409;0;3767;3763;3763;3771;3759;3765;3768;3763;3766;0;0;0;33
$1;1;6380000;2;0;1410;48293;34109;26315;409;0;3766;3763;3762;3769;3758;3764;3767;3762;3765;0;0;0;34
$1;1;6381000;2;0;1429;48283;34115;26319;409;0;3766;3763;3763;3770;3758;3764;3767;3762;3765;0;0;0;32
$1;1;6382000;2;0;1476;48259;34129;26323;409;0;3767;3763;3763;3770;3759;3765;3768;3763;3766;0;0;0;36
$1;1;6383000;2;0;1460;48267;34126;26328;409;0;3767;3764;3763;3770;3759;3765;3768;3763;3766;0;0;0;44
$1;1;6384000;2;0;1496;48247;34137;26332;409;0;3768;3764;3764;3771;3759;3765;3768;3763;3766;0;0;0;34
$1;1;6385000;2;0;1448;48273;34123;26336;408;0;3767;3763;3763;3771;3759;3765;3768;3763;3766;0;0;0;40
$1;1;6386000;2;0;1420;48288;34114;26340;408;0;3766;3763;3763;3770;3759;3764;3767;3762;3765;0;0;0;40
$1;1;6387000;2;0;1425;48283;34116;26344;409;0;3766;3763;3763;3770;3759;3764;3767;3762;3765;0;0;0;32
$1;1;6388000;2;0;1462;48264;34128;26348;410;0;3767;3763;3763;3771;3759;3765;3768;3763;3766;0;0;0;32
$1;1;6389000;2;0;1496;48244;34139;26352;410;0;3768;3764;3764;3772;3760;3765;3768;3763;3767;0;0;0;36
$1;1;6390000;2;0;1437;48278;34121;26356;410;0;3767;3763;3763;3771;3759;3765;3768;3763;3766;0;0;0;34
$1;1;6391000;2;0;1430;48282;34119;26360;410;0;3767;3763;3763;3770;3759;3764;3767;3763;3766;0;0;0;32
$1;1;6392000;2;0;1482;48253;34136;26364;410;0;3767;3764;3764;3771;3760;3765;3768;3763;3766;0;0;0;42
$1;1;6393000;2;0;1460;48265;34129;26367;410;0;3767;3764;3763;3771;3759;3765;3768;3763;3766;0;0;0;34
$1;1;6394000;2;0;1430;48283;34120;26372;409;0;3767;3763;3763;3770;3759;3765;3767;3763;3766;0;0;0;36
$1;1;6395000;2;0;1492;48249;34140;26376;409;0;3768;3764;3764;3771;3760;3765;3768;3763;3767;0;0;0;35
$1;1;6396000;2;0;1489;48250;34140;26380;409;0;3768;3764;3764;3772;3760;3766;3768;3764;3767;0;0;0;44
$1;1;6397000;2;0;1491;48250;34140;26384;409;0;3768;3764;3764;3771;3760;3766;3769;3764;3767;0;0;0;34
$1;1;6398000;2;0;1457;48266;34131;26388;409;0;3768;3764;3764;3772;3760;3765;3768;3763;3767;0;0;0;46
$1;1;6399000;2;0;1443;48277;34127;26392;409;0;3767;3764;3764;3771;3759;3765;3768;3763;3766;0;0;0;33
$1;1;6400000;2;0;1494;48248;34142;26397;409;0;3768;3764;3764;3772;3760;3766;3769;3764;3767;0;0;0;36
$1;1;6401000;2;0;1469;48262;34136;26401;408;0;3768;3764;3764;3772;3760;3766;3768;3764;3767;0;0;0;36
$1;1;6402000;2;0;1496;48246;34144;26405;408;0;3768;3765;3764;3772;3760;3766;3769;3764;3767;0;0;0;32
$1;1;6403000;2;0;1472;48257;34138;26409;409;0;3768;3764;3764;3771;3760;3766;3768;3764;3767;0;0;0;46
$1;1;6404000;2;0;1478;48254;34140;26413;409;0;3768;3764;3764;3772;3760;3766;3769;3764;3767;0;0;0;38
$1;1;6405000;2;0;1497;48244;34145;26418;409;0;3768;3765;3765;3772;3760;3766;3769;3764;3767;0;0;0;41
$1;1;6406000;2;0;1498;48243;34147;26422;409;0;3769;3765;3764;3772;3760;3766;3769;3764;3767;0;0;0;41
$1;1;6407000;2;0;1471;48259;34139;26426;409;0;3768;3765;3764;3771;3760;3766;3769;3764;3767;0;0;0;43
$1;1;6408000;2;0;1473;48258;34140;26430;409;0;3768;3765;3764;3772;3760;3766;3769;3764;3767;0;0;0;45
$1;1;6409000;2;0;1449;48270;34133;26434;409;0;3768;3764;3764;3772;3760;3766;3768;3764;3767;0;0;0;47
$1;1;6410000;2;0;1494;48245;34147;26439;408;0;3769;3765;3765;3773;3760;3766;3769;3764;3767;0;0;0;47
$1;1;6411000;2;0;1438;48276;34130;26442;408;0;3768;3764;3764;3771;3760;3766;3768;3764;3767;0;0;0;38
$1;1;6412000;2;0;1460;48265;34138;26446;408;0;3768;3765;3764;3772;3760;3766;3768;3764;3767;0;0;0;36
$1;1;6413000;2;0;1410;48291;34123;26451;408;0;3768;3764;3764;3771;3760;3765;3768;3764;3767;0;0;0;36
$1;1;6414000;2;0;1452;48271;34136;26454;408;0;3768;3764;3764;3772;3760;3765;3768;3764;3767;0;0;0;41
$1;1;6415000;2;0;1467;48262;34141;26458;407;0;3768;3765;3765;3772;3761;3766;3769;3764;3767;0;0;0;44
$1;1;6416000;2;0;1495;48246;34150;26462;407;0;3769;3765;3765;3772;3761;3767;3769;3765;3768;0;0;0;35
$1;1;6417000;2;0;1447;48272;34135;26466;407;0;3768;3765;3765;3772;3760;3766;3769;3764;3767;0;0;0;34
$1;1;6418000;2;0;1473;48256;34143;26470;407;0;3769;3765;3765;3772;3761;3766;3769;3764;3767;0;0;0;42
$1;1;6419000;2;0;1463;48261;34141;26474;408;0;3769;3765;3765;3772;3761;3766;3769;3764;3767;0;0;0;39
$1;1;6420000;2;0;1498;48244;34152;26479;408;0;3769;3765;3765;3772;3761;3767;3770;3765;3768;0;0;0;38
$1;1;6421000;2;0;1436;48276;34134;26483;408;0;3768;3765;3765;3772;3760;3766;3768;3764;3767;0;0;0;33
$1;1;6422000;2;0;1462;48264;34141;26487;407;0;3769;3765;3765;3772;3761;3766;3769;3764;3768;0;0;0;39
$1;1;6423000;2;0;1425;48282;34131;26491;407;0;3768;3765;3765;3772;3761;3766;3769;3764;3767;0;0;0;35
$1;1;6424000;2;0;1447;48271;34139;26495;407;0;3769;3765;3765;3772;3761;3766;3769;3764;3768;0;0;0;46
$1;1;6425000;2;0;1491;48247;34152;26499;407;0;3769;3766;3765;3772;3761;3767;3770;3765;3768;0;0;0;43
$1;1;6426000;2;0;1500;48244;34156;26504;407;0;3769;3766;3766;3773;3762;3767;3770;3765;3769;0;0;0;35
$1;1;6427000;2;0;1471;48258;34148;26508;407;0;3769;3765;3766;3772;3761;3767;3770;3765;3768;0;0;0;43
$1;1;6428000;2;0;1427;48281;34135;26512;406;0;3769;3765;3765;3772;3761;3766;3769;3765;3768;0;0;0;41
$1;1;6429000;2;0;1464;48261;34145;26516;406;0;3769;3766;3765;3773;3761;3766;3769;3765;3768;0;0;0;32
$1;1;6430000;2;0;1488;48250;34152;26520;406;0;3769;3766;3766;3773;3761;3767;3770;3765;3768;0;0;0;33
$1;1;6431000;2;0;1498;48245;34157;26524;406;0;3770;3766;3766;3773;3762;3767;3770;3765;3769;0;0;0;46
$1;1;6432000;2;0;1447;48273;34142;26528;405;0;3769;3766;3765;3772;3761;3767;3770;3765;3768;0;0;0;41
$1;1;6433000;2;0;1475;48258;34152;26533;405;0;3769;3766;3766;3773;3762;3767;3770;3765;3768;0;0;0;42
$1;1;6434000;2;0;1498;48244;34159;26537;406;0;3770;3766;3766;3773;3762;3768;3770;3766;3769;0;0;0;42
$1;1;6435000;2;0;1501;48242;34160;26541;406;0;3770;3766;3766;3773;3762;3768;3770;3766;3769;0;0;0;39
$1;128;6435000;305;123;15;13;12;15;11;13;15;14;15;0;0;0;17
$1;1;6436000;2;0;1500;48241;34161;26545;406;0;3770;3766;3766;3773;3762;3768;3770;3766;3769;0;0;0;35
$1;1;6437000;2;0;1499;48241;34161;26549;406;0;3770;3766;3766;3773;3762;3768;3770;3766;3769;0;0;0;47
$1;1;6438000;2;0;1499;48242;34161;26553;406;0;3770;3766;3766;3773;3762;3768;3771;3766;3769;0;0;0;41
$1;1;6439000;2;0;1499;48243;34162;26557;405;0;3770;3766;3766;3773;3762;3768;3771;3766;3769;0;0;0;45
$1;1;6440000;2;0;1502;48241;34163;26562;405;0;3770;3766;3766;3773;3762;3768;3771;3766;3770;0;0;0;45
$1;1;6441000;2;0;1500;48240;34163;26566;405;0;3770;3767;3766;3773;3762;3768;3771;3766;3769;0;0;0;34
$1;1;6442000;2;0;1500;48242;34164;26570;405;0;3770;3767;3766;3773;3762;3768;3771;3766;3769;0;0;0;35
$1;1;6443000;2;0;1502;48240;34165;26574;405;0;3770;3767;3767;3773;3763;3768;3771;3766;3769;0;0;0;39
$1;1;6444000;2;0;1501;48241;34165;26578;405;0;3770;3767;3767;3773;3762;3768;3771;3766;3769;0;0;0;47
$1;1;6445000;2;0;1500;48242;34165;26582;404;0;3770;3767;3767;3773;3762;3768;3771;3766;3770;0;0;0;32
$1;1;6446000;2;0;1501;48241;34166;26587;404;0;3771;3767;3767;3773;3763;3768;3771;3766;3769;0;0;0;47
$1;1;6447000;2;0;1499;48243;34166;26591;404;0;3771;3767;3767;3773;3763;3768;3771;3766;3770;0;0;0;35
$1;1;6448000;2;0;1498;48244;34166;26595;404;0;3771;3767;3767;3773;3763;3768;3771;3767;3770;0;0;0;47
$1;1;6449000;2;0;1498;48244;34167;26599;404;0;3771;3767;3767;3774;3763;3768;3771;3767;3770;0;0;0;36
$1;1;6450000;2;0;1500;48243;34168;26603;404;0;3771;3767;3767;3774;3763;3768;3771;3767;3770;0;0;0;36
$1;1;6451000;2;0;1500;48240;34168;26607;404;0;3771;3767;3767;3774;3763;3768;3771;3767;3770;0;0;0;34
$1;1;6452000;2;0;1500;48239;34169;26612;404;0;3771;3767;3767;3774;3763;3768;3771;3767;3770;0;0;0;42
$1;1;6453000;2;0;1499;48239;34170;26616;404;0;3771;3767;3767;3774;3763;3769;3771;3767;3770;0;0;0;39
$1;1;6454000;2;0;1500;48239;34171;26620;404;0;3771;3767;3767;3774;3763;3769;3772;3767;3770;0;0;0;38
$1;1;6455000;2;0;1499;48241;34170;26624;404;0;3771;3767;3767;3774;3763;3769;3771;3767;3770;0;0;0;47
$1;1;6456000;2;0;1499;48241;34171;26628;404;0;3771;3767;3767;3774;3763;3769;3771;3767;3770;0;0;0;33
$1;1;6457000;2;0;1500;48240;34171;26632;404;0;3771;3768;3767;3774;3763;3769;3772;3767;3770;0;0;0;39
$1;1;6458000;2;0;1499;48240;34172;26637;404;0;3771;3767;3768;3774;3763;3769;3772;3767;3770;0;0;0;47
$1;1;6459000;2;0;1499;48241;34172;26641;404;0;3771;3767;3767;3774;3763;3769;3772;3767;3770;0;0;0;33
$1;1;6460000;2;0;1501;48239;34173;26645;404;0;3771;3768;3768;3774;3763;3769;3772;3767;3770;0;0;0;33
$1;1;6461000;2;0;1498;48241;34173;26649;403;0;3771;3768;3768;3774;3763;3769;3772;3767;3770;0;0;0;37
$1;1;6462000;2;0;1499;48241;34174;26653;403;0;3771;3768;3768;3774;3763;3769;3772;3767;3771;0;0;0;42
$1;1;6463000;2;0;1498;48241;34175;26657;403;0;3772;3768;3768;3774;3764;3769;3772;3768;3770;0;0;0;37
$1;1;6464000;2;0;1498;48242;34175;26661;403;0;3772;3768;3768;3774;3763;3769;3772;3768;3770;0;0;0;35
$1;1;6465000;2;0;1500;48241;34176;26666;403;0;3772;3768;3768;3774;3764;3769;3772;3768;3771;0;0;0;35
$1;1;6466000;2;0;1500;48241;34176;26670;403;0;3772;3768;3768;3774;3764;3769;3772;3768;3771;0;0;0;39
$1;1;6467000;2;0;1501;48238;34176;26674;403;0;3772;3768;3768;3775;3764;3769;3772;3767;3771;0;0;0;35
$1;1;6468000;2;0;1500;48238;34177;26678;404;0;3772;3768;3768;3775;3764;3769;3772;3768;3771;0;0;0;40
$1;1;6469000;2;0;1500;48238;34177;26682;404;0;3772;3768;3768;3775;3764;3769;3772;3768;3771;0;0;0;44
$1;1;6470000;2;0;1500;48237;34178;26686;404;0;3772;3768;3768;3775;3764;3769;3772;3768;3771;0;0;0;32
$1;1;6471000;2;0;1500;48237;34178;26691;403;0;3772;3768;3768;3775;3764;3769;3772;3768;3771;0;0;0;32
$1;1;6472000;2;0;1499;48239;34178;26695;403;0;3772;3768;3768;3775;3764;3770;3772;3768;3771;0;0;0;32
$1;1;6473000;2;0;1499;48238;34178;26699;403;0;3772;3768;3768;3775;3764;3769;3773;3768;3771;0;0;0;37
$1;1;6474000;2;0;1500;48239;34179;26703;403;0;3772;3768;3768;3775;3764;3769;3773;3768;3771;0;0;0;33
$1;1;6475000;2;0;1500;48238;34179;26707;403;0;3772;3768;3768;3775;3764;3770;3773;3768;3771;0;0;0;45
$1;1;6476000;2;0;1499;48239;34180;26711;403;0;3772;3769;3769;3775;3764;3770;3773;3768;3771;0;0;0;47
$1;1;6477000;2;0;1499;48240;34181;26716;403;0;3772;3768;3769;3775;3764;3770;3773;3768;3771;0;0;0;39
$1;1;6478000;2;0;1500;48238;34182;26720;403;0;3772;3768;3769;3775;3764;3770;3773;3768;3771;0;0;0;32
$1;1;6479000;2;0;1490;48244;34178;26724;402;0;3772;3769;3769;3775;3764;3770;3772;3768;3771;0;0;0;34
$1;1;6480000;2;0;1492;48244;34180;26728;402;0;3772;3768;3769;3775;3764;3770;3773;3768;3771;0;0;0;45
$1;1;6481000;2;0;1500;48240;34182;26732;402;0;3772;3769;3769;3775;3764;3770;3773;3768;3771;0;0;0;42
$1;1;6482000;2;0;1500;48239;34183;26736;402;0;3772;3769;3769;3775;3765;3770;3773;3768;3771;0;0;0;35
$1;1;6483000;2;0;1500;48240;34184;26740;402;0;3773;3769;3769;3775;3765;3770;3773;3769;3771;0;0;0;42
$1;1;6484000;2;0;1450;48263;34169;26745;402;0;3772;3768;3768;3775;3764;3770;3772;3768;3771;0;0;0;46
$1;1;6485000;2;0;1492;48242;34182;26749;403;0;3772;3769;3769;3775;3764;3770;3773;3768;3771;0;0;0;43
$1;1;6486000;2;0;1500;48237;34186;26753;403;0;3773;3769;3769;3776;3765;3770;3773;3769;3771;0;0;0;45
$1;1;6487000;2;0;1499;48236;34185;26757;403;0;3773;3769;3769;3776;3765;3770;3773;3769;3771;0;0;0;43
$1;1;6488000;2;0;1499;48237;34186;26761;403;0;3773;3769;3769;3776;3765;3770;3773;3769;3772;0;0;0;32
$1;1;6489000;2;0;1500;48237;34186;26765;403;0;3773;3769;3769;3776;3765;3770;3773;3769;3772;0;0;0;36
$1;1;6490000;2;0;1487;48244;34182;26769;403;0;3772;3769;3769;3775;3765;3770;3773;3769;3772;0;0;0;44
$1;1;6491000;2;0;1499;48238;34186;26773;403;0;3773;3769;3769;3776;3765;3770;3773;3769;3772;0;0;0;36
$1;1;6492000;2;0;1498;48239;34186;26777;402;0;3773;3769;3769;3776;3765;3770;3773;3769;3772;0;0;0;34
$1;1;6493000;2;0;1498;48237;34187;26781;402;0;3773;3769;3769;3776;3765;3770;3773;3769;3772;0;0;0;37
$1;1;6494000;2;0;1501;48237;34188;26785;402;0;3773;3769;3769;3776;3765;3771;3773;3769;3772;0;0;0;41
$1;1;6495000;2;0;1467;48255;34177;26790;402;0;3772;3769;3769;3775;3765;3770;3773;3768;3771;0;0;0;40
$1;128;6495000;305;121;15;13;12;14;11;12;15;14;15;0;0;0;25
$1;1;6496000;2;0;1496;48241;34187;26794;402;0;3773;3769;3769;3776;3765;3770;3773;3769;3772;0;0;0;43
$1;1;6497000;2;0;1499;48239;34189;26798;402;0;3773;3770;3769;3776;3765;3771;3773;3769;3772;0;0;0;33
$1;1;6498000;2;0;1449;48267;34174;26802;401;0;3772;3769;3769;3775;3764;3770;3773;3768;3772;0;0;0;46
$1;1;6499000;2;0;1455;48264;34176;26806;401;0;3773;3769;3769;3776;3765;3770;3773;3768;3772;0;0;0;36
$1;1;6500000;2;0;1495;48242;34188;26811;401;0;3773;3769;3770;3776;3765;3771;3773;3769;3772;0;0;0;34
$1;1;6501000;2;0;1451;48263;34176;26815;402;0;3773;3769;3769;3776;3765;3770;3773;3769;3772;0;0;0;39
$1;1;6502000;2;0;1497;48238;34189;26819;402;0;3773;3770;3769;3776;3765;3771;3774;3769;3772;0;0;0;34
$1;1;6503000;2;0;1500;48235;34191;26823;402;0;3773;3770;3770;3776;3766;3771;3774;3769;3772;0;0;0;42
$1;1;6504000;2;0;1486;48244;34188;26826;402;0;3773;3770;3770;3776;3765;3771;3773;3769;3772;0;0;0;45
$1;1;6505000;2;0;1479;48249;34186;26831;402;0;3773;3769;3770;3776;3765;3771;3774;3769;3772;0;0;0;38
$1;1;6506000;2;0;1469;48252;34182;26835;402;0;3773;3769;3770;3776;3765;3771;3773;3769;3772;0;0;0;41
$1;1;6507000;2;0;1494;48240;34191;26839;402;0;3773;3770;3770;3777;3766;3771;3774;3769;3772;0;0;0;42
$1;1;6508000;2;0;1499;48236;34193;26843;402;0;3774;3770;3770;3777;3766;3771;3774;3769;3772;0;0;0;33
$1;1;6509000;2;0;1499;48238;34194;26847;402;0;3774;3770;3770;3777;3766;3771;3774;3770;3773;0;0;0;36
$1;1;6510000;2;0;1485;48247;34190;26852;401;0;3774;3770;3770;3777;3766;3771;3774;3769;3772;0;0;0;35
$1;1;6511000;2;0;1489;48244;34192;26856;401;0;3774;3770;3770;3777;3766;3771;3774;3769;3773;0;0;0;42
$1;1;6512000;2;0;1490;48243;34192;26860;401;0;3774;3770;3770;3777;3766;3771;3774;3770;3772;0;0;0;42
$1;1;6513000;2;0;1462;48259;34184;26864;401;0;3773;3770;3770;3777;3765;3771;3774;3769;3772;0;0;0;34
$1;1;6514000;2;0;1497;48240;34196;26868;401;0;3774;3770;3770;3777;3766;3772;3774;3770;3773;0;0;0;38
$1;1;6515000;2;0;1499;48239;34197;26872;400;0;3774;3770;3770;3777;3766;3772;3775;3770;3773;0;0;0;45
$1;1;6516000;2;0;1445;48269;34180;26877;400;0;3773;3770;3770;3776;3766;3771;3774;3769;3772;0;0;0;36
$1;1;6517000;2;0;1477;48251;34190;26881;400;0;3774;3770;3770;3777;3766;3771;3774;3769;3772;0;0;0;33
$1;1;6518000;2;0;1498;48238;34197;26885;401;0;3774;3770;3770;3778;3766;3772;3774;3770;3773;0;0;0;39
$1;1;6519000;2;0;1479;48248;34192;26889;401;0;3774;3770;3770;3778;3766;3771;3774;3770;3772;0;0;0;37
$1;1;6520000;2;0;1489;48243;34195;26893;401;0;3774;3770;3770;3777;3766;3772;3774;3770;3773;0;0;0;42
$1;1;6521000;2;0;1454;48260;34185;26897;401;0;3774;3770;3770;3777;3766;3771;3774;3770;3772;0;0;0;45
$1;1;6522000;2;0;1447;48266;34184;26901;401;0;3773;3770;3770;3777;3766;3771;3774;3769;3772;0;0;0;42
$1;1;6523000;2;0;1497;48238;34199;26906;401;0;3774;3770;3770;3778;3766;3772;3775;3770;3773;0;0;0;37
$1;1;6524000;2;0;1436;48271;34180;26909;401;0;3773;3770;3770;3777;3766;3771;3774;3769;3773;0;0;0;33
$1;1;6525000;2;0;1413;48283;34175;26913;401;0;3773;3770;3770;3777;3766;3771;3774;3769;3772;0;0;0;42
$1;1;6526000;2;0;1490;48244;34198;26918;401;0;3774;3770;3770;3778;3767;3772;3775;3770;3773;0;0;0;35
$1;1;6527000;2;0;1498;48238;34200;26922;401;0;3774;3771;3770;3778;3767;3772;3775;3770;3773;0;0;0;43
$1;1;6528000;2;0;1487;48245;34198;26925;400;0;3774;3771;3771;3778;3766;3772;3774;3770;3773;0;0;0;37
$1;1;6529000;2;0;1456;48262;34188;26929;400;0;3774;3770;3770;3777;3766;3771;3774;3770;3773;0;0;0;44
$1;1;6530000;2;0;1467;48255;34192;26933;400;0;3774;3771;3770;3777;3766;3772;3774;3770;3773;0;0;0;32
$1;1;6531000;2;0;1449;48267;34187;26938;400;0;3774;3770;3770;3777;3766;3772;3774;3770;3773;0;0;0;34
$1;1;6532000;2;0;1498;48239;34202;26942;400;0;3775;3771;3771;3778;3767;3772;3775;3770;3774;0;0;0;44
$1;1;6533000;2;0;1501;48237;34204;26946;400;0;3775;3771;3771;3778;3767;3772;3775;3771;3774;0;0;0;33
$1;1;6534000;2;0;1449;48266;34188;26950;400;0;3774;3771;3771;3778;3766;3772;3774;3770;3773;0;0;0;40
$1;1;6535000;2;0;1470;48251;34194;26954;400;0;3774;3771;3771;3778;3767;3772;3775;3770;3773;0;0;0;46
$1;1;6536000;2;0;1437;48270;34186;26958;400;0;3774;3770;3770;3777;3766;3772;3774;3770;3773;0;0;0;45
$1;1;6537000;2;0;1398;48291;34174;26962;400;0;3773;3770;3770;3777;3766;3771;3774;3770;3772;0;0;0;32
$1;1;6538000;2;0;1417;48282;34180;26966;400;0;3774;3770;3770;3777;3766;3771;3774;3770;3772;0;0;0;37
$1;1;6539000;2;0;1443;48267;34188;26970;400;0;3774;3771;3771;3778;3766;3772;3774;3770;3773;0;0;0;44
$1;1;6540000;2;0;1435;48274;34187;26974;400;0;3774;3771;3771;3777;3766;3772;3774;3770;3773;0;0;0;37
$1;1;6541000;2;0;1466;48255;34196;26978;400;0;3775;3771;3771;3778;3767;3772;3775;3770;3773;0;0;0;35
$1;1;6542000;2;0;1497;48238;34206;26982;400;0;3775;3772;3771;3778;3767;3772;3775;3771;3774;0;0;0;47
$1;1;6543000;2;0;1447;48267;34191;26987;400;0;3774;3771;3771;3778;3766;3772;3775;3770;3773;0;0;0;36
$1;1;6544000;2;0;1441;48269;34189;26991;400;0;3774;3771;3771;3778;3767;3772;3774;3770;3773;0;0;0;37
$1;1;6545000;2;0;1431;48275;34187;26995;400;0;3774;3771;3771;3778;3766;3772;3774;3770;3773;0;0;0;37
$1;1;6546000;2;0;1471;48253;34200;26999;400;0;3775;3771;3771;3778;3767;3772;3775;3771;3773;0;0;0;38
$1;1;6547000;2;0;1496;48241;34208;27003;400;0;3775;3771;3771;3779;3767;3773;3775;3771;3774;0;0;0;41
$1;1;6548000;2;0;1502;48236;34210;27007;400;0;3775;3772;3772;3778;3768;3773;3776;3771;3775;0;0;0;43
$1;1;6549000;2;0;1433;48274;34190;27012;399;0;3775;3771;3771;3778;3767;3772;3775;3770;3773;0;0;0;45
$1;1;6550000;2;0;1492;48244;34208;27016;399;0;3775;3772;3772;3779;3767;3773;3776;3771;3774;0;0;0;46
$1;1;6551000;2;0;1482;48246;34205;27020;400;0;3775;3772;3771;3779;3767;3773;3775;3771;3774;0;0;0;35
$1;1;6552000;2;0;1446;48265;34195;27024;400;0;3775;3771;3771;3778;3767;3772;3775;3771;3773;0;0;0;35
$1;1;6553000;2;0;1463;48255;34200;27028;400;0;3775;3771;3771;3779;3767;3772;3775;3771;3774;0;0;0;35
$1;1;6554000;2;0;1432;48274;34191;27032;400;0;3775;3771;3771;3778;3767;3772;3775;3770;3773;0;0;0;36
$1;1;6555000;2;0;1448;48265;34196;27036;400;0;3775;3771;3771;3778;3767;3773;3775;3771;3774;0;0;0;44
$1;128;6555000;306;122;15;13;12;15;11;13;15;13;15;0;0;0;19
$1;1;6556000;2;0;1484;48245;34208;27040;400;0;3775;3772;3772;3779;3768;3773;3776;3771;3774;0;0;0;37
$1;1;6557000;2;0;1454;48262;34200;27044;400;0;3775;3772;3771;3779;3767;3773;3775;3771;3774;0;0;0;47
$1;1;6558000;2;0;1487;48244;34210;27048;400;0;3776;3772;3772;3779;3768;3773;3776;3771;3775;0;0;0;42
$1;1;6559000;2;0;1470;48253;34205;27053;400;0;3775;3772;3772;3779;3768;3773;3776;3771;3774;0;0;0;41
$1;1;6560000;2;0;1434;48273;34193;27057;399;0;3775;3771;3771;3779;3768;3772;3775;3771;3774;0;0;0;44
$1;1;6561000;2;0;1480;48248;34208;27060;399;0;3775;3772;3772;3779;3768;3773;3776;3771;3774;0;0;0;45
$1;1;6562000;2;0;1462;48259;34203;27064;399;0;3775;3772;3772;3779;3768;3773;3776;3771;3774;0;0;0;45
$1;1;6563000;2;0;1442;48269;34199;27068;399;0;3775;3772;3772;3779;3768;3773;3776;3771;3774;0;0;0;33
$1;1;6564000;2;0;1465;48256;34207;27072;399;0;3776;3772;3772;3779;3768;3773;3776;3772;3774;0;0;0;32
$1;1;6565000;2;0;1455;48261;34203;27076;399;0;3776;3772;3772;3779;3768;3773;3776;3772;3774;0;0;0;38
$1;1;6566000;2;0;1495;48241;34216;27080;399;0;3776;3772;3772;3780;3768;3774;3776;3772;3775;0;0;0;38
$1;1;6567000;2;0;1501;48236;34218;27085;399;0;3776;3773;3773;3780;3768;3774;3777;3772;3775;0;0;0;33
$1;1;6568000;2;0;1499;48238;34218;27089;398;0;3776;3772;3773;3780;3769;3774;3776;3772;3775;0;0;0;44
$1;1;6569000;2;0;1498;48235;34219;27093;399;0;3776;3773;3773;3780;3769;3774;3777;3772;3775;0;0;0;42
$1;1;6570000;2;0;1494;48237;34217;27097;399;0;3776;3772;3773;3780;3769;3774;3776;3772;3775;0;0;0;38
$1;1;6571000;2;0;1470;48250;34211;27101;399;0;3776;3772;3772;3780;3768;3774;3776;3772;3775;0;0;0;36
$1;1;6572000;2;0;1487;48242;34216;27105;399;0;3776;3773;3772;3780;3769;3774;3777;3772;3775;0;0;0;46
$1;1;6573000;2;0;1498;48235;34220;27109;399;0;3777;3773;3773;3780;3769;3774;3777;3772;3775;0;0;0;40
$1;1;6574000;2;0;1500;48232;34221;27113;399;0;3777;3773;3773;3780;3769;3774;3777;3772;3775;0;0;0;34
$1;1;6575000;2;0;1499;48235;34223;27117;399;0;3777;3773;3773;3780;3769;3774;3777;3772;3776;0;0;0;32
$1;1;6576000;2;0;1501;48234;34223;27122;399;0;3777;3773;3773;3780;3769;3774;3777;3773;3776;0;0;0;37
$1;1;6577000;2;0;1469;48250;34213;27126;399;0;3776;3773;3773;3780;3769;3774;3776;3772;3775;0;0;0;44
$1;1;6578000;2;0;1466;48253;34213;27130;399;0;3776;3773;3773;3780;3769;3774;3777;3772;3776;0;0;0;42
$1;1;6579000;2;0;1445;48265;34207;27134;399;0;3776;3773;3773;3780;3769;3774;3776;3772;3775;0;0;0;44
$1;1;6580000;2;0;1476;48250;34217;27138;399;0;3777;3773;3773;3780;3769;3774;3777;3772;3776;0;0;0;34
$1;1;6581000;2;0;1497;48238;34224;27142;399;0;3777;3773;3773;3780;3769;3774;3777;3773;3776;0;0;0;46
$1;1;6582000;2;0;1459;48258;34212;27147;398;0;3777;3773;3773;3780;3769;3774;3777;3772;3776;0;0;0;41
$1;1;6583000;2;0;1483;48243;34220;27150;398;0;3777;3773;3773;3781;3769;3774;3777;3773;3776;0;0;0;34
$1;1;6584000;2;0;1479;48247;34221;27154;398;0;3777;3773;3773;3780;3769;3775;3777;3773;3776;0;0;0;33
$1;1;6585000;2;0;1478;48248;34220;27158;398;0;3777;3773;3773;3780;3769;3775;3777;3773;3776;0;0;0;35
$1;1;6586000;2;0;1496;48237;34226;27162;399;0;3777;3773;3773;3781;3769;3775;3777;3773;3776;0;0;0;39
$1;1;6587000;2;0;1501;48232;34228;27166;399;0;3777;3773;3774;3781;3770;3775;3777;3773;3776;0;0;0;41
$1;1;6588000;2;0;1498;48235;34228;27171;399;0;3777;3774;3774;3780;3770;3775;3778;3773;3776;0;0;0;47
$1;1;6589000;2;0;1499;48232;34228;27175;399;0;3777;3774;3774;3781;3770;3775;3778;3773;3776;0;0;0;45
$1;1;6590000;2;0;1411;48281;34201;27179;399;0;3776;3773;3773;3780;3769;3774;3776;3772;3775;0;0;0;47
$1;1;6591000;2;0;1479;48245;34223;27183;399;0;3777;3773;3773;3780;3769;3775;3777;3773;3776;0;0;0;46
$1;1;6592000;2;0;1412;48282;34203;27187;398;0;3776;3773;3773;3780;3769;3774;3777;3773;3775;0;0;0;47
$1;1;6593000;2;0;1489;48240;34227;27191;399;0;3777;3774;3774;3780;3770;3775;3778;3773;3776;0;0;0;38
$1;1;6594000;2;0;1499;48234;34231;27195;399;0;3778;3774;3774;3781;3770;3775;3778;3774;3777;0;0;0;40
$1;1;6595000;2;0;1471;48249;34223;27200;398;0;3777;3774;3774;3780;3770;3775;3778;3773;3776;0;0;0;32
$1;1;6596000;2;0;1496;48235;34231;27204;398;0;3778;3774;3774;3781;3770;3775;3778;3774;3776;0;0;0;47
$1;1;6597000;2;0;1457;48257;34220;27208;398;0;3777;3774;3774;3780;3770;3775;3778;3773;3776;0;0;0;34
$1;1;6598000;2;0;1496;48236;34232;27212;398;0;3778;3774;3774;3781;3770;3776;3778;3774;3777;0;0;0;36
$1;1;6599000;2;0;1499;48234;34234;27216;398;0;3778;3774;3774;3781;3770;3776;3778;3774;3777;0;0;0;42
$1;1;6600000;2;0;1500;48233;34235;27220;398;0;3778;3774;3775;3781;3770;3776;3778;3774;3777;0;0;0;42
$1;1;6601000;2;0;1499;48235;34236;27225;398;0;3778;3774;3774;3781;3770;3776;3778;3774;3777;0;0;0;43
$1;1;6602000;2;0;1500;48234;34236;27229;398;0;3778;3774;3775;3781;3771;3776;3779;3774;3777;0;0;0;37
$1;1;6603000;2;0;1499;48233;34236;27233;398;0;3778;3775;3775;3781;3770;3776;3779;3774;3777;0;0;0;41
$1;1;6604000;2;0;1499;48231;34236;27237;398;0;3778;3774;3775;3781;3771;3776;3778;3774;3777;0;0;0;41
$1;1;6605000;2;0;1498;48231;34236;27241;398;0;3778;3774;3775;3781;3771;3776;3778;3774;3777;0;0;0;40
$1;1;6606000;2;0;1499;48231;34237;27245;398;0;3778;3775;3775;3781;3770;3776;3778;3774;3777;0;0;0;47
$1;1;6607000;2;0;1499;48231;34237;27250;398;0;3778;3775;3775;3781;3771;3776;3779;3774;3777;0;0;0;42
$1;1;6608000;2;0;1501;48230;34239;27254;398;0;3778;3775;3775;3781;3771;3776;3779;3774;3777;0;0;0;46
$1;1;6609000;2;0;1499;48231;34238;27258;398;0;3778;3775;3775;3782;3771;3776;3779;3774;3777;0;0;0;32
$1;1;6610000;2;0;1500;48230;34240;27262;398;0;3779;3775;3775;3782;3771;3776;3779;3775;3778;0;0;0;33
$1;1;6611000;2;0;1501;48229;34241;27266;398;0;3779;3775;3775;3782;3771;3776;3779;3775;3778;0;0;0;44
$1;1;6612000;2;0;1501;48229;34241;27270;398;0;3779;3775;3775;3782;3771;3776;3779;3775;3778;0;0;0;40
$1;1;6613000;2;0;1500;48229;34242;27275;398;0;3779;3775;3775;3782;3771;3777;3779;3775;3778;0;0;0;47
$1;1;6614000;2;0;1498;48231;34242;27279;398;0;3779;3775;3775;3782;3771;3777;3779;3775;3778;0;0;0;45
$1;1;6615000;2;0;1501;48230;34243;27283;398;0;3779;3775;3775;3782;3771;3776;3779;3775;3778;0;0;0;41
$1;128;6615000;305;119;15;13;12;14;11;12;15;13;14;0;0;0;30
$1;1;6616000;2;0;1498;48232;34243;27287;398;0;3779;3775;3775;3782;3771;3777;3779;3775;3778;0;0;0;44
$1;1;6617000;2;0;1499;48231;34243;27291;398;0;3779;3775;3775;3782;3771;3777;3779;3775;3778;0;0;0;40
$1;1;6618000;2;0;1500;48230;34244;27295;397;0;3779;3775;3775;3782;3771;3777;3779;3775;3778;0;0;0;43
$1;1;6619000;2;0;1501;48230;34245;27300;397;0;3779;3775;3775;3782;3771;3777;3780;3775;3778;0;0;0;33
$1;1;6620000;2;0;1500;48231;34245;27304;397;0;3779;3775;3775;3782;3771;3777;3779;3775;3778;0;0;0;41
$1;1;6621000;2;0;1499;48229;34245;27308;398;0;3779;3775;3776;3782;3771;3777;3779;3775;3778;0;0;0;32
$1;1;6622000;2;0;1501;48227;34247;27312;398;0;3779;3775;3776;3782;3772;3777;3780;3775;3778;0;0;0;33
$1;1;6623000;2;0;1499;48228;34247;27316;398;0;3779;3775;3775;3782;3772;3777;3780;3775;3778;0;0;0;40
$1;1;6624000;2;0;1501;48227;34247;27321;398;0;3779;3776;3776;3782;3772;3777;3780;3775;3778;0;0;0;36
$1;1;6625000;2;0;1500;48228;34248;27325;398;0;3779;3776;3776;3783;3772;3777;3780;3775;3778;0;0;0;33
$1;1;6626000;2;0;1501;48227;34248;27329;398;0;3779;3776;3776;3782;3772;3777;3780;3775;3779;0;0;0;32
$1;1;6627000;2;0;1498;48228;34248;27333;398;0;3779;3776;3776;3783;3772;3777;3780;3775;3779;0;0;0;37
$1;1;6628000;2;0;1499;48228;34248;27337;398;0;3779;3776;3776;3783;3772;3777;3780;3776;3779;0;0;0;44
$1;1;6629000;2;0;1498;48229;34249;27341;398;0;3780;3776;3776;3782;3772;3777;3780;3776;3779;0;0;0;42
$1;1;6630000;2;0;1500;48228;34250;27346;398;0;3780;3776;3776;3783;3772;3777;3780;3776;3779;0;0;0;45
$1;1;6631000;2;0;1501;48227;34251;27350;398;0;3780;3776;3776;3783;3772;3777;3780;3776;3779;0;0;0;36
$1;1;6632000;2;0;1499;48229;34250;27354;397;0;3780;3776;3776;3783;3772;3778;3780;3776;3779;0;0;0;44
$1;1;6633000;2;0;1500;48227;34251;27358;397;0;3780;3776;3776;3783;3772;3777;3780;3776;3779;0;0;0;32
$1;1;6634000;2;0;1499;48228;34252;27362;397;0;3780;3776;3776;3783;3772;3778;3780;3776;3779;0;0;0;44
$1;1;6635000;2;0;1499;48228;34252;27367;397;0;3780;3776;3776;3783;3772;3778;3780;3776;3779;0;0;0;40
$1;1;6636000;2;0;1498;48230;34252;27371;397;0;3780;3776;3776;3783;3772;3778;3780;3776;3779;0;0;0;36
$1;1;6637000;2;0;1499;48229;34253;27375;397;0;3780;3776;3777;3783;3772;3778;3781;3776;3779;0;0;0;41
$1;1;6638000;2;0;1500;48229;34254;27379;397;0;3780;3776;3777;3783;3772;3778;3780;3776;3779;0;0;0;45
$1;1;6639000;2;0;1498;48227;34254;27383;398;0;3780;3776;3776;3783;3773;3778;3781;3776;3779;0;0;0;41
$1;1;6640000;2;0;1499;48226;34255;27387;398;0;3780;3776;3777;3783;3772;3778;3781;3776;3779;0;0;0;34
$1;1;6641000;2;0;1499;48227;34255;27392;398;0;3780;3776;3777;3783;3773;3778;3781;3776;3779;0;0;0;39
$1;1;6642000;2;0;1499;48227;34255;27396;398;0;3780;3777;3777;3783;3772;3778;3781;3776;3779;0;0;0;32
$1;1;6643000;2;0;1500;48226;34256;27400;398;0;3780;3777;3777;3783;3773;3778;3781;3776;3779;0;0;0;43
$1;1;6644000;2;0;1498;48227;34256;27404;398;0;3780;3776;3777;3783;3773;3778;3780;3776;3779;0;0;0;41
$1;1;6645000;2;0;1500;48227;34257;27408;398;0;3780;3777;3777;3784;3773;3778;3781;3777;3780;0;0;0;37
$1;1;6646000;2;0;1500;48227;34258;27413;398;0;3781;3777;3777;3784;3773;3778;3781;3777;3780;0;0;0;34
$1;1;6647000;2;0;1500;48226;34258;27417;398;0;3781;3777;3777;3784;3773;3778;3781;3776;3780;0;0;0;39
$1;1;6648000;2;0;1500;48226;34259;27421;398;0;3781;3777;3777;3784;3773;3778;3781;3777;3780;0;0;0;45
$1;1;6649000;2;0;1501;48225;34260;27425;398;0;3781;3777;3777;3784;3773;3778;3781;3777;3779;0;0;0;38
$1;1;6650000;2;0;1499;48227;34260;27429;398;0;3781;3777;3777;3784;3773;3778;3781;3777;3780;0;0;0;38
$1;1;6651000;2;0;1500;48227;34260;27434;398;0;3781;3777;3777;3784;3773;3778;3781;3777;3780;0;0;0;42
$1;1;6652000;2;0;1500;48226;34260;27438;397;0;3781;3777;3777;3784;3773;3778;3781;3777;3780;0;0;0;43
$1;1;6653000;2;0;1501;48226;34261;27442;397;0;3781;3777;3777;3784;3773;3778;3781;3777;3780;0;0;0;39
$1;1;6654000;2;0;1499;48227;34261;27446;397;0;3781;3777;3777;3784;3773;3778;3781;3777;3780;0;0;0;37
$1;1;6655000;2;0;1501;48226;34261;27450;397;0;3781;3777;3777;3784;3773;3779;3781;3777;3780;0;0;0;35
$1;1;6656000;2;0;1502;48224;34261;27454;397;0;3781;3777;3777;3784;3773;3779;3781;3777;3780;0;0;0;37
$1;1;6657000;2;0;1502;48222;34262;27459;398;0;3781;3777;3777;3784;3773;3779;3781;3777;3780;0;0;0;35
$1;1;6658000;2;0;1500;48224;34263;27463;398;0;3781;3777;3777;3784;3773;3779;3781;3777;3780;0;0;0;32
$1;1;6659000;2;0;1502;48222;34264;27467;398;0;3781;3777;3777;3785;3773;3779;3781;3777;3780;0;0;0;39
$1;1;6660000;2;0;1500;48223;34263;27471;398;0;3781;3777;3778;3784;3774;3779;3782;3777;3780;0;0;0;36
$1;1;6661000;2;0;1451;48251;34248;27475;398;0;3781;3777;3777;3784;3773;3778;3781;3777;3780;0;0;0;34
$1;1;6662000;2;0;1493;48227;34262;27479;398;0;3781;3777;3777;3785;3773;3779;3782;3777;3780;0;0;0;41
$1;1;6663000;2;0;1484;48234;34260;27484;398;0;3781;3777;3777;3784;3774;3779;3781;3777;3780;0;0;0;41
$1;1;6664000;2;0;1498;48226;34264;27488;398;0;3781;3778;3778;3785;3774;3779;3782;3777;3780;0;0;0;42
$1;1;6665000;2;0;1500;48224;34265;27492;398;0;3782;3778;3777;3784;3774;3779;3782;3777;3780;0;0;0;46
$1;1;6666000;2;0;1499;48225;34265;27496;397;0;3782;3777;3778;3785;3774;3779;3782;3777;3780;0;0;0;39
$1;1;6667000;2;0;1501;48224;34267;27500;397;0;3782;3777;3778;3785;3774;3779;3782;3777;3781;0;0;0;42
$1;1;6668000;2;0;1499;48226;34267;27504;397;0;3782;3778;3778;3785;3774;3779;3782;3777;3780;0;0;0;45
$1;1;6669000;2;0;1501;48223;34268;27509;397;0;3782;3778;3778;3785;3774;3779;3782;3778;3781;0;0;0;37
$1;1;6670000;2;0;1451;48252;34253;27512;397;0;3781;3777;3778;3784;3773;3779;3781;3777;3780;0;0;0;42
$1;1;6671000;2;0;1496;48227;34268;27516;397;0;3782;3778;3778;3785;3774;3779;3782;3778;3781;0;0;0;41
$1;1;6672000;2;0;1487;48233;34266;27520;397;0;3782;3778;3778;3785;3774;3779;3782;3777;3781;0;0;0;43
$1;1;6673000;2;0;1499;48227;34270;27524;397;0;3782;3778;3778;3785;3774;3780;3782;3778;3781;0;0;0;42
$1;1;6674000;2;0;1500;48223;34271;27528;398;0;3782;3778;3778;3785;3774;3780;3782;3778;3781;0;0;0;42
$1;1;6675000;2;0;1460;48244;34258;27532;398;0;3782;3778;3778;3785;3774;3779;3782;3777;3780;0;0;0;37
$1;128;6675000;305;122;15;13;12;15;11;13;15;13;15;0;0;0;17
$1;1;6676000;2;0;1473;48237;34262;27536;398;0;3782;3778;3778;3785;3774;3779;3782;3777;3780;0;0;0;45
$1;1;6677000;2;0;1475;48236;34263;27541;398;0;3782;3778;3778;3785;3774;3779;3782;3778;3780;0;0;0;37
$1;1;6678000;2;0;1497;48224;34271;27545;398;0;3782;3778;3778;3786;3774;3779;3782;3778;3781;0;0;0;32
$1;1;6679000;2;0;1485;48232;34268;27549;398;0;3782;3778;3778;3785;3774;3780;3782;3778;3781;0;0;0;36
$1;1;6680000;2;0;1498;48225;34272;27553;398;0;3782;3778;3778;3785;3775;3780;3782;3778;3781;0;0;0;41
$1;1;6681000;2;0;1449;48250;34257;27557;398;0;3782;3778;3778;3785;3774;3779;3782;3777;3781;0;0;0;45
$1;1;6682000;2;0;1444;48253;34256;27561;398;0;3782;3778;3778;3785;3774;3779;3782;3777;3780;0;0;0;37
$1;1;6683000;2;0;1446;48253;34257;27566;397;0;3782;3778;3778;3785;3774;3779;3782;3778;3780;0;0;0;32
$1;1;6684000;2;0;1482;48233;34269;27569;397;0;3782;3778;3779;3786;3775;3779;3782;3778;3781;0;0;0;41
$1;1;6685000;2;0;1476;48237;34267;27573;397;0;3782;3778;3778;3785;3774;3780;3782;3778;3781;0;0;0;39
$1;1;6686000;2;0;1481;48234;34269;27577;397;0;3782;3778;3779;3785;3775;3780;3782;3778;3781;0;0;0;37
$1;1;6687000;2;0;1457;48248;34262;27582;397;0;3782;3778;3778;3785;3774;3780;3782;3778;3781;0;0;0;37
$1;1;6688000;2;0;1481;48235;34270;27586;397;0;3782;3778;3779;3785;3775;3780;3782;3778;3781;0;0;0;44
$1;1;6689000;2;0;1498;48226;34276;27590;397;0;3783;3779;3779;3786;3775;3780;3783;3778;3782;0;0;0;39
$1;1;6690000;2;0;1448;48252;34261;27594;397;0;3782;3779;3778;3785;3774;3780;3782;3778;3781;0;0;0;35
$1;1;6691000;2;0;1495;48228;34275;27598;397;0;3783;3779;3779;3786;3775;3780;3783;3778;3781;0;0;0;37
$1;1;6692000;2;0;1500;48222;34277;27602;397;0;3783;3779;3779;3786;3775;3780;3783;3778;3782;0;0;0;32
$1;1;6693000;2;0;1490;48227;34274;27607;397;0;3783;3779;3779;3786;3775;3780;3783;3778;3781;0;0;0;41
$1;1;6694000;2;0;1491;48227;34276;27611;397;0;3783;3779;3779;3786;3775;3780;3783;3779;3782;0;0;0;40
$1;1;6695000;2;0;1499;48223;34279;27615;397;0;3783;3779;3779;3786;3775;3780;3783;3779;3782;0;0;0;46
$1;1;6696000;2;0;1500;48222;34279;27619;397;0;3783;3779;3779;3787;3775;3781;3783;3779;3782;0;0;0;33
$1;1;6697000;2;0;1451;48250;34264;27624;397;0;3782;3779;3779;3786;3775;3780;3783;3778;3781;0;0;0;33
$1;1;6698000;2;0;1446;48251;34263;27628;396;0;3782;3779;3779;3786;3775;3780;3782;3778;3781;0;0;0;34
$1;1;6699000;2;0;1466;48243;34270;27632;397;0;3783;3779;3779;3786;3775;3780;3783;3778;3781;0;0;0;42
$1;1;6700000;2;0;1486;48233;34277;27636;397;0;3783;3779;3779;3786;3775;3780;3783;3779;3782;0;0;0;35
$1;1;6701000;2;0;1488;48231;34278;27640;397;0;3783;3779;3779;3787;3775;3781;3783;3779;3782;0;0;0;32
$1;1;6702000;2;0;1466;48243;34271;27644;397;0;3783;3779;3779;3786;3775;3780;3783;3779;3782;0;0;0;43
$1;1;6703000;2;0;1474;48237;34274;27648;396;0;3783;3779;3779;3787;3775;3780;3784;3779;3782;0;0;0;36
$1;1;6704000;2;0;1476;48238;34275;27652;397;0;3783;3779;3780;3786;3775;3781;3783;3779;3782;0;0;0;36
$1;1;6705000;2;0;1497;48227;34282;27656;397;0;3783;3779;3780;3788;3775;3781;3784;3779;3782;0;0;0;33
$1;1;6706000;2;0;1500;48225;34284;27660;397;0;3784;3780;3780;3787;3775;3781;3784;3779;3782;0;0;0;34
$1;1;6707000;2;0;1450;48253;34269;27664;396;0;3783;3779;3779;3786;3775;3781;3783;3779;3782;0;0;0;33
$1;1;6708000;2;0;1494;48229;34283;27669;397;0;3784;3780;3780;3787;3775;3781;3784;3779;3782;0;0;0;34
$1;1;6709000;2;0;1433;48262;34264;27673;397;0;3783;3779;3779;3786;3775;3781;3783;3779;3782;0;0;0;34
$1;1;6710000;2;0;1427;48263;34262;27677;398;0;3783;3779;3779;3786;3775;3780;3783;3779;3782;0;0;0;34
$1;1;6711000;2;0;1460;48243;34272;27681;398;0;3783;3779;3779;3787;3775;3781;3784;3779;3782;0;0;0;45
$1;1;6712000;2;0;1450;48251;34271;27685;399;0;3783;3779;3780;3787;3775;3781;3784;3779;3782;0;0;0;46
$1;1;6713000;2;0;1446;48251;34270;27689;399;0;3783;3779;3779;3787;3775;3781;3783;3779;3782;0;0;0;36
$1;1;6714000;2;0;1458;48247;34273;27693;399;0;3783;3779;3780;3787;3775;3781;3784;3779;3782;0;0;0;34
$1;1;6715000;2;0;1446;48253;34271;27697;399;0;3783;3780;3780;3787;3775;3781;3784;3779;3782;0;0;0;41
$1;1;6716000;2;0;1494;48227;34285;27701;399;0;3784;3780;3780;3787;3776;3782;3784;3780;3783;0;0;0;35
$1;1;6717000;2;0;1467;48241;34278;27705;400;0;3784;3780;3780;3787;3776;3781;3784;3779;3782;0;0;0;43
$1;1;6718000;2;0;1474;48237;34281;27709;400;0;3784;3780;3780;3787;3776;3781;3784;3779;3782;0;0;0;45
$1;1;6719000;2;0;1479;48235;34283;27714;400;0;3784;3780;3780;3788;3776;3781;3784;3780;3782;0;0;0;36
$1;1;6720000;2;0;1485;48231;34284;27718;401;0;3784;3780;3780;3788;3776;3781;3785;3780;3783;0;0;0;35
$1;1;6721000;2;0;1466;48242;34280;27722;401;0;3784;3780;3780;3787;3776;3781;3785;3779;3782;0;0;0;46
$1;1;6722000;2;0;1445;48253;34273;27726;401;0;3784;3780;3780;3787;3776;3781;3784;3779;3782;0;0;0;37
$1;1;6723000;2;0;1416;48269;34264;27730;402;0;3783;3779;3779;3787;3775;3781;3783;3779;3782;0;0;0;42
$1;1;6724000;2;0;1468;48242;34282;27734;402;0;3784;3780;3780;3788;3776;3782;3784;3779;3782;0;0;0;46
$1;1;6725000;2;0;1443;48255;34274;27738;402;0;3784;3780;3780;3787;3776;3781;3784;3779;3782;0;0;0;41
$1;1;6726000;2;0;1493;48228;34290;27742;403;0;3784;3780;3781;3788;3776;3782;3785;3780;3783;0;0;0;32
$1;1;6727000;2;0;1412;48270;34265;27746;404;0;3783;3780;3780;3787;3775;3781;3784;3779;3782;0;0;0;35
$1;1;6728000;2;0;1447;48251;34276;27750;404;0;3784;3780;3780;3787;3776;3781;3784;3780;3782;0;0;0;40
$1;1;6729000;2;0;1495;48224;34291;27755;405;0;3785;3781;3781;3789;3776;3782;3785;3780;3783;0;0;0;37
$1;1;6730000;2;0;1449;48250;34277;27759;405;0;3784;3780;3780;3788;3776;3781;3784;3780;3782;0;0;0;40
$1;1;6731000;2;0;1433;48259;34273;27763;405;0;3784;3780;3780;3788;3776;3781;3784;3779;3782;0;0;0;38
$1;1;6732000;2;0;1432;48260;34273;27767;405;0;3784;3780;3780;3787;3776;3782;3784;3779;3782;0;0;0;38
$1;1;6733000;2;0;1441;48255;34277;27771;405;0;3784;3780;3780;3787;3776;3782;3784;3780;3783;0;0;0;33
$1;1;6734000;2;0;1430;48261;34274;27775;406;0;3784;3780;3780;3787;3776;3782;3784;3780;3783;0;0;0;35
$1;1;6735000;2;0;1492;48229;34293;27779;406;0;3785;3781;3781;3788;3777;3782;3785;3780;3784;0;0;0;42
$1;128;6735000;304;119;15;13;12;14;11;12;15;13;14;0;0;0;28
$1;1;6736000;2;0;1500;48223;34296;27783;406;0;3785;3781;3781;3789;3777;3783;3785;3780;3783;0;0;0;46
$1;1;6737000;2;0;1472;48238;34287;27787;406;0;3785;3781;3781;3788;3777;3782;3785;3780;3783;0;0;0;37
$1;1;6738000;2;0;1446;48252;34281;27792;406;0;3784;3781;3781;3788;3777;3782;3785;3780;3783;0;0;0;34
$1;1;6739000;2;0;1441;48258;34280;27796;406;0;3784;3781;3781;3788;3776;3782;3785;3780;3783;0;0;0;42
$1;1;6740000;2;0;1482;48235;34293;27800;406;0;3785;3781;3781;3788;3777;3783;3785;3781;3784;0;0;0;37
$1;1;6741000;2;0;1500;48224;34299;27804;406;0;3785;3781;3781;3789;3777;3783;3786;3781;3784;0;0;0;35
$1;1;6742000;2;0;1501;48224;34300;27808;406;0;3785;3781;3781;3789;3777;3783;3786;3781;3784;0;0;0;44
$1;1;6743000;2;0;1446;48252;34284;27812;406;0;3785;3781;3781;3788;3777;3782;3785;3780;3783;0;0;0;45
$1;1;6744000;2;0;1492;48227;34298;27817;407;0;3785;3781;3781;3789;3777;3783;3786;3781;3784;0;0;0;45
$1;1;6745000;2;0;1452;48249;34285;27820;407;0;3785;3781;3781;3788;3777;3782;3785;3780;3783;0;0;0;37
$1;1;6746000;2;0;1428;48262;34279;27824;407;0;3784;3781;3781;3788;3777;3782;3785;3780;3783;0;0;0;36
$1;1;6747000;2;0;1459;48244;34289;27828;408;0;3785;3781;3781;3789;3777;3783;3785;3781;3783;0;0;0;43
$1;1;6748000;2;0;1451;48250;34288;27833;407;0;3785;3781;3781;3788;3777;3783;3785;3781;3784;0;0;0;43
$1;1;6749000;2;0;1496;48225;34302;27837;408;0;3786;3782;3782;3789;3777;3783;3786;3781;3784;0;0;0;42
$1;1;6750000;2;0;1491;48227;34299;27841;408;0;3785;3782;3782;3790;3777;3783;3786;3781;3784;0;0;0;46
$1;1;6751000;2;0;1484;48232;34298;27845;407;0;3786;3782;3782;3789;3777;3783;3786;3781;3784;0;0;0;46
$1;1;6752000;2;0;1499;48223;34304;27850;407;0;3786;3782;3782;3789;3778;3783;3786;3782;3784;0;0;0;45
$1;1;6753000;2;0;1430;48261;34284;27854;407;0;3785;3782;3781;3788;3777;3783;3785;3781;3784;0;0;0;42
$1;1;6754000;2;0;1445;48254;34288;27858;407;0;3785;3782;3782;3789;3777;3783;3786;3781;3784;0;0;0;40
$1;1;6755000;2;0;1485;48231;34301;27862;407;0;3786;3782;3782;3789;3777;3783;3786;3781;3784;0;0;0;44
$1;1;6756000;2;0;1477;48236;34298;27866;407;0;3786;3782;3782;3789;3777;3783;3786;3781;3784;0;0;0;32
$1;1;6757000;2;0;1492;48227;34303;27870;407;0;3786;3782;3782;3790;3778;3784;3786;3782;3784;0;0;0;45
$1;1;6758000;2;0;1479;48235;34301;27874;407;0;3786;3782;3782;3789;3778;3783;3786;3782;3784;0;0;0;45
$1;1;6759000;2;0;1463;48241;34296;27878;408;0;3786;3782;3782;3789;3778;3783;3786;3781;3785;0;0;0;42
$1;1;6760000;2;0;1465;48240;34297;27882;408;0;3786;3782;3782;3789;3778;3783;3786;3781;3784;0;0;0;34
$1;1;6761000;2;0;1488;48227;34305;27886;408;0;3786;3782;3782;3790;3778;3784;3786;3782;3785;0;0;0;34
$1;1;6762000;2;0;1500;48221;34308;27890;408;0;3786;3782;3783;3790;3778;3784;3787;3782;3785;0;0;0;44
$1;1;6763000;2;0;1405;48273;34280;27894;407;0;3785;3781;3782;3789;3777;3783;3785;3781;3784;0;0;0;37
$1;1;6764000;2;0;1431;48260;34288;27898;407;0;3785;3782;3782;3789;3777;3783;3786;3781;3784;0;0;0;35
$1;1;6765000;2;0;1486;48231;34306;27902;408;0;3786;3782;3782;3790;3778;3784;3786;3782;3785;0;0;0;33
$1;1;6766000;2;0;1498;48224;34311;27906;408;0;3786;3783;3783;3790;3778;3784;3787;3782;3785;0;0;0;42
$1;1;6767000;2;0;1501;48221;34312;27910;407;0;3787;3783;3783;3790;3778;3784;3787;3782;3785;0;0;0;37
$1;1;6768000;2;0;1453;48248;34298;27915;407;0;3786;3783;3782;3789;3778;3784;3786;3782;3785;0;0;0;44
$1;1;6769000;2;0;1434;48260;34292;27919;407;0;3786;3782;3782;3789;3778;3783;3786;3782;3785;0;0;0;38
$1;1;6770000;2;0;1494;48227;34310;27923;407;0;3787;3783;3783;3790;3778;3784;3787;3782;3785;0;0;0;42
$1;1;6771000;2;0;1500;48223;34313;27927;407;0;3787;3783;3783;3790;3779;3784;3787;3783;3785;0;0;0;36
$1;1;6772000;2;0;1453;48247;34300;27931;406;0;3786;3782;3783;3790;3778;3784;3787;3782;3785;0;0;0;38
$1;1;6773000;2;0;1479;48235;34308;27935;406;0;3786;3783;3783;3790;3778;3784;3787;3782;3785;0;0;0;39
$1;1;6774000;2;0;1498;48222;34314;27940;407;0;3787;3783;3783;3790;3779;3785;3787;3783;3786;0;0;0;36
$1;1;6775000;2;0;1498;48221;34315;27944;407;0;3787;3783;3783;3790;3779;3785;3787;3783;3786;0;0;0;35
$1;1;6776000;2;0;1445;48250;34299;27948;407;0;3786;3783;3783;3790;3779;3784;3787;3782;3785;0;0;0;45
$1;1;6777000;2;0;1495;48224;34315;27952;407;0;3787;3783;3783;3790;3779;3785;3787;3783;3786;0;0;0;46
$1;1;6778000;2;0;1499;48222;34318;27956;407;0;3787;3784;3784;3790;3779;3785;3788;3783;3786;0;0;0;45
$1;1;6779000;2;0;1499;48221;34318;27960;407;0;3787;3783;3784;3790;3779;3785;3788;3783;3786;0;0;0;45
$1;1;6780000;2;0;1499;48221;34318;27965;407;0;3787;3784;3784;3790;3779;3785;3788;3783;3786;0;0;0;41
$1;1;6781000;2;0;1498;48220;34318;27969;406;0;3787;3784;3784;3790;3779;3785;3788;3783;3786;0;0;0;37
$1;1;6782000;2;0;1501;48219;34320;27973;406;0;3787;3784;3784;3791;3779;3785;3788;3783;3786;0;0;0;44
$1;1;6783000;2;0;1499;48221;34320;27977;406;0;3787;3784;3784;3790;3779;3785;3788;3783;3786;0;0;0;35
$1;1;6784000;2;0;1499;48220;34320;27981;406;0;3788;3784;3784;3791;3779;3785;3788;3784;3786;0;0;0;37
$1;1;6785000;2;0;1498;48222;34320;27985;406;0;3788;3784;3784;3791;3780;3785;3788;3784;3786;0;0;0;37
$1;1;6786000;2;0;1500;48221;34321;27990;405;0;3788;3784;3784;3791;3780;3785;3788;3784;3786;0;0;0;35
$1;1;6787000;2;0;1499;48221;34321;27994;405;0;3788;3784;3784;3790;3780;3785;3788;3784;3787;0;0;0;39
$1;1;6788000;2;0;1499;48221;34322;27998;405;0;3788;3784;3784;3791;3780;3785;3788;3784;3787;0;0;0;38
$1;1;6789000;2;0;1498;48222;34322;28002;405;0;3788;3784;3784;3791;3780;3785;3788;3784;3787;0;0;0;32
$1;1;6790000;2;0;1500;48219;34323;28006;405;0;3788;3784;3784;3791;3780;3786;3788;3784;3787;0;0;0;38
$1;1;6791000;2;0;1501;48218;34325;28011;406;0;3788;3784;3784;3791;3780;3786;3788;3784;3787;0;0;0;36
$1;1;6792000;2;0;1500;48219;34324;28015;406;0;3788;3784;3784;3791;3780;3786;3788;3784;3787;0;0;0;34
$1;1;6793000;2;0;1498;48219;34324;28019;405;0;3788;3784;3784;3791;3780;3786;3788;3784;3787;0;0;0;44
$1;1;6794000;2;0;1500;48219;34325;28023;405;0;3788;3784;3784;3791;3780;3786;3788;3784;3787;0;0;0;35
$1;1;6795000;2;0;1498;48220;34324;28027;405;0;3788;3784;3785;3791;3780;3786;3789;3784;3787;0;0;0;45
$1;128;6795000;302;118;15;13;12;14;10;13;14;13;14;0;0;0;16
$1;1;6796000;2;0;1499;48219;34326;28031;405;0;3788;3784;3785;3791;3780;3786;3789;3784;3787;0;0;0;32
$1;1;6797000;2;0;1498;48219;34326;28035;405;0;3788;3784;3785;3791;3780;3786;3789;3784;3787;0;0;0;36
$1;1;6798000;2;0;1501;48219;34328;28040;405;0;3788;3785;3785;3791;3780;3786;3789;3784;3787;0;0;0;39
$1;1;6799000;2;0;1499;48219;34328;28044;405;0;3788;3785;3785;3791;3780;3786;3789;3784;3787;0;0;0;34
$1;1;6800000;2;0;1499;48219;34328;28048;405;0;3788;3784;3785;3791;3780;3786;3789;3784;3787;0;0;0;32
$1;1;6801000;2;0;1500;48219;34329;28052;404;0;3788;3785;3785;3791;3780;3786;3789;3784;3787;0;0;0;42
$1;1;6802000;2;0;1499;48219;34329;28056;404;0;3788;3785;3785;3791;3780;3786;3789;3784;3787;0;0;0;44
$1;1;6803000;2;0;1500;48219;34330;28060;404;0;3789;3785;3785;3791;3780;3786;3789;3784;3787;0;0;0;32
$1;1;6804000;2;0;1500;48219;34330;28065;404;0;3789;3785;3785;3791;3781;3786;3789;3784;3788;0;0;0;44
$1;1;6805000;2;0;1500;48220;34331;28069;404;0;3789;3785;3785;3791;3781;3786;3789;3785;3787;0;0;0;36
$1;1;6806000;2;0;1500;48219;34332;28073;404;0;3789;3785;3785;3792;3781;3786;3789;3785;3787;0;0;0;38
$1;1;6807000;2;0;1501;48217;34332;28077;404;0;3789;3785;3785;3792;3781;3787;3789;3785;3788;0;0;0;34
$1;1;6808000;2;0;1500;48217;34332;28081;405;0;3789;3785;3785;3792;3781;3787;3789;3785;3787;0;0;0;43
$1;1;6809000;2;0;1500;48217;34332;28085;405;0;3789;3785;3785;3792;3781;3787;3789;3785;3788;0;0;0;33
$1;1;6810000;2;0;1498;48218;34332;28089;405;0;3789;3785;3785;3792;3781;3787;3789;3785;3788;0;0;0;42
$1;1;6811000;2;0;1498;48218;34333;28094;404;0;3789;3785;3785;3792;3781;3787;3789;3785;3788;0;0;0;39
$1;1;6812000;2;0;1500;48216;34334;28098;404;0;3789;3785;3785;3792;3781;3787;3789;3785;3788;0;0;0;33
$1;1;6813000;2;0;1499;48217;34333;28102;404;0;3789;3785;3785;3792;3781;3787;3789;3785;3788;0;0;0;37
$1;1;6814000;2;0;1499;48218;34334;28106;404;0;3789;3785;3785;3792;3781;3787;3789;3785;3788;0;0;0;46
$1;1;6815000;2;0;1500;48217;34335;28110;404;0;3789;3785;3786;3792;3781;3787;3789;3785;3788;0;0;0;36
$1;1;6816000;2;0;1499;48218;34335;28114;404;0;3789;3785;3785;3792;3781;3787;3789;3785;3788;0;0;0;46
$1;1;6817000;2;0;1500;48219;34336;28119;404;0;3789;3786;3786;3792;3781;3787;3790;3785;3788;0;0;0;41
$1;1;6818000;2;0;1500;48218;34337;28123;403;0;3789;3785;3786;3792;3781;3787;3790;3785;3788;0;0;0;43
$1;1;6819000;2;0;1501;48217;34338;28127;403;0;3789;3786;3786;3793;3781;3787;3790;3785;3788;0;0;0;45
$1;1;6820000;2;0;1500;48219;34338;28131;403;0;3789;3786;3786;3792;3782;3787;3790;3785;3788;0;0;0;45
$1;1;6821000;2;0;1499;48219;34338;28135;403;0;3789;3786;3786;3792;3782;3787;3790;3785;3789;0;0;0;40
$1;1;6822000;2;0;1501;48219;34339;28139;403;0;3790;3786;3786;3792;3782;3787;3790;3785;3789;0;0;0;46
$1;1;6823000;2;0;1454;48241;34325;28144;403;0;3789;3785;3786;3792;3781;3787;3789;3785;3788;0;0;0;37
$1;1;6824000;2;0;1494;48219;34338;28148;404;0;3789;3786;3786;3793;3782;3787;3790;3785;3788;0;0;0;45
$1;1;6825000;2;0;1453;48241;34326;28152;404;0;3789;3785;3786;3792;3781;3787;3789;3785;3788;0;0;0;39
$1;1;6826000;2;0;1462;48236;34328;28156;403;0;3789;3786;3786;3792;3782;3787;3789;3785;3788;0;0;0;43
$1;1;6827000;2;0;1491;48221;34338;28160;403;0;3790;3786;3786;3792;3782;3787;3790;3785;3788;0;0;0;36
$1;1;6828000;2;0;1498;48218;34340;28164;403;0;3790;3786;3786;3793;3782;3787;3790;3786;3788;0;0;0;33
$1;1;6829000;2;0;1501;48216;34342;28168;403;0;3790;3786;3786;3793;3782;3788;3790;3786;3789;0;0;0;47
$1;1;6830000;2;0;1455;48241;34328;28173;403;0;3789;3786;3786;3792;3781;3787;3789;3785;3788;0;0;0;44
$1;1;6831000;2;0;1496;48219;34341;28177;403;0;3790;3786;3786;3793;3782;3787;3790;3786;3788;0;0;0;37
$1;1;6832000;2;0;1500;48217;34344;28181;403;0;3790;3786;3786;3793;3782;3787;3790;3786;3789;0;0;0;43
$1;1;6833000;2;0;1500;48217;34344;28185;403;0;3790;3786;3786;3793;3782;3788;3790;3786;3789;0;0;0;33
$1;1;6834000;2;0;1499;48218;34344;28190;402;0;3790;3786;3787;3793;3782;3788;3791;3786;3789;0;0;0;45
$1;1;6835000;2;0;1498;48219;34344;28194;402;0;3790;3786;3786;3793;3782;3788;3790;3786;3789;0;0;0;40
$1;1;6836000;2;0;1499;48217;34344;28198;402;0;3790;3787;3787;3793;3782;3788;3791;3786;3789;0;0;0;41
$1;1;6837000;2;0;1500;48219;34345;28202;402;0;3790;3786;3787;3793;3782;3788;3790;3786;3789;0;0;0;38
$1;1;6838000;2;0;1499;48219;34344;28206;402;0;3790;3786;3787;3793;3783;3788;3791;3786;3789;0;0;0;45
$1;1;6839000;2;0;1498;48219;34346;28210;402;0;3790;3787;3787;3794;3782;3788;3790;3786;3789;0;0;0;46
$1;1;6840000;2;0;1500;48215;34346;28214;402;0;3790;3787;3787;3794;3782;3788;3791;3786;3789;0;0;0;41
$1;1;6841000;2;0;1501;48214;34347;28219;403;0;3790;3787;3787;3794;3782;3788;3791;3786;3789;0;0;0;37
$1;1;6842000;2;0;1501;48213;34348;28223;402;0;3791;3787;3787;3794;3783;3788;3791;3786;3789;0;0;0;38
$1;1;6843000;2;0;1499;48215;34347;28227;403;0;3791;3787;3787;3794;3783;3788;3791;3786;3789;0;0;0;43
$1;1;6844000;2;0;1500;48214;34348;28231;403;0;3791;3787;3787;3794;3783;3788;3791;3786;3789;0;0;0;36
$1;1;6845000;2;0;1483;48225;34343;28235;402;0;3790;3787;3786;3793;3782;3788;3791;3786;3789;0;0;0;37
$1;1;6846000;2;0;1497;48219;34348;28239;402;0;3791;3787;3787;3794;3783;3788;3791;3786;3789;0;0;0;45
$1;1;6847000;2;0;1501;48214;34350;28243;402;0;3791;3787;3787;3794;3783;3789;3791;3787;3789;0;0;0;43
$1;1;6848000;2;0;1501;48215;34351;28248;402;0;3791;3787;3787;3794;3783;3789;3791;3787;3790;0;0;0;39
$1;1;6849000;2;0;1499;48216;34351;28252;402;0;3791;3787;3787;3794;3783;3788;3791;3787;3790;0;0;0;47
$1;1;6850000;2;0;1500;48216;34351;28256;402;0;3791;3787;3787;3794;3783;3789;3791;3787;3790;0;0;0;35
$1;1;6851000;2;0;1498;48219;34352;28260;401;0;3791;3787;3787;3794;3783;3789;3791;3787;3790;0;0;0;40
$1;1;6852000;2;0;1481;48227;34345;28264;401;0;3791;3787;3787;3794;3783;3788;3791;3787;3789;0;0;0;37
$1;1;6853000;2;0;1468;48234;34343;28268;401;0;3791;3787;3787;3793;3783;3788;3791;3787;3789;0;0;0;44
$1;1;6854000;2;0;1498;48219;34353;28273;401;0;3791;3787;3787;3795;3783;3789;3791;3787;3790;0;0;0;47
$1;1;6855000;2;0;1498;48219;34352;28277;401;0;3791;3787;3787;3794;3783;3789;3791;3787;3790;0;0;0;42
$1;128;6855000;302;121;15;13;12;14;11;13;15;13;15;0;0;0;24
$1;1;6856000;2;0;1502;48218;34354;28281;401;0;3791;3787;3788;3794;3783;3789;3791;3787;3790;0;0;0;42
$1;1;6857000;2;0;1435;48252;34333;28285;402;0;3790;3787;3787;3793;3783;3788;3790;3786;3789;0;0;0;38
$1;1;6858000;2;0;1465;48234;34344;28289;402;0;3791;3787;3787;3794;3783;3788;3791;3787;3789;0;0;0;38
$1;1;6859000;2;0;1481;48227;34348;28293;402;0;3791;3787;3787;3795;3783;3789;3791;3787;3790;0;0;0;32
$1;1;6860000;2;0;1456;48240;34341;28297;402;0;3791;3787;3787;3794;3783;3788;3791;3787;3789;0;0;0;36
$1;1;6861000;2;0;1427;48258;34332;28302;402;0;3790;3787;3787;3794;3783;3788;3790;3786;3789;0;0;0;34
$1;1;6862000;2;0;1440;48250;34337;28306;402;0;3791;3787;3787;3794;3783;3788;3791;3786;3789;0;0;0;41
$1;1;6863000;2;0;1472;48232;34347;28310;401;0;3791;3788;3787;3795;3783;3789;3791;3787;3790;0;0;0;40
$1;1;6864000;2;0;1492;48222;34354;28314;401;0;3791;3788;3788;3795;3783;3789;3792;3787;3790;0;0;0;42
$1;1;6865000;2;0;1458;48241;34344;28318;401;0;3791;3787;3787;3795;3783;3789;3791;3787;3790;0;0;0;38
$1;1;6866000;2;0;1461;48237;34345;28322;401;0;3791;3787;3788;3794;3783;3789;3791;3787;3790;0;0;0;40
$1;1;6867000;2;0;1464;48237;34346;28326;401;0;3791;3787;3788;3795;3783;3789;3791;3787;3790;0;0;0;42
$1;1;6868000;2;0;1471;48233;34349;28330;401;0;3791;3787;3788;3795;3783;3789;3791;3787;3790;0;0;0;45
$1;1;6869000;2;0;1480;48229;34353;28335;401;0;3792;3788;3788;3795;3784;3789;3791;3787;3790;0;0;0;44
$1;1;6870000;2;0;1473;48233;34351;28338;401;0;3791;3788;3788;3795;3784;3789;3791;3787;3790;0;0;0;47
$1;1;6871000;2;0;1450;48246;34344;28343;400;0;3791;3788;3788;3794;3783;3789;3791;3787;3790;0;0;0;34
$1;1;6872000;2;0;1464;48238;34349;28347;400;0;3791;3788;3788;3795;3784;3789;3792;3787;3790;0;0;0;35
$1;1;6873000;2;0;1486;48228;34356;28351;400;0;3792;3788;3788;3795;3784;3789;3792;3787;3790;0;0;0;37
$1;1;6874000;2;0;1463;48236;34348;28354;401;0;3791;3788;3788;3795;3784;3789;3791;3787;3790;0;0;0;45
$1;1;6875000;2;0;1495;48219;34359;28358;401;0;3792;3788;3788;3795;3784;3789;3792;3788;3791;0;0;0;42
$1;1;6876000;2;0;1461;48237;34349;28363;401;0;3791;3788;3788;3795;3784;3789;3791;3787;3790;0;0;0;41
$1;1;6877000;2;0;1457;48240;34348;28367;401;0;3791;3788;3788;3795;3784;3789;3791;3787;3790;0;0;0;40
$1;1;6878000;2;0;1444;48248;34345;28371;401;0;3791;3788;3788;3795;3784;3789;3791;3787;3790;0;0;0;39
$1;1;6879000;2;0;1466;48234;34352;28375;401;0;3792;3788;3788;3795;3784;3789;3792;3788;3790;0;0;0;32
$1;1;6880000;2;0;1423;48259;34340;28379;401;0;3791;3788;3788;3795;3784;3789;3791;3787;3790;0;0;0;44
$1;1;6881000;2;0;1449;48245;34347;28383;401;0;3791;3788;3788;3795;3784;3789;3791;3787;3790;0;0;0;46
$1;1;6882000;2;0;1423;48260;34340;28387;401;0;3791;3788;3788;3795;3784;3789;3791;3787;3790;0;0;0;37
$1;1;6883000;2;0;1423;48260;34340;28391;400;0;3791;3787;3788;3795;3784;3789;3791;3787;3790;0;0;0;45
$1;1;6884000;2;0;1494;48222;34363;28395;400;0;3792;3788;3788;3796;3784;3790;3792;3788;3791;0;0;0;47
$1;1;6885000;2;0;1500;48219;34365;28399;400;0;3793;3789;3789;3796;3785;3790;3793;3788;3791;0;0;0;33
$1;1;6886000;2;0;1490;48224;34362;28403;400;0;3792;3789;3789;3796;3784;3790;3792;3788;3791;0;0;0;38
$1;1;6887000;2;0;1457;48242;34353;28407;400;0;3792;3788;3789;3796;3784;3789;3792;3788;3791;0;0;0;35
$1;1;6888000;2;0;1412;48267;34340;28411;400;0;3791;3788;3788;3795;3784;3789;3791;3787;3790;0;0;0;35
$1;1;6889000;2;0;1436;48254;34347;28415;400;0;3792;3788;3788;3795;3784;3789;3792;3788;3790;0;0;0;40
$1;1;6890000;2;0;1493;48224;34366;28420;399;0;3793;3789;3789;3796;3785;3790;3793;3788;3791;0;0;0;33
$1;1;6891000;2;0;1459;48240;34356;28423;400;0;3792;3789;3788;3796;3784;3790;3792;3788;3791;0;0;0;35
$1;1;6892000;2;0;1462;48237;34356;28427;400;0;3792;3788;3789;3796;3784;3790;3792;3788;3791;0;0;0;44
$1;1;6893000;2;0;1495;48219;34367;28431;400;0;3793;3789;3789;3796;3785;3790;3793;3788;3791;0;0;0;44
$1;1;6894000;2;0;1447;48244;34353;28435;400;0;3792;3789;3789;3796;3785;3790;3792;3788;3791;0;0;0;47
$1;1;6895000;2;0;1469;48234;34360;28440;400;0;3792;3789;3789;3796;3785;3790;3793;3788;3791;0;0;0;38
$1;1;6896000;2;0;1482;48228;34365;28444;400;0;3793;3789;3789;3796;3785;3790;3793;3788;3791;0;0;0;45
$1;1;6897000;2;0;1436;48252;34350;28448;400;0;3792;3789;3789;3796;3785;3790;3792;3788;3791;0;0;0;36
$1;1;6898000;2;0;1446;48248;34354;28452;400;0;3792;3789;3789;3795;3785;3790;3792;3788;3791;0;0;0;43
$1;1;6899000;2;0;1487;48224;34367;28456;400;0;3793;3789;3789;3796;3785;3790;3793;3789;3792;0;0;0;40
$1;1;6900000;2;0;1414;48266;34344;28460;400;0;3792;3789;3788;3795;3784;3790;3792;3788;3791;0;0;0;32
$1;1;6901000;2;0;1467;48236;34361;28464;400;0;3793;3789;3789;3796;3785;3790;3792;3788;3791;0;0;0;33
$1;1;6902000;2;0;1436;48254;34353;28468;400;0;3792;3789;3789;3796;3785;3790;3792;3788;3791;0;0;0;46
$1;1;6903000;2;0;1494;48222;34371;28472;400;0;3793;3789;3789;3797;3785;3791;3793;3789;3792;0;0;0;47
$1;1;6904000;2;0;1500;48219;34374;28477;399;0;3793;3790;3789;3797;3786;3791;3793;3789;3792;0;0;0;32
$1;1;6905000;2;0;1446;48248;34356;28481;399;0;3793;3789;3789;3797;3785;3790;3793;3788;3791;0;0;0;39
$1;1;6906000;2;0;1495;48222;34372;28485;399;0;3793;3789;3789;3797;3785;3791;3793;3789;3792;0;0;0;39
$1;1;6907000;2;0;1463;48240;34364;28489;399;0;3793;3789;3789;3796;3785;3791;3793;3789;3792;0;0;0;33
$1;1;6908000;2;0;1478;48229;34368;28493;399;0;3793;3789;3789;3797;3785;3791;3793;3789;3792;0;0;0;45
$1;1;6909000;2;0;1484;48227;34370;28497;400;0;3793;3790;3789;3797;3786;3791;3793;3789;3792;0;0;0;32
$1;1;6910000;2;0;1476;48230;34368;28502;400;0;3793;3789;3790;3797;3785;3791;3793;3789;3792;0;0;0;36
$1;1;6911000;2;0;1499;48217;34376;28506;400;0;3794;3790;3790;3798;3786;3791;3794;3789;3792;0;0;0;46
$1;1;6912000;2;0;1489;48224;34373;28509;400;0;3794;3790;3790;3797;3786;3791;3793;3789;3792;0;0;0;46
$1;1;6913000;2;0;1502;48214;34379;28513;400;0;3794;3790;3790;3798;3786;3791;3794;3790;3792;0;0;0;47
$1;1;6914000;2;0;1499;48217;34379;28517;400;0;3794;3790;3790;3798;3786;3791;3794;3790;3793;0;0;0;45
$1;1;6915000;2;0;1484;48227;34372;28522;399;0;3794;3790;3790;3798;3786;3791;3794;3789;3792;0;0;0;32
$1;128;6915000;301;117;15;13;12;14;10;12;14;13;14;0;0;0;27
$1;1;6916000;2;0;1462;48237;34368;28526;399;0;3793;3790;3790;3797;3786;3791;3793;3789;3792;0;0;0;42
$1;1;6917000;2;0;1452;48243;34364;28530;399;0;3793;3790;3790;3797;3786;3791;3793;3789;3792;0;0;0;32
$1;1;6918000;2;0;1496;48219;34380;28534;399;0;3794;3790;3790;3798;3786;3792;3794;3790;3792;0;0;0;34
$1;1;6919000;2;0;1465;48236;34370;28539;399;0;3794;3790;3790;3797;3786;3791;3794;3789;3793;0;0;0;37
$1;1;6920000;2;0;1496;48219;34380;28543;399;0;3794;3790;3790;3798;3786;3792;3794;3790;3793;0;0;0;40
$1;1;6921000;2;0;1488;48224;34378;28546;399;0;3794;3790;3790;3797;3786;3791;3794;3790;3793;0;0;0;38
$1;1;6922000;2;0;1436;48252;34362;28550;399;0;3793;3790;3790;3797;3786;3791;3794;3789;3792;0;0;0;35
$1;1;6923000;2;0;1456;48242;34368;28553;399;0;3794;3790;3790;3797;3786;3791;3794;3789;3792;0;0;0;43
$1;1;6924000;2;0;1421;48261;34358;28557;398;0;3793;3790;3790;3797;3786;3791;3793;3789;3792;0;0;0;43
$1;1;6925000;2;0;1417;48260;34356;28562;399;0;3793;3790;3790;3796;3786;3791;3793;3789;3792;0;0;0;38
$1;1;6926000;2;0;1482;48225;34377;28565;399;0;3794;3790;3790;3798;3786;3792;3794;3790;3792;0;0;0;41
$1;1;6927000;2;0;1438;48251;34364;28569;399;0;3794;3790;3790;3797;3786;3791;3794;3790;3792;0;0;0;40
$1;1;6928000;2;0;1416;48261;34357;28574;399;0;3793;3790;3790;3797;3786;3791;3793;3789;3792;0;0;0;44
$1;1;6929000;2;0;1434;48252;34364;28578;399;0;3793;3790;3790;3797;3786;3791;3794;3789;3792;0;0;0;38
$1;1;6930000;2;0;1492;48220;34382;28582;399;0;3794;3790;3791;3798;3787;3792;3794;3790;3793;0;0;0;40
$1;1;6931000;2;0;1499;48216;34385;28586;399;0;3795;3791;3791;3798;3787;3792;3795;3790;3793;0;0;0;37
$1;1;6932000;2;0;1500;48217;34386;28590;399;0;3795;3791;3791;3798;3787;3792;3795;3790;3793;0;0;0;34
$1;1;6933000;2;0;1473;48232;34379;28594;399;0;3795;3791;3791;3798;3787;3792;3795;3790;3793;0;0;0;37
$1;1;6934000;2;0;1487;48224;34383;28598;399;0;3795;3791;3791;3798;3787;3792;3795;3790;3793;0;0;0;39
$1;1;6935000;2;0;1500;48216;34387;28602;399;0;3795;3791;3791;3798;3787;3793;3795;3791;3793;0;0;0;45
$1;1;6936000;2;0;1499;48216;34388;28606;399;0;3795;3791;3791;3798;3787;3792;3795;3791;3794;0;0;0;34
$1;1;6937000;2;0;1500;48217;34389;28610;398;0;3795;3791;3791;3798;3787;3793;3795;3791;3794;0;0;0;37
$1;1;6938000;2;0;1489;48222;34386;28614;398;0;3795;3791;3791;3798;3787;3792;3795;3791;3794;0;0;0;38
$1;1;6939000;2;0;1500;48217;34391;28618;398;0;3795;3792;3791;3798;3787;3793;3795;3791;3794;0;0;0;41
$1;1;6940000;2;0;1491;48221;34388;28622;398;0;3795;3791;3791;3799;3787;3792;3795;3791;3794;0;0;0;41
$1;1;6941000;2;0;1500;48218;34391;28627;398;0;3795;3791;3792;3798;3787;3793;3796;3791;3794;0;0;0;38
$1;1;6942000;2;0;1501;48217;34393;28631;398;0;3796;3792;3792;3798;3788;3793;3796;3791;3794;0;0;0;33
$1;1;6943000;2;0;1498;48215;34392;28635;399;0;3795;3792;3792;3798;3788;3793;3796;3791;3794;0;0;0;36
$1;1;6944000;2;0;1498;48214;34393;28639;399;0;3796;3792;3792;3798;3788;3793;3796;3791;3794;0;0;0;44
$1;1;6945000;2;0;1499;48213;34393;28643;399;0;3796;3792;3792;3798;3788;3793;3796;3791;3794;0;0;0;38
$1;1;6946000;2;0;1498;48215;34394;28647;399;0;3796;3792;3792;3798;3788;3793;3796;3791;3794;0;0;0;33
$1;1;6947000;2;0;1500;48214;34395;28651;399;0;3796;3792;3792;3799;3788;3793;3796;3792;3795;0;0;0;36
$1;1;6948000;2;0;1500;48214;34396;28656;399;0;3796;3792;3792;3799;3788;3793;3796;3792;3795;0;0;0;47
$1;1;6949000;2;0;1499;48215;34395;28660;399;0;3796;3792;3792;3799;3788;3793;3796;3792;3795;0;0;0;40
$1;1;6950000;2;0;1498;48216;34396;28664;398;0;3796;3792;3792;3799;3788;3794;3796;3792;3795;0;0;0;35
$1;1;6951000;2;0;1500;48213;34397;28668;398;0;3796;3792;3792;3799;3788;3794;3796;3792;3795;0;0;0;42
$1;1;6952000;2;0;1499;48216;34396;28672;398;0;3796;3792;3792;3799;3788;3793;3796;3792;3795;0;0;0;32
$1;1;6953000;2;0;1501;48213;34397;28676;398;0;3796;3792;3792;3799;3788;3794;3796;3792;3795;0;0;0;38
$1;1;6954000;2;0;1499;48214;34398;28681;398;0;3796;3792;3792;3799;3788;3794;3796;3792;3795;0;0;0;33
$1;1;6955000;2;0;1498;48215;34398;28685;398;0;3796;3792;3792;3799;3788;3794;3796;3792;3795;0;0;0;36
$1;1;6956000;2;0;1502;48213;34399;28689;398;0;3796;3792;3792;3799;3788;3794;3796;3792;3795;0;0;0;46
$1;1;6957000;2;0;1499;48215;34399;28693;398;0;3796;3792;3792;3799;3788;3794;3796;3792;3795;0;0;0;33
$1;1;6958000;2;0;1501;48214;34401;28697;398;0;3796;3792;3793;3799;3788;3794;3797;3792;3795;0;0;0;45
$1;1;6959000;2;0;1498;48218;34400;28701;398;0;3796;3793;3792;3799;3788;3794;3796;3792;3795;0;0;0;47
$1;1;6960000;2;0;1500;48216;34401;28705;398;0;3796;3792;3793;3799;3788;3794;3797;3792;3795;0;0;0;47
$1;1;6961000;2;0;1500;48212;34401;28710;398;0;3796;3792;3793;3799;3788;3794;3797;3792;3795;0;0;0;46
$1;1;6962000;2;0;1500;48212;34402;28714;398;0;3797;3793;3793;3799;3789;3794;3797;3792;3795;0;0;0;43
$1;1;6963000;2;0;1500;48212;34403;28718;398;0;3797;3793;3793;3799;3789;3794;3797;3792;3795;0;0;0;39
$1;1;6964000;2;0;1498;48214;34403;28722;399;0;3797;3793;3793;3800;3789;3794;3797;3793;3796;0;0;0;35
$1;1;6965000;2;0;1501;48212;34405;28726;398;0;3797;3793;3793;3800;3789;3795;3797;3793;3795;0;0;0;36
$1;1;6966000;2;0;1500;48213;34405;28730;398;0;3797;3793;3793;3799;3789;3794;3797;3793;3795;0;0;0;46
$1;1;6967000;2;0;1498;48213;34405;28735;398;0;3797;3793;3793;3799;3789;3794;3797;3793;3796;0;0;0;41
$1;1;6968000;2;0;1500;48213;34405;28739;398;0;3797;3793;3793;3800;3789;3795;3797;3793;3796;0;0;0;36
$1;1;6969000;2;0;1500;48212;34405;28743;398;0;3797;3793;3793;3800;3789;3795;3797;3793;3796;0;0;0;41
$1;1;6970000;2;0;1498;48214;34406;28747;398;0;3797;3793;3793;3800;3789;3795;3797;3793;3796;0;0;0;32
$1;1;6971000;2;0;1499;48214;34406;28751;398;0;3797;3793;3793;3800;3789;3795;3797;3793;3796;0;0;0;39
$1;1;6972000;2;0;1501;48213;34408;28755;398;0;3797;3793;3793;3800;3789;3795;3797;3793;3796;0;0;0;41
$1;1;6973000;2;0;1500;48213;34408;28760;398;0;3797;3793;3793;3800;3789;3795;3798;3793;3796;0;0;0;32
$1;1;6974000;2;0;1500;48215;34408;28764;398;0;3797;3793;3793;3800;3789;3795;3797;3793;3796;0;0;0;42
$1;1;6975000;2;0;1501;48213;34409;28768;398;0;3797;3794;3794;3800;3790;3795;3798;3793;3796;0;0;0;38
$1;128;6975000;300;118;15;13;12;14;11;12;14;13;14;0;0;0;18
$1;1;6976000;2;0;1500;48215;34410;28772;398;0;3797;3794;3794;3800;3790;3795;3798;3793;3796;0;0;0;33
$1;1;6977000;2;0;1500;48214;34410;28776;398;0;3798;3793;3794;3800;3790;3795;3798;3793;3796;0;0;0;45
$1;1;6978000;2;0;1500;48213;34410;28780;398;0;3797;3794;3794;3800;3789;3795;3798;3793;3796;0;0;0;44
$1;1;6979000;2;0;1500;48211;34411;28785;398;0;3797;3794;3794;3800;3790;3795;3798;3793;3796;0;0;0;35
$1;1;6980000;2;0;1499;48212;34411;28789;398;0;3798;3794;3794;3800;3790;3795;3798;3793;3796;0;0;0;36
$1;1;6981000;2;0;1500;48211;34411;28793;398;0;3798;3794;3794;3800;3790;3795;3798;3793;3796;0;0;0;44
$1;1;6982000;2;0;1499;48211;34412;28797;398;0;3798;3794;3794;3800;3790;3795;3798;3793;3796;0;0;0;41
$1;1;6983000;2;0;1499;48212;34412;28801;398;0;3798;3794;3794;3800;3790;3795;3798;3794;3796;0;0;0;44
$1;1;6984000;2;0;1501;48211;34414;28805;398;0;3798;3794;3794;3801;3790;3795;3798;3794;3797;0;0;0;42
$1;1;6985000;2;0;1499;48212;34414;28810;398;0;3798;3794;3794;3800;3790;3795;3798;3794;3797;0;0;0;45
$1;1;6986000;2;0;1499;48212;34414;28814;398;0;3798;3794;3794;3801;3790;3795;3798;3794;3797;0;0;0;43
$1;1;6987000;2;0;1490;48218;34411;28818;398;0;3798;3794;3794;3800;3790;3796;3798;3793;3796;0;0;0;36
$1;1;6988000;2;0;1498;48213;34415;28822;398;0;3798;3794;3794;3801;3790;3795;3798;3794;3797;0;0;0;33
$1;1;6989000;2;0;1501;48211;34416;28826;398;0;3798;3794;3794;3801;3790;3796;3798;3794;3797;0;0;0;39
$1;1;6990000;2;0;1500;48212;34415;28830;397;0;3798;3794;3794;3801;3790;3796;3798;3794;3797;0;0;0;38
$1;1;6991000;2;0;1492;48217;34414;28834;398;0;3798;3794;3794;3801;3790;3796;3798;3794;3797;0;0;0;34
$1;1;6992000;2;0;1478;48227;34410;28838;397;0;3798;3794;3794;3801;3790;3795;3798;3794;3797;0;0;0;34
$1;1;6993000;2;0;1498;48214;34417;28843;397;0;3798;3795;3795;3801;3790;3796;3798;3794;3797;0;0;0;37
$1;1;6994000;2;0;1500;48213;34417;28847;397;0;3798;3794;3795;3801;3790;3796;3798;3794;3797;0;0;0;32
$1;1;6995000;2;0;1502;48210;34418;28851;398;0;3798;3795;3795;3801;3791;3796;3798;3794;3797;0;0;0;39
$1;1;6996000;2;0;1499;48211;34418;28855;398;0;3798;3795;3794;3802;3790;3796;3798;3794;3797;0;0;0;33
$1;1;6997000;2;0;1498;48211;34418;28859;398;0;3798;3795;3795;3801;3790;3796;3798;3794;3797;0;0;0;47
$1;1;6998000;2;0;1473;48226;34411;28863;398;0;3798;3794;3795;3801;3790;3796;3798;3794;3797;0;0;0;32
$1;1;6999000;2;0;1499;48211;34419;28867;398;0;3798;3795;3795;3801;3791;3796;3799;3794;3797;0;0;0;44
$1;1;7000000;2;0;1499;48212;34420;28872;398;0;3799;3795;3795;3802;3791;3796;3799;3794;3797;0;0;0;43
$1;1;7001000;2;0;1501;48211;34420;28876;398;0;3799;3795;3795;3802;3791;3796;3799;3794;3797;0;0;0;45
$1;1;7002000;2;0;1498;48212;34420;28880;398;0;3799;3795;3795;3801;3791;3796;3799;3795;3797;0;0;0;39
$1;1;7003000;2;0;1500;48211;34420;28884;398;0;3799;3795;3795;3801;3791;3796;3799;3795;3798;0;0;0;46
$1;1;7004000;2;0;1501;48211;34422;28888;398;0;3799;3795;3795;3802;3791;3797;3799;3795;3797;0;0;0;43
$1;1;7005000;2;0;1500;48211;34422;28892;398;0;3799;3795;3795;3802;3791;3797;3799;3795;3797;0;0;0;32
$1;1;7006000;2;0;1504;48207;34423;28897;398;0;3799;3795;3795;3802;3791;3797;3799;3795;3797;0;0;0;36
$1;1;7007000;2;0;1477;48224;34417;28901;397;0;3799;3795;3795;3802;3791;3796;3799;3795;3797;0;0;0;38
$1;1;7008000;2;0;1492;48216;34421;28905;397;0;3799;3795;3795;3802;3791;3796;3799;3795;3797;0;0;0;34
$1;1;7009000;2;0;1498;48213;34424;28909;398;0;3799;3795;3795;3802;3791;3796;3799;3795;3798;0;0;0;37
$1;1;7010000;2;0;1501;48211;34425;28913;397;0;3799;3795;3795;3802;3791;3797;3799;3795;3798;0;0;0;42
$1;1;7011000;2;0;1503;48210;34426;28917;397;0;3799;3795;3795;3803;3791;3797;3799;3795;3798;0;0;0;46
$1;1;7012000;2;0;1503;48211;34426;28921;397;0;3799;3795;3795;3802;3791;3797;3799;3795;3798;0;0;0;40
$1;1;7013000;2;0;1499;48211;34426;28926;397;0;3799;3795;3795;3802;3791;3797;3799;3795;3798;0;0;0;44
$1;1;7014000;2;0;1500;48210;34427;28930;398;0;3799;3796;3796;3802;3791;3797;3799;3795;3798;0;0;0;34
$1;1;7015000;2;0;1499;48210;34427;28934;398;0;3799;3796;3795;3803;3791;3797;3799;3795;3798;0;0;0;36
$1;1;7016000;2;0;1500;48210;34428;28938;398;0;3799;3796;3796;3803;3791;3797;3800;3795;3798;0;0;0;41
$1;1;7017000;2;0;1501;48208;34428;28943;398;0;3800;3796;3796;3803;3792;3797;3800;3795;3798;0;0;0;32
$1;1;7018000;2;0;1488;48217;34424;28946;398;0;3799;3796;3796;3802;3791;3797;3799;3795;3798;0;0;0;42
$1;1;7019000;2;0;1500;48210;34429;28950;398;0;3800;3796;3796;3803;3792;3797;3800;3795;3798;0;0;0;37
$1;1;7020000;2;0;1499;48211;34429;28954;398;0;3800;3796;3796;3803;3792;3797;3800;3795;3798;0;0;0;43
$1;1;7021000;2;0;1500;48210;34429;28958;398;0;3800;3796;3796;3803;3792;3797;3800;3795;3798;0;0;0;38
$1;1;7022000;2;0;1498;48211;34429;28962;398;0;3800;3796;3796;3803;3792;3797;3800;3795;3798;0;0;0;45
$1;1;7023000;2;0;1502;48210;34430;28967;397;0;3800;3796;3796;3803;3792;3797;3800;3796;3798;0;0;0;46
$1;1;7024000;2;0;1500;48210;34430;28971;397;0;3800;3796;3796;3803;3792;3797;3800;3796;3799;0;0;0;45
$1;1;7025000;2;0;1501;48211;34431;28975;397;0;3800;3796;3796;3803;3792;3797;3800;3796;3799;0;0;0;41
$1;1;7026000;2;0;1482;48220;34426;28979;397;0;3800;3796;3796;3803;3792;3797;3800;3795;3798;0;0;0;42
$1;1;7027000;2;0;1497;48212;34432;28983;397;0;3800;3796;3796;3803;3792;3798;3800;3796;3798;0;0;0;34
$1;1;7028000;2;0;1501;48210;34433;28988;397;0;3800;3796;3796;3803;3792;3798;3800;3796;3799;0;0;0;42
$1;1;7029000;2;0;1469;48229;34424;28991;396;0;3800;3796;3796;3803;3792;3797;3800;3795;3798;0;0;0;44
$1;1;7030000;2;0;1474;48226;34426;28995;397;0;3800;3796;3796;3803;3792;3797;3800;3795;3798;0;0;0;32
$1;1;7031000;2;0;1496;48211;34432;29000;397;0;3800;3796;3796;3803;3792;3798;3800;3796;3799;0;0;0;37
$1;1;7032000;2;0;1468;48226;34425;29004;398;0;3800;3796;3796;3803;3792;3798;3800;3796;3798;0;0;0;47
$1;1;7033000;2;0;1455;48233;34420;29008;398;0;3800;3796;3796;3803;3792;3797;3799;3795;3798;0;0;0;46
$1;1;7034000;2;0;1442;48243;34417;29012;398;0;3799;3796;3796;3803;3792;3797;3799;3795;3798;0;0;0;40
$1;1;7035000;2;0;1487;48217;34431;29016;398;0;3800;3796;3796;3803;3792;3798;3800;3796;3798;0;0;0;45
$1;128;7035000;302;119;15;12;12;14;10;13;15;13;15;0;0;0;28
$1;1;7036000;2;0;1441;48243;34417;29020;398;0;3799;3796;3796;3803;3792;3797;3799;3795;3798;0;0;0;40
$1;1;7037000;2;0;1443;48243;34418;29023;398;0;3799;3796;3796;3803;3792;3797;3800;3795;3798;0;0;0;40
$1;1;7038000;2;0;1450;48239;34421;29027;398;0;3800;3796;3796;3803;3792;3797;3800;3795;3798;0;0;0;41
$1;1;7039000;2;0;1478;48223;34429;29032;398;0;3800;3796;3796;3803;3792;3798;3800;3796;3798;0;0;0;41
$1;1;7040000;2;0;1468;48228;34428;29036;397;0;3800;3796;3796;3804;3792;3798;3800;3796;3799;0;0;0;33
$1;1;7041000;2;0;1471;48227;34429;29040;397;0;3800;3796;3796;3803;3792;3798;3800;3796;3799;0;0;0;32
$1;1;7042000;2;0;1486;48220;34434;29044;397;0;3800;3796;3796;3804;3792;3798;3800;3796;3799;0;0;0;35
$1;1;7043000;2;0;1489;48218;34435;29048;397;0;3800;3796;3797;3804;3793;3798;3800;3796;3799;0;0;0;43
$1;1;7044000;2;0;1464;48231;34429;29052;397;0;3800;3796;3797;3803;3792;3798;3800;3796;3799;0;0;0;36
$1;1;7045000;2;0;1450;48239;34424;29056;397;0;3800;3796;3797;3804;3792;3798;3800;3796;3799;0;0;0;36
$1;1;7046000;2;0;1446;48242;34423;29061;397;0;3800;3796;3796;3803;3792;3798;3800;3796;3799;0;0;0;41
$1;1;7047000;2;0;1472;48228;34431;29065;396;0;3800;3796;3797;3804;3793;3798;3800;3796;3799;0;0;0;34
$1;1;7048000;2;0;1461;48234;34429;29069;396;0;3800;3797;3797;3803;3793;3798;3800;3796;3799;0;0;0;33
$1;1;7049000;2;0;1435;48247;34420;29073;397;0;3800;3796;3796;3803;3792;3797;3800;3796;3798;0;0;0;41
$1;1;7050000;2;0;1460;48233;34429;29077;397;0;3800;3796;3797;3803;3792;3798;3800;3796;3799;0;0;0;32
$1;1;7051000;2;0;1414;48258;34415;29081;397;0;3800;3796;3796;3803;3792;3797;3800;3796;3798;0;0;0;38
$1;1;7052000;2;0;1481;48223;34435;29085;397;0;3801;3797;3797;3804;3793;3798;3801;3796;3799;0;0;0;43
$1;1;7053000;2;0;1496;48215;34441;29089;397;0;3801;3797;3797;3805;3793;3799;3801;3797;3799;0;0;0;39
$1;1;7054000;2;0;1468;48230;34433;29093;397;0;3801;3797;3797;3804;3793;3798;3801;3797;3799;0;0;0;40
$1;1;7055000;2;0;1469;48229;34433;29097;397;0;3801;3797;3797;3804;3793;3798;3801;3797;3799;0;0;0;36
$1;1;7056000;2;0;1459;48235;34431;29100;397;0;3800;3797;3797;3804;3793;3798;3801;3797;3799;0;0;0;37
$1;1;7057000;2;0;1497;48214;34443;29105;396;0;3801;3797;3797;3805;3793;3799;3801;3797;3800;0;0;0;42
$1;1;7058000;2;0;1449;48241;34429;29109;396;0;3801;3797;3797;3804;3793;3798;3801;3797;3799;0;0;0;41
$1;1;7059000;2;0;1476;48226;34438;29113;396;0;3801;3797;3797;3804;3793;3799;3801;3797;3800;0;0;0;32
$1;1;7060000;2;0;1478;48225;34438;29117;396;0;3801;3797;3797;3805;3793;3799;3801;3797;3799;0;0;0;45
$1;1;7061000;2;0;1484;48224;34441;29121;396;0;3801;3797;3797;3805;3793;3799;3801;3797;3800;0;0;0;42
$1;1;7062000;2;0;1405;48266;34417;29125;396;0;3800;3797;3797;3804;3793;3798;3800;3796;3799;0;0;0;47
$1;1;7063000;2;0;1445;48244;34429;29129;396;0;3801;3797;3797;3804;3793;3798;3801;3797;3799;0;0;0;42
$1;1;7064000;2;0;1418;48258;34421;29133;396;0;3800;3797;3797;3803;3793;3798;3801;3796;3799;0;0;0;44
$1;1;7065000;2;0;1434;48252;34427;29137;396;0;3801;3797;3797;3804;3793;3798;3801;3797;3799;0;0;0;44
$1;1;7066000;2;0;1448;48243;34432;29141;396;0;3801;3797;3797;3804;3793;3799;3801;3797;3799;0;0;0;32
$1;1;7067000;2;0;1493;48216;34445;29145;397;0;3801;3798;3798;3805;3793;3799;3801;3797;3800;0;0;0;44
$1;1;7068000;2;0;1480;48225;34442;29150;398;0;3801;3798;3798;3805;3793;3799;3802;3797;3800;0;0;0;46
$1;1;7069000;2;0;1440;48247;34430;29154;398;0;3801;3797;3797;3804;3793;3799;3801;3797;3799;0;0;0;43
$1;1;7070000;2;0;1485;48222;34444;29157;398;0;3801;3798;3798;3805;3793;3799;3802;3797;3800;0;0;0;36
$1;1;7071000;2;0;1497;48214;34449;29162;398;0;3802;3798;3798;3805;3794;3800;3802;3798;3800;0;0;0;44
$1;1;7072000;2;0;1456;48236;34437;29166;398;0;3801;3798;3798;3805;3794;3799;3802;3797;3800;0;0;0;44
$1;1;7073000;2;0;1450;48241;34436;29170;398;0;3801;3798;3798;3805;3794;3799;3802;3797;3800;0;0;0;45
$1;1;7074000;2;0;1448;48242;34436;29174;399;0;3801;3798;3798;3805;3793;3799;3801;3797;3800;0;0;0;33
$1;1;7075000;2;0;1445;48243;34435;29178;399;0;3801;3798;3798;3805;3793;3799;3802;3797;3800;0;0;0;32
$1;1;7076000;2;0;1442;48246;34434;29182;399;0;3801;3798;3798;3805;3794;3799;3802;3797;3800;0;0;0;34
$1;1;7077000;2;0;1443;48246;34435;29186;399;0;3801;3798;3798;3805;3794;3799;3802;3797;3800;0;0;0;39
$1;1;7078000;2;0;1427;48255;34431;29190;399;0;3801;3798;3798;3805;3793;3799;3802;3797;3800;0;0;0;44
$1;1;7079000;2;0;1423;48256;34430;29195;400;0;3801;3798;3798;3805;3793;3799;3802;3797;3800;0;0;0;41
$1;1;7080000;2;0;1441;48246;34437;29199;400;0;3802;3798;3798;3805;3794;3799;3802;3798;3800;0;0;0;42
$1;1;7081000;2;0;1472;48229;34446;29203;400;0;3802;3798;3798;3806;3794;3800;3802;3798;3800;0;0;0;40
$1;1;7082000;2;0;1498;48215;34454;29207;401;0;3802;3798;3799;3806;3795;3800;3803;3798;3801;0;0;0;38
$1;1;7083000;2;0;1505;48210;34457;29211;401;0;3803;3799;3799;3807;3795;3800;3803;3798;3801;0;0;0;34
$1;1;7084000;2;0;1468;48229;34447;29216;402;0;3802;3798;3799;3806;3794;3800;3803;3798;3800;0;0;0;33
$1;1;7085000;2;0;1456;48235;34443;29220;403;0;3802;3798;3798;3806;3794;3800;3803;3798;3800;0;0;0;33
$1;1;7086000;2;0;1433;48250;34437;29224;403;0;3802;3798;3798;3805;3794;3800;3802;3798;3800;0;0;0;39
$1;1;7087000;2;0;1493;48216;34455;29228;404;0;3803;3799;3799;3806;3795;3800;3803;3798;3801;0;0;0;34
$1;1;7088000;2;0;1461;48234;34446;29232;405;0;3802;3798;3799;3805;3794;3800;3803;3798;3801;0;0;0;42
$1;1;7089000;2;0;1466;48230;34448;29236;405;0;3802;3799;3799;3806;3794;3800;3803;3798;3801;0;0;0;32
$1;1;7090000;2;0;1435;48248;34440;29240;405;0;3802;3798;3798;3806;3794;3800;3803;3798;3801;0;0;0;40
$1;1;7091000;2;0;1479;48226;34453;29244;405;0;3803;3799;3799;3806;3795;3800;3803;3798;3801;0;0;0;47
$1;1;7092000;2;0;1456;48237;34447;29248;405;0;3802;3799;3799;3806;3795;3800;3803;3798;3801;0;0;0;41
$1;1;7093000;2;0;1447;48243;34444;29252;406;0;3802;3799;3799;3806;3795;3800;3803;3798;3801;0;0;0;32
$1;1;7094000;2;0;1475;48227;34453;29257;406;0;3803;3799;3799;3806;3795;3800;3803;3799;3801;0;0;0;39
$1;1;7095000;2;0;1497;48216;34461;29261;406;0;3803;3799;3799;3806;3795;3801;3804;3799;3802;0;0;0;41
$1;128;7095000;299;120;15;13;12;14;11;12;15;13;15;0;0;0;30
$1;1;7096000;2;0;1452;48240;34447;29265;406;0;3803;3799;3799;3806;3795;3800;3803;3799;3801;0;0;0;37
$1;1;7097000;2;0;1426;48255;34441;29269;406;0;3802;3798;3799;3806;3795;3800;3803;3798;3801;0;0;0;40
$1;1;7098000;2;0;1419;48258;34438;29273;406;0;3802;3799;3799;3806;3794;3800;3802;3798;3801;0;0;0;34
$1;1;7099000;2;0;1494;48218;34461;29277;407;0;3803;3799;3800;3807;3795;3801;3804;3799;3802;0;0;0;32
$1;1;7100000;2;0;1470;48230;34453;29281;407;0;3803;3799;3799;3806;3795;3801;3803;3799;3801;0;0;0;35
$1;1;7101000;2;0;1463;48231;34452;29286;407;0;3803;3799;3799;3806;3795;3800;3803;3799;3801;0;0;0;38
$1;1;7102000;2;0;1482;48220;34458;29290;408;0;3803;3799;3799;3807;3795;3801;3803;3799;3801;0;0;0;40
$1;1;7103000;2;0;1457;48234;34451;29294;408;0;3803;3799;3799;3807;3795;3800;3803;3799;3801;0;0;0;40
$1;1;7104000;2;0;1453;48237;34450;29298;408;0;3803;3799;3799;3806;3795;3801;3803;3799;3801;0;0;0;37
$1;1;7105000;2;0;1461;48234;34453;29302;408;0;3803;3799;3799;3807;3795;3801;3804;3799;3802;0;0;0;34
$1;1;7106000;2;0;1443;48244;34449;29306;408;0;3803;3799;3799;3807;3795;3801;3803;3799;3801;0;0;0;45
$1;1;7107000;2;0;1472;48228;34458;29310;408;0;3803;3800;3800;3807;3796;3801;3804;3799;3802;0;0;0;36
$1;1;7108000;2;0;1450;48239;34452;29313;408;0;3803;3799;3800;3807;3795;3801;3803;3799;3801;0;0;0;42
$1;1;7109000;2;0;1448;48241;34451;29318;408;0;3803;3799;3799;3807;3795;3801;3803;3799;3801;0;0;0;42
$1;1;7110000;2;0;1446;48243;34451;29322;408;0;3803;3799;3800;3807;3795;3801;3803;3799;3802;0;0;0;43
$1;1;7111000;2;0;1452;48240;34453;29326;408;0;3803;3799;3800;3807;3795;3801;3803;3799;3802;0;0;0;42
$1;1;7112000;2;0;1494;48217;34466;29330;408;0;3804;3800;3800;3808;3796;3801;3804;3800;3802;0;0;0;44
$1;1;7113000;2;0;1430;48251;34448;29334;408;0;3803;3799;3799;3807;3795;3801;3804;3799;3802;0;0;0;45
$1;1;7114000;2;0;1443;48244;34453;29338;407;0;3803;3800;3800;3807;3796;3801;3804;3799;3802;0;0;0;32
$1;1;7115000;2;0;1479;48226;34464;29343;407;0;3804;3800;3800;3808;3796;3801;3804;3800;3802;0;0;0;35
$1;1;7116000;2;0;1497;48216;34470;29347;407;0;3804;3800;3800;3808;3796;3802;3804;3800;3803;0;0;0;32
$1;1;7117000;2;0;1473;48227;34463;29351;408;0;3804;3800;3800;3807;3796;3802;3805;3800;3802;0;0;0;44
$1;1;7118000;2;0;1481;48222;34465;29355;409;0;3804;3800;3800;3808;3796;3802;3804;3800;3802;0;0;0;38
$1;1;7119000;2;0;1454;48235;34458;29359;408;0;3804;3800;3800;3807;3796;3802;3804;3800;3802;0;0;0;37
$1;1;7120000;2;0;1479;48223;34466;29363;409;0;3804;3800;3800;3808;3796;3802;3804;3800;3802;0;0;0;45
$1;1;7121000;2;0;1496;48214;34473;29368;409;0;3804;3801;3801;3808;3797;3802;3805;3801;3803;0;0;0;38
$1;1;7122000;2;0;1498;48211;34475;29372;408;0;3805;3801;3801;3808;3797;3802;3805;3801;3803;0;0;0;35
$1;1;7123000;2;0;1480;48222;34469;29376;408;0;3804;3801;3801;3808;3796;3802;3805;3800;3803;0;0;0;35
$1;1;7124000;2;0;1434;48246;34454;29380;408;0;3804;3800;3800;3807;3796;3802;3804;3800;3802;0;0;0;33
$1;1;7125000;2;0;1494;48215;34474;29384;408;0;3805;3801;3801;3808;3797;3803;3805;3801;3803;0;0;0;37
$1;1;7126000;2;0;1498;48211;34476;29388;408;0;3805;3801;3801;3808;3797;3803;3805;3801;3803;0;0;0;32
$1;1;7127000;2;0;1500;48211;34477;29393;408;0;3805;3801;3801;3808;3797;3803;3805;3801;3804;0;0;0;45
$1;1;7128000;2;0;1499;48211;34477;29397;407;0;3805;3801;3801;3808;3797;3803;3805;3801;3804;0;0;0;40
$1;1;7129000;2;0;1500;48211;34477;29401;407;0;3805;3801;3801;3808;3797;3803;3806;3801;3804;0;0;0;35
$1;1;7130000;2;0;1499;48212;34477;29405;407;0;3805;3801;3801;3808;3797;3803;3806;3801;3804;0;0;0;45
$1;1;7131000;2;0;1499;48212;34478;29409;407;0;3805;3801;3801;3808;3797;3803;3806;3801;3804;0;0;0;47
$1;1;7132000;2;0;1498;48210;34479;29413;407;0;3805;3802;3801;3808;3797;3803;3806;3801;3804;0;0;0;38
$1;1;7133000;2;0;1501;48207;34479;29418;407;0;3805;3801;3802;3808;3797;3803;3806;3801;3804;0;0;0;43
$1;1;7134000;2;0;1500;48209;34481;29422;407;0;3805;3802;3802;3809;3797;3803;3806;3801;3804;0;0;0;47
$1;1;7135000;2;0;1501;48208;34481;29426;407;0;3805;3802;3802;3808;3798;3803;3806;3801;3804;0;0;0;36
$1;1;7136000;2;0;1500;48209;34482;29430;407;0;3806;3802;3802;3809;3798;3803;3806;3802;3804;0;0;0;34
$1;1;7137000;2;0;1501;48208;34482;29434;407;0;3805;3802;3802;3809;3798;3803;3806;3801;3804;0;0;0;39
$1;1;7138000;2;0;1500;48208;34482;29438;407;0;3806;3802;3802;3809;3798;3803;3806;3802;3804;0;0;0;37
$1;1;7139000;2;0;1498;48210;34483;29442;407;0;3806;3802;3802;3809;3798;3803;3806;3802;3804;0;0;0;33
$1;1;7140000;2;0;1499;48209;34484;29447;407;0;3806;3802;3802;3809;3798;3803;3806;3802;3804;0;0;0;36
$1;1;7141000;2;0;1500;48208;34484;29451;407;0;3806;3802;3802;3809;3798;3804;3806;3802;3804;0;0;0;37
$1;1;7142000;2;0;1499;48210;34485;29455;407;0;3806;3802;3802;3809;3798;3803;3806;3802;3804;0;0;0;44
$1;1;7143000;2;0;1499;48210;34485;29459;406;0;3806;3802;3802;3809;3798;3804;3806;3802;3804;0;0;0;39
$1;1;7144000;2;0;1501;48210;34487;29463;406;0;3806;3802;3802;3809;3798;3804;3806;3802;3805;0;0;0;42
$1;1;7145000;2;0;1499;48210;34486;29468;406;0;3806;3802;3802;3809;3798;3804;3806;3802;3805;0;0;0;33
$1;1;7146000;2;0;1499;48210;34487;29472;406;0;3806;3802;3802;3809;3798;3804;3807;3802;3805;0;0;0;41
$1;1;7147000;2;0;1500;48210;34488;29476;406;0;3806;3802;3802;3809;3798;3804;3807;3802;3805;0;0;0;34
$1;1;7148000;2;0;1500;48210;34489;29480;406;0;3806;3802;3802;3809;3798;3804;3807;3802;3805;0;0;0;37
$1;1;7149000;2;0;1500;48206;34489;29484;406;0;3806;3802;3802;3809;3798;3804;3807;3802;3805;0;0;0;39
$1;1;7150000;2;0;1501;48206;34489;29488;406;0;3806;3803;3802;3809;3798;3804;3807;3802;3805;0;0;0;35
$1;1;7151000;2;0;1499;48208;34489;29492;406;0;3806;3803;3803;3809;3798;3804;3807;3802;3805;0;0;0;38
$1;1;7152000;2;0;1501;48207;34490;29497;406;0;3806;3803;3803;3809;3799;3804;3807;3802;3805;0;0;0;38
$1;1;7153000;2;0;1500;48208;34490;29501;406;0;3806;3803;3803;3809;3799;3804;3807;3802;3805;0;0;0;39
$1;1;7154000;2;0;1501;48207;34491;29505;406;0;3806;3803;3803;3810;3799;3804;3807;3803;3805;0;0;0;34
$1;1;7155000;2;0;1499;48208;34490;29509;406;0;3806;3803;3803;3809;3799;3804;3807;3803;3805;0;0;0;41
$1;1;7156000;2;0;1498;48209;34491;29513;406;0;3807;3803;3803;3810;3799;3804;3807;3803;3805;0;0;0;41
$1;128;7156000;304;118;15;13;12;14;11;12;14;13;14;0;0;0;30
$1;1;7157000;2;0;1499;48208;34492;29517;405;0;3807;3803;3803;3810;3799;3804;3807;3803;3805;0;0;0;44
$1;1;7158000;2;0;1500;48209;34493;29522;405;0;3807;3803;3803;3810;3799;3804;3807;3803;3805;0;0;0;36
$1;1;7159000;2;0;1500;48208;34493;29526;405;0;3807;3803;3803;3810;3799;3804;3807;3803;3806;0;0;0;35
$1;1;7160000;2;0;1499;48208;34493;29530;405;0;3807;3803;3803;3810;3799;3805;3807;3803;3805;0;0;0;45
$1;1;7161000;2;0;1499;48208;34494;29534;405;0;3807;3803;3803;3810;3799;3805;3807;3803;3805;0;0;0;47
$1;1;7162000;2;0;1499;48209;34494;29538;405;0;3807;3803;3803;3810;3799;3805;3807;3803;3806;0;0;0;34
$1;1;7163000;2;0;1500;48209;34496;29542;404;0;3807;3803;3803;3810;3799;3805;3807;3803;3806;0;0;0;44
$1;1;7164000;2;0;1499;48208;34496;29547;404;0;3807;3803;3803;3810;3799;3805;3807;3803;3806;0;0;0;46
$1;1;7165000;2;0;1500;48206;34496;29551;405;0;3807;3803;3803;3810;3799;3805;3807;3803;3806;0;0;0;38
$1;1;7166000;2;0;1499;48205;34496;29555;405;0;3807;3803;3803;3810;3799;3805;3807;3803;3805;0;0;0;32
$1;1;7167000;2;0;1499;48204;34497;29559;405;0;3807;3803;3803;3810;3799;3805;3807;3803;3806;0;0;0;46
$1;1;7168000;2;0;1499;48205;34498;29563;405;0;3807;3804;3804;3810;3799;3805;3808;3803;3806;0;0;0;41
$1;1;7169000;2;0;1492;48210;34496;29567;405;0;3807;3803;3803;3810;3799;3805;3807;3803;3806;0;0;0;34
$1;1;7170000;2;0;1477;48218;34491;29572;405;0;3807;3803;3804;3810;3799;3805;3807;3803;3806;0;0;0;45
$1;1;7171000;2;0;1492;48210;34496;29576;405;0;3807;3803;3804;3810;3799;3805;3807;3803;3806;0;0;0;44
$1;1;7172000;2;0;1487;48213;34495;29580;405;0;3807;3803;3803;3810;3799;3805;3807;3803;3806;0;0;0;37
$1;1;7173000;2;0;1500;48206;34499;29584;404;0;3807;3804;3804;3810;3800;3805;3808;3803;3806;0;0;0;39
$1;1;7174000;2;0;1500;48205;34500;29588;404;0;3807;3804;3804;3811;3800;3805;3808;3804;3806;0;0;0;40
$1;1;7175000;2;0;1480;48218;34495;29593;404;0;3807;3804;3804;3810;3800;3805;3808;3803;3806;0;0;0;45
$1;1;7176000;2;0;1500;48205;34501;29597;404;0;3808;3804;3804;3811;3800;3805;3808;3804;3806;0;0;0;42
$1;1;7177000;2;0;1498;48206;34501;29601;403;0;3808;3804;3804;3811;3800;3805;3808;3804;3806;0;0;0;35
$1;1;7178000;2;0;1480;48216;34496;29605;403;0;3807;3803;3804;3811;3800;3805;3808;3803;3806;0;0;0;32
$1;1;7179000;2;0;1497;48208;34501;29610;403;0;3808;3804;3804;3811;3800;3805;3808;3804;3806;0;0;0;44
$1;1;7180000;2;0;1499;48206;34502;29614;403;0;3808;3804;3804;3811;3800;3805;3808;3804;3807;0;0;0;44
$1;1;7181000;2;0;1502;48205;34504;29618;402;0;3808;3804;3804;3811;3800;3805;3808;3804;3806;0;0;0;39
$1;1;7182000;2;0;1463;48222;34492;29622;403;0;3807;3804;3804;3811;3800;3805;3807;3803;3806;0;0;0;38
$1;1;7183000;2;0;1449;48231;34489;29626;403;0;3807;3804;3804;3811;3800;3805;3807;3803;3806;0;0;0;35
$1;1;7184000;2;0;1494;48207;34502;29630;403;0;3808;3804;3804;3811;3800;3806;3808;3804;3807;0;0;0;33
$1;1;7185000;2;0;1499;48203;34504;29635;404;0;3808;3804;3804;3811;3800;3806;3808;3804;3806;0;0;0;44
$1;1;7186000;2;0;1504;48200;34507;29639;403;0;3808;3804;3804;3812;3800;3806;3809;3804;3807;0;0;0;34
$1;1;7187000;2;0;1500;48202;34505;29643;403;0;3808;3804;3804;3812;3800;3806;3808;3804;3807;0;0;0;43
$1;1;7188000;2;0;1500;48203;34506;29647;403;0;3808;3804;3804;3811;3800;3806;3809;3804;3807;0;0;0;32
$1;1;7189000;2;0;1484;48212;34501;29651;403;0;3808;3804;3804;3811;3800;3806;3808;3804;3806;0;0;0;44
$1;1;7190000;2;0;1500;48203;34507;29655;403;0;3808;3805;3804;3812;3801;3806;3808;3804;3807;0;0;0;41
$1;1;7191000;2;0;1502;48202;34509;29659;402;0;3808;3805;3805;3812;3801;3806;3809;3804;3807;0;0;0;40
$1;1;7192000;2;0;1502;48202;34508;29664;402;0;3808;3805;3805;3812;3801;3806;3809;3804;3807;0;0;0;36
$1;1;7193000;2;0;1500;48203;34508;29668;402;0;3809;3805;3805;3812;3801;3806;3809;3804;3807;0;0;0;43
$1;1;7194000;2;0;1500;48203;34509;29672;402;0;3809;3805;3805;3812;3801;3806;3809;3805;3807;0;0;0;39
$1;1;7195000;2;0;1500;48203;34510;29676;402;0;3809;3805;3805;3812;3801;3806;3809;3805;3808;0;0;0;37
$1;1;7196000;2;0;1500;48203;34510;29680;402;0;3809;3805;3805;3812;3801;3806;3809;3805;3807;0;0;0;32
$1;1;7197000;2;0;1501;48203;34510;29684;401;0;3809;3805;3805;3812;3801;3806;3809;3805;3807;0;0;0;39
$1;1;7198000;2;0;1501;48203;34511;29689;401;0;3809;3805;3805;3812;3801;3806;3809;3805;3807;0;0;0;36
$1;1;7199000;2;0;1501;48200;34512;29693;402;0;3809;3805;3805;3812;3801;3806;3809;3805;3807;0;0;0;45
$1;1;7200000;2;0;1485;48209;34507;29697;402;0;3809;3805;3805;3812;3801;3806;3809;3805;3807;0;0;0;42
$1;1;7201000;2;0;1497;48203;34511;29701;402;0;3809;3805;3805;3812;3801;3806;3809;3805;3807;0;0;0;43
$1;1;7202000;2;0;1449;48228;34497;29705;402;0;3808;3805;3805;3812;3801;3806;3808;3804;3807;0;0;0;40
$1;1;7203000;2;0;1493;48204;34511;29709;402;0;3809;3805;3805;3812;3801;3807;3809;3805;3807;0;0;0;35
$1;1;7204000;2;0;1493;48204;34512;29714;402;0;3809;3805;3805;3813;3801;3807;3809;3805;3807;0;0;0;42
$1;1;7205000;2;0;1458;48224;34501;29718;402;0;3808;3805;3805;3812;3801;3806;3809;3804;3807;0;0;0;32
$1;1;7206000;2;0;1496;48204;34513;29722;402;0;3809;3805;3805;3813;3801;3807;3809;3805;3808;0;0;0;38
$1;1;7207000;2;0;1499;48202;34514;29726;402;0;3809;3805;3805;3813;3801;3807;3809;3805;3808;0;0;0;45
$1;1;7208000;2;0;1457;48224;34502;29730;401;0;3809;3805;3805;3812;3801;3806;3809;3805;3807;0;0;0;40
$1;1;7209000;2;0;1455;48226;34501;29734;401;0;3809;3805;3805;3812;3801;3806;3809;3805;3807;0;0;0;46
$1;1;7210000;2;0;1468;48218;34506;29738;401;0;3809;3805;3805;3812;3801;3806;3809;3805;3807;0;0;0;46
$1;1;7211000;2;0;1391;48262;34483;29743;401;0;3808;3804;3804;3811;3800;3806;3808;3804;3806;0;0;0;33
$1;1;7212000;2;0;1436;48239;34497;29747;401;0;3808;3805;3805;3811;3801;3806;3808;3804;3807;0;0;0;39
$1;1;7213000;2;0;1497;48204;34514;29751;401;0;3809;3805;3805;3813;3801;3807;3809;3805;3808;0;0;0;35
$1;1;7214000;2;0;1468;48219;34507;29755;401;0;3809;3805;3805;3812;3801;3806;3809;3805;3807;0;0;0;33
$1;1;7215000;2;0;1482;48212;34511;29759;401;0;3809;3805;3806;3813;3801;3807;3809;3805;3808;0;0;0;40
$1;1;7216000;2;0;1415;48247;34491;29763;401;0;3808;3805;3805;3812;3801;3806;3808;3804;3807;0;0;0;40
$1;128;7216000;301;117;15;13;12;14;10;12;14;13;14;0;0;0;18
$1;1;7217000;2;0;1491;48206;34514;29767;402;0;3809;3805;3806;3813;3801;3807;3809;3805;3808;0;0;0;38
$1;1;7218000;2;0;1499;48200;34516;29771;402;0;3809;3805;3806;3813;3802;3807;3810;3805;3808;0;0;0;41
$1;1;7219000;2;0;1475;48215;34511;29775;402;0;3809;3805;3806;3813;3801;3807;3809;3805;3808;0;0;0;38
$1;1;7220000;2;0;1478;48212;34512;29779;401;0;3809;3805;3806;3813;3801;3807;3809;3805;3808;0;0;0;42
$1;1;7221000;2;0;1451;48226;34505;29783;401;0;3809;3805;3806;3813;3802;3807;3809;3805;3807;0;0;0;40
$1;1;7222000;2;0;1476;48214;34513;29788;401;0;3809;3805;3806;3813;3802;3807;3809;3805;3808;0;0;0;44
$1;1;7223000;2;0;1468;48218;34511;29792;401;0;3809;3805;3806;3813;3802;3807;3809;3805;3808;0;0;0;39
$1;1;7224000;2;0;1448;48230;34505;29796;401;0;3809;3805;3806;3813;3802;3807;3809;3805;3808;0;0;0;41
$1;1;7225000;2;0;1426;48243;34500;29800;400;0;3809;3805;3806;3812;3801;3807;3809;3805;3808;0;0;0;34
$1;1;7226000;2;0;1433;48239;34501;29804;400;0;3809;3805;3806;3812;3801;3807;3809;3805;3807;0;0;0;34
$1;1;7227000;2;0;1470;48215;34513;29808;400;0;3810;3806;3806;3813;3802;3807;3810;3806;3808;0;0;0;40
$1;1;7228000;2;0;1490;48206;34519;29812;400;0;3810;3806;3806;3814;3802;3807;3810;3806;3808;0;0;0;45
$1;1;7229000;2;0;1467;48218;34513;29816;400;0;3810;3806;3806;3813;3802;3807;3810;3806;3808;0;0;0;34
$1;1;7230000;2;0;1492;48204;34521;29820;400;0;3810;3806;3806;3813;3802;3808;3810;3806;3809;0;0;0;39
$1;1;7231000;2;0;1455;48224;34510;29824;400;0;3810;3806;3806;3813;3802;3807;3810;3806;3808;0;0;0;39
$1;1;7232000;2;0;1406;48251;34498;29828;400;0;3809;3806;3806;3813;3801;3807;3809;3805;3808;0;0;0;45
$1;1;7233000;2;0;1490;48203;34523;29833;401;0;3810;3806;3807;3814;3802;3808;3810;3806;3809;0;0;0;38
$1;1;7234000;2;0;1497;48198;34525;29837;401;0;3810;3806;3807;3814;3802;3808;3811;3806;3809;0;0;0;36
$1;1;7235000;2;0;1459;48218;34514;29841;401;0;3810;3806;3806;3813;3802;3807;3810;3806;3808;0;0;0;38
$1;1;7236000;2;0;1472;48213;34518;29845;401;0;3810;3806;3806;3813;3802;3808;3810;3806;3809;0;0;0;33
$1;1;7237000;2;0;1498;48199;34526;29849;401;0;3810;3807;3807;3814;3803;3808;3811;3806;3809;0;0;0;35
$1;1;7238000;2;0;1456;48220;34514;29854;400;0;3810;3806;3807;3813;3803;3808;3810;3806;3809;0;0;0;36
$1;1;7239000;2;0;1494;48200;34525;29858;401;0;3811;3807;3807;3815;3803;3808;3811;3806;3809;0;0;0;33
$1;1;7240000;2;0;1489;48204;34525;29862;400;0;3810;3806;3807;3814;3803;3808;3811;3806;3809;0;0;0;46
$1;1;7241000;2;0;1466;48217;34519;29866;400;0;3810;3806;3807;3814;3803;3808;3810;3806;3809;0;0;0;38
$1;1;7242000;2;0;1466;48215;34520;29870;400;0;3810;3807;3807;3814;3803;3808;3811;3806;3809;0;0;0;42
$1;1;7243000;2;0;1400;48254;34500;29874;400;0;3809;3806;3806;3813;3802;3807;3810;3806;3808;0;0;0;41
$1;1;7244000;2;0;1412;48247;34503;29878;400;0;3810;3806;3806;3813;3802;3807;3810;3805;3808;0;0;0;43
$1;1;7245000;2;0;1464;48219;34520;29882;399;0;3810;3806;3807;3814;3803;3808;3810;3806;3809;0;0;0;41
$1;1;7246000;2;0;1463;48218;34520;29886;399;0;3810;3807;3807;3813;3803;3808;3810;3806;3809;0;0;0;46
$1;1;7247000;2;0;1454;48225;34517;29890;399;0;3810;3806;3807;3814;3803;3808;3810;3806;3809;0;0;0;32
$1;1;7248000;2;0;1497;48201;34530;29895;399;0;3811;3807;3807;3815;3803;3809;3811;3807;3810;0;0;0;46
$1;1;7249000;2;0;1499;48198;34532;29899;399;0;3811;3807;3808;3814;3803;3809;3811;3807;3810;0;0;0;34
$1;1;7250000;2;0;1498;48196;34533;29903;399;0;3811;3807;3807;3815;3803;3809;3811;3807;3810;0;0;0;40
$1;1;7251000;2;0;1486;48203;34528;29907;400;0;3811;3807;3807;3815;3803;3809;3811;3807;3809;0;0;0;40
$1;1;7252000;2;0;1456;48219;34520;29912;400;0;3811;3807;3807;3814;3803;3808;3811;3807;3809;0;0;0;33
$1;1;7253000;2;0;1484;48204;34530;29915;400;0;3811;3807;3807;3814;3803;3809;3811;3807;3810;0;0;0;44
$1;1;7254000;2;0;1467;48212;34525;29919;399;0;3811;3807;3807;3814;3803;3809;3811;3807;3809;0;0;0;38
$1;1;7255000;2;0;1401;48250;34504;29923;399;0;3810;3806;3806;3813;3803;3808;3810;3806;3808;0;0;0;45
$1;1;7256000;2;0;1440;48229;34517;29927;399;0;3811;3807;3807;3814;3803;3808;3810;3807;3809;0;0;0;37
$1;1;7257000;2;0;1492;48202;34533;29931;399;0;3811;3808;3807;3815;3804;3809;3811;3807;3810;0;0;0;34
$1;1;7258000;2;0;1501;48196;34537;29936;399;0;3812;3808;3808;3815;3804;3809;3812;3807;3810;0;0;0;36
$1;1;7259000;2;0;1439;48230;34518;29939;399;0;3811;3807;3807;3814;3803;3809;3811;3807;3809;0;0;0;44
$1;1;7260000;2;0;1493;48201;34536;29943;399;0;3812;3808;3808;3815;3804;3809;3812;3807;3810;0;0;0;43
$1;1;7261000;2;0;1451;48223;34524;29947;399;0;3811;3807;3808;3815;3803;3809;3811;3807;3810;0;0;0;43
$1;1;7262000;2;0;1495;48200;34537;29952;398;0;3812;3808;3808;3815;3804;3809;3812;3808;3810;0;0;0;33
$1;1;7263000;2;0;1497;48198;34538;29956;398;0;3812;3808;3808;3815;3804;3810;3812;3808;3810;0;0;0;35
$1;1;7264000;2;0;1501;48196;34540;29960;398;0;3812;3808;3808;3815;3804;3810;3812;3808;3811;0;0;0;47
$1;1;7265000;2;0;1501;48195;34541;29964;398;0;3812;3808;3808;3815;3804;3810;3812;3808;3811;0;0;0;40
$1;1;7266000;2;0;1416;48242;34515;29968;397;0;3811;3807;3808;3814;3804;3809;3811;3807;3810;0;0;0;47
$1;1;7267000;2;0;1404;48248;34512;29972;398;0;3811;3807;3807;3814;3803;3809;3811;3807;3809;0;0;0;36
$1;1;7268000;2;0;1440;48226;34523;29977;399;0;3811;3808;3808;3815;3804;3809;3811;3807;3810;0;0;0;43
$1;1;7269000;2;0;1481;48205;34537;29980;399;0;3812;3808;3808;3815;3804;3810;3812;3808;3810;0;0;0;44
$1;1;7270000;2;0;1498;48196;34542;29984;399;0;3812;3808;3808;3815;3804;3810;3812;3808;3811;0;0;0;34
$1;1;7271000;2;0;1500;48195;34544;29988;399;0;3812;3808;3809;3815;3805;3810;3812;3809;3811;0;0;0;43
$1;1;7272000;2;0;1499;48196;34544;29992;398;0;3812;3809;3809;3815;3805;3810;3812;3808;3811;0;0;0;32
$1;1;7273000;2;0;1499;48195;34544;29997;398;0;3812;3808;3809;3815;3805;3810;3812;3809;3811;0;0;0;39
$1;1;7274000;2;0;1499;48195;34545;30001;398;0;3813;3809;3809;3815;3805;3810;3813;3809;3811;0;0;0;46
$1;1;7275000;2;0;1499;48195;34546;30005;398;0;3813;3809;3809;3815;3805;3810;3813;3809;3811;0;0;0;40
$1;1;7276000;2;0;1500;48195;34546;30009;398;0;3813;3809;3809;3815;3805;3810;3813;3809;3811;0;0;0;38
$1;128;7276000;301;118;15;13;12;14;10;12;15;13;14;0;0;0;26
$1;1;7277000;2;0;1499;48195;34546;30013;397;0;3813;3809;3809;3815;3805;3810;3813;3809;3811;0;0;0;34
$1;1;7278000;2;0;1500;48194;34547;30017;397;0;3813;3809;3809;3816;3805;3811;3813;3809;3811;0;0;0;42
$1;1;7279000;2;0;1500;48195;34548;30022;397;0;3813;3809;3809;3816;3805;3810;3813;3809;3811;0;0;0;34
$1;1;7280000;2;0;1499;48195;34548;30026;397;0;3813;3809;3809;3816;3805;3811;3813;3809;3811;0;0;0;32
$1;1;7281000;2;0;1500;48195;34549;30030;397;0;3813;3809;3809;3816;3805;3811;3813;3809;3811;0;0;0;38
$1;1;7282000;2;0;1501;48195;34549;30034;397;0;3813;3809;3809;3816;3805;3811;3813;3809;3811;0;0;0;32
$1;1;7283000;2;0;1501;48194;34550;30038;396;0;3813;3809;3809;3816;3805;3811;3813;3809;3812;0;0;0;38
$1;1;7284000;2;0;1499;48195;34550;30042;396;0;3813;3809;3810;3816;3805;3811;3813;3809;3812;0;0;0;37
$1;1;7285000;2;0;1499;48192;34550;30047;397;0;3813;3809;3810;3816;3806;3811;3813;3809;3812;0;0;0;36
$1;1;7286000;2;0;1499;48193;34551;30051;397;0;3813;3809;3810;3816;3805;3811;3813;3809;3812;0;0;0;35
$1;1;7287000;2;0;1500;48193;34552;30055;397;0;3813;3809;3810;3816;3806;3811;3813;3809;3812;0;0;0;39
$1;1;7288000;2;0;1498;48194;34552;30059;397;0;3813;3809;3810;3816;3806;3811;3813;3809;3812;0;0;0;35
$1;1;7289000;2;0;1500;48193;34552;30063;397;0;3813;3810;3810;3816;3806;3811;3813;3809;3812;0;0;0;36
$1;1;7290000;2;0;1501;48192;34553;30067;397;0;3813;3810;3810;3816;3806;3811;3813;3809;3812;0;0;0;41
$1;1;7291000;2;0;1500;48192;34554;30072;397;0;3814;3810;3810;3816;3806;3811;3813;3809;3812;0;0;0;45
$1;1;7292000;2;0;1498;48193;34554;30076;397;0;3814;3810;3810;3816;3806;3811;3814;3810;3812;0;0;0;36
$1;1;7293000;2;0;1500;48193;34555;30080;397;0;3814;3810;3810;3816;3806;3811;3814;3809;3812;0;0;0;37
$1;1;7294000;2;0;1499;48193;34555;30084;397;0;3814;3810;3810;3816;3806;3811;3814;3810;3812;0;0;0;47
$1;1;7295000;2;0;1501;48192;34556;30088;396;0;3814;3810;3810;3816;3806;3811;3814;3810;3812;0;0;0;33
$1;1;7296000;2;0;1499;48193;34556;30092;396;0;3814;3810;3810;3816;3806;3811;3814;3810;3813;0;0;0;41
$1;1;7297000;2;0;1499;48194;34556;30096;396;0;3814;3810;3810;3816;3806;3812;3814;3810;3812;0;0;0;41
$1;1;7298000;2;0;1500;48192;34557;30101;396;0;3814;3810;3810;3817;3806;3812;3814;3810;3812;0;0;0;46
$1;1;7299000;2;0;1499;48192;34557;30105;396;0;3814;3810;3810;3817;3806;3812;3814;3810;3813;0;0;0;43
$1;1;7300000;2;0;1501;48194;34560;30109;396;0;3814;3810;3810;3817;3806;3812;3814;3810;3813;0;0;0;36
$1;1;7301000;2;0;1500;48194;34559;30113;396;0;3814;3810;3810;3817;3806;3812;3814;3810;3813;0;0;0;37
$1;1;7302000;2;0;1499;48191;34559;30117;396;0;3814;3810;3810;3817;3806;3812;3814;3810;3813;0;0;0;38
$1;1;7303000;2;0;1500;48191;34560;30122;396;0;3814;3810;3810;3817;3806;3812;3814;3810;3813;0;0;0;42
$1;1;7304000;2;0;1500;48189;34561;30126;396;0;3814;3810;3811;3817;3806;3812;3814;3810;3813;0;0;0;32
$1;1;7305000;2;0;1500;48190;34561;30130;396;0;3814;3810;3811;3817;3807;3812;3814;3810;3813;0;0;0;47
$1;1;7306000;2;0;1500;48190;34561;30134;396;0;3814;3810;3811;3817;3807;3812;3814;3810;3813;0;0;0;40
$1;1;7307000;2;0;1498;48190;34561;30138;396;0;3814;3810;3811;3817;3807;3812;3814;3810;3813;0;0;0;37
$1;1;7308000;2;0;1499;48190;34562;30142;396;0;3814;3810;3811;3817;3807;3812;3814;3810;3813;0;0;0;37
$1;1;7309000;2;0;1498;48190;34561;30147;396;0;3814;3811;3811;3817;3807;3812;3814;3810;3813;0;0;0;34
$1;1;7310000;2;0;1499;48192;34563;30151;396;0;3815;3811;3811;3817;3807;3812;3815;3810;3813;0;0;0;44
$1;1;7311000;2;0;1498;48191;34563;30155;396;0;3815;3811;3811;3817;3807;3812;3814;3811;3813;0;0;0;43
$1;1;7312000;2;0;1488;48197;34561;30159;396;0;3814;3811;3811;3817;3807;3812;3814;3810;3813;0;0;0;33
$1;1;7313000;2;0;1498;48193;34563;30163;395;0;3815;3811;3811;3818;3807;3812;3815;3811;3813;0;0;0;35
$1;1;7314000;2;0;1501;48190;34565;30167;395;0;3815;3811;3811;3818;3807;3813;3815;3811;3813;0;0;0;37
$1;1;7315000;2;0;1501;48190;34566;30172;395;0;3815;3811;3811;3818;3807;3812;3815;3811;3813;0;0;0;34
$1;1;7316000;2;0;1490;48196;34562;30176;395;0;3815;3811;3811;3818;3807;3813;3815;3811;3813;0;0;0;47
$1;1;7317000;2;0;1493;48195;34564;30180;395;0;3815;3811;3811;3818;3807;3812;3815;3811;3813;0;0;0;32
$1;1;7318000;2;0;1499;48193;34566;30184;395;0;3815;3811;3811;3818;3807;3813;3815;3811;3813;0;0;0;36
$1;1;7319000;2;0;1453;48218;34553;30188;394;0;3814;3811;3811;3817;3807;3812;3814;3810;3813;0;0;0;39
$1;1;7320000;2;0;1495;48193;34566;30192;395;0;3815;3811;3811;3818;3807;3813;3815;3811;3813;0;0;0;36
$1;1;7321000;2;0;1476;48203;34561;30196;395;0;3815;3811;3811;3817;3807;3812;3814;3811;3813;0;0;0;46
$1;1;7322000;2;0;1499;48188;34568;30200;396;0;3815;3811;3812;3818;3807;3813;3815;3811;3814;0;0;0;33
$1;1;7323000;2;0;1460;48211;34556;30205;395;0;3815;3811;3811;3818;3807;3812;3814;3811;3813;0;0;0;42
$1;1;7324000;2;0;1497;48190;34568;30209;396;0;3815;3811;3812;3818;3807;3813;3815;3811;3814;0;0;0;41
$1;1;7325000;2;0;1498;48190;34569;30213;396;0;3815;3811;3812;3818;3807;3813;3815;3811;3814;0;0;0;45
$1;1;7326000;2;0;1493;48193;34568;30217;395;0;3815;3811;3811;3818;3807;3813;3815;3811;3814;0;0;0;35
$1;1;7327000;2;0;1462;48209;34560;30221;395;0;3815;3811;3811;3818;3807;3813;3815;3811;3813;0;0;0;38
$1;1;7328000;2;0;1497;48191;34570;30225;395;0;3815;3811;3812;3818;3808;3813;3815;3811;3814;0;0;0;47
$1;1;7329000;2;0;1498;48190;34571;30229;395;0;3815;3812;3812;3818;3808;3813;3815;3811;3814;0;0;0;46
$1;1;7330000;2;0;1500;48189;34572;30234;395;0;3816;3812;3812;3818;3808;3813;3816;3811;3814;0;0;0;33
$1;1;7331000;2;0;1492;48195;34569;30237;395;0;3815;3811;3812;3818;3808;3813;3815;3811;3814;0;0;0;45
$1;1;7332000;2;0;1454;48216;34559;30242;395;0;3815;3811;3812;3818;3807;3813;3815;3811;3814;0;0;0;34
$1;1;7333000;2;0;1495;48193;34572;30246;395;0;3816;3812;3812;3818;3808;3813;3815;3812;3814;0;0;0;33
$1;1;7334000;2;0;1501;48189;34574;30250;394;0;3816;3812;3812;3819;3808;3813;3816;3812;3814;0;0;0;35
$1;1;7335000;2;0;1499;48190;34574;30254;394;0;3816;3812;3812;3819;3808;3814;3816;3812;3814;0;0;0;41
$1;1;7336000;2;0;1499;48190;34574;30258;394;0;3816;3812;3812;3819;3808;3813;3816;3812;3814;0;0;0;33
$1;128;7336000;299;118;15;13;12;14;10;13;14;13;14;0;0;0;31
$1;1;7337000;2;0;1499;48189;34575;30262;394;0;3816;3812;3812;3819;3808;3813;3816;3812;3814;0;0;0;32
$1;1;7338000;2;0;1498;48191;34574;30267;394;0;3816;3812;3812;3819;3808;3813;3816;3812;3815;0;0;0;34
$1;1;7339000;2;0;1500;48187;34575;30271;395;0;3816;3812;3812;3819;3808;3813;3816;3812;3815;0;0;0;35
$1;1;7340000;2;0;1500;48187;34575;30275;395;0;3816;3812;3812;3819;3808;3814;3816;3812;3814;0;0;0;47
$1;1;7341000;2;0;1499;48187;34576;30279;395;0;3816;3812;3812;3819;3809;3814;3816;3812;3815;0;0;0;32
$1;1;7342000;2;0;1502;48186;34578;30283;395;0;3816;3812;3813;3820;3808;3814;3816;3812;3815;0;0;0;32
$1;1;7343000;2;0;1501;48187;34578;30287;395;0;3816;3812;3813;3819;3809;3814;3816;3812;3815;0;0;0;44
$1;1;7344000;2;0;1499;48187;34578;30292;395;0;3816;3812;3812;3820;3808;3814;3816;3812;3814;0;0;0;36
$1;1;7345000;2;0;1500;48187;34579;30296;394;0;3816;3812;3813;3819;3809;3814;3816;3812;3815;0;0;0;43
$1;1;7346000;2;0;1501;48187;34579;30300;394;0;3816;3812;3813;3820;3809;3814;3816;3812;3815;0;0;0;45
$1;1;7347000;2;0;1501;48186;34579;30304;394;0;3816;3812;3813;3820;3809;3814;3816;3812;3815;0;0;0;41
$1;1;7348000;2;0;1492;48192;34576;30308;394;0;3816;3812;3813;3819;3809;3814;3816;3812;3815;0;0;0;33
$1;1;7349000;2;0;1500;48187;34580;30312;394;0;3816;3813;3813;3820;3809;3814;3816;3812;3815;0;0;0;39
$1;1;7350000;2;0;1499;48187;34581;30316;394;0;3816;3813;3813;3820;3809;3814;3817;3812;3815;0;0;0;42
$1;1;7351000;2;0;1500;48187;34582;30320;394;0;3817;3813;3813;3820;3809;3814;3817;3813;3815;0;0;0;44
$1;1;7352000;2;0;1501;48187;34582;30324;394;0;3817;3813;3813;3820;3809;3814;3816;3813;3815;0;0;0;43
$1;1;7353000;2;0;1498;48188;34582;30329;394;0;3817;3813;3813;3820;3809;3814;3816;3813;3815;0;0;0;41
$1;1;7354000;2;0;1474;48202;34574;30333;393;0;3816;3812;3813;3819;3809;3814;3816;3812;3815;0;0;0;35
$1;1;7355000;2;0;1474;48203;34574;30337;393;0;3816;3813;3813;3819;3809;3814;3816;3812;3815;0;0;0;38
$1;1;7356000;2;0;1498;48187;34582;30341;394;0;3817;3813;3813;3820;3809;3814;3817;3813;3815;0;0;0;44
$1;1;7357000;2;0;1468;48204;34573;30345;394;0;3816;3812;3813;3820;3809;3814;3816;3812;3815;0;0;0;32
$1;1;7358000;2;0;1487;48195;34579;30348;395;0;3816;3813;3813;3820;3809;3814;3817;3812;3815;0;0;0;35
$1;1;7359000;2;0;1498;48187;34584;30352;395;0;3817;3813;3813;3820;3809;3815;3817;3813;3815;0;0;0;39
$1;1;7360000;2;0;1459;48209;34573;30357;394;0;3816;3813;3813;3820;3809;3814;3816;3812;3815;0;0;0;41
$1;1;7361000;2;0;1451;48212;34571;30360;394;0;3816;3813;3813;3820;3809;3814;3816;3812;3814;0;0;0;45
$1;1;7362000;2;0;1454;48213;34572;30364;394;0;3816;3813;3813;3819;3809;3814;3816;3812;3815;0;0;0;38
$1;1;7363000;2;0;1479;48199;34579;30368;394;0;3817;3813;3813;3820;3809;3814;3816;3813;3815;0;0;0;36
$1;1;7364000;2;0;1450;48214;34572;30373;394;0;3816;3813;3813;3819;3809;3814;3816;3812;3815;0;0;0;37
$1;1;7365000;2;0;1463;48208;34575;30377;394;0;3817;3813;3813;3820;3809;3814;3816;3812;3815;0;0;0;33
$1;1;7366000;2;0;1468;48204;34577;30380;394;0;3817;3813;3813;3820;3809;3814;3816;3813;3815;0;0;0;46
$1;1;7367000;2;0;1417;48233;34562;30385;394;0;3816;3813;3813;3819;3809;3814;3816;3812;3815;0;0;0;40
$1;1;7368000;2;0;1490;48194;34585;30389;394;0;3817;3813;3814;3820;3809;3815;3817;3813;3816;0;0;0;45
$1;1;7369000;2;0;1497;48189;34588;30393;394;0;3817;3813;3814;3821;3810;3815;3817;3813;3816;0;0;0;40
$1;1;7370000;2;0;1440;48221;34572;30396;393;0;3817;3813;3813;3820;3809;3814;3816;3813;3815;0;0;0;33
$1;1;7371000;2;0;1494;48192;34588;30400;393;0;3817;3814;3814;3821;3810;3815;3817;3813;3816;0;0;0;37
$1;1;7372000;2;0;1466;48208;34580;30405;393;0;3817;3813;3814;3820;3810;3815;3817;3813;3816;0;0;0;32
$1;1;7373000;2;0;1464;48209;34580;30409;393;0;3817;3813;3814;3820;3810;3815;3817;3813;3816;0;0;0;46
$1;1;7374000;2;0;1496;48190;34589;30413;393;0;3817;3814;3814;3821;3810;3815;3818;3813;3816;0;0;0;44
$1;1;7375000;2;0;1499;48187;34590;30417;394;0;3818;3814;3814;3821;3810;3815;3818;3814;3816;0;0;0;39
$1;1;7376000;2;0;1482;48198;34586;30421;394;0;3817;3814;3814;3821;3810;3815;3817;3813;3816;0;0;0;37
$1;1;7377000;2;0;1401;48242;34561;30426;394;0;3816;3813;3813;3819;3809;3814;3816;3813;3815;0;0;0;36
$1;1;7378000;2;0;1489;48195;34589;30430;394;0;3817;3814;3814;3821;3810;3815;3817;3814;3816;0;0;0;37
$1;1;7379000;2;0;1498;48188;34592;30434;393;0;3818;3814;3814;3821;3810;3816;3818;3814;3816;0;0;0;34
$1;1;7380000;2;0;1414;48235;34568;30438;393;0;3817;3813;3813;3820;3809;3815;3817;3813;3815;0;0;0;34
$1;1;7381000;2;0;1374;48258;34555;30442;393;0;3816;3813;3813;3819;3809;3814;3816;3812;3815;0;0;0;32
$1;1;7382000;2;0;1468;48207;34584;30446;393;0;3817;3814;3814;3821;3810;3815;3817;3813;3816;0;0;0;43
$1;1;7383000;2;0;1416;48236;34570;30450;393;0;3817;3813;3813;3820;3809;3815;3817;3813;3815;0;0;0;39
$1;1;7384000;2;0;1458;48213;34582;30455;393;0;3817;3814;3814;3821;3810;3815;3817;3813;3816;0;0;0;47
$1;1;7385000;2;0;1489;48195;34592;30458;393;0;3818;3814;3814;3821;3810;3816;3818;3814;3816;0;0;0;39
$1;1;7386000;2;0;1429;48229;34574;30463;393;0;3817;3814;3814;3820;3810;3815;3817;3813;3816;0;0;0;47
$1;1;7387000;2;0;1419;48234;34572;30467;393;0;3817;3814;3814;3820;3810;3815;3817;3813;3815;0;0;0;32
$1;1;7388000;2;0;1447;48218;34580;30471;393;0;3817;3814;3814;3821;3810;3815;3818;3814;3816;0;0;0;42
$1;1;7389000;2;0;1493;48195;34596;30475;393;0;3818;3814;3815;3822;3810;3816;3818;3814;3817;0;0;0;40
$1;1;7390000;2;0;1449;48218;34582;30479;393;0;3818;3814;3814;3822;3810;3815;3818;3814;3816;0;0;0;43
$1;1;7391000;2;0;1495;48193;34596;30483;393;0;3818;3814;3815;3821;3811;3816;3819;3814;3817;0;0;0;43
$1;1;7392000;2;0;1497;48192;34597;30488;393;0;3818;3815;3815;3822;3811;3816;3819;3814;3817;0;0;0;35
$1;1;7393000;2;0;1486;48195;34594;30492;394;0;3818;3814;3815;3822;3811;3816;3818;3814;3817;0;0;0;42
$1;1;7394000;2;0;1497;48187;34597;30496;395;0;3818;3815;3815;3822;3811;3816;3819;3814;3817;0;0;0;40
$1;1;7395000;2;0;1451;48212;34585;30500;395;0;3818;3814;3815;3821;3810;3816;3818;3814;3816;0;0;0;34
$1;1;7396000;2;0;1392;48246;34567;30504;395;0;3817;3814;3814;3821;3810;3815;3817;3813;3815;0;0;0;38
$1;1;7397000;2;0;1443;48219;34583;30509;395;0;3818;3814;3815;3821;3810;3815;3818;3814;3817;0;0;0;37
$1;128;7397000;299;117;15;13;12;14;10;12;14;13;14;0;0;0;26
$1;1;7398000;2;0;1491;48194;34597;30513;396;0;3818;3815;3815;3822;3811;3816;3819;3814;3817;0;0;0;47
$1;1;7399000;2;0;1480;48200;34595;30517;396;0;3818;3815;3815;3822;3811;3816;3819;3814;3817;0;0;0;38
$1;1;7400000;2;0;1454;48214;34588;30521;396;0;3818;3815;3815;3822;3810;3816;3818;3814;3817;0;0;0;36
$1;1;7401000;2;0;1494;48191;34601;30526;396;0;3819;3815;3815;3822;3811;3817;3819;3815;3818;0;0;0;44
$1;1;7402000;2;0;1501;48188;34603;30530;397;0;3819;3815;3816;3822;3811;3817;3819;3815;3818;0;0;0;45
$1;1;7403000;2;0;1501;48188;34604;30534;397;0;3819;3815;3815;3823;3811;3817;3820;3815;3818;0;0;0;39
$1;1;7404000;2;0;1458;48210;34591;30538;397;0;3818;3815;3815;3822;3811;3816;3819;3815;3817;0;0;0;40
$1;1;7405000;2;0;1460;48210;34593;30542;397;0;3818;3815;3815;3822;3811;3816;3819;3815;3817;0;0;0;45
$1;1;7406000;2;0;1438;48223;34586;30546;398;0;3818;3815;3815;3822;3811;3816;3819;3814;3817;0;0;0;45
$1;1;7407000;2;0;1417;48236;34580;30551;398;0;3818;3815;3815;3821;3810;3816;3819;3814;3817;0;0;0;39
$1;1;7408000;2;0;1413;48237;34579;30554;398;0;3818;3814;3815;3822;3810;3816;3818;3814;3817;0;0;0;45
$1;1;7409000;2;0;1487;48197;34602;30558;398;0;3819;3815;3816;3823;3811;3817;3819;3815;3818;0;0;0;38
$1;1;7410000;2;0;1497;48187;34606;30562;400;0;3819;3815;3816;3823;3811;3817;3820;3815;3818;0;0;0;47
$1;1;7411000;2;0;1482;48195;34601;30566;400;0;3819;3815;3815;3823;3811;3817;3819;3815;3817;0;0;0;44
$1;1;7412000;2;0;1497;48187;34606;30571;401;0;3819;3815;3816;3823;3811;3817;3820;3815;3818;0;0;0;46
$1;1;7413000;2;0;1500;48183;34608;30575;401;0;3819;3816;3816;3823;3811;3817;3820;3816;3818;0;0;0;46
$1;1;7414000;2;0;1498;48185;34608;30579;402;0;3819;3816;3816;3823;3812;3817;3820;3815;3818;0;0;0;32
$1;1;7415000;2;0;1500;48185;34609;30583;402;0;3820;3816;3816;3823;3812;3818;3820;3816;3818;0;0;0;35
$1;1;7416000;2;0;1502;48184;34610;30587;403;0;3820;3816;3816;3824;3812;3817;3820;3816;3818;0;0;0;38
$1;1;7417000;2;0;1498;48186;34610;30591;403;0;3820;3816;3816;3823;3812;3817;3820;3816;3818;0;0;0;39
$1;1;7418000;2;0;1453;48210;34597;30595;404;0;3819;3815;3816;3823;3811;3817;3820;3815;3818;0;0;0;37
$1;1;7419000;2;0;1450;48211;34597;30599;404;0;3819;3816;3816;3823;3812;3817;3820;3815;3818;0;0;0;42
$1;1;7420000;2;0;1441;48218;34595;30604;404;0;3819;3816;3816;3823;3811;3817;3820;3815;3818;0;0;0;47
$1;1;7421000;2;0;1457;48211;34599;30608;405;0;3819;3816;3816;3823;3811;3817;3820;3816;3818;0;0;0;34
$1;1;7422000;2;0;1487;48194;34609;30611;405;0;3820;3816;3816;3824;3812;3818;3820;3816;3818;0;0;0;33
$1;1;7423000;2;0;1436;48220;34595;30616;405;0;3819;3816;3816;3823;3811;3817;3820;3815;3818;0;0;0;37
$1;1;7424000;2;0;1408;48238;34586;30620;405;0;3819;3815;3816;3823;3811;3817;3819;3815;3817;0;0;0;39
$1;1;7425000;2;0;1491;48194;34612;30624;406;0;3820;3816;3816;3824;3812;3818;3821;3816;3819;0;0;0;46
$1;1;7426000;2;0;1460;48211;34603;30627;406;0;3820;3816;3816;3823;3812;3817;3820;3816;3818;0;0;0;38
$1;1;7427000;2;0;1449;48217;34600;30631;406;0;3820;3816;3816;3823;3812;3817;3820;3816;3818;0;0;0;46
$1;1;7428000;2;0;1434;48221;34596;30635;407;0;3819;3816;3816;3823;3812;3817;3820;3816;3818;0;0;0;45
$1;1;7429000;2;0;1457;48210;34603;30639;408;0;3820;3816;3816;3823;3812;3817;3820;3816;3818;0;0;0;45
$1;1;7430000;2;0;1494;48190;34616;30643;408;0;3820;3817;3816;3824;3812;3818;3821;3816;3819;0;0;0;33
$1;1;7431000;2;0;1470;48202;34607;30647;408;0;3820;3816;3816;3824;3812;3818;3820;3816;3818;0;0;0;39
$1;1;7432000;2;0;1450;48212;34602;30651;408;0;3820;3816;3816;3824;3812;3818;3820;3816;3818;0;0;0;37
$1;1;7433000;2;0;1472;48201;34609;30655;409;0;3820;3817;3817;3824;3812;3818;3821;3816;3819;0;0;0;40
$1;1;7434000;2;0;1499;48186;34618;30660;408;0;3821;3817;3817;3824;3813;3818;3821;3817;3819;0;0;0;32
$1;1;7435000;2;0;1433;48224;34599;30664;408;0;3820;3816;3816;3824;3812;3818;3820;3816;3818;0;0;0;37
$1;1;7436000;2;0;1423;48228;34596;30668;409;0;3820;3816;3816;3824;3812;3818;3820;3816;3818;0;0;0;41
$1;1;7437000;2;0;1490;48193;34617;30672;409;0;3821;3817;3817;3824;3813;3818;3821;3816;3819;0;0;0;34
$1;1;7438000;2;0;1434;48223;34600;30676;409;0;3820;3816;3816;3824;3812;3818;3820;3816;3818;0;0;0;41
$1;1;7439000;2;0;1473;48203;34613;30680;409;0;3820;3817;3817;3824;3813;3818;3821;3816;3819;0;0;0;35
$1;1;7440000;2;0;1403;48240;34592;30684;408;0;3820;3816;3816;3823;3812;3817;3820;3816;3818;0;0;0;43
$1;1;7441000;2;0;1489;48194;34619;30688;409;0;3821;3817;3817;3824;3813;3818;3821;3817;3819;0;0;0;38
$1;1;7442000;2;0;1440;48220;34603;30693;408;0;3820;3817;3817;3824;3812;3818;3820;3816;3819;0;0;0;44
$1;1;7443000;2;0;1441;48221;34605;30697;408;0;3820;3817;3817;3824;3813;3818;3820;3816;3818;0;0;0;47
$1;1;7444000;2;0;1495;48188;34621;30701;409;0;3821;3817;3817;3824;3813;3819;3821;3817;3819;0;0;0;41
$1;1;7445000;2;0;1500;48185;34624;30705;409;0;3821;3817;3817;3825;3813;3819;3822;3817;3819;0;0;0;43
$1;1;7446000;2;0;1500;48186;34624;30709;410;0;3821;3818;3817;3824;3813;3819;3822;3817;3820;0;0;0;43
$1;1;7447000;2;0;1498;48186;34625;30713;410;0;3821;3818;3818;3825;3813;3819;3822;3817;3820;0;0;0;46
$1;1;7448000;2;0;1500;48184;34626;30717;410;0;3821;3818;3818;3825;3813;3819;3822;3818;3820;0;0;0;43
$1;1;7449000;2;0;1501;48185;34627;30722;409;0;3821;3818;3818;3825;3814;3819;3822;3818;3820;0;0;0;34
$1;1;7450000;2;0;1501;48183;34627;30726;409;0;3821;3818;3818;3825;3814;3819;3822;3818;3820;0;0;0;40
$1;1;7451000;2;0;1491;48190;34625;30730;409;0;3821;3818;3818;3825;3813;3819;3822;3818;3820;0;0;0;33
$1;1;7452000;2;0;1499;48185;34628;30734;409;0;3822;3818;3818;3825;3814;3819;3822;3818;3820;0;0;0;35
$1;1;7453000;2;0;1499;48186;34628;30738;409;0;3822;3818;3818;3825;3814;3819;3822;3818;3820;0;0;0;45
$1;1;7454000;2;0;1500;48186;34629;30742;409;0;3822;3818;3818;3825;3814;3819;3822;3818;3820;0;0;0;39
$1;1;7455000;2;0;1499;48187;34630;30746;408;0;3822;3818;3818;3825;3814;3819;3822;3818;3820;0;0;0;43
$1;1;7456000;2;0;1500;48184;34630;30751;408;0;3822;3818;3818;3825;3814;3820;3822;3818;3820;0;0;0;38
$1;1;7457000;2;0;1499;48185;34631;30755;408;0;3822;3818;3818;3825;3814;3820;3822;3818;3820;0;0;0;34
$1;128;7457000;300;115;14;12;12;14;10;12;14;13;14;0;0;0;18
$1;1;7458000;2;0;1498;48186;34631;30759;408;0;3822;3818;3818;3825;3814;3820;3822;3818;3821;0;0;0;34
$1;1;7459000;2;0;1499;48186;34633;30763;408;0;3822;3818;3818;3825;3814;3820;3823;3818;3821;0;0;0;40
$1;1;7460000;2;0;1501;48181;34633;30767;409;0;3822;3818;3818;3825;3814;3820;3822;3818;3821;0;0;0;33
$1;1;7461000;2;0;1501;48180;34633;30771;409;0;3822;3818;3819;3825;3814;3820;3822;3818;3821;0;0;0;39
$1;1;7462000;2;0;1501;48183;34634;30776;409;0;3822;3818;3818;3825;3814;3820;3823;3818;3821;0;0;0;39
$1;1;7463000;2;0;1498;48183;34633;30780;409;0;3822;3818;3819;3825;3814;3820;3823;3818;3821;0;0;0;40
$1;1;7464000;2;0;1498;48184;34634;30784;408;0;3822;3819;3819;3825;3814;3820;3823;3818;3821;0;0;0;43
$1;1;7465000;2;0;1501;48182;34635;30788;408;0;3822;3819;3819;3826;3815;3820;3823;3818;3821;0;0;0;34
$1;1;7466000;2;0;1498;48184;34635;30792;408;0;3822;3819;3819;3825;3815;3820;3823;3818;3821;0;0;0;46
$1;1;7467000;2;0;1501;48182;34637;30796;408;0;3823;3819;3819;3826;3815;3820;3823;3819;3821;0;0;0;45
$1;1;7468000;2;0;1498;48182;34637;30800;408;0;3823;3819;3819;3826;3815;3820;3823;3819;3821;0;0;0;35
$1;1;7469000;2;0;1501;48182;34638;30805;408;0;3823;3819;3819;3826;3815;3820;3823;3819;3821;0;0;0;41
$1;1;7470000;2;0;1499;48182;34637;30809;408;0;3823;3819;3819;3826;3815;3820;3823;3819;3821;0;0;0;34
$1;1;7471000;2;0;1498;48183;34637;30813;407;0;3823;3819;3819;3826;3815;3820;3823;3819;3821;0;0;0;39
$1;1;7472000;2;0;1500;48182;34639;30817;407;0;3823;3819;3819;3826;3815;3821;3823;3819;3821;0;0;0;46
$1;1;7473000;2;0;1499;48184;34639;30821;407;0;3823;3819;3819;3826;3815;3821;3823;3819;3821;0;0;0;45
$1;1;7474000;2;0;1499;48183;34639;30825;407;0;3823;3819;3819;3826;3815;3821;3823;3819;3822;0;0;0;42
$1;1;7475000;2;0;1499;48180;34640;30830;407;0;3823;3819;3819;3826;3815;3821;3823;3819;3822;0;0;0;34
$1;1;7476000;2;0;1501;48179;34641;30834;407;0;3823;3819;3819;3826;3815;3821;3823;3819;3822;0;0;0;34
$1;1;7477000;2;0;1500;48180;34641;30838;408;0;3823;3819;3819;3826;3815;3821;3823;3819;3822;0;0;0;39
$1;1;7478000;2;0;1501;48180;34641;30842;407;0;3823;3819;3819;3826;3815;3821;3823;3819;3821;0;0;0;40
$1;1;7479000;2;0;1500;48180;34641;30846;407;0;3823;3819;3819;3826;3815;3821;3824;3819;3822;0;0;0;40
$1;1;7480000;2;0;1501;48180;34642;30850;407;0;3823;3819;3819;3826;3815;3821;3824;3819;3822;0;0;0;43
$1;1;7481000;2;0;1499;48179;34642;30855;407;0;3823;3819;3819;3826;3816;3821;3824;3819;3822;0;0;0;42
$1;1;7482000;2;0;1501;48180;34644;30859;407;0;3823;3820;3819;3826;3816;3821;3824;3820;3822;0;0;0;37
$1;1;7483000;2;0;1500;48181;34644;30863;406;0;3824;3820;3820;3826;3816;3821;3824;3820;3822;0;0;0;33
$1;1;7484000;2;0;1499;48181;34645;30867;406;0;3824;3820;3820;3827;3816;3821;3824;3820;3822;0;0;0;35
$1;1;7485000;2;0;1499;48180;34645;30871;406;0;3824;3820;3820;3826;3816;3821;3824;3820;3822;0;0;0;37
$1;1;7486000;2;0;1500;48179;34645;30875;406;0;3824;3820;3820;3827;3816;3821;3824;3820;3822;0;0;0;36
$1;1;7487000;2;0;1499;48181;34646;30880;405;0;3824;3820;3820;3827;3816;3821;3824;3820;3822;0;0;0;41
$1;1;7488000;2;0;1499;48181;34646;30884;405;0;3824;3820;3820;3827;3816;3821;3824;3820;3822;0;0;0;34
$1;1;7489000;2;0;1498;48181;34646;30888;405;0;3824;3820;3820;3827;3816;3821;3824;3820;3822;0;0;0;46
$1;1;7490000;2;0;1479;48192;34640;30892;405;0;3824;3820;3820;3827;3816;3821;3824;3820;3822;0;0;0;38
$1;1;7491000;2;0;1491;48185;34645;30896;405;0;3824;3820;3820;3827;3816;3821;3824;3820;3822;0;0;0;38
$1;1;7492000;2;0;1454;48203;34633;30900;405;0;3823;3819;3820;3826;3815;3821;3824;3819;3822;0;0;0;43
$1;1;7493000;2;0;1494;48182;34646;30904;406;0;3824;3820;3820;3827;3816;3821;3824;3820;3822;0;0;0;44
$1;1;7494000;2;0;1500;48178;34648;30909;406;0;3824;3820;3820;3827;3816;3822;3824;3820;3823;0;0;0;35
$1;1;7495000;2;0;1500;48179;34648;30913;405;0;3824;3820;3820;3827;3816;3822;3824;3820;3823;0;0;0;43
$1;1;7496000;2;0;1499;48179;34649;30917;405;0;3824;3820;3820;3827;3816;3822;3824;3820;3823;0;0;0;44
$1;1;7497000;2;0;1451;48204;34635;30921;405;0;3824;3820;3820;3827;3816;3821;3824;3820;3822;0;0;0;44
$1;1;7498000;2;0;1427;48219;34628;30925;405;0;3823;3820;3820;3826;3816;3821;3823;3819;3822;0;0;0;45
$1;1;7499000;2;0;1491;48183;34648;30929;405;0;3824;3820;3820;3827;3816;3822;3824;3820;3823;0;0;0;34
$1;1;7500000;2;0;1480;48191;34646;30934;405;0;3824;3820;3820;3827;3816;3822;3824;3820;3822;0;0;0;35
$1;1;7501000;2;0;1498;48180;34651;30938;405;0;3824;3820;3820;3828;3817;3822;3825;3820;3823;0;0;0;47
$1;1;7502000;2;0;1475;48194;34644;30942;404;0;3824;3820;3820;3827;3816;3822;3824;3820;3823;0;0;0;45
$1;1;7503000;2;0;1496;48182;34651;30946;404;0;3824;3820;3821;3827;3816;3822;3825;3820;3823;0;0;0;38
$1;1;7504000;2;0;1501;48179;34653;30950;404;0;3825;3821;3821;3828;3817;3822;3825;3820;3823;0;0;0;33
$1;1;7505000;2;0;1462;48200;34642;30954;404;0;3824;3820;3820;3828;3816;3822;3824;3820;3822;0;0;0;45
$1;1;7506000;2;0;1489;48187;34650;30958;404;0;3824;3821;3821;3828;3817;3822;3825;3820;3823;0;0;0;41
$1;1;7507000;2;0;1498;48181;34654;30962;403;0;3825;3821;3821;3828;3817;3822;3825;3821;3823;0;0;0;36
$1;1;7508000;2;0;1482;48187;34648;30967;404;0;3824;3821;3821;3828;3817;3822;3824;3820;3823;0;0;0;40
$1;1;7509000;2;0;1500;48176;34654;30971;404;0;3825;3821;3821;3828;3817;3822;3825;3821;3823;0;0;0;39
$1;1;7510000;2;0;1501;48177;34656;30975;404;0;3825;3821;3821;3828;3817;3823;3825;3821;3823;0;0;0;40
$1;1;7511000;2;0;1474;48193;34647;30979;404;0;3824;3821;3821;3827;3817;3822;3825;3820;3823;0;0;0;34
$1;1;7512000;2;0;1498;48179;34656;30983;404;0;3825;3821;3821;3828;3817;3823;3825;3821;3823;0;0;0;44
$1;1;7513000;2;0;1499;48178;34657;30988;404;0;3825;3821;3821;3828;3817;3823;3825;3821;3824;0;0;0;32
$1;1;7514000;2;0;1498;48178;34657;30992;403;0;3825;3821;3821;3828;3817;3823;3825;3821;3824;0;0;0;42
$1;1;7515000;2;0;1500;48178;34657;30996;403;0;3825;3821;3821;3828;3817;3823;3825;3821;3824;0;0;0;47
$1;1;7516000;2;0;1500;48177;34658;31000;403;0;3825;3821;3821;3828;3817;3823;3825;3821;3824;0;0;0;43
$1;1;7517000;2;0;1499;48177;34658;31004;403;0;3825;3821;3821;3828;3817;3823;3825;3821;3824;0;0;0;47
$1;128;7517000;300;115;14;12;12;14;10;12;14;13;14;0;0;0;23
$1;1;7518000;2;0;1486;48186;34655;31008;402;0;3825;3821;3821;3828;3817;3823;3825;3821;3824;0;0;0;32
$1;1;7519000;2;0;1498;48179;34658;31012;402;0;3825;3821;3821;3828;3817;3823;3825;3821;3824;0;0;0;40
$1;1;7520000;2;0;1500;48177;34659;31017;402;0;3825;3821;3822;3829;3817;3823;3825;3821;3824;0;0;0;42
$1;1;7521000;2;0;1501;48177;34660;31021;402;0;3825;3821;3822;3829;3818;3823;3825;3821;3824;0;0;0;42
$1;1;7522000;2;0;1499;48179;34660;31025;402;0;3825;3822;3822;3829;3818;3823;3825;3821;3824;0;0;0;32
$1;1;7523000;2;0;1500;48178;34661;31029;401;0;3825;3821;3822;3829;3818;3823;3826;3821;3824;0;0;0;47
$1;1;7524000;2;0;1500;48178;34661;31033;401;0;3826;3822;3822;3829;3818;3823;3826;3821;3824;0;0;0;35
$1;1;7525000;2;0;1501;48174;34661;31037;402;0;3825;3822;3822;3829;3818;3823;3826;3821;3824;0;0;0;43
$1;1;7526000;2;0;1477;48187;34656;31042;402;0;3825;3821;3821;3829;3817;3823;3825;3821;3824;0;0;0;46
$1;1;7527000;2;0;1497;48177;34661;31046;402;0;3825;3821;3822;3829;3818;3823;3826;3822;3824;0;0;0;34
$1;1;7528000;2;0;1502;48173;34664;31050;402;0;3826;3822;3822;3829;3818;3823;3826;3822;3825;0;0;0;39
$1;1;7529000;2;0;1502;48172;34664;31054;402;0;3826;3822;3822;3829;3818;3824;3826;3822;3824;0;0;0;37
$1;1;7530000;2;0;1500;48174;34664;31058;402;0;3826;3822;3822;3829;3818;3823;3826;3822;3825;0;0;0;35
$1;1;7531000;2;0;1499;48178;34664;31063;402;0;3826;3822;3822;3829;3818;3823;3826;3822;3825;0;0;0;39
$1;1;7532000;2;0;1460;48198;34652;31067;402;0;3825;3821;3822;3828;3818;3823;3825;3821;3824;0;0;0;45
$1;1;7533000;2;0;1458;48200;34652;31071;401;0;3825;3822;3822;3828;3818;3823;3825;3821;3824;0;0;0;34
$1;1;7534000;2;0;1449;48205;34650;31075;402;0;3825;3821;3822;3828;3818;3823;3825;3821;3824;0;0;0;38
$1;1;7535000;2;0;1412;48225;34640;31080;401;0;3825;3821;3822;3828;3817;3823;3825;3821;3823;0;0;0;43
$1;1;7536000;2;0;1488;48185;34662;31084;401;0;3826;3822;3822;3829;3818;3824;3826;3822;3824;0;0;0;40
$1;1;7537000;2;0;1459;48199;34656;31088;401;0;3826;3822;3822;3829;3818;3823;3826;3822;3824;0;0;0;36
$1;1;7538000;2;0;1495;48179;34666;31092;401;0;3826;3822;3822;3829;3818;3824;3826;3822;3825;0;0;0;43
$1;1;7539000;2;0;1490;48182;34665;31096;401;0;3826;3822;3822;3829;3818;3824;3826;3822;3825;0;0;0;44
$1;1;7540000;2;0;1497;48179;34668;31100;401;0;3826;3822;3822;3830;3818;3824;3826;3822;3825;0;0;0;42
$1;1;7541000;2;0;1459;48201;34656;31105;400;0;3826;3822;3822;3829;3818;3823;3826;3822;3824;0;0;0;34
$1;1;7542000;2;0;1472;48191;34660;31109;401;0;3826;3822;3822;3830;3818;3824;3826;3822;3825;0;0;0;36
$1;1;7543000;2;0;1440;48209;34651;31113;401;0;3825;3822;3822;3829;3818;3823;3826;3821;3824;0;0;0;33
$1;1;7544000;2;0;1448;48205;34654;31117;401;0;3826;3822;3822;3829;3818;3823;3826;3822;3825;0;0;0;34
$1;1;7545000;2;0;1495;48178;34669;31121;401;0;3826;3822;3823;3830;3818;3824;3826;3822;3825;0;0;0;47
$1;1;7546000;2;0;1484;48185;34665;31126;401;0;3826;3822;3822;3830;3818;3824;3826;3822;3825;0;0;0;36
$1;1;7547000;2;0;1478;48188;34664;31130;401;0;3826;3822;3822;3829;3818;3824;3826;3822;3825;0;0;0;37
$1;1;7548000;2;0;1455;48200;34658;31134;401;0;3826;3822;3822;3829;3818;3823;3826;3822;3825;0;0;0;42
$1;1;7549000;2;0;1495;48178;34670;31138;401;0;3826;3822;3823;3830;3819;3824;3827;3822;3825;0;0;0;35
$1;1;7550000;2;0;1430;48215;34651;31142;400;0;3826;3822;3822;3829;3818;3824;3826;3822;3824;0;0;0;43
$1;1;7551000;2;0;1447;48203;34657;31146;400;0;3826;3822;3823;3830;3819;3824;3826;3822;3825;0;0;0;38
$1;1;7552000;2;0;1494;48180;34671;31150;400;0;3827;3823;3823;3830;3819;3824;3827;3823;3825;0;0;0;32
$1;1;7553000;2;0;1499;48176;34673;31155;400;0;3827;3823;3823;3830;3819;3825;3827;3823;3826;0;0;0;32
$1;1;7554000;2;0;1470;48191;34666;31159;400;0;3826;3823;3823;3831;3819;3824;3827;3823;3825;0;0;0;35
$1;1;7555000;2;0;1492;48180;34672;31163;400;0;3827;3823;3823;3830;3819;3824;3827;3823;3825;0;0;0;34
$1;1;7556000;2;0;1500;48177;34676;31167;400;0;3827;3823;3823;3830;3819;3825;3827;3823;3826;0;0;0;33
$1;1;7557000;2;0;1432;48216;34655;31171;399;0;3826;3822;3823;3830;3819;3824;3826;3822;3825;0;0;0;39
$1;1;7558000;2;0;1442;48208;34658;31176;399;0;3826;3822;3823;3830;3819;3824;3826;3823;3825;0;0;0;43
$1;1;7559000;2;0;1474;48189;34668;31180;400;0;3826;3823;3823;3830;3819;3824;3827;3823;3825;0;0;0;40
$1;1;7560000;2;0;1447;48202;34660;31184;400;0;3826;3823;3823;3830;3819;3824;3826;3822;3825;0;0;0;46
$1;1;7561000;2;0;1444;48208;34659;31188;400;0;3826;3822;3823;3830;3819;3824;3826;3822;3825;0;0;0;33
$1;1;7562000;2;0;1440;48209;34659;31192;400;0;3826;3823;3823;3829;3819;3824;3826;3822;3825;0;0;0;37
$1;1;7563000;2;0;1456;48200;34666;31196;400;0;3827;3823;3823;3830;3819;3824;3827;3823;3825;0;0;0;43
$1;1;7564000;2;0;1495;48179;34677;31201;400;0;3827;3823;3824;3830;3819;3825;3827;3823;3826;0;0;0;38
$1;1;7565000;2;0;1501;48174;34680;31205;400;0;3827;3823;3824;3831;3820;3825;3827;3823;3826;0;0;0;33
$1;1;7566000;2;0;1477;48187;34672;31209;400;0;3827;3823;3824;3831;3820;3825;3827;3823;3826;0;0;0;47
$1;1;7567000;2;0;1478;48187;34673;31213;400;0;3827;3823;3824;3831;3819;3825;3827;3823;3826;0;0;0;33
$1;1;7568000;2;0;1474;48190;34672;31217;400;0;3827;3823;3824;3831;3819;3825;3827;3823;3826;0;0;0;33
$1;1;7569000;2;0;1466;48195;34670;31221;400;0;3827;3823;3823;3831;3819;3825;3827;3823;3826;0;0;0;38
$1;1;7570000;2;0;1496;48179;34681;31225;399;0;3827;3823;3824;3831;3820;3825;3828;3824;3826;0;0;0;43
$1;1;7571000;2;0;1483;48186;34676;31230;399;0;3827;3823;3824;3831;3820;3825;3827;3823;3826;0;0;0;42
$1;1;7572000;2;0;1435;48213;34663;31234;399;0;3827;3823;3824;3831;3819;3825;3827;3823;3826;0;0;0;33
$1;1;7573000;2;0;1475;48192;34675;31238;399;0;3827;3823;3824;3831;3820;3825;3828;3823;3826;0;0;0;32
$1;1;7574000;2;0;1446;48206;34667;31242;399;0;3827;3823;3824;3831;3820;3825;3827;3823;3826;0;0;0;40
$1;1;7575000;2;0;1481;48187;34678;31245;399;0;3827;3824;3824;3831;3820;3825;3828;3824;3826;0;0;0;46
$1;1;7576000;2;0;1497;48176;34682;31249;399;0;3828;3824;3824;3831;3820;3826;3828;3824;3827;0;0;0;32
$1;1;7577000;2;0;1421;48218;34660;31254;400;0;3827;3823;3823;3830;3819;3825;3827;3823;3825;0;0;0;45
$1;128;7577000;299;116;15;12;11;14;11;12;14;13;14;0;0;0;16
$1;1;7578000;2;0;1495;48176;34683;31258;400;0;3828;3824;3824;3832;3820;3826;3828;3824;3827;0;0;0;41
$1;1;7579000;2;0;1466;48193;34675;31262;400;0;3827;3824;3824;3832;3820;3825;3828;3824;3826;0;0;0;34
$1;1;7580000;2;0;1448;48203;34670;31266;399;0;3827;3824;3824;3831;3820;3825;3827;3824;3826;0;0;0;40
$1;1;7581000;2;0;1493;48179;34683;31270;399;0;3828;3824;3825;3831;3820;3826;3828;3824;3827;0;0;0;41
$1;1;7582000;2;0;1498;48176;34685;31274;399;0;3828;3824;3825;3831;3821;3826;3828;3824;3827;0;0;0;45
$1;1;7583000;2;0;1501;48173;34687;31278;399;0;3828;3824;3825;3832;3821;3826;3828;3824;3827;0;0;0;37
$1;1;7584000;2;0;1452;48201;34673;31282;399;0;3828;3824;3824;3831;3820;3825;3828;3824;3826;0;0;0;44
$1;1;7585000;2;0;1461;48195;34676;31286;399;0;3828;3824;3824;3831;3820;3825;3828;3824;3826;0;0;0;34
$1;1;7586000;2;0;1495;48179;34687;31291;399;0;3828;3824;3825;3832;3821;3826;3828;3824;3827;0;0;0;33
$1;1;7587000;2;0;1466;48195;34680;31295;399;0;3828;3824;3824;3832;3820;3826;3828;3824;3827;0;0;0;45
$1;1;7588000;2;0;1466;48195;34680;31299;399;0;3828;3824;3825;3831;3820;3826;3828;3824;3827;0;0;0;44
$1;1;7589000;2;0;1444;48207;34673;31303;398;0;3828;3824;3825;3831;3820;3826;3828;3824;3826;0;0;0;43
$1;1;7590000;2;0;1494;48179;34689;31307;398;0;3828;3825;3825;3832;3821;3826;3829;3825;3827;0;0;0;39
$1;1;7591000;2;0;1502;48174;34692;31311;398;0;3829;3825;3825;3832;3821;3827;3829;3825;3827;0;0;0;40
$1;1;7592000;2;0;1419;48221;34666;31316;398;0;3828;3824;3824;3831;3820;3825;3828;3824;3826;0;0;0;47
$1;1;7593000;2;0;1412;48222;34664;31320;398;0;3827;3824;3824;3831;3820;3825;3828;3824;3826;0;0;0;46
$1;1;7594000;2;0;1490;48179;34689;31324;399;0;3828;3825;3825;3832;3821;3826;3829;3825;3827;0;0;0;39
$1;1;7595000;2;0;1490;48178;34690;31328;399;0;3829;3825;3825;3832;3821;3826;3829;3825;3827;0;0;0;34
$1;1;7596000;2;0;1487;48181;34689;31331;399;0;3829;3825;3825;3832;3821;3826;3829;3825;3827;0;0;0;33
$1;1;7597000;2;0;1466;48193;34683;31335;399;0;3828;3825;3825;3831;3821;3826;3829;3825;3827;0;0;0;32
$1;1;7598000;2;0;1498;48174;34694;31339;399;0;3829;3825;3825;3832;3821;3827;3829;3825;3828;0;0;0;33
$1;1;7599000;2;0;1499;48172;34694;31343;399;0;3829;3825;3825;3832;3821;3827;3829;3825;3828;0;0;0;42
$1;1;7600000;2;0;1500;48173;34695;31348;399;0;3829;3825;3825;3832;3821;3827;3829;3825;3828;0;0;0;35
$1;1;7601000;2;0;1500;48174;34696;31352;399;0;3829;3825;3825;3832;3821;3827;3829;3825;3828;0;0;0;45
$1;1;7602000;2;0;1500;48173;34697;31356;398;0;3829;3825;3826;3832;3822;3827;3829;3825;3828;0;0;0;45
$1;1;7603000;2;0;1500;48174;34697;31360;398;0;3829;3825;3825;3832;3822;3827;3830;3825;3828;0;0;0;37
$1;1;7604000;2;0;1499;48173;34698;31364;398;0;3829;3825;3826;3832;3822;3827;3829;3826;3828;0;0;0;39
$1;1;7605000;2;0;1498;48174;34698;31368;398;0;3829;3826;3826;3833;3822;3827;3830;3826;3828;0;0;0;38
$1;1;7606000;2;0;1498;48173;34698;31373;398;0;3829;3826;3826;3832;3822;3827;3830;3826;3828;0;0;0;41
$1;1;7607000;2;0;1499;48172;34699;31377;398;0;3830;3826;3826;3832;3822;3827;3830;3826;3828;0;0;0;37
$1;1;7608000;2;0;1500;48172;34700;31381;398;0;3830;3826;3826;3833;3822;3827;3830;3826;3828;0;0;0;34
$1;1;7609000;2;0;1498;48174;34701;31385;397;0;3830;3826;3826;3832;3822;3828;3830;3826;3828;0;0;0;33
$1;1;7610000;2;0;1501;48173;34702;31389;397;0;3830;3826;3826;3833;3822;3828;3830;3826;3829;0;0;0;32
$1;1;7611000;2;0;1499;48171;34701;31393;398;0;3830;3826;3826;3832;3822;3828;3830;3826;3828;0;0;0;36
$1;1;7612000;2;0;1501;48171;34703;31398;398;0;3830;3826;3826;3833;3822;3828;3830;3826;3829;0;0;0;46
$1;1;7613000;2;0;1499;48171;34702;31402;398;0;3830;3826;3826;3833;3822;3828;3830;3826;3828;0;0;0;43
$1;1;7614000;2;0;1498;48173;34703;31406;398;0;3830;3826;3826;3833;3822;3828;3830;3826;3829;0;0;0;43
$1;1;7615000;2;0;1498;48172;34703;31410;398;0;3830;3826;3826;3833;3822;3828;3830;3826;3829;0;0;0;44
$1;1;7616000;2;0;1500;48171;34704;31414;398;0;3830;3826;3826;3833;3822;3828;3830;3826;3829;0;0;0;47
$1;1;7617000;2;0;1498;48171;34705;31418;398;0;3830;3826;3826;3833;3823;3828;3830;3826;3829;0;0;0;34
$1;1;7618000;2;0;1501;48170;34706;31423;398;0;3830;3826;3826;3833;3823;3828;3830;3826;3829;0;0;0;38
$1;1;7619000;2;0;1500;48171;34706;31427;398;0;3830;3826;3826;3833;3823;3828;3830;3826;3829;0;0;0;35
$1;1;7620000;2;0;1499;48171;34706;31431;398;0;3830;3826;3827;3833;3823;3828;3830;3826;3829;0;0;0;46
$1;1;7621000;2;0;1499;48172;34706;31435;398;0;3830;3827;3827;3833;3823;3828;3830;3826;3829;0;0;0;41
$1;1;7622000;2;0;1499;48173;34707;31439;398;0;3830;3827;3827;3833;3823;3828;3830;3827;3829;0;0;0;39
$1;1;7623000;2;0;1499;48172;34707;31443;398;0;3830;3827;3827;3833;3823;3828;3831;3827;3829;0;0;0;43
$1;1;7624000;2;0;1501;48171;34709;31448;397;0;3831;3827;3827;3833;3823;3828;3831;3827;3829;0;0;0;36
$1;1;7625000;2;0;1498;48172;34708;31452;397;0;3830;3827;3827;3833;3823;3828;3831;3827;3829;0;0;0;44
$1;1;7626000;2;0;1501;48171;34709;31456;397;0;3831;3827;3827;3833;3823;3828;3831;3827;3829;0;0;0;41
$1;1;7627000;2;0;1499;48171;34709;31460;397;0;3831;3827;3827;3834;3823;3828;3831;3827;3829;0;0;0;42
$1;1;7628000;2;0;1500;48171;34710;31464;397;0;3831;3827;3827;3833;3823;3829;3831;3827;3829;0;0;0;46
$1;1;7629000;2;0;1500;48168;34710;31468;398;0;3831;3827;3827;3833;3823;3829;3831;3827;3829;0;0;0;36
$1;1;7630000;2;0;1500;48168;34710;31473;398;0;3831;3827;3827;3834;3823;3829;3831;3827;3829;0;0;0;33
$1;1;7631000;2;0;1500;48169;34711;31477;398;0;3831;3827;3827;3834;3823;3829;3831;3827;3830;0;0;0;44
$1;1;7632000;2;0;1498;48171;34711;31481;398;0;3831;3827;3827;3834;3823;3829;3831;3827;3829;0;0;0;39
$1;1;7633000;2;0;1499;48171;34712;31485;398;0;3831;3827;3827;3834;3823;3829;3831;3827;3830;0;0;0;40
$1;1;7634000;2;0;1499;48170;34712;31489;398;0;3831;3827;3827;3834;3823;3829;3831;3827;3829;0;0;0;42
$1;1;7635000;2;0;1499;48169;34713;31493;398;0;3831;3827;3827;3834;3823;3829;3831;3827;3830;0;0;0;33
$1;1;7636000;2;0;1500;48169;34715;31498;398;0;3831;3827;3828;3834;3823;3829;3831;3827;3830;0;0;0;33
$1;1;7637000;2;0;1500;48170;34714;31502;398;0;3831;3827;3828;3834;3824;3829;3831;3827;3830;0;0;0;44
$1;128;7637000;298;115;14;12;12;14;10;12;14;13;14;0;0;0;22
$1;1;7638000;2;0;1499;48169;34714;31506;398;0;3831;3827;3827;3834;3824;3829;3831;3827;3829;0;0;0;41
$1;1;7639000;2;0;1498;48170;34715;31510;397;0;3831;3827;3828;3834;3824;3829;3831;3827;3830;0;0;0;47
$1;1;7640000;2;0;1499;48170;34716;31514;397;0;3831;3827;3828;3834;3824;3829;3831;3828;3830;0;0;0;40
$1;1;7641000;2;0;1499;48171;34716;31518;397;0;3831;3828;3827;3834;3824;3829;3831;3828;3830;0;0;0;36
$1;1;7642000;2;0;1500;48169;34717;31523;397;0;3831;3827;3828;3834;3824;3829;3832;3828;3830;0;0;0;37
$1;1;7643000;2;0;1499;48170;34717;31527;397;0;3831;3828;3828;3834;3824;3829;3832;3828;3830;0;0;0;38
$1;1;7644000;2;0;1499;48170;34718;31531;397;0;3832;3828;3828;3834;3824;3829;3832;3828;3830;0;0;0;42
$1;1;7645000;2;0;1499;48171;34718;31535;396;0;3832;3828;3828;3834;3824;3829;3832;3828;3830;0;0;0;47
$1;1;7646000;2;0;1461;48191;34706;31539;396;0;3831;3827;3827;3834;3824;3829;3831;3827;3830;0;0;0;41
$1;1;7647000;2;0;1496;48170;34717;31544;398;0;3831;3828;3828;3834;3824;3829;3832;3828;3830;0;0;0;39
$1;1;7648000;2;0;1459;48190;34706;31548;398;0;3831;3828;3828;3834;3824;3829;3831;3827;3830;0;0;0;37
$1;1;7649000;2;0;1495;48171;34718;31552;398;0;3832;3828;3828;3835;3824;3830;3832;3828;3830;0;0;0;41
$1;1;7650000;2;0;1500;48167;34720;31556;398;0;3832;3828;3828;3835;3824;3830;3832;3828;3830;0;0;0;36
$1;1;7651000;2;0;1500;48168;34720;31560;398;0;3832;3828;3828;3835;3824;3830;3832;3828;3831;0;0;0;46
$1;1;7652000;2;0;1503;48165;34722;31564;398;0;3832;3828;3828;3835;3824;3830;3832;3828;3831;0;0;0;37
$1;1;7653000;2;0;1501;48167;34723;31569;398;0;3832;3828;3828;3835;3824;3830;3832;3828;3831;0;0;0;40
$1;1;7654000;2;0;1503;48165;34723;31573;397;0;3832;3828;3828;3835;3824;3830;3832;3828;3831;0;0;0;43
$1;1;7655000;2;0;1501;48167;34723;31577;397;0;3832;3828;3829;3835;3825;3830;3832;3828;3831;0;0;0;46
$1;1;7656000;2;0;1450;48194;34708;31581;397;0;3832;3828;3828;3835;3824;3830;3832;3828;3830;0;0;0;37
$1;1;7657000;2;0;1481;48179;34718;31585;397;0;3832;3828;3828;3835;3824;3830;3832;3828;3830;0;0;0;46
$1;1;7658000;2;0;1452;48195;34709;31589;397;0;3831;3828;3828;3834;3824;3830;3832;3828;3830;0;0;0;35
$1;1;7659000;2;0;1473;48185;34716;31593;397;0;3832;3828;3828;3835;3824;3830;3832;3828;3830;0;0;0;39
$1;1;7660000;2;0;1483;48179;34718;31597;397;0;3832;3828;3828;3835;3824;3830;3832;3828;3831;0;0;0;42
$1;1;7661000;2;0;1451;48197;34710;31601;397;0;3832;3828;3828;3835;3824;3830;3832;3828;3830;0;0;0;33
$1;1;7662000;2;0;1449;48198;34709;31605;396;0;3832;3828;3828;3835;3824;3830;3832;3828;3831;0;0;0;40
$1;1;7663000;2;0;1495;48173;34724;31609;396;0;3832;3829;3829;3836;3825;3830;3832;3829;3831;0;0;0;45
$1;1;7664000;2;0;1443;48199;34708;31614;397;0;3832;3828;3828;3835;3824;3830;3832;3828;3830;0;0;0;36
$1;1;7665000;2;0;1492;48171;34724;31618;398;0;3832;3828;3829;3836;3825;3830;3832;3828;3831;0;0;0;32
$1;1;7666000;2;0;1498;48167;34727;31622;398;0;3833;3829;3829;3836;3825;3830;3833;3829;3831;0;0;0;36
$1;1;7667000;2;0;1489;48172;34724;31626;398;0;3832;3829;3829;3836;3825;3830;3832;3829;3831;0;0;0;38
$1;1;7668000;2;0;1492;48171;34725;31630;398;0;3832;3829;3829;3835;3825;3830;3833;3829;3831;0;0;0;36
$1;1;7669000;2;0;1485;48175;34724;31634;397;0;3832;3829;3829;3836;3825;3830;3832;3829;3831;0;0;0;47
$1;1;7670000;2;0;1497;48168;34729;31639;397;0;3833;3829;3829;3836;3825;3831;3833;3829;3832;0;0;0;42
$1;1;7671000;2;0;1498;48168;34729;31643;397;0;3833;3829;3829;3836;3825;3831;3833;3829;3831;0;0;0;42
$1;1;7672000;2;0;1501;48165;34730;31647;397;0;3833;3829;3829;3836;3825;3831;3833;3829;3832;0;0;0;42
$1;1;7673000;2;0;1484;48177;34726;31651;397;0;3833;3829;3829;3836;3825;3831;3833;3829;3832;0;0;0;36
$1;1;7674000;2;0;1497;48169;34729;31655;397;0;3833;3829;3829;3836;3825;3831;3833;3829;3832;0;0;0;37
$1;1;7675000;2;0;1502;48166;34731;31659;397;0;3833;3829;3830;3837;3825;3831;3833;3829;3832;0;0;0;42
$1;1;7676000;2;0;1499;48169;34731;31663;397;0;3833;3829;3830;3836;3826;3831;3833;3829;3832;0;0;0;46
$1;1;7677000;2;0;1499;48170;34732;31668;397;0;3833;3829;3830;3837;3826;3831;3833;3829;3832;0;0;0;46
$1;1;7678000;2;0;1501;48168;34732;31672;397;0;3833;3829;3830;3837;3826;3831;3833;3829;3832;0;0;0;35
$1;1;7679000;2;0;1500;48168;34732;31676;396;0;3833;3829;3830;3837;3826;3831;3833;3829;3832;0;0;0;38
$1;1;7680000;2;0;1502;48168;34733;31680;396;0;3833;3830;3829;3837;3826;3831;3833;3829;3832;0;0;0;42
$1;1;7681000;2;0;1485;48179;34729;31684;396;0;3833;3829;3829;3837;3826;3831;3833;3829;3832;0;0;0;34
$1;1;7682000;2;0;1498;48168;34733;31689;397;0;3833;3829;3830;3837;3826;3831;3833;3830;3832;0;0;0;42
$1;1;7683000;2;0;1499;48167;34734;31693;397;0;3833;3830;3830;3837;3826;3831;3833;3830;3832;0;0;0;33
$1;1;7684000;2;0;1499;48167;34734;31697;397;0;3833;3830;3830;3837;3826;3831;3833;3830;3832;0;0;0;34
$1;1;7685000;2;0;1499;48167;34736;31701;397;0;3833;3830;3830;3837;3826;3831;3833;3830;3832;0;0;0;47
$1;1;7686000;2;0;1499;48167;34736;31705;397;0;3834;3830;3830;3837;3826;3831;3834;3830;3832;0;0;0;40
$1;1;7687000;2;0;1453;48192;34722;31710;397;0;3833;3829;3830;3837;3826;3831;3833;3829;3832;0;0;0;36
$1;1;7688000;2;0;1493;48171;34734;31714;397;0;3833;3830;3830;3837;3826;3831;3834;3830;3832;0;0;0;46
$1;1;7689000;2;0;1448;48195;34721;31718;397;0;3833;3830;3830;3836;3826;3831;3833;3829;3832;0;0;0;37
$1;1;7690000;2;0;1479;48179;34731;31722;397;0;3833;3830;3830;3837;3826;3831;3834;3830;3832;0;0;0;43
$1;1;7691000;2;0;1500;48168;34738;31726;397;0;3834;3830;3830;3837;3826;3832;3834;3830;3832;0;0;0;44
$1;1;7692000;2;0;1499;48168;34739;31730;396;0;3834;3830;3830;3837;3826;3832;3834;3830;3833;0;0;0;40
$1;1;7693000;2;0;1449;48195;34724;31734;396;0;3833;3830;3830;3837;3826;3831;3834;3830;3832;0;0;0;43
$1;1;7694000;2;0;1477;48182;34732;31739;396;0;3833;3830;3830;3837;3826;3832;3834;3830;3832;0;0;0;46
$1;1;7695000;2;0;1498;48170;34739;31743;396;0;3834;3830;3830;3838;3826;3832;3834;3830;3833;0;0;0;44
$1;1;7696000;2;0;1450;48196;34725;31747;396;0;3833;3830;3830;3837;3826;3831;3833;3830;3832;0;0;0;39
$1;1;7697000;2;0;1491;48174;34737;31751;396;0;3834;3830;3830;3838;3826;3832;3834;3830;3833;0;0;0;46
$1;128;7697000;300;115;14;12;12;14;10;12;14;13;14;0;0;0;28
$1;1;7698000;2;0;1499;48169;34742;31755;396;0;3834;3830;3831;3838;3826;3832;3834;3830;3833;0;0;0;34
$1;1;7699000;2;0;1490;48171;34738;31759;397;0;3834;3830;3830;3838;3826;3832;3834;3830;3833;0;0;0;34
$1;1;7700000;2;0;1466;48185;34731;31763;397;0;3834;3830;3830;3837;3826;3832;3834;3830;3832;0;0;0;47
$1;1;7701000;2;0;1496;48167;34742;31767;397;0;3834;3830;3831;3838;3827;3832;3834;3830;3833;0;0;0;35
$1;1;7702000;2;0;1479;48179;34737;31771;397;0;3834;3830;3831;3838;3827;3832;3834;3830;3833;0;0;0;43
$1;1;7703000;2;0;1473;48181;34735;31775;397;0;3834;3830;3830;3837;3826;3832;3834;3830;3833;0;0;0;46
$1;1;7704000;2;0;1461;48188;34731;31779;397;0;3834;3830;3830;3837;3826;3832;3834;3830;3833;0;0;0;43
$1;1;7705000;2;0;1476;48179;34736;31784;397;0;3834;3830;3831;3838;3827;3832;3834;3830;3833;0;0;0;40
$1;1;7706000;2;0;1447;48196;34728;31787;397;0;3834;3830;3830;3837;3826;3832;3834;3830;3833;0;0;0;43
$1;1;7707000;2;0;1457;48191;34731;31791;396;0;3834;3830;3830;3838;3826;3832;3834;3830;3833;0;0;0;45
$1;1;7708000;2;0;1449;48194;34730;31795;396;0;3834;3830;3830;3838;3827;3832;3834;3830;3833;0;0;0;44
$1;1;7709000;2;0;1496;48168;34744;31800;396;0;3834;3831;3831;3838;3827;3832;3835;3831;3833;0;0;0;44
$1;1;7710000;2;0;1399;48224;34716;31803;396;0;3833;3830;3830;3836;3826;3831;3833;3830;3832;0;0;0;46
$1;1;7711000;2;0;1491;48173;34743;31808;396;0;3834;3831;3831;3838;3827;3832;3835;3831;3833;0;0;0;39
$1;1;7712000;2;0;1481;48179;34741;31812;396;0;3834;3830;3831;3838;3827;3832;3835;3831;3833;0;0;0;39
$1;1;7713000;2;0;1498;48169;34746;31816;396;0;3835;3831;3831;3838;3827;3832;3835;3831;3834;0;0;0;43
$1;1;7714000;2;0;1422;48212;34724;31820;395;0;3834;3830;3831;3837;3826;3832;3834;3830;3833;0;0;0;41
$1;1;7715000;2;0;1414;48215;34721;31824;395;0;3834;3830;3830;3837;3826;3832;3834;3830;3832;0;0;0;43
$1;1;7716000;2;0;1450;48198;34733;31828;395;0;3834;3831;3831;3838;3827;3832;3834;3830;3833;0;0;0;46
$1;1;7717000;2;0;1447;48198;34732;31832;396;0;3834;3831;3831;3838;3827;3832;3834;3831;3833;0;0;0;33
$1;1;7718000;2;0;1496;48170;34747;31836;396;0;3835;3831;3831;3838;3827;3833;3835;3831;3834;0;0;0;36
$1;1;7719000;2;0;1437;48203;34730;31841;396;0;3834;3831;3831;3837;3827;3832;3834;3831;3833;0;0;0;32
$1;1;7720000;2;0;1423;48211;34726;31845;396;0;3834;3830;3831;3837;3827;3832;3834;3830;3833;0;0;0;47
$1;1;7721000;2;0;1469;48187;34741;31849;396;0;3834;3831;3831;3838;3827;3832;3835;3831;3834;0;0;0;40
$1;1;7722000;2;0;1459;48192;34738;31853;395;0;3834;3831;3831;3838;3827;3832;3835;3831;3834;0;0;0;42
$1;1;7723000;2;0;1434;48206;34731;31857;395;0;3834;3831;3831;3838;3827;3832;3835;3831;3833;0;0;0;36
$1;1;7724000;2;0;1454;48194;34738;31861;395;0;3835;3831;3831;3838;3827;3833;3835;3831;3834;0;0;0;38
$1;1;7725000;2;0;1479;48183;34746;31866;395;0;3835;3831;3831;3838;3827;3833;3835;3831;3834;0;0;0;32
$1;1;7726000;2;0;1500;48168;34753;31870;395;0;3835;3832;3832;3839;3828;3833;3836;3832;3834;0;0;0;36
$1;1;7727000;2;0;1457;48193;34740;31874;395;0;3835;3831;3831;3838;3828;3833;3835;3831;3834;0;0;0;37
$1;1;7728000;2;0;1411;48218;34727;31878;395;0;3834;3831;3831;3838;3827;3832;3835;3831;3833;0;0;0;45
$1;1;7729000;2;0;1419;48214;34730;31882;395;0;3834;3831;3831;3838;3827;3832;3835;3831;3834;0;0;0;44
$1;1;7730000;2;0;1486;48179;34750;31886;395;0;3835;3832;3832;3839;3827;3833;3836;3832;3834;0;0;0;41
$1;1;7731000;2;0;1448;48199;34739;31890;395;0;3835;3831;3832;3838;3827;3833;3835;3831;3834;0;0;0;46
$1;1;7732000;2;0;1484;48180;34751;31894;395;0;3835;3832;3832;3839;3828;3833;3836;3832;3834;0;0;0;34
$1;1;7733000;2;0;1458;48192;34743;31898;395;0;3835;3832;3832;3839;3828;3833;3835;3832;3834;0;0;0;45
$1;1;7734000;2;0;1453;48194;34742;31902;396;0;3835;3831;3832;3839;3827;3833;3835;3832;3834;0;0;0;43
$1;1;7735000;2;0;1491;48173;34754;31906;397;0;3836;3832;3832;3839;3828;3834;3836;3832;3834;0;0;0;36
$1;1;7736000;2;0;1441;48200;34738;31910;397;0;3835;3831;3832;3838;3827;3833;3835;3831;3834;0;0;0;41
$1;1;7737000;2;0;1460;48193;34743;31914;397;0;3835;3832;3832;3838;3827;3833;3835;3831;3834;0;0;0;41
$1;1;7738000;2;0;1454;48193;34742;31918;397;0;3835;3832;3832;3839;3827;3833;3836;3832;3834;0;0;0;45
$1;1;7739000;2;0;1477;48182;34751;31922;397;0;3835;3832;3832;3839;3828;3834;3836;3832;3834;0;0;0;46
$1;1;7740000;2;0;1478;48182;34752;31927;398;0;3836;3832;3832;3839;3828;3834;3836;3832;3835;0;0;0;36
$1;1;7741000;2;0;1457;48191;34746;31931;398;0;3836;3832;3832;3839;3828;3834;3836;3832;3834;0;0;0;41
$1;1;7742000;2;0;1493;48172;34757;31935;398;0;3836;3832;3833;3840;3828;3834;3837;3832;3835;0;0;0;36
$1;1;7743000;2;0;1493;48172;34757;31939;398;0;3836;3832;3832;3840;3828;3834;3837;3832;3835;0;0;0;40
$1;1;7744000;2;0;1432;48208;34740;31943;399;0;3835;3832;3832;3839;3828;3833;3836;3832;3834;0;0;0;42
$1;1;7745000;2;0;1438;48203;34742;31947;399;0;3835;3832;3832;3839;3828;3833;3836;3832;3834;0;0;0;44
$1;1;7746000;2;0;1487;48178;34758;31951;399;0;3836;3832;3833;3840;3828;3834;3837;3833;3835;0;0;0;34
$1;1;7747000;2;0;1482;48180;34756;31955;399;0;3836;3833;3833;3839;3828;3834;3837;3833;3835;0;0;0;36
$1;1;7748000;2;0;1445;48200;34747;31959;400;0;3836;3832;3833;3840;3828;3834;3837;3832;3835;0;0;0;46
$1;1;7749000;2;0;1472;48185;34755;31964;400;0;3836;3832;3833;3840;3828;3834;3837;3832;3835;0;0;0;40
$1;1;7750000;2;0;1495;48170;34762;31968;400;0;3837;3833;3833;3840;3829;3834;3837;3833;3835;0;0;0;43
$1;1;7751000;2;0;1498;48165;34764;31972;402;0;3837;3833;3833;3840;3829;3835;3837;3833;3835;0;0;0;45
$1;1;7752000;2;0;1436;48202;34745;31976;402;0;3836;3832;3833;3840;3828;3834;3837;3832;3834;0;0;0;47
$1;1;7753000;2;0;1358;48246;34722;31980;403;0;3835;3831;3832;3838;3827;3833;3835;3831;3833;0;0;0;40
$1;1;7754000;2;0;1434;48205;34745;31984;404;0;3836;3832;3832;3840;3828;3834;3836;3832;3835;0;0;0;38
$1;1;7755000;2;0;1480;48179;34760;31988;404;0;3836;3833;3833;3841;3829;3834;3837;3833;3835;0;0;0;43
$1;1;7756000;2;0;1496;48170;34765;31993;405;0;3837;3833;3833;3841;3829;3835;3838;3833;3836;0;0;0;36
$1;1;7757000;2;0;1485;48176;34762;31997;405;0;3837;3833;3833;3841;3829;3835;3837;3833;3835;0;0;0;46
$1;128;7757000;299;115;14;12;12;14;10;12;14;13;14;0;0;0;16
$1;1;7758000;2;0;1487;48176;34764;32000;405;0;3837;3833;3833;3840;3829;3835;3838;3833;3836;0;0;0;44
$1;1;7759000;2;0;1478;48180;34761;32005;405;0;3837;3833;3833;3840;3829;3835;3838;3833;3836;0;0;0;36
$1;1;7760000;2;0;1497;48169;34767;32009;405;0;3837;3834;3834;3840;3829;3835;3838;3833;3836;0;0;0;34
$1;1;7761000;2;0;1475;48182;34762;32013;406;0;3837;3833;3834;3840;3829;3835;3838;3833;3836;0;0;0;32
$1;1;7762000;2;0;1495;48171;34769;32017;406;0;3837;3833;3834;3841;3829;3835;3838;3834;3836;0;0;0;40
$1;1;7763000;2;0;1499;48170;34771;32021;406;0;3837;3834;3834;3841;3829;3835;3838;3834;3837;0;0;0;46
$1;1;7764000;2;0;1449;48198;34756;32025;406;0;3837;3833;3833;3840;3829;3835;3837;3833;3836;0;0;0;43
$1;1;7765000;2;0;1496;48171;34770;32029;406;0;3837;3834;3834;3841;3830;3835;3838;3834;3836;0;0;0;38
$1;1;7766000;2;0;1499;48169;34771;32034;407;0;3838;3834;3834;3841;3829;3835;3838;3834;3836;0;0;0;40
$1;1;7767000;2;0;1444;48201;34755;32037;407;0;3837;3833;3833;3840;3829;3835;3838;3833;3836;0;0;0;40
$1;1;7768000;2;0;1429;48206;34751;32042;408;0;3837;3833;3833;3840;3829;3835;3837;3833;3835;0;0;0;46
$1;1;7769000;2;0;1451;48192;34757;32046;408;0;3837;3833;3833;3841;3829;3835;3838;3833;3836;0;0;0;33
$1;1;7770000;2;0;1454;48193;34759;32050;408;0;3837;3833;3833;3840;3829;3835;3838;3833;3836;0;0;0;37
$1;1;7771000;2;0;1481;48176;34767;32054;408;0;3837;3834;3834;3841;3830;3835;3838;3834;3836;0;0;0;32
$1;1;7772000;2;0;1497;48168;34774;32058;408;0;3838;3834;3834;3841;3830;3835;3838;3834;3837;0;0;0;43
$1;1;7773000;2;0;1451;48193;34760;32062;408;0;3837;3834;3834;3841;3829;3835;3838;3834;3836;0;0;0;46
$1;1;7774000;2;0;1450;48194;34761;32067;408;0;3837;3834;3834;3841;3829;3835;3838;3834;3836;0;0;0;43
$1;1;7775000;2;0;1474;48182;34768;32071;408;0;3838;3834;3834;3841;3830;3836;3838;3834;3836;0;0;0;33
$1;1;7776000;2;0;1490;48172;34773;32075;409;0;3838;3834;3834;3841;3830;3836;3838;3834;3837;0;0;0;41
$1;1;7777000;2;0;1493;48171;34775;32079;409;0;3838;3834;3834;3842;3830;3836;3839;3834;3837;0;0;0;32
$1;1;7778000;2;0;1500;48168;34778;32083;409;0;3838;3834;3834;3842;3830;3836;3839;3835;3837;0;0;0;37
$1;1;7779000;2;0;1500;48168;34778;32087;409;0;3838;3834;3834;3842;3830;3836;3839;3835;3837;0;0;0;32
$1;1;7780000;2;0;1500;48169;34778;32091;408;0;3838;3834;3835;3842;3830;3836;3839;3834;3837;0;0;0;33
$1;1;7781000;2;0;1498;48170;34779;32095;408;0;3838;3834;3835;3842;3830;3836;3839;3835;3837;0;0;0;44
$1;1;7782000;2;0;1478;48179;34773;32099;408;0;3838;3834;3835;3842;3830;3836;3839;3834;3837;0;0;0;47
$1;1;7783000;2;0;1498;48168;34780;32103;408;0;3838;3835;3835;3842;3830;3836;3839;3835;3837;0;0;0;46
$1;1;7784000;2;0;1500;48165;34780;32108;409;0;3838;3835;3835;3842;3830;3836;3839;3835;3837;0;0;0;46
$1;1;7785000;2;0;1498;48165;34781;32112;409;0;3839;3835;3835;3842;3831;3837;3839;3835;3837;0;0;0;36
$1;1;7786000;2;0;1500;48165;34782;32116;409;0;3839;3835;3835;3842;3831;3837;3839;3835;3837;0;0;0;32
$1;1;7787000;2;0;1499;48166;34782;32120;409;0;3839;3835;3835;3842;3831;3837;3839;3835;3837;0;0;0;38
$1;1;7788000;2;0;1499;48166;34783;32124;409;0;3839;3835;3835;3842;3831;3837;3840;3835;3838;0;0;0;45
$1;1;7789000;2;0;1500;48166;34784;32128;409;0;3839;3835;3835;3842;3831;3837;3840;3835;3838;0;0;0;38
$1;1;7790000;2;0;1500;48165;34785;32133;409;0;3839;3835;3835;3842;3831;3837;3839;3835;3838;0;0;0;40
$1;1;7791000;2;0;1499;48165;34785;32137;409;0;3839;3835;3835;3842;3831;3837;3840;3835;3838;0;0;0;34
$1;1;7792000;2;0;1499;48166;34786;32141;409;0;3839;3835;3835;3842;3831;3837;3839;3835;3838;0;0;0;46
$1;1;7793000;2;0;1500;48166;34786;32145;408;0;3839;3835;3835;3842;3831;3837;3840;3835;3838;0;0;0;37
$1;1;7794000;2;0;1498;48165;34786;32149;408;0;3839;3835;3835;3842;3831;3837;3840;3835;3838;0;0;0;45
$1;1;7795000;2;0;1498;48168;34787;32153;408;0;3839;3835;3835;3842;3831;3837;3840;3835;3838;0;0;0;43
$1;1;7796000;2;0;1501;48165;34788;32158;408;0;3839;3835;3835;3842;3831;3837;3840;3836;3838;0;0;0;35
$1;1;7797000;2;0;1500;48165;34789;32162;408;0;3839;3836;3836;3842;3831;3837;3840;3836;3838;0;0;0;43
$1;1;7798000;2;0;1498;48166;34788;32166;408;0;3839;3835;3836;3842;3832;3837;3840;3836;3838;0;0;0;34
$1;1;7799000;2;0;1499;48166;34789;32170;407;0;3839;3836;3836;3842;3832;3837;3840;3836;3838;0;0;0;40
$1;1;7800000;2;0;1500;48164;34790;32174;409;0;3839;3836;3836;3842;3832;3837;3840;3836;3838;0;0;0;38
$1;1;7801000;2;0;1501;48163;34790;32178;409;0;3839;3836;3836;3842;3832;3837;3840;3836;3838;0;0;0;45
$1;1;7802000;2;0;1499;48164;34790;32183;409;0;3839;3836;3836;3842;3832;3837;3840;3836;3838;0;0;0;45
$1;1;7803000;2;0;1498;48163;34790;32187;408;0;3840;3836;3836;3843;3832;3837;3840;3836;3838;0;0;0;32
$1;1;7804000;2;0;1499;48164;34791;32191;408;0;3840;3836;3836;3843;3832;3837;3840;3836;3839;0;0;0;38
$1;1;7805000;2;0;1499;48162;34791;32195;408;0;3840;3836;3836;3843;3832;3838;3840;3836;3838;0;0;0;43
$1;1;7806000;2;0;1500;48163;34792;32199;408;0;3840;3836;3836;3843;3832;3838;3840;3836;3839;0;0;0;38
$1;1;7807000;2;0;1498;48163;34792;32203;408;0;3840;3836;3836;3843;3832;3838;3840;3836;3839;0;0;0;39
$1;1;7808000;2;0;1499;48163;34793;32208;408;0;3840;3836;3836;3843;3832;3838;3840;3836;3839;0;0;0;35
$1;1;7809000;2;0;1499;48163;34794;32212;407;0;3840;3836;3836;3843;3832;3838;3840;3836;3839;0;0;0;33
$1;1;7810000;2;0;1500;48163;34794;32216;407;0;3840;3836;3836;3843;3832;3838;3840;3836;3839;0;0;0;44
$1;1;7811000;2;0;1500;48162;34795;32220;407;0;3840;3836;3837;3843;3832;3838;3841;3836;3839;0;0;0;40
$1;1;7812000;2;0;1501;48164;34795;32224;407;0;3840;3836;3836;3843;3832;3838;3840;3836;3839;0;0;0;40
$1;1;7813000;2;0;1499;48163;34797;32228;407;0;3840;3836;3837;3843;3833;3838;3841;3837;3839;0;0;0;32
$1;1;7814000;2;0;1498;48165;34796;32233;406;0;3840;3837;3836;3843;3832;3838;3841;3837;3839;0;0;0;43
$1;1;7815000;2;0;1500;48163;34797;32237;406;0;3840;3837;3837;3843;3832;3838;3841;3837;3839;0;0;0;40
$1;1;7816000;2;0;1501;48159;34798;32241;407;0;3840;3836;3837;3843;3833;3838;3841;3837;3839;0;0;0;44
$1;1;7817000;2;0;1497;48162;34797;32245;407;0;3840;3837;3837;3843;3833;3838;3841;3837;3839;0;0;0;33
$1;128;7817000;298;117;15;13;12;14;10;12;14;13;14;0;0;0;24
$1;1;7818000;2;0;1499;48161;34798;32249;407;0;3840;3837;3837;3843;3833;3838;3841;3837;3839;0;0;0;32
$1;1;7819000;2;0;1472;48177;34790;32253;407;0;3840;3836;3836;3843;3832;3838;3840;3837;3839;0;0;0;32
$1;1;7820000;2;0;1499;48160;34799;32258;407;0;3840;3837;3837;3843;3833;3838;3841;3837;3839;0;0;0;43
$1;1;7821000;2;0;1499;48162;34799;32262;407;0;3840;3837;3837;3843;3833;3839;3841;3837;3839;0;0;0;32
$1;1;7822000;2;0;1500;48161;34799;32266;406;0;3841;3837;3837;3844;3833;3838;3841;3837;3839;0;0;0;35
$1;1;7823000;2;0;1498;48161;34800;32270;406;0;3841;3837;3837;3844;3833;3839;3841;3837;3839;0;0;0;43
$1;1;7824000;2;0;1501;48161;34802;32274;406;0;3841;3837;3837;3844;3833;3839;3841;3837;3840;0;0;0;37
$1;1;7825000;2;0;1485;48169;34797;32278;406;0;3840;3837;3837;3844;3833;3839;3841;3837;3839;0;0;0;33
$1;1;7826000;2;0;1498;48163;34802;32283;406;0;3841;3837;3837;3844;3833;3839;3841;3837;3840;0;0;0;44
$1;1;7827000;2;0;1501;48161;34802;32287;405;0;3841;3837;3837;3844;3833;3839;3841;3837;3840;0;0;0;41
$1;1;7828000;2;0;1471;48178;34794;32291;405;0;3841;3837;3837;3844;3833;3838;3841;3837;3839;0;0;0;32
$1;1;7829000;2;0;1492;48166;34801;32295;405;0;3841;3837;3837;3844;3833;3839;3841;3837;3840;0;0;0;43
$1;1;7830000;2;0;1491;48168;34801;32299;405;0;3841;3837;3837;3844;3833;3839;3841;3837;3840;0;0;0;34
$1;1;7831000;2;0;1460;48185;34791;32303;405;0;3841;3837;3837;3844;3833;3838;3841;3837;3840;0;0;0;43
$1;1;7832000;2;0;1452;48185;34790;32307;405;0;3840;3837;3837;3844;3833;3838;3841;3837;3839;0;0;0;35
$1;1;7833000;2;0;1492;48163;34802;32311;406;0;3841;3837;3838;3844;3833;3839;3841;3837;3840;0;0;0;39
$1;1;7834000;2;0;1499;48159;34804;32316;406;0;3841;3837;3838;3844;3833;3839;3841;3838;3840;0;0;0;44
$1;1;7835000;2;0;1498;48161;34805;32320;405;0;3841;3838;3838;3844;3833;3839;3842;3838;3840;0;0;0;44
$1;1;7836000;2;0;1444;48190;34789;32323;405;0;3841;3837;3837;3844;3833;3839;3841;3837;3839;0;0;0;42
$1;1;7837000;2;0;1454;48186;34791;32327;405;0;3841;3837;3837;3844;3833;3839;3841;3837;3839;0;0;0;32
$1;1;7838000;2;0;1488;48167;34802;32332;405;0;3841;3838;3838;3844;3833;3839;3842;3838;3840;0;0;0;34
$1;1;7839000;2;0;1473;48175;34799;32336;405;0;3841;3837;3837;3844;3833;3839;3841;3838;3840;0;0;0;46
$1;1;7840000;2;0;1496;48162;34806;32340;405;0;3841;3838;3838;3845;3833;3839;3842;3838;3840;0;0;0;39
$1;1;7841000;2;0;1500;48159;34808;32344;404;0;3841;3838;3838;3845;3834;3839;3842;3838;3840;0;0;0;44
$1;1;7842000;2;0;1473;48177;34800;32348;404;0;3841;3838;3838;3844;3833;3839;3841;3838;3840;0;0;0;39
$1;1;7843000;2;0;1485;48170;34803;32352;404;0;3841;3838;3838;3844;3833;3839;3842;3838;3840;0;0;0;35
$1;1;7844000;2;0;1477;48173;34801;32356;404;0;3841;3838;3838;3844;3834;3839;3842;3838;3840;0;0;0;43
$1;1;7845000;2;0;1494;48165;34807;32360;404;0;3842;3838;3838;3845;3834;3839;3842;3838;3840;0;0;0;33
$1;1;7846000;2;0;1469;48180;34800;32364;403;0;3841;3838;3838;3844;3833;3839;3842;3838;3840;0;0;0;42
$1;1;7847000;2;0;1477;48175;34803;32368;403;0;3841;3838;3838;3845;3834;3839;3842;3838;3840;0;0;0;39
$1;1;7848000;2;0;1477;48174;34802;32372;403;0;3841;3838;3838;3845;3834;3839;3842;3838;3840;0;0;0;35
$1;1;7849000;2;0;1498;48160;34810;32377;404;0;3842;3838;3838;3845;3834;3840;3842;3838;3841;0;0;0;43
$1;1;7850000;2;0;1500;48158;34811;32381;404;0;3842;3838;3839;3845;3834;3840;3842;3838;3841;0;0;0;33
$1;1;7851000;2;0;1487;48166;34807;32385;404;0;3842;3838;3838;3845;3834;3840;3842;3838;3841;0;0;0;33
$1;1;7852000;2;0;1499;48158;34812;32389;404;0;3842;3838;3839;3845;3834;3840;3842;3838;3841;0;0;0;41
$1;1;7853000;2;0;1499;48158;34812;32393;403;0;3842;3838;3838;3846;3834;3840;3842;3838;3841;0;0;0;38
$1;1;7854000;2;0;1499;48159;34813;32397;403;0;3842;3838;3839;3846;3834;3840;3842;3839;3841;0;0;0;37
$1;1;7855000;2;0;1500;48158;34813;32402;403;0;3842;3838;3839;3845;3834;3840;3842;3839;3841;0;0;0;44
$1;1;7856000;2;0;1499;48161;34814;32406;403;0;3842;3838;3839;3846;3834;3840;3843;3839;3841;0;0;0;37
$1;1;7857000;2;0;1499;48159;34814;32410;403;0;3842;3839;3839;3846;3834;3840;3843;3839;3841;0;0;0;41
$1;1;7858000;2;0;1499;48160;34814;32415;402;0;3842;3839;3839;3845;3834;3840;3842;3839;3841;0;0;0;42
$1;1;7859000;2;0;1504;48155;34815;32419;402;0;3842;3839;3839;3846;3835;3840;3843;3839;3841;0;0;0;38
$1;1;7860000;2;0;1501;48158;34814;32423;402;0;3842;3839;3839;3846;3835;3840;3843;3839;3841;0;0;0;44
$1;1;7861000;2;0;1499;48159;34815;32427;402;0;3842;3839;3839;3846;3835;3840;3843;3839;3842;0;0;0;42
$1;1;7862000;2;0;1498;48159;34815;32431;402;0;3843;3839;3839;3846;3835;3840;3843;3839;3842;0;0;0;46
$1;1;7863000;2;0;1500;48159;34816;32435;401;0;3843;3839;3839;3846;3835;3840;3843;3839;3842;0;0;0;43
$1;1;7864000;2;0;1499;48158;34817;32440;401;0;3843;3839;3839;3847;3835;3840;3843;3839;3841;0;0;0;45
$1;1;7865000;2;0;1499;48158;34817;32444;402;0;3843;3839;3839;3846;3835;3840;3843;3839;3842;0;0;0;41
$1;1;7866000;2;0;1500;48155;34817;32448;402;0;3843;3839;3839;3846;3835;3841;3843;3839;3842;0;0;0;43
$1;1;7867000;2;0;1499;48156;34817;32452;402;0;3843;3839;3839;3846;3835;3841;3843;3839;3842;0;0;0;35
$1;1;7868000;2;0;1499;48157;34818;32456;402;0;3843;3839;3839;3846;3835;3841;3843;3839;3842;0;0;0;38
$1;1;7869000;2;0;1499;48156;34819;32460;402;0;3843;3839;3839;3846;3835;3841;3843;3839;3842;0;0;0;34
$1;1;7870000;2;0;1500;48155;34820;32465;402;0;3843;3839;3839;3847;3835;3841;3843;3839;3842;0;0;0;38
$1;1;7871000;2;0;1502;48155;34821;32469;402;0;3843;3839;3839;3847;3835;3841;3843;3839;3842;0;0;0;40
$1;1;7872000;2;0;1477;48169;34814;32473;402;0;3843;3839;3839;3846;3835;3840;3843;3839;3842;0;0;0;42
$1;1;7873000;2;0;1450;48184;34806;32477;401;0;3842;3839;3839;3846;3835;3840;3843;3839;3841;0;0;0;43
$1;1;7874000;2;0;1450;48185;34807;32481;401;0;3842;3839;3839;3845;3835;3840;3843;3839;3841;0;0;0;38
$1;1;7875000;2;0;1466;48178;34812;32485;401;0;3843;3839;3839;3846;3835;3841;3843;3839;3842;0;0;0;32
$1;1;7876000;2;0;1443;48189;34805;32490;401;0;3842;3839;3839;3846;3835;3840;3843;3839;3842;0;0;0;40
$1;1;7877000;2;0;1450;48186;34808;32494;401;0;3843;3839;3839;3846;3835;3840;3843;3839;3841;0;0;0;47
$1;128;7877000;294;115;14;13;11;14;10;12;14;13;14;0;0;0;18
$1;1;7878000;2;0;1461;48181;34812;32498;401;0;3843;3839;3839;3846;3835;3840;3843;3839;3842;0;0;0;33
$1;1;7879000;2;0;1481;48171;34817;32502;400;0;3843;3839;3840;3847;3835;3841;3843;3839;3842;0;0;0;41
$1;1;7880000;2;0;1481;48171;34818;32506;400;0;3843;3839;3840;3847;3835;3841;3843;3839;3842;0;0;0;36
$1;1;7881000;2;0;1437;48194;34805;32510;400;0;3843;3839;3839;3846;3835;3840;3843;3839;3841;0;0;0;37
$1;1;7882000;2;0;1472;48177;34816;32514;400;0;3843;3839;3840;3847;3835;3841;3843;3839;3842;0;0;0;33
$1;1;7883000;2;0;1483;48167;34819;32519;401;0;3843;3839;3840;3846;3836;3841;3843;3839;3842;0;0;0;46
$1;1;7884000;2;0;1463;48178;34814;32523;401;0;3843;3839;3839;3846;3835;3841;3843;3839;3842;0;0;0;32
$1;1;7885000;2;0;1483;48168;34820;32527;401;0;3843;3839;3840;3847;3836;3841;3844;3840;3842;0;0;0;40
$1;1;7886000;2;0;1447;48187;34810;32531;401;0;3843;3839;3839;3846;3835;3841;3843;3839;3842;0;0;0;35
$1;1;7887000;2;0;1433;48194;34806;32534;401;0;3843;3839;3839;3846;3835;3841;3843;3839;3842;0;0;0;33
$1;1;7888000;2;0;1427;48201;34804;32539;401;0;3842;3839;3839;3846;3835;3841;3843;3839;3841;0;0;0;41
$1;1;7889000;2;0;1477;48172;34820;32543;401;0;3843;3840;3840;3846;3836;3841;3844;3840;3842;0;0;0;41
$1;1;7890000;2;0;1446;48188;34812;32547;401;0;3843;3840;3840;3847;3836;3841;3843;3839;3842;0;0;0;43
$1;1;7891000;2;0;1481;48170;34822;32551;401;0;3843;3840;3840;3847;3836;3841;3844;3840;3842;0;0;0;43
$1;1;7892000;2;0;1455;48183;34814;32555;400;0;3843;3840;3840;3847;3836;3841;3843;3840;3842;0;0;0;42
$1;1;7893000;2;0;1496;48161;34827;32559;400;0;3844;3840;3840;3847;3836;3841;3844;3840;3843;0;0;0;37
$1;1;7894000;2;0;1487;48166;34826;32563;400;0;3844;3840;3840;3848;3836;3842;3844;3840;3843;0;0;0;33
$1;1;7895000;2;0;1498;48159;34829;32567;400;0;3844;3840;3840;3847;3836;3842;3844;3840;3843;0;0;0;38
$1;1;7896000;2;0;1500;48158;34830;32571;400;0;3844;3840;3841;3847;3837;3842;3844;3841;3843;0;0;0;42
$1;1;7897000;2;0;1462;48180;34821;32575;400;0;3844;3840;3840;3847;3836;3842;3844;3840;3843;0;0;0;46
$1;1;7898000;2;0;1499;48158;34831;32580;399;0;3844;3840;3841;3848;3837;3842;3844;3840;3843;0;0;0;35
$1;1;7899000;2;0;1449;48186;34817;32584;399;0;3844;3840;3840;3847;3836;3842;3844;3840;3843;0;0;0;35
$1;1;7900000;2;0;1475;48171;34826;32588;400;0;3844;3840;3840;3847;3836;3842;3844;3840;3843;0;0;0;44
$1;1;7901000;2;0;1496;48157;34831;32592;400;0;3844;3840;3841;3848;3836;3842;3844;3841;3843;0;0;0;38
$1;1;7902000;2;0;1450;48183;34818;32597;400;0;3844;3840;3840;3847;3836;3842;3844;3840;3843;0;0;0;39
$1;1;7903000;2;0;1494;48159;34832;32601;400;0;3844;3841;3841;3848;3837;3842;3844;3841;3843;0;0;0;34
$1;1;7904000;2;0;1455;48180;34821;32604;400;0;3844;3840;3841;3847;3836;3842;3844;3840;3843;0;0;0;37
$1;1;7905000;2;0;1492;48162;34832;32608;400;0;3844;3841;3841;3848;3837;3842;3845;3841;3843;0;0;0;34
$1;1;7906000;2;0;1477;48171;34828;32613;400;0;3844;3840;3841;3848;3837;3842;3844;3841;3843;0;0;0;41
$1;1;7907000;2;0;1458;48178;34823;32617;400;0;3844;3840;3840;3848;3836;3842;3844;3840;3843;0;0;0;34
$1;1;7908000;2;0;1495;48160;34836;32621;400;0;3845;3841;3841;3848;3837;3842;3845;3841;3844;0;0;0;35
$1;1;7909000;2;0;1499;48155;34836;32625;400;0;3845;3841;3841;3849;3837;3842;3845;3841;3844;0;0;0;45
$1;1;7910000;2;0;1490;48163;34834;32629;400;0;3845;3841;3841;3848;3837;3842;3845;3841;3844;0;0;0;38
$1;1;7911000;2;0;1476;48170;34830;32633;400;0;3844;3841;3841;3848;3837;3842;3845;3841;3843;0;0;0;36
$1;1;7912000;2;0;1435;48194;34818;32637;399;0;3844;3840;3841;3847;3837;3842;3844;3840;3843;0;0;0;45
$1;1;7913000;2;0;1477;48172;34831;32641;399;0;3845;3841;3841;3848;3837;3842;3845;3841;3844;0;0;0;32
$1;1;7914000;2;0;1447;48186;34823;32645;399;0;3844;3841;3841;3848;3837;3842;3845;3841;3843;0;0;0;46
$1;1;7915000;2;0;1479;48171;34833;32649;399;0;3845;3841;3841;3848;3837;3842;3845;3841;3844;0;0;0;33
$1;1;7916000;2;0;1417;48204;34814;32653;399;0;3844;3840;3841;3847;3836;3842;3844;3840;3843;0;0;0;44
$1;1;7917000;2;0;1474;48172;34831;32657;399;0;3844;3841;3841;3849;3837;3842;3845;3841;3843;0;0;0;39
$1;1;7918000;2;0;1497;48157;34838;32662;400;0;3845;3841;3842;3849;3837;3843;3845;3841;3844;0;0;0;46
$1;1;7919000;2;0;1499;48155;34840;32666;400;0;3845;3841;3842;3849;3838;3843;3846;3842;3844;0;0;0;39
$1;1;7920000;2;0;1464;48176;34831;32670;400;0;3845;3841;3841;3848;3837;3843;3845;3841;3844;0;0;0;34
$1;1;7921000;2;0;1497;48156;34841;32674;400;0;3845;3842;3842;3849;3838;3843;3846;3842;3844;0;0;0;32
$1;1;7922000;2;0;1478;48167;34837;32678;399;0;3845;3842;3842;3848;3838;3843;3845;3841;3844;0;0;0;43
$1;1;7923000;2;0;1491;48161;34841;32682;399;0;3845;3842;3842;3848;3838;3843;3846;3842;3844;0;0;0;47
$1;1;7924000;2;0;1433;48193;34823;32687;399;0;3845;3841;3841;3847;3837;3842;3845;3841;3844;0;0;0;45
$1;1;7925000;2;0;1472;48173;34835;32691;399;0;3845;3841;3841;3848;3837;3843;3845;3841;3844;0;0;0;41
$1;1;7926000;2;0;1497;48156;34843;32695;399;0;3845;3842;3842;3849;3838;3843;3846;3842;3845;0;0;0;44
$1;1;7927000;2;0;1499;48157;34845;32699;399;0;3846;3842;3842;3849;3838;3843;3846;3842;3845;0;0;0;43
$1;1;7928000;2;0;1499;48156;34846;32703;399;0;3846;3842;3842;3849;3838;3843;3846;3842;3845;0;0;0;36
$1;1;7929000;2;0;1502;48154;34847;32708;399;0;3846;3842;3842;3849;3838;3844;3846;3842;3845;0;0;0;41
$1;1;7930000;2;0;1499;48157;34847;32712;399;0;3846;3842;3842;3849;3838;3844;3846;3842;3845;0;0;0;42
$1;1;7931000;2;0;1500;48156;34848;32716;398;0;3846;3842;3842;3849;3838;3844;3846;3842;3845;0;0;0;33
$1;1;7932000;2;0;1464;48178;34837;32720;398;0;3845;3842;3842;3848;3838;3843;3846;3842;3845;0;0;0;37
$1;1;7933000;2;0;1495;48159;34848;32724;398;0;3846;3842;3842;3849;3838;3844;3846;3842;3845;0;0;0;32
$1;1;7934000;2;0;1500;48155;34850;32729;399;0;3846;3842;3842;3849;3838;3844;3846;3842;3845;0;0;0;35
$1;1;7935000;2;0;1500;48153;34850;32733;399;0;3846;3842;3842;3849;3839;3844;3846;3843;3845;0;0;0;47
$1;1;7936000;2;0;1499;48155;34850;32737;399;0;3846;3842;3842;3849;3838;3844;3846;3843;3845;0;0;0;46
$1;1;7937000;2;0;1499;48154;34850;32741;399;0;3846;3842;3843;3849;3838;3844;3846;3843;3845;0;0;0;46
$1;128;7937000;297;115;14;12;12;14;10;12;14;13;14;0;0;0;22
$1;1;7938000;2;0;1498;48154;34850;32745;399;0;3846;3843;3842;3849;3838;3844;3846;3843;3845;0;0;0;36
$1;1;7939000;2;0;1498;48154;34851;32749;399;0;3846;3842;3843;3849;3839;3844;3847;3843;3845;0;0;0;40
$1;1;7940000;2;0;1501;48153;34852;32754;399;0;3846;3843;3843;3849;3839;3844;3847;3843;3845;0;0;0;46
$1;1;7941000;2;0;1499;48154;34852;32758;399;0;3846;3843;3843;3849;3839;3844;3847;3843;3845;0;0;0;36
$1;1;7942000;2;0;1500;48153;34853;32762;399;0;3846;3843;3843;3850;3839;3844;3847;3843;3845;0;0;0;33
$1;1;7943000;2;0;1500;48153;34854;32766;399;0;3847;3843;3843;3849;3839;3844;3847;3843;3845;0;0;0;42
$1;1;7944000;2;0;1498;48154;34853;32770;398;0;3846;3843;3843;3850;3839;3844;3847;3843;3846;0;0;0;33
$1;1;7945000;2;0;1500;48152;34854;32774;398;0;3847;3843;3843;3849;3839;3844;3847;3843;3845;0;0;0;47
$1;1;7946000;2;0;1498;48155;34854;32778;398;0;3847;3843;3843;3850;3839;3844;3847;3843;3845;0;0;0;47
$1;1;7947000;2;0;1498;48155;34856;32783;398;0;3847;3843;3843;3850;3839;3845;3847;3843;3846;0;0;0;42
$1;1;7948000;2;0;1499;48155;34856;32787;398;0;3847;3843;3843;3850;3839;3845;3847;3843;3846;0;0;0;32
$1;1;7949000;2;0;1501;48153;34857;32791;398;0;3847;3843;3843;3850;3839;3845;3847;3843;3846;0;0;0;33
$1;1;7950000;2;0;1498;48155;34857;32795;398;0;3847;3843;3843;3850;3839;3845;3847;3843;3846;0;0;0;42
$1;1;7951000;2;0;1501;48153;34858;32799;398;0;3847;3843;3843;3850;3839;3845;3847;3843;3846;0;0;0;47
$1;1;7952000;2;0;1500;48152;34858;32803;398;0;3847;3843;3844;3850;3839;3845;3847;3843;3846;0;0;0;39
$1;1;7953000;2;0;1499;48152;34858;32808;398;0;3847;3843;3844;3850;3839;3845;3847;3843;3846;0;0;0;44
$1;1;7954000;2;0;1498;48153;34858;32812;399;0;3847;3843;3843;3850;3839;3845;3847;3843;3846;0;0;0;38
$1;1;7955000;2;0;1501;48150;34860;32816;399;0;3847;3843;3843;3850;3839;3845;3847;3844;3846;0;0;0;45
$1;1;7956000;2;0;1498;48151;34860;32820;398;0;3847;3843;3844;3850;3840;3845;3848;3844;3846;0;0;0;44
$1;1;7957000;2;0;1500;48151;34861;32824;398;0;3847;3843;3844;3850;3840;3845;3847;3844;3846;0;0;0;39
$1;1;7958000;2;0;1500;48151;34861;32828;398;0;3847;3844;3844;3850;3840;3845;3848;3844;3846;0;0;0;44
$1;1;7959000;2;0;1501;48151;34862;32833;398;0;3847;3844;3844;3850;3840;3845;3848;3844;3846;0;0;0;37
$1;1;7960000;2;0;1498;48153;34862;32837;398;0;3847;3844;3844;3850;3840;3845;3848;3844;3846;0;0;0;40
$1;1;7961000;2;0;1499;48152;34862;32841;398;0;3847;3844;3844;3850;3840;3845;3848;3844;3847;0;0;0;41
$1;1;7962000;2;0;1499;48152;34862;32845;398;0;3848;3844;3844;3850;3840;3845;3848;3844;3846;0;0;0;32
$1;1;7963000;2;0;1501;48152;34864;32849;398;0;3848;3844;3844;3851;3840;3846;3848;3844;3847;0;0;0;40
$1;1;7964000;2;0;1499;48152;34864;32853;398;0;3848;3844;3844;3850;3840;3846;3848;3844;3847;0;0;0;37
$1;1;7965000;2;0;1500;48151;34865;32857;398;0;3848;3844;3844;3851;3840;3846;3848;3844;3847;0;0;0;34
$1;1;7966000;2;0;1500;48151;34865;32862;398;0;3848;3844;3844;3851;3840;3846;3848;3844;3847;0;0;0;39
$1;1;7967000;2;0;1500;48151;34866;32866;397;0;3848;3844;3844;3851;3840;3846;3848;3844;3847;0;0;0;46
$1;1;7968000;2;0;1501;48151;34866;32870;397;0;3848;3844;3844;3851;3840;3846;3848;3844;3847;0;0;0;39
$1;1;7969000;2;0;1500;48151;34867;32874;397;0;3848;3844;3844;3851;3840;3846;3848;3844;3847;0;0;0;34
$1;1;7970000;2;0;1500;48149;34867;32878;398;0;3848;3844;3844;3851;3840;3846;3848;3844;3847;0;0;0;32
$1;1;7971000;2;0;1500;48149;34867;32882;398;0;3848;3844;3845;3851;3840;3846;3848;3844;3847;0;0;0;37
$1;1;7972000;2;0;1500;48149;34868;32887;398;0;3848;3844;3844;3851;3840;3846;3848;3844;3847;0;0;0;45
$1;1;7973000;2;0;1499;48149;34867;32891;398;0;3848;3844;3845;3851;3841;3846;3848;3845;3847;0;0;0;36
$1;1;7974000;2;0;1498;48150;34868;32895;398;0;3848;3844;3844;3851;3840;3846;3849;3844;3847;0;0;0;33
$1;1;7975000;2;0;1501;48148;34869;32899;398;0;3848;3844;3845;3851;3841;3846;3849;3845;3847;0;0;0;36
$1;1;7976000;2;0;1499;48149;34870;32903;398;0;3848;3845;3845;3851;3841;3846;3849;3845;3847;0;0;0;45
$1;1;7977000;2;0;1501;48149;34870;32907;398;0;3848;3844;3845;3851;3841;3846;3849;3845;3847;0;0;0;41
$1;1;7978000;2;0;1499;48149;34870;32911;398;0;3848;3845;3845;3851;3841;3846;3849;3845;3847;0;0;0;32
$1;1;7979000;2;0;1499;48149;34871;32916;398;0;3848;3845;3845;3851;3841;3846;3849;3845;3847;0;0;0;39
$1;1;7980000;2;0;1452;48176;34857;32920;398;0;3848;3844;3844;3851;3841;3846;3848;3844;3847;0;0;0;43
$1;1;7981000;2;0;1494;48153;34871;32924;398;0;3848;3845;3845;3852;3841;3846;3849;3845;3847;0;0;0;36
$1;1;7982000;2;0;1489;48156;34869;32928;397;0;3848;3845;3845;3851;3841;3846;3849;3845;3848;0;0;0;40
$1;1;7983000;2;0;1490;48156;34870;32932;397;0;3848;3845;3845;3851;3841;3846;3849;3845;3848;0;0;0;34
$1;1;7984000;2;0;1497;48153;34873;32936;397;0;3849;3845;3845;3852;3841;3846;3849;3845;3848;0;0;0;34
$1;1;7985000;2;0;1456;48173;34861;32941;397;0;3848;3845;3845;3851;3841;3846;3849;3845;3847;0;0;0;34
$1;1;7986000;2;0;1493;48155;34872;32945;397;0;3849;3845;3845;3852;3841;3847;3849;3845;3848;0;0;0;38
$1;1;7987000;2;0;1500;48149;34874;32949;398;0;3849;3845;3845;3852;3841;3847;3849;3845;3848;0;0;0;36
$1;1;7988000;2;0;1451;48175;34860;32953;398;0;3848;3845;3845;3851;3841;3846;3849;3845;3847;0;0;0;35
$1;1;7989000;2;0;1447;48178;34859;32957;398;0;3848;3845;3845;3851;3841;3846;3848;3845;3847;0;0;0;39
$1;1;7990000;2;0;1494;48153;34874;32961;398;0;3849;3845;3845;3852;3841;3847;3849;3845;3848;0;0;0;47
$1;1;7991000;2;0;1499;48148;34875;32965;398;0;3849;3845;3845;3852;3841;3847;3849;3845;3848;0;0;0;44
$1;1;7992000;2;0;1504;48147;34877;32970;398;0;3849;3845;3846;3852;3841;3847;3849;3845;3848;0;0;0;32
$1;1;7993000;2;0;1501;48147;34876;32974;398;0;3849;3845;3846;3852;3842;3847;3850;3845;3848;0;0;0;42
$1;1;7994000;2;0;1499;48149;34877;32978;398;0;3849;3845;3846;3852;3841;3847;3849;3846;3848;0;0;0;38
$1;1;7995000;2;0;1502;48147;34878;32982;398;0;3849;3845;3846;3852;3842;3847;3850;3846;3848;0;0;0;43
$1;1;7996000;2;0;1453;48174;34864;32986;397;0;3849;3845;3845;3852;3841;3847;3849;3845;3847;0;0;0;47
$1;1;7997000;2;0;1495;48152;34876;32991;397;0;3849;3845;3846;3852;3842;3847;3850;3846;3848;0;0;0;33
$1;128;7997000;298;116;14;13;11;14;11;12;14;13;14;0;0;0;19
$1;1;7998000;2;0;1461;48171;34867;32995;397;0;3849;3845;3845;3852;3841;3847;3849;3845;3848;0;0;0;43
$1;1;7999000;2;0;1432;48187;34859;32999;397;0;3848;3845;3845;3851;3841;3846;3849;3845;3848;0;0;0;39
$1;1;8000000;2;0;1460;48171;34867;33003;397;0;3849;3845;3845;3852;3841;3847;3849;3845;3848;0;0;0;42
$1;1;8001000;2;0;1491;48155;34877;33007;397;0;3849;3846;3846;3852;3842;3847;3850;3846;3848;0;0;0;46
$1;1;8002000;2;0;1499;48151;34881;33011;397;0;3850;3846;3846;3853;3842;3847;3850;3846;3849;0;0;0;39
$1;1;8003000;2;0;1481;48161;34875;33016;397;0;3849;3845;3846;3853;3842;3847;3850;3846;3848;0;0;0;42
$1;1;8004000;2;0;1450;48178;34866;33020;397;0;3849;3845;3846;3852;3842;3847;3849;3845;3848;0;0;0;36
$1;1;8005000;2;0;1467;48167;34871;33024;398;0;3849;3845;3846;3852;3842;3847;3849;3846;3848;0;0;0;33
$1;1;8006000;2;0;1465;48167;34871;33028;398;0;3849;3846;3846;3852;3842;3847;3850;3846;3848;0;0;0;39
$1;1;8007000;2;0;1451;48177;34868;33032;398;0;3849;3845;3846;3852;3841;3847;3849;3845;3848;0;0;0;40
$1;1;8008000;2;0;1431;48187;34862;33037;398;0;3849;3845;3845;3852;3841;3847;3849;3845;3848;0;0;0;34
$1;1;8009000;2;0;1495;48152;34881;33041;398;0;3850;3846;3846;3853;3842;3847;3850;3846;3849;0;0;0;41
$1;1;8010000;2;0;1473;48164;34875;33045;398;0;3850;3846;3846;3853;3842;3847;3850;3846;3848;0;0;0;34
$1;1;8011000;2;0;1497;48150;34884;33049;398;0;3850;3846;3846;3853;3842;3848;3850;3846;3849;0;0;0;34
$1;1;8012000;2;0;1499;48148;34884;33053;398;0;3850;3846;3846;3853;3842;3848;3850;3846;3849;0;0;0;45
$1;1;8013000;2;0;1500;48148;34885;33057;397;0;3850;3846;3846;3854;3842;3848;3850;3846;3849;0;0;0;32
$1;1;8014000;2;0;1500;48147;34886;33062;397;0;3850;3846;3847;3853;3842;3848;3851;3846;3849;0;0;0;42
$1;1;8015000;2;0;1499;48148;34886;33066;397;0;3850;3846;3846;3854;3843;3848;3850;3846;3849;0;0;0;39
$1;1;8016000;2;0;1501;48148;34886;33070;397;0;3850;3846;3846;3854;3843;3848;3850;3846;3849;0;0;0;35
$1;1;8017000;2;0;1501;48147;34887;33074;397;0;3850;3846;3847;3854;3843;3848;3851;3847;3849;0;0;0;41
$1;1;8018000;2;0;1466;48170;34877;33078;397;0;3850;3846;3847;3853;3842;3848;3850;3846;3849;0;0;0;39
$1;1;8019000;2;0;1496;48151;34887;33083;397;0;3850;3847;3847;3854;3843;3848;3851;3847;3850;0;0;0;46
$1;1;8020000;2;0;1499;48147;34888;33087;397;0;3851;3847;3847;3854;3843;3848;3851;3847;3850;0;0;0;38
$1;1;8021000;2;0;1498;48149;34887;33091;396;0;3851;3847;3847;3854;3843;3848;3851;3847;3850;0;0;0;33
$1;1;8022000;2;0;1455;48174;34875;33095;396;0;3850;3846;3846;3853;3843;3848;3850;3846;3849;0;0;0;42
$1;1;8023000;2;0;1495;48148;34887;33099;397;0;3850;3846;3847;3854;3843;3848;3851;3847;3850;0;0;0;38
$1;1;8024000;2;0;1498;48147;34889;33103;397;0;3851;3847;3847;3854;3843;3848;3851;3847;3850;0;0;0;47
$1;1;8025000;2;0;1500;48145;34889;33108;397;0;3851;3847;3847;3854;3843;3849;3851;3847;3850;0;0;0;38
$1;1;8026000;2;0;1500;48145;34890;33112;397;0;3851;3847;3847;3854;3843;3849;3851;3847;3850;0;0;0;38
$1;1;8027000;2;0;1486;48154;34886;33116;397;0;3851;3847;3847;3854;3843;3848;3851;3847;3850;0;0;0;42
$1;1;8028000;2;0;1499;48146;34891;33120;397;0;3851;3847;3847;3855;3843;3848;3851;3847;3850;0;0;0;42
$1;1;8029000;2;0;1489;48153;34888;33123;397;0;3851;3847;3847;3854;3843;3849;3851;3847;3850;0;0;0;37
$1;1;8030000;2;0;1498;48146;34891;33128;397;0;3851;3847;3847;3854;3843;3849;3851;3847;3850;0;0;0;42
$1;1;8031000;2;0;1502;48145;34893;33132;397;0;3851;3847;3847;3854;3843;3849;3851;3847;3850;0;0;0;35
$1;1;8032000;2;0;1501;48145;34893;33136;397;0;3851;3847;3848;3855;3844;3849;3851;3847;3850;0;0;0;46
$1;1;8033000;2;0;1465;48167;34883;33140;397;0;3851;3847;3847;3854;3843;3848;3851;3847;3850;0;0;0;36
$1;1;8034000;2;0;1496;48149;34893;33144;397;0;3851;3847;3848;3854;3843;3849;3851;3847;3851;0;0;0;41
$1;1;8035000;2;0;1497;48148;34893;33148;396;0;3851;3847;3848;3854;3843;3849;3852;3847;3850;0;0;0;39
$1;1;8036000;2;0;1501;48147;34895;33152;396;0;3851;3847;3847;3855;3844;3849;3852;3847;3851;0;0;0;32
$1;1;8037000;2;0;1500;48146;34895;33156;396;0;3851;3847;3848;3855;3844;3849;3852;3848;3851;0;0;0;37
$1;1;8038000;2;0;1499;48147;34895;33160;396;0;3851;3847;3848;3855;3844;3849;3852;3848;3851;0;0;0;47
$1;1;8039000;2;0;1481;48158;34891;33165;396;0;3851;3847;3848;3855;3843;3849;3851;3847;3850;0;0;0;34
$1;1;8040000;2;0;1495;48149;34895;33169;396;0;3851;3847;3848;3855;3844;3849;3852;3848;3851;0;0;0;43
$1;1;8041000;2;0;1499;48145;34897;33173;397;0;3851;3848;3848;3855;3844;3849;3852;3848;3851;0;0;0;45
$1;1;8042000;2;0;1501;48144;34898;33177;397;0;3852;3848;3848;3855;3844;3849;3852;3848;3851;0;0;0;39
$1;1;8043000;2;0;1481;48155;34893;33181;397;0;3851;3847;3848;3855;3844;3849;3852;3848;3851;0;0;0;33
$1;1;8044000;2;0;1468;48163;34889;33185;397;0;3851;3847;3848;3855;3844;3849;3852;3847;3850;0;0;0;37
$1;1;8045000;2;0;1448;48173;34884;33190;397;0;3851;3847;3847;3855;3844;3849;3852;3847;3850;0;0;0;33
$1;1;8046000;2;0;1468;48165;34889;33194;397;0;3851;3847;3848;3855;3843;3849;3851;3847;3850;0;0;0;37
$1;1;8047000;2;0;1445;48178;34884;33197;396;0;3851;3847;3848;3854;3843;3849;3851;3847;3850;0;0;0;41
$1;1;8048000;2;0;1435;48184;34880;33201;396;0;3851;3847;3847;3854;3843;3849;3851;3847;3850;0;0;0;37
$1;1;8049000;2;0;1459;48170;34887;33206;396;0;3851;3847;3847;3855;3844;3849;3851;3847;3850;0;0;0;35
$1;1;8050000;2;0;1496;48150;34898;33210;396;0;3852;3848;3848;3856;3844;3850;3852;3848;3851;0;0;0;38
$1;1;8051000;2;0;1489;48155;34898;33214;396;0;3852;3848;3848;3855;3844;3850;3852;3848;3851;0;0;0;43
$1;1;8052000;2;0;1456;48173;34889;33218;395;0;3851;3847;3848;3855;3844;3849;3852;3848;3851;0;0;0;37
$1;1;8053000;2;0;1461;48172;34889;33222;395;0;3851;3847;3848;3855;3844;3849;3852;3848;3851;0;0;0;40
$1;1;8054000;2;0;1496;48152;34901;33227;395;0;3852;3848;3848;3855;3844;3850;3853;3848;3851;0;0;0;36
$1;1;8055000;2;0;1487;48156;34898;33230;395;0;3852;3848;3848;3855;3844;3850;3852;3848;3851;0;0;0;39
$1;1;8056000;2;0;1448;48178;34887;33234;395;0;3851;3848;3848;3855;3844;3849;3852;3848;3851;0;0;0;42
$1;1;8057000;2;0;1424;48193;34880;33238;395;0;3851;3847;3848;3854;3844;3849;3852;3848;3851;0;0;0;33
$1;128;8057000;300;114;14;12;11;14;10;12;14;13;14;0;0;0;27
$1;1;8058000;2;0;1442;48183;34886;33242;395;0;3851;3848;3848;3855;3843;3849;3852;3848;3851;0;0;0;45
$1;1;8059000;2;0;1434;48186;34883;33246;396;0;3851;3848;3848;3854;3843;3849;3852;3848;3850;0;0;0;42
$1;1;8060000;2;0;1496;48148;34902;33250;396;0;3852;3848;3848;3856;3844;3850;3853;3848;3851;0;0;0;43
$1;1;8061000;2;0;1498;48148;34904;33255;397;0;3852;3848;3849;3856;3844;3850;3853;3849;3852;0;0;0;37
$1;1;8062000;2;0;1486;48154;34901;33259;397;0;3852;3848;3849;3856;3844;3850;3853;3848;3851;0;0;0;47
$1;1;8063000;2;0;1499;48148;34906;33263;397;0;3852;3849;3849;3856;3845;3851;3853;3849;3852;0;0;0;32
$1;1;8064000;2;0;1448;48176;34890;33267;397;0;3852;3848;3848;3855;3844;3850;3852;3848;3851;0;0;0;44
$1;1;8065000;2;0;1494;48151;34905;33271;397;0;3852;3849;3849;3856;3844;3851;3853;3849;3852;0;0;0;34
$1;1;8066000;2;0;1462;48169;34896;33275;397;0;3852;3848;3849;3855;3844;3850;3853;3848;3851;0;0;0;45
$1;1;8067000;2;0;1480;48158;34901;33280;398;0;3852;3849;3849;3856;3845;3850;3853;3849;3851;0;0;0;42
$1;1;8068000;2;0;1451;48175;34893;33283;398;0;3852;3848;3849;3856;3844;3850;3853;3848;3851;0;0;0;46
$1;1;8069000;2;0;1420;48194;34885;33288;398;0;3852;3848;3848;3855;3844;3850;3852;3848;3851;0;0;0;41
$1;1;8070000;2;0;1422;48192;34885;33292;398;0;3852;3848;3848;3855;3844;3850;3853;3848;3851;0;0;0;47
$1;1;8071000;2;0;1452;48175;34895;33296;398;0;3852;3848;3849;3856;3844;3850;3853;3848;3851;0;0;0;39
$1;1;8072000;2;0;1446;48180;34894;33300;398;0;3852;3848;3849;3855;3844;3850;3853;3849;3851;0;0;0;38
$1;1;8073000;2;0;1465;48170;34898;33304;399;0;3852;3849;3849;3856;3844;3851;3853;3849;3851;0;0;0;35
$1;1;8074000;2;0;1451;48178;34896;33308;399;0;3852;3849;3849;3856;3845;3850;3853;3849;3851;0;0;0;41
$1;1;8075000;2;0;1490;48156;34908;33312;399;0;3853;3849;3849;3856;3845;3851;3854;3849;3852;0;0;0;32
$1;1;8076000;2;0;1444;48180;34895;33316;399;0;3852;3849;3849;3856;3844;3850;3853;3849;3851;0;0;0;37
$1;1;8077000;2;0;1476;48160;34904;33320;400;0;3853;3849;3850;3856;3845;3851;3854;3849;3852;0;0;0;45
$1;1;8078000;2;0;1432;48184;34892;33324;401;0;3852;3848;3849;3856;3844;3851;3853;3849;3851;0;0;0;46
$1;1;8079000;2;0;1494;48149;34911;33329;401;0;3853;3849;3850;3857;3845;3851;3854;3849;3852;0;0;0;41
$1;1;8080000;2;0;1440;48180;34896;33333;402;0;3852;3849;3849;3856;3845;3851;3853;3849;3851;0;0;0;41
$1;1;8081000;2;0;1485;48154;34909;33337;403;0;3853;3849;3850;3857;3845;3851;3854;3849;3852;0;0;0;38
$1;1;8082000;2;0;1446;48174;34898;33341;403;0;3853;3849;3849;3856;3845;3851;3853;3849;3852;0;0;0;46
$1;1;8083000;2;0;1412;48195;34887;33345;403;0;3852;3848;3849;3856;3844;3850;3853;3848;3851;0;0;0;41
$1;1;8084000;2;0;1417;48194;34888;33349;404;0;3852;3848;3849;3856;3845;3850;3853;3848;3851;0;0;0;47
$1;1;8085000;2;0;1452;48176;34899;33353;404;0;3853;3849;3849;3857;3845;3851;3854;3849;3852;0;0;0;45
$1;1;8086000;2;0;1455;48172;34902;33358;405;0;3853;3849;3850;3856;3845;3851;3854;3849;3852;0;0;0;45
$1;1;8087000;2;0;1466;48168;34906;33362;405;0;3853;3849;3850;3856;3845;3851;3854;3850;3852;0;0;0;34
$1;1;8088000;2;0;1473;48163;34910;33366;405;0;3853;3850;3850;3857;3845;3851;3854;3850;3852;0;0;0;40
$1;1;8089000;2;0;1498;48149;34917;33370;406;0;3854;3850;3850;3858;3846;3852;3855;3850;3853;0;0;0;47
$1;1;8090000;2;0;1501;48148;34919;33374;406;0;3854;3850;3850;3857;3846;3852;3855;3850;3853;0;0;0;34
$1;1;8091000;2;0;1477;48159;34911;33378;406;0;3854;3850;3850;3858;3846;3851;3854;3850;3853;0;0;0;42
$1;1;8092000;2;0;1492;48153;34917;33382;406;0;3854;3850;3851;3857;3846;3852;3855;3850;3853;0;0;0;39
$1;1;8093000;2;0;1498;48148;34919;33387;407;0;3854;3850;3850;3858;3846;3852;3855;3850;3853;0;0;0;34
$1;1;8094000;2;0;1470;48162;34911;33390;408;0;3853;3850;3850;3858;3846;3852;3854;3850;3853;0;0;0;44
$1;1;8095000;2;0;1496;48149;34921;33394;408;0;3854;3850;3850;3858;3846;3852;3855;3850;3853;0;0;0;45
$1;1;8096000;2;0;1489;48150;34918;33397;408;0;3854;3850;3850;3858;3846;3852;3855;3850;3853;0;0;0;33
$1;1;8097000;2;0;1485;48154;34918;33402;408;0;3854;3850;3850;3858;3846;3852;3855;3851;3853;0;0;0;34
$1;1;8098000;2;0;1490;48151;34918;33406;408;0;3854;3850;3850;3859;3846;3852;3855;3851;3853;0;0;0;41
$1;1;8099000;2;0;1500;48148;34923;33410;409;0;3854;3850;3851;3858;3846;3852;3855;3851;3853;0;0;0;38
$1;1;8100000;2;0;1403;48200;34892;33414;408;0;3853;3849;3850;3857;3845;3851;3854;3849;3852;0;0;0;44
$1;1;8101000;2;0;1473;48163;34916;33417;409;0;3854;3850;3851;3858;3846;3852;3855;3850;3853;0;0;0;42
$1;1;8102000;2;0;1465;48167;34912;33422;409;0;3854;3850;3850;3858;3846;3852;3855;3850;3853;0;0;0;41
$1;1;8103000;2;0;1445;48178;34908;33426;408;0;3854;3850;3850;3857;3846;3852;3855;3850;3853;0;0;0;37
$1;1;8104000;2;0;1495;48150;34923;33430;409;0;3854;3851;3851;3858;3846;3852;3855;3851;3853;0;0;0;36
$1;1;8105000;2;0;1499;48149;34925;33434;409;0;3855;3851;3851;3858;3846;3853;3856;3851;3854;0;0;0;39
$1;1;8106000;2;0;1437;48183;34906;33438;408;0;3854;3850;3850;3857;3846;3852;3855;3850;3853;0;0;0;32
$1;1;8107000;2;0;1494;48152;34924;33442;409;0;3855;3851;3851;3858;3847;3853;3855;3851;3854;0;0;0;32
$1;1;8108000;2;0;1480;48160;34920;33447;409;0;3854;3851;3851;3859;3846;3852;3855;3851;3853;0;0;0;45
$1;1;8109000;2;0;1453;48172;34912;33451;409;0;3854;3850;3851;3858;3846;3852;3855;3851;3853;0;0;0;39
$1;1;8110000;2;0;1495;48150;34926;33455;410;0;3855;3851;3851;3858;3847;3853;3856;3851;3854;0;0;0;42
$1;1;8111000;2;0;1485;48155;34923;33458;410;0;3855;3851;3851;3858;3847;3853;3855;3851;3854;0;0;0;36
$1;1;8112000;2;0;1499;48147;34928;33462;410;0;3855;3851;3851;3858;3847;3853;3856;3851;3854;0;0;0;40
$1;1;8113000;2;0;1500;48146;34930;33466;410;0;3855;3851;3851;3858;3847;3853;3856;3851;3854;0;0;0;36
$1;1;8114000;2;0;1500;48146;34931;33471;410;0;3855;3851;3851;3858;3847;3853;3856;3852;3854;0;0;0;39
$1;1;8115000;2;0;1488;48152;34927;33474;410;0;3855;3851;3851;3858;3847;3853;3856;3851;3854;0;0;0;35
$1;1;8116000;2;0;1485;48154;34926;33478;409;0;3855;3851;3851;3858;3847;3853;3856;3851;3854;0;0;0;46
$1;1;8117000;2;0;1498;48148;34931;33482;409;0;3855;3851;3851;3858;3847;3853;3856;3852;3854;0;0;0;46
$1;128;8117000;297;114;14;12;11;14;10;12;14;13;14;0;0;0;17
$1;1;8118000;2;0;1475;48161;34924;33486;409;0;3855;3851;3852;3858;3847;3853;3856;3851;3854;0;0;0;41
$1;1;8119000;2;0;1496;48148;34931;33491;409;0;3855;3852;3852;3858;3847;3853;3856;3852;3854;0;0;0;44
$1;1;8120000;2;0;1500;48145;34933;33495;409;0;3855;3852;3852;3858;3847;3853;3856;3852;3854;0;0;0;35
$1;1;8121000;2;0;1499;48147;34934;33499;409;0;3856;3852;3852;3859;3847;3854;3856;3852;3854;0;0;0;47
$1;1;8122000;2;0;1499;48147;34935;33503;408;0;3856;3852;3852;3859;3848;3854;3856;3852;3855;0;0;0;32
$1;1;8123000;2;0;1500;48147;34935;33507;408;0;3856;3852;3852;3859;3848;3854;3856;3852;3854;0;0;0;37
$1;1;8124000;2;0;1500;48148;34935;33511;408;0;3856;3852;3852;3859;3848;3854;3857;3852;3855;0;0;0;42
$1;1;8125000;2;0;1500;48144;34935;33516;408;0;3856;3852;3852;3859;3848;3854;3856;3852;3855;0;0;0;33
$1;1;8126000;2;0;1501;48142;34936;33520;409;0;3856;3852;3852;3859;3848;3854;3857;3852;3855;0;0;0;35
$1;1;8127000;2;0;1499;48144;34936;33524;409;0;3856;3852;3852;3859;3848;3854;3857;3852;3855;0;0;0;32
$1;1;8128000;2;0;1499;48143;34937;33528;409;0;3856;3852;3852;3859;3848;3854;3857;3853;3855;0;0;0;36
$1;1;8129000;2;0;1498;48145;34937;33532;409;0;3856;3852;3852;3859;3848;3854;3857;3852;3855;0;0;0;40
$1;1;8130000;2;0;1498;48144;34938;33536;409;0;3856;3852;3852;3859;3848;3854;3857;3853;3855;0;0;0;43
$1;1;8131000;2;0;1500;48143;34939;33541;408;0;3856;3852;3852;3859;3848;3854;3857;3852;3855;0;0;0;44
$1;1;8132000;2;0;1500;48142;34939;33545;408;0;3856;3852;3852;3859;3848;3854;3857;3853;3855;0;0;0;43
$1;1;8133000;2;0;1501;48141;34939;33549;408;0;3856;3852;3852;3859;3848;3854;3857;3853;3855;0;0;0;36
$1;1;8134000;2;0;1500;48142;34940;33553;408;0;3856;3852;3853;3859;3848;3854;3857;3853;3855;0;0;0;37
$1;1;8135000;2;0;1499;48145;34941;33557;408;0;3856;3852;3853;3859;3848;3854;3857;3853;3855;0;0;0;39
$1;1;8136000;2;0;1499;48144;34941;33561;408;0;3856;3853;3853;3859;3848;3854;3857;3853;3856;0;0;0;34
$1;1;8137000;2;0;1498;48145;34941;33566;407;0;3856;3852;3853;3859;3848;3854;3857;3853;3856;0;0;0;42
$1;1;8138000;2;0;1498;48144;34942;33570;407;0;3856;3852;3853;3859;3849;3854;3857;3853;3856;0;0;0;33
$1;1;8139000;2;0;1502;48143;34944;33574;407;0;3856;3853;3853;3859;3849;3855;3857;3853;3855;0;0;0;36
$1;1;8140000;2;0;1500;48143;34944;33578;407;0;3857;3853;3853;3860;3849;3855;3857;3853;3856;0;0;0;44
$1;1;8141000;2;0;1500;48143;34944;33582;407;0;3856;3853;3853;3859;3849;3855;3857;3853;3856;0;0;0;35
$1;1;8142000;2;0;1499;48141;34944;33587;408;0;3856;3853;3853;3860;3849;3855;3857;3853;3856;0;0;0;35
$1;1;8143000;2;0;1500;48140;34945;33591;408;0;3857;3853;3853;3860;3849;3855;3857;3853;3856;0;0;0;37
$1;1;8144000;2;0;1500;48140;34945;33595;407;0;3857;3853;3853;3860;3849;3855;3857;3853;3856;0;0;0;41
$1;1;8145000;2;0;1500;48141;34945;33599;407;0;3857;3853;3853;3860;3849;3855;3857;3853;3856;0;0;0;37
$1;1;8146000;2;0;1500;48140;34946;33603;407;0;3857;3853;3853;3860;3849;3855;3857;3853;3856;0;0;0;36
$1;1;8147000;2;0;1500;48140;34947;33607;407;0;3857;3853;3853;3860;3849;3855;3857;3853;3856;0;0;0;32
$1;1;8148000;2;0;1498;48141;34947;33611;407;0;3857;3853;3853;3860;3849;3855;3857;3854;3856;0;0;0;46
$1;1;8149000;2;0;1499;48141;34947;33616;407;0;3857;3853;3853;3860;3849;3855;3858;3854;3856;0;0;0;38
$1;1;8150000;2;0;1499;48142;34948;33620;407;0;3857;3853;3853;3860;3849;3855;3858;3854;3856;0;0;0;39
$1;1;8151000;2;0;1499;48142;34947;33624;406;0;3857;3853;3853;3860;3849;3855;3858;3853;3856;0;0;0;43
$1;1;8152000;2;0;1499;48142;34947;33628;406;0;3857;3853;3853;3860;3849;3855;3858;3853;3856;0;0;0;36
$1;1;8153000;2;0;1499;48142;34948;33632;406;0;3857;3853;3853;3860;3849;3855;3858;3854;3856;0;0;0;38
$1;1;8154000;2;0;1500;48141;34949;33636;406;0;3857;3853;3853;3860;3849;3855;3858;3854;3856;0;0;0;38
$1;1;8155000;2;0;1501;48140;34949;33641;405;0;3857;3853;3854;3860;3850;3855;3858;3854;3856;0;0;0;43
$1;1;8156000;2;0;1500;48141;34950;33645;405;0;3857;3853;3854;3860;3849;3855;3858;3854;3856;0;0;0;44
$1;1;8157000;2;0;1502;48141;34951;33649;405;0;3857;3854;3854;3860;3849;3856;3858;3854;3857;0;0;0;39
$1;1;8158000;2;0;1464;48159;34941;33653;406;0;3857;3853;3853;3860;3849;3855;3857;3853;3856;0;0;0;35
$1;1;8159000;2;0;1497;48140;34950;33657;406;0;3857;3854;3854;3860;3850;3856;3858;3854;3856;0;0;0;33
$1;1;8160000;2;0;1499;48140;34951;33661;406;0;3857;3854;3854;3861;3850;3855;3858;3854;3857;0;0;0;34
$1;1;8161000;2;0;1501;48139;34953;33666;406;0;3858;3854;3854;3860;3850;3856;3858;3854;3857;0;0;0;37
$1;1;8162000;2;0;1501;48137;34954;33670;405;0;3858;3854;3854;3861;3850;3856;3858;3854;3857;0;0;0;42
$1;1;8163000;2;0;1500;48140;34954;33674;405;0;3858;3854;3854;3861;3850;3856;3858;3854;3857;0;0;0;46
$1;1;8164000;2;0;1479;48151;34947;33678;405;0;3857;3854;3854;3860;3850;3855;3858;3854;3856;0;0;0;36
$1;1;8165000;2;0;1498;48140;34953;33682;405;0;3858;3854;3854;3861;3850;3856;3858;3854;3857;0;0;0;38
$1;1;8166000;2;0;1499;48139;34954;33686;405;0;3858;3854;3854;3861;3850;3856;3858;3854;3857;0;0;0;41
$1;1;8167000;2;0;1501;48140;34955;33691;405;0;3858;3854;3854;3861;3850;3856;3858;3854;3857;0;0;0;33
$1;1;8168000;2;0;1491;48145;34953;33695;404;0;3858;3854;3854;3861;3850;3856;3858;3854;3857;0;0;0;32
$1;1;8169000;2;0;1454;48166;34942;33699;404;0;3857;3854;3854;3860;3850;3856;3858;3854;3856;0;0;0;42
$1;1;8170000;2;0;1495;48142;34955;33703;404;0;3858;3854;3855;3861;3850;3856;3858;3854;3857;0;0;0;35
$1;1;8171000;2;0;1483;48149;34951;33707;404;0;3858;3854;3854;3861;3850;3856;3858;3854;3857;0;0;0;47
$1;1;8172000;2;0;1499;48141;34957;33711;404;0;3858;3854;3854;3861;3850;3856;3859;3855;3857;0;0;0;46
$1;1;8173000;2;0;1468;48158;34947;33715;403;0;3858;3854;3854;3861;3850;3856;3858;3854;3857;0;0;0;43
$1;1;8174000;2;0;1495;48139;34956;33719;404;0;3858;3854;3855;3861;3850;3856;3858;3855;3857;0;0;0;34
$1;1;8175000;2;0;1488;48144;34955;33724;404;0;3858;3854;3855;3861;3850;3856;3858;3855;3857;0;0;0;40
$1;1;8176000;2;0;1473;48153;34950;33728;404;0;3858;3854;3854;3861;3850;3856;3858;3854;3857;0;0;0;32
$1;1;8177000;2;0;1497;48139;34958;33732;405;0;3858;3854;3854;3862;3850;3856;3859;3855;3857;0;0;0;38
$1;128;8177000;297;112;14;12;11;14;10;11;14;12;14;0;0;0;19
$1;1;8178000;2;0;1500;48137;34959;33736;404;0;3858;3855;3855;3862;3851;3856;3859;3855;3858;0;0;0;34
$1;1;8179000;2;0;1491;48143;34957;33740;404;0;3858;3854;3855;3862;3850;3856;3859;3855;3857;0;0;0;41
$1;1;8180000;2;0;1452;48163;34946;33744;404;0;3858;3854;3854;3861;3850;3856;3858;3854;3857;0;0;0;36
$1;1;8181000;2;0;1445;48168;34945;33748;404;0;3858;3854;3854;3861;3850;3856;3858;3854;3857;0;0;0;39
$1;1;8182000;2;0;1451;48167;34946;33752;404;0;3858;3854;3854;3861;3850;3856;3858;3854;3857;0;0;0;38
$1;1;8183000;2;0;1493;48142;34959;33757;403;0;3858;3855;3855;3861;3851;3857;3859;3855;3858;0;0;0;45
$1;1;8184000;2;0;1490;48145;34959;33760;403;0;3858;3855;3855;3861;3851;3856;3859;3855;3858;0;0;0;43
$1;1;8185000;2;0;1500;48138;34962;33764;403;0;3859;3855;3855;3862;3851;3857;3859;3855;3858;0;0;0;39
$1;1;8186000;2;0;1501;48139;34963;33768;403;0;3859;3855;3855;3862;3851;3857;3859;3855;3858;0;0;0;41
$1;1;8187000;2;0;1440;48172;34946;33773;402;0;3858;3854;3855;3862;3850;3856;3858;3855;3857;0;0;0;33
$1;1;8188000;2;0;1462;48162;34952;33777;402;0;3858;3855;3855;3862;3851;3856;3859;3855;3857;0;0;0;47
$1;1;8189000;2;0;1446;48170;34948;33781;402;0;3858;3855;3855;3862;3851;3856;3859;3855;3857;0;0;0;41
$1;1;8190000;2;0;1494;48143;34962;33785;402;0;3859;3855;3855;3863;3851;3857;3859;3855;3858;0;0;0;44
$1;1;8191000;2;0;1499;48136;34964;33789;403;0;3859;3855;3855;3862;3851;3857;3859;3855;3858;0;0;0;40
$1;1;8192000;2;0;1419;48181;34940;33792;403;0;3858;3854;3854;3861;3850;3856;3858;3854;3857;0;0;0;46
$1;1;8193000;2;0;1491;48142;34963;33797;403;0;3859;3855;3855;3862;3851;3857;3859;3855;3858;0;0;0;41
$1;1;8194000;2;0;1499;48137;34965;33801;403;0;3859;3855;3856;3862;3851;3857;3859;3856;3858;0;0;0;34
$1;1;8195000;2;0;1468;48155;34956;33805;403;0;3859;3855;3855;3862;3851;3857;3859;3855;3858;0;0;0;45
$1;1;8196000;2;0;1496;48139;34966;33809;403;0;3859;3855;3856;3863;3851;3857;3860;3856;3858;0;0;0;33
$1;1;8197000;2;0;1499;48137;34967;33813;402;0;3859;3855;3856;3863;3851;3857;3860;3856;3859;0;0;0;43
$1;1;8198000;2;0;1500;48135;34967;33817;402;0;3859;3856;3856;3863;3852;3857;3860;3856;3859;0;0;0;35
$1;1;8199000;2;0;1500;48138;34967;33822;402;0;3859;3856;3856;3863;3852;3857;3860;3856;3859;0;0;0;41
$1;1;8200000;2;0;1500;48135;34967;33826;402;0;3859;3856;3856;3863;3852;3857;3860;3856;3859;0;0;0;35
$1;1;8201000;2;0;1500;48139;34968;33830;402;0;3859;3856;3856;3863;3852;3857;3860;3856;3859;0;0;0;38
$1;1;8202000;2;0;1502;48136;34970;33834;401;0;3859;3856;3856;3863;3852;3857;3860;3856;3859;0;0;0;38
$1;1;8203000;2;0;1502;48135;34968;33838;401;0;3859;3856;3856;3863;3852;3858;3860;3856;3859;0;0;0;46
$1;1;8204000;2;0;1499;48137;34969;33843;401;0;3859;3856;3856;3863;3852;3857;3860;3856;3859;0;0;0;42
$1;1;8205000;2;0;1491;48143;34968;33847;401;0;3859;3856;3856;3863;3852;3858;3860;3856;3859;0;0;0;42
$1;1;8206000;2;0;1497;48139;34970;33851;401;0;3860;3856;3856;3863;3852;3858;3860;3856;3859;0;0;0;38
$1;1;8207000;2;0;1498;48137;34970;33855;401;0;3860;3856;3856;3863;3852;3858;3860;3856;3859;0;0;0;34
$1;1;8208000;2;0;1498;48135;34971;33859;402;0;3860;3856;3856;3864;3852;3858;3860;3856;3859;0;0;0;38
$1;1;8209000;2;0;1501;48133;34971;33863;402;0;3860;3856;3856;3864;3852;3858;3860;3856;3859;0;0;0;41
$1;1;8210000;2;0;1499;48134;34971;33868;402;0;3860;3856;3856;3863;3852;3858;3860;3856;3859;0;0;0;42
$1;1;8211000;2;0;1490;48140;34970;33871;402;0;3860;3856;3856;3863;3852;3858;3860;3856;3859;0;0;0;40
$1;1;8212000;2;0;1498;48136;34971;33876;402;0;3860;3856;3856;3863;3852;3858;3860;3856;3859;0;0;0;36
$1;1;8213000;2;0;1466;48155;34963;33880;401;0;3859;3856;3856;3863;3852;3857;3860;3856;3859;0;0;0;45
$1;1;8214000;2;0;1457;48159;34961;33884;401;0;3859;3856;3856;3863;3852;3858;3860;3856;3859;0;0;0;45
$1;1;8215000;2;0;1496;48136;34971;33888;401;0;3860;3856;3856;3863;3852;3858;3860;3856;3859;0;0;0;47
$1;1;8216000;2;0;1404;48188;34946;33892;401;0;3859;3855;3856;3862;3851;3857;3859;3855;3858;0;0;0;33
$1;1;8217000;2;0;1491;48141;34971;33896;401;0;3860;3856;3857;3863;3852;3858;3860;3857;3859;0;0;0;37
$1;1;8218000;2;0;1499;48136;34975;33900;401;0;3860;3856;3857;3864;3852;3858;3861;3857;3859;0;0;0;46
$1;1;8219000;2;0;1499;48137;34976;33904;401;0;3860;3857;3857;3864;3852;3858;3861;3857;3860;0;0;0;34
$1;1;8220000;2;0;1486;48144;34972;33908;400;0;3860;3856;3857;3864;3852;3858;3860;3857;3859;0;0;0;33
$1;1;8221000;2;0;1430;48176;34956;33913;400;0;3859;3856;3856;3863;3852;3858;3860;3856;3859;0;0;0;45
$1;1;8222000;2;0;1473;48152;34970;33917;400;0;3860;3856;3856;3863;3852;3858;3860;3856;3859;0;0;0;37
$1;1;8223000;2;0;1451;48165;34962;33921;400;0;3860;3856;3856;3863;3852;3858;3860;3856;3859;0;0;0;38
$1;1;8224000;2;0;1455;48162;34964;33925;400;0;3860;3856;3857;3863;3852;3858;3860;3857;3859;0;0;0;32
$1;1;8225000;2;0;1452;48161;34963;33929;400;0;3860;3856;3857;3863;3852;3858;3860;3856;3859;0;0;0;47
$1;1;8226000;2;0;1478;48147;34972;33933;401;0;3860;3857;3857;3863;3852;3858;3861;3857;3859;0;0;0;43
$1;1;8227000;2;0;1498;48134;34979;33937;401;0;3860;3857;3857;3864;3853;3859;3861;3857;3860;0;0;0;34
$1;1;8228000;2;0;1449;48162;34965;33941;401;0;3860;3857;3857;3864;3852;3858;3860;3857;3859;0;0;0;37
$1;1;8229000;2;0;1494;48137;34978;33945;401;0;3861;3857;3857;3864;3853;3859;3861;3857;3860;0;0;0;38
$1;1;8230000;2;0;1424;48178;34959;33950;401;0;3860;3856;3856;3864;3852;3858;3860;3856;3859;0;0;0;34
$1;1;8231000;2;0;1492;48139;34979;33954;401;0;3861;3857;3857;3864;3853;3859;3861;3857;3860;0;0;0;38
$1;1;8232000;2;0;1500;48134;34982;33958;400;0;3861;3857;3857;3865;3853;3859;3861;3858;3860;0;0;0;37
$1;1;8233000;2;0;1500;48135;34983;33962;400;0;3861;3857;3858;3865;3853;3859;3861;3858;3860;0;0;0;34
$1;1;8234000;2;0;1498;48134;34982;33966;400;0;3861;3857;3858;3864;3853;3859;3861;3858;3860;0;0;0;32
$1;1;8235000;2;0;1499;48135;34983;33970;400;0;3861;3858;3858;3864;3853;3859;3862;3858;3861;0;0;0;42
$1;1;8236000;2;0;1500;48135;34984;33974;400;0;3861;3857;3858;3865;3853;3859;3862;3858;3861;0;0;0;37
$1;1;8237000;2;0;1501;48135;34985;33979;400;0;3861;3858;3858;3865;3853;3859;3862;3858;3861;0;0;0;38
$1;1;8238000;2;0;1452;48162;34971;33983;400;0;3861;3857;3857;3864;3853;3859;3861;3857;3860;0;0;0;46
$1;128;8238000;298;116;14;13;11;14;10;12;15;13;14;0;0;0;18
$1;1;8239000;2;0;1471;48152;34976;33987;400;0;3861;3857;3858;3864;3853;3859;3861;3857;3860;0;0;0;33
$1;1;8240000;2;0;1495;48139;34984;33991;399;0;3861;3858;3858;3865;3854;3859;3862;3858;3861;0;0;0;33
$1;1;8241000;2;0;1499;48136;34986;33995;399;0;3861;3858;3858;3865;3853;3859;3862;3858;3861;0;0;0;34
$1;1;8242000;2;0;1427;48173;34964;33999;400;0;3860;3857;3857;3864;3853;3859;3861;3857;3860;0;0;0;47
$1;1;8243000;2;0;1488;48139;34983;34004;400;0;3861;3857;3858;3865;3853;3859;3862;3858;3860;0;0;0;37
$1;1;8244000;2;0;1483;48143;34982;34008;400;0;3861;3857;3858;3865;3853;3859;3862;3858;3860;0;0;0;41
$1;1;8245000;2;0;1448;48161;34971;34012;400;0;3861;3857;3858;3865;3853;3859;3861;3857;3860;0;0;0;36
$1;1;8246000;2;0;1491;48139;34985;34016;400;0;3861;3857;3858;3865;3854;3859;3862;3858;3861;0;0;0;43
$1;1;8247000;2;0;1487;48139;34983;34020;400;0;3861;3858;3858;3865;3854;3859;3862;3858;3861;0;0;0;33
$1;1;8248000;2;0;1444;48165;34972;34024;400;0;3861;3857;3858;3864;3853;3859;3861;3858;3860;0;0;0;41
$1;1;8249000;2;0;1481;48145;34983;34029;400;0;3861;3858;3858;3865;3854;3859;3862;3858;3861;0;0;0;43
$1;1;8250000;2;0;1482;48145;34983;34033;400;0;3861;3857;3858;3865;3854;3859;3862;3858;3861;0;0;0;36
$1;1;8251000;2;0;1499;48133;34990;34037;399;0;3862;3858;3858;3865;3854;3860;3862;3858;3861;0;0;0;41
$1;1;8252000;2;0;1466;48154;34981;34041;399;0;3861;3858;3858;3865;3854;3859;3862;3858;3861;0;0;0;35
$1;1;8253000;2;0;1460;48158;34979;34045;399;0;3861;3858;3858;3865;3854;3859;3862;3858;3861;0;0;0;43
$1;1;8254000;2;0;1488;48142;34988;34049;399;0;3862;3858;3858;3865;3854;3860;3862;3858;3861;0;0;0;42
$1;1;8255000;2;0;1444;48165;34975;34053;399;0;3861;3858;3858;3865;3854;3859;3862;3858;3860;0;0;0;47
$1;1;8256000;2;0;1494;48138;34991;34057;399;0;3862;3858;3858;3865;3854;3860;3862;3858;3861;0;0;0;47
$1;1;8257000;2;0;1499;48135;34994;34062;399;0;3862;3858;3859;3865;3854;3860;3863;3859;3862;0;0;0;47
$1;1;8258000;2;0;1499;48135;34994;34066;399;0;3862;3858;3859;3865;3854;3860;3863;3859;3861;0;0;0;39
$1;1;8259000;2;0;1498;48135;34994;34070;399;0;3862;3858;3859;3865;3854;3860;3863;3859;3862;0;0;0;35
$1;1;8260000;2;0;1500;48133;34995;34074;399;0;3862;3859;3858;3866;3854;3860;3863;3859;3862;0;0;0;41
$1;1;8261000;2;0;1485;48141;34990;34078;399;0;3862;3858;3858;3865;3854;3860;3862;3859;3862;0;0;0;43
$1;1;8262000;2;0;1446;48161;34979;34082;399;0;3862;3858;3858;3865;3854;3860;3862;3858;3861;0;0;0;37
$1;1;8263000;2;0;1458;48157;34983;34086;399;0;3862;3858;3858;3865;3854;3860;3862;3858;3861;0;0;0;47
$1;1;8264000;2;0;1497;48134;34995;34091;399;0;3862;3859;3859;3866;3854;3860;3863;3859;3862;0;0;0;47
$1;1;8265000;2;0;1499;48131;34996;34095;399;0;3862;3859;3859;3866;3855;3860;3863;3859;3862;0;0;0;35
$1;1;8266000;2;0;1498;48134;34997;34099;399;0;3863;3859;3859;3866;3855;3861;3863;3859;3862;0;0;0;41
$1;1;8267000;2;0;1501;48134;34998;34103;399;0;3863;3859;3859;3866;3855;3861;3863;3859;3862;0;0;0;36
$1;1;8268000;2;0;1499;48132;34998;34107;399;0;3863;3859;3859;3866;3855;3861;3863;3859;3862;0;0;0;41
$1;1;8269000;2;0;1499;48133;34998;34111;399;0;3863;3859;3859;3866;3855;3861;3863;3859;3862;0;0;0;46
$1;1;8270000;2;0;1498;48133;34998;34116;399;0;3863;3859;3859;3866;3855;3861;3863;3859;3862;0;0;0;32
$1;1;8271000;2;0;1500;48131;34999;34120;399;0;3863;3859;3859;3866;3855;3861;3863;3859;3862;0;0;0;39
$1;1;8272000;2;0;1500;48132;35000;34124;398;0;3863;3859;3859;3866;3855;3861;3863;3859;3862;0;0;0;42
$1;1;8273000;2;0;1499;48132;35001;34128;398;0;3863;3859;3859;3866;3855;3861;3863;3860;3862;0;0;0;45
$1;1;8274000;2;0;1499;48133;35001;34132;398;0;3863;3859;3859;3866;3855;3861;3864;3860;3862;0;0;0;39
$1;1;8275000;2;0;1498;48134;35001;34136;398;0;3863;3859;3860;3866;3855;3861;3864;3860;3863;0;0;0;47
$1;1;8276000;2;0;1500;48132;35002;34140;398;0;3863;3859;3860;3866;3855;3861;3864;3860;3863;0;0;0;40
$1;1;8277000;2;0;1500;48131;35003;34145;398;0;3863;3859;3859;3866;3855;3861;3864;3860;3862;0;0;0;37
$1;1;8278000;2;0;1501;48130;35004;34149;399;0;3863;3859;3859;3866;3855;3861;3864;3860;3863;0;0;0;33
$1;1;8279000;2;0;1499;48130;35005;34153;399;0;3863;3860;3860;3866;3856;3861;3864;3860;3863;0;0;0;41
$1;1;8280000;2;0;1501;48130;35006;34157;399;0;3863;3860;3860;3866;3855;3861;3864;3860;3862;0;0;0;42
$1;1;8281000;2;0;1499;48130;35005;34161;399;0;3863;3860;3860;3866;3856;3861;3864;3860;3863;0;0;0;47
$1;1;8282000;2;0;1500;48129;35006;34166;399;0;3863;3860;3860;3866;3856;3861;3864;3860;3863;0;0;0;33
$1;1;8283000;2;0;1499;48131;35006;34170;398;0;3864;3860;3860;3866;3856;3861;3864;3860;3863;0;0;0;41
$1;1;8284000;2;0;1499;48129;35007;34174;398;0;3864;3860;3860;3866;3856;3861;3864;3860;3863;0;0;0;34
$1;1;8285000;2;0;1499;48130;35007;34178;398;0;3864;3860;3860;3867;3856;3862;3864;3860;3863;0;0;0;37
$1;1;8286000;2;0;1500;48129;35007;34182;398;0;3864;3860;3860;3866;3856;3862;3864;3860;3863;0;0;0;43
$1;1;8287000;2;0;1501;48129;35008;34186;398;0;3864;3860;3860;3867;3856;3862;3864;3860;3863;0;0;0;33
$1;1;8288000;2;0;1500;48129;35008;34191;398;0;3864;3860;3860;3867;3856;3862;3864;3860;3863;0;0;0;41
$1;1;8289000;2;0;1498;48130;35008;34195;398;0;3864;3860;3860;3867;3856;3862;3864;3860;3863;0;0;0;36
$1;1;8290000;2;0;1501;48130;35010;34199;398;0;3864;3860;3860;3867;3856;3862;3864;3861;3863;0;0;0;41
$1;1;8291000;2;0;1499;48130;35009;34203;398;0;3864;3860;3860;3867;3856;3862;3864;3861;3863;0;0;0;32
$1;1;8292000;2;0;1499;48130;35010;34207;397;0;3864;3860;3861;3867;3856;3862;3864;3861;3863;0;0;0;33
$1;1;8293000;2;0;1501;48130;35011;34211;397;0;3864;3860;3861;3867;3856;3862;3865;3861;3864;0;0;0;32
$1;1;8294000;2;0;1500;48128;35010;34216;398;0;3864;3860;3860;3867;3856;3862;3865;3861;3863;0;0;0;32
$1;1;8295000;2;0;1501;48127;35012;34220;398;0;3864;3860;3861;3867;3856;3862;3865;3861;3864;0;0;0;46
$1;1;8296000;2;0;1501;48126;35012;34224;398;0;3864;3860;3861;3867;3856;3862;3865;3861;3863;0;0;0;47
$1;1;8297000;2;0;1501;48127;35013;34228;398;0;3864;3861;3861;3867;3857;3862;3865;3861;3864;0;0;0;37
$1;1;8298000;2;0;1501;48127;35013;34232;398;0;3864;3860;3861;3867;3857;3862;3865;3861;3864;0;0;0;32
$1;128;8298000;299;115;14;12;12;14;10;12;14;13;14;0;0;0;25
$1;1;8299000;2;0;1500;48128;35013;34236;398;0;3864;3860;3861;3867;3856;3862;3865;3861;3864;0;0;0;42
$1;1;8300000;2;0;1498;48129;35012;34240;398;0;3864;3861;3861;3867;3857;3862;3865;3861;3864;0;0;0;42
$1;1;8301000;2;0;1499;48127;35013;34245;398;0;3864;3861;3861;3867;3857;3862;3865;3861;3864;0;0;0;32
$1;1;8302000;2;0;1500;48127;35015;34249;398;0;3864;3861;3861;3867;3857;3862;3865;3861;3864;0;0;0;40
$1;1;8303000;2;0;1499;48128;35016;34253;398;0;3864;3861;3861;3867;3857;3862;3865;3861;3864;0;0;0;47
$1;1;8304000;2;0;1499;48128;35016;34257;398;0;3864;3861;3861;3867;3857;3862;3865;3861;3864;0;0;0;44
$1;1;8305000;2;0;1500;48128;35016;34261;398;0;3865;3861;3861;3867;3857;3862;3865;3861;3864;0;0;0;40
$1;1;8306000;2;0;1500;48128;35017;34265;398;0;3865;3861;3861;3867;3857;3862;3865;3861;3864;0;0;0;46
$1;1;8307000;2;0;1497;48130;35016;34270;397;0;3865;3861;3861;3867;3857;3862;3865;3861;3864;0;0;0;35
$1;1;8308000;2;0;1500;48127;35018;34274;397;0;3865;3861;3861;3868;3857;3863;3865;3861;3864;0;0;0;33
$1;1;8309000;2;0;1500;48128;35018;34278;397;0;3865;3861;3861;3868;3857;3863;3865;3862;3864;0;0;0;32
$1;1;8310000;2;0;1499;48129;35019;34282;397;0;3865;3861;3861;3868;3857;3863;3865;3861;3864;0;0;0;47
$1;1;8311000;2;0;1500;48126;35019;34286;397;0;3865;3861;3861;3868;3857;3863;3866;3862;3864;0;0;0;36
$1;1;8312000;2;0;1498;48126;35019;34290;398;0;3865;3861;3861;3868;3857;3863;3865;3862;3864;0;0;0;44
$1;1;8313000;2;0;1499;48125;35019;34295;398;0;3865;3861;3861;3868;3857;3863;3865;3862;3864;0;0;0;42
$1;1;8314000;2;0;1500;48126;35019;34299;398;0;3865;3861;3862;3868;3858;3863;3866;3862;3865;0;0;0;45
$1;1;8315000;2;0;1500;48127;35020;34303;398;0;3865;3861;3862;3868;3857;3863;3865;3862;3865;0;0;0;41
$1;1;8316000;2;0;1499;48125;35021;34307;398;0;3865;3861;3862;3868;3857;3863;3866;3862;3865;0;0;0;47
$1;1;8317000;2;0;1500;48125;35021;34312;398;0;3865;3861;3862;3868;3857;3863;3866;3862;3864;0;0;0;42
$1;1;8318000;2;0;1500;48125;35021;34316;398;0;3865;3861;3862;3868;3858;3863;3866;3862;3865;0;0;0;47
$1;1;8319000;2;0;1501;48125;35022;34320;398;0;3865;3861;3862;3868;3858;3863;3866;3862;3865;0;0;0;41
$1;1;8320000;2;0;1458;48149;35010;34324;397;0;3865;3861;3861;3868;3857;3863;3865;3862;3864;0;0;0;32
$1;1;8321000;2;0;1493;48130;35021;34328;397;0;3865;3862;3862;3868;3858;3863;3866;3862;3865;0;0;0;43
$1;1;8322000;2;0;1489;48133;35020;34332;397;0;3865;3861;3862;3868;3858;3863;3866;3862;3865;0;0;0;41
$1;1;8323000;2;0;1498;48127;35023;34337;397;0;3865;3862;3862;3868;3858;3863;3866;3862;3865;0;0;0;40
$1;1;8324000;2;0;1500;48128;35024;34341;397;0;3866;3862;3862;3868;3858;3864;3866;3862;3865;0;0;0;34
$1;1;8325000;2;0;1466;48147;35014;34345;397;0;3865;3861;3862;3868;3857;3863;3865;3862;3865;0;0;0;39
$1;1;8326000;2;0;1497;48128;35024;34349;397;0;3866;3862;3862;3869;3858;3864;3866;3862;3865;0;0;0;38
$1;1;8327000;2;0;1439;48162;35007;34353;396;0;3865;3861;3861;3868;3857;3863;3865;3862;3864;0;0;0;46
$1;1;8328000;2;0;1494;48131;35024;34357;397;0;3866;3862;3862;3869;3858;3864;3866;3862;3865;0;0;0;44
$1;1;8329000;2;0;1499;48128;35026;34362;397;0;3866;3862;3862;3869;3858;3864;3866;3862;3865;0;0;0;44
$1;1;8330000;2;0;1499;48126;35026;34366;397;0;3866;3862;3862;3869;3858;3864;3866;3863;3865;0;0;0;47
$1;1;8331000;2;0;1499;48125;35026;34370;397;0;3866;3862;3862;3869;3858;3864;3866;3862;3865;0;0;0;43
$1;1;8332000;2;0;1468;48144;35018;34374;397;0;3865;3862;3862;3868;3858;3863;3866;3862;3865;0;0;0;45
$1;1;8333000;2;0;1450;48153;35013;34378;397;0;3865;3862;3862;3868;3858;3863;3866;3862;3865;0;0;0;38
$1;1;8334000;2;0;1481;48138;35022;34382;397;0;3866;3862;3862;3869;3858;3864;3866;3862;3865;0;0;0;34
$1;1;8335000;2;0;1466;48147;35019;34386;397;0;3865;3862;3862;3868;3858;3864;3866;3862;3865;0;0;0;44
$1;1;8336000;2;0;1498;48127;35029;34390;397;0;3866;3862;3862;3869;3858;3864;3866;3863;3865;0;0;0;47
$1;1;8337000;2;0;1502;48123;35030;34395;397;0;3866;3862;3863;3870;3858;3864;3866;3863;3865;0;0;0;44
$1;1;8338000;2;0;1487;48133;35026;34399;397;0;3866;3862;3862;3869;3858;3864;3866;3863;3865;0;0;0;44
$1;1;8339000;2;0;1452;48152;35016;34403;397;0;3866;3862;3862;3869;3858;3864;3866;3862;3865;0;0;0;36
$1;1;8340000;2;0;1496;48129;35029;34407;397;0;3866;3862;3863;3870;3859;3864;3867;3863;3866;0;0;0;45
$1;1;8341000;2;0;1471;48144;35022;34411;397;0;3866;3862;3862;3869;3858;3864;3866;3863;3865;0;0;0;40
$1;1;8342000;2;0;1498;48127;35031;34416;397;0;3866;3862;3863;3869;3859;3864;3867;3863;3866;0;0;0;46
$1;1;8343000;2;0;1430;48166;35010;34419;397;0;3865;3862;3862;3869;3858;3864;3866;3862;3865;0;0;0;36
$1;1;8344000;2;0;1445;48157;35015;34424;397;0;3866;3862;3862;3869;3858;3864;3866;3862;3865;0;0;0;43
$1;1;8345000;2;0;1456;48153;35019;34428;396;0;3866;3862;3862;3869;3858;3864;3866;3863;3865;0;0;0;44
$1;1;8346000;2;0;1495;48132;35031;34432;396;0;3866;3863;3863;3869;3859;3864;3867;3863;3866;0;0;0;37
$1;1;8347000;2;0;1483;48137;35029;34436;397;0;3866;3862;3863;3869;3859;3864;3867;3863;3866;0;0;0;43
$1;1;8348000;2;0;1452;48151;35019;34440;397;0;3866;3862;3862;3869;3858;3864;3866;3863;3866;0;0;0;43
$1;1;8349000;2;0;1496;48127;35032;34444;398;0;3867;3863;3863;3869;3859;3864;3867;3863;3866;0;0;0;32
$1;1;8350000;2;0;1476;48138;35028;34449;397;0;3866;3863;3863;3870;3859;3864;3867;3863;3866;0;0;0;40
$1;1;8351000;2;0;1463;48144;35024;34452;397;0;3866;3863;3863;3869;3859;3864;3867;3863;3866;0;0;0;40
$1;1;8352000;2;0;1455;48152;35021;34456;397;0;3866;3862;3863;3869;3859;3864;3866;3863;3865;0;0;0;43
$1;1;8353000;2;0;1477;48139;35029;34460;397;0;3866;3863;3863;3869;3859;3864;3867;3863;3866;0;0;0;41
$1;1;8354000;2;0;1498;48126;35034;34465;397;0;3867;3863;3863;3870;3859;3865;3867;3864;3866;0;0;0;39
$1;1;8355000;2;0;1473;48139;35028;34469;397;0;3866;3863;3863;3870;3859;3864;3867;3863;3866;0;0;0;43
$1;1;8356000;2;0;1497;48128;35036;34473;397;0;3867;3863;3864;3870;3859;3865;3867;3863;3866;0;0;0;33
$1;1;8357000;2;0;1451;48152;35022;34477;397;0;3866;3863;3863;3870;3859;3864;3867;3863;3866;0;0;0;33
$1;1;8358000;2;0;1493;48130;35035;34481;397;0;3867;3863;3864;3870;3859;3865;3867;3863;3866;0;0;0;44
$1;128;8358000;297;114;14;12;11;14;10;12;14;13;14;0;0;0;24
$1;1;8359000;2;0;1498;48126;35038;34486;397;0;3867;3863;3864;3871;3859;3865;3867;3864;3867;0;0;0;44
$1;1;8360000;2;0;1502;48124;35039;34490;396;0;3867;3863;3864;3871;3859;3865;3867;3864;3867;0;0;0;33
$1;1;8361000;2;0;1504;48122;35039;34494;396;0;3867;3863;3864;3871;3860;3865;3868;3864;3867;0;0;0;33
$1;1;8362000;2;0;1499;48126;35040;34498;396;0;3867;3864;3864;3870;3860;3865;3868;3864;3867;0;0;0;39
$1;1;8363000;2;0;1504;48122;35041;34502;396;0;3867;3864;3864;3871;3860;3865;3868;3864;3867;0;0;0;37
$1;1;8364000;2;0;1499;48125;35039;34506;396;0;3867;3864;3864;3871;3860;3865;3868;3864;3867;0;0;0;43
$1;1;8365000;2;0;1451;48149;35025;34511;397;0;3867;3863;3864;3870;3859;3865;3867;3863;3867;0;0;0;42
$1;1;8366000;2;0;1496;48124;35039;34515;397;0;3867;3864;3864;3870;3860;3865;3868;3864;3867;0;0;0;37
$1;1;8367000;2;0;1499;48122;35040;34519;397;0;3867;3864;3864;3871;3860;3865;3868;3864;3867;0;0;0;46
$1;1;8368000;2;0;1501;48122;35042;34523;397;0;3868;3864;3864;3871;3860;3865;3868;3864;3867;0;0;0;37
$1;1;8369000;2;0;1502;48121;35042;34527;397;0;3868;3864;3864;3871;3860;3866;3868;3864;3867;0;0;0;35
$1;1;8370000;2;0;1490;48128;35040;34531;397;0;3868;3864;3864;3871;3860;3865;3868;3864;3867;0;0;0;46
$1;1;8371000;2;0;1499;48123;35043;34536;397;0;3868;3864;3864;3871;3860;3866;3868;3864;3867;0;0;0;42
$1;1;8372000;2;0;1499;48124;35043;34540;397;0;3868;3864;3864;3871;3860;3866;3868;3864;3867;0;0;0;47
$1;1;8373000;2;0;1501;48123;35043;34544;396;0;3868;3864;3864;3871;3860;3866;3868;3864;3868;0;0;0;35
$1;1;8374000;2;0;1499;48124;35044;34548;396;0;3868;3864;3865;3872;3860;3866;3868;3864;3868;0;0;0;42
$1;1;8375000;2;0;1499;48123;35044;34552;396;0;3868;3864;3865;3871;3860;3866;3868;3865;3867;0;0;0;42
$1;1;8376000;2;0;1499;48123;35045;34556;396;0;3868;3864;3865;3871;3860;3866;3868;3865;3867;0;0;0;44
$1;1;8377000;2;0;1501;48125;35046;34561;395;0;3868;3864;3864;3872;3860;3866;3868;3865;3867;0;0;0;45
$1;1;8378000;2;0;1501;48124;35047;34565;395;0;3868;3865;3865;3872;3860;3866;3868;3865;3868;0;0;0;41
$1;1;8379000;2;0;1462;48147;35036;34569;395;0;3868;3864;3864;3871;3860;3866;3868;3864;3867;0;0;0;46
$1;1;8380000;2;0;1496;48128;35046;34573;395;0;3868;3864;3865;3872;3860;3866;3869;3865;3868;0;0;0;43
$1;1;8381000;2;0;1497;48127;35046;34577;395;0;3868;3864;3865;3872;3860;3866;3869;3865;3868;0;0;0;32
$1;1;8382000;2;0;1483;48135;35042;34581;395;0;3868;3864;3865;3871;3860;3866;3868;3865;3867;0;0;0;37
$1;1;8383000;2;0;1476;48138;35041;34585;396;0;3868;3864;3864;3871;3860;3866;3868;3865;3867;0;0;0;38
$1;1;8384000;2;0;1501;48123;35049;34590;396;0;3868;3864;3865;3872;3861;3866;3869;3865;3868;0;0;0;43
$1;1;8385000;2;0;1499;48124;35049;34594;396;0;3868;3865;3865;3872;3860;3867;3869;3865;3868;0;0;0;40
$1;1;8386000;2;0;1480;48134;35044;34598;396;0;3868;3865;3865;3871;3861;3866;3869;3865;3868;0;0;0;32
$1;1;8387000;2;0;1466;48143;35041;34602;396;0;3868;3864;3865;3872;3860;3866;3868;3865;3867;0;0;0;33
$1;1;8388000;2;0;1496;48126;35049;34607;397;0;3869;3865;3865;3872;3861;3866;3869;3865;3868;0;0;0;33
$1;1;8389000;2;0;1500;48123;35051;34611;397;0;3869;3865;3865;3872;3861;3867;3869;3865;3868;0;0;0;36
$1;1;8390000;2;0;1500;48123;35052;34615;397;0;3869;3865;3865;3872;3861;3866;3869;3865;3868;0;0;0;42
$1;1;8391000;2;0;1501;48123;35052;34619;397;0;3869;3865;3865;3873;3861;3867;3869;3865;3868;0;0;0;38
$1;1;8392000;2;0;1499;48123;35052;34623;397;0;3869;3865;3865;3872;3861;3867;3869;3865;3868;0;0;0;45
$1;1;8393000;2;0;1498;48123;35052;34627;397;0;3869;3865;3865;3873;3861;3867;3869;3865;3868;0;0;0;40
$1;1;8394000;2;0;1499;48123;35053;34631;397;0;3869;3865;3865;3872;3861;3867;3869;3865;3868;0;0;0;41
$1;1;8395000;2;0;1500;48124;35055;34636;398;0;3869;3865;3866;3872;3861;3867;3870;3866;3869;0;0;0;41
$1;1;8396000;2;0;1501;48123;35055;34640;398;0;3869;3865;3865;3873;3861;3867;3870;3866;3868;0;0;0;46
$1;1;8397000;2;0;1498;48125;35055;34644;398;0;3869;3865;3866;3873;3861;3867;3870;3866;3868;0;0;0;47
$1;1;8398000;2;0;1488;48130;35052;34648;398;0;3869;3865;3866;3872;3861;3867;3870;3866;3868;0;0;0;47
$1;1;8399000;2;0;1472;48141;35046;34652;398;0;3869;3865;3865;3872;3861;3867;3870;3865;3868;0;0;0;35
$1;1;8400000;2;0;1494;48127;35055;34656;399;0;3869;3865;3866;3873;3861;3867;3870;3866;3868;0;0;0;42
$1;1;8401000;2;0;1498;48122;35055;34660;400;0;3869;3866;3866;3872;3861;3867;3870;3866;3869;0;0;0;35
$1;1;8402000;2;0;1498;48122;35055;34665;400;0;3869;3866;3866;3873;3861;3867;3870;3866;3869;0;0;0;36
$1;1;8403000;2;0;1499;48121;35056;34669;401;0;3869;3866;3866;3873;3861;3867;3870;3866;3869;0;0;0;41
$1;1;8404000;2;0;1498;48121;35058;34673;401;0;3869;3866;3866;3873;3861;3867;3870;3866;3869;0;0;0;42
$1;1;8405000;2;0;1488;48127;35055;34677;402;0;3869;3866;3866;3873;3861;3867;3870;3866;3869;0;0;0;38
$1;1;8406000;2;0;1442;48154;35042;34681;402;0;3869;3865;3866;3872;3861;3867;3869;3865;3868;0;0;0;32
$1;1;8407000;2;0;1492;48126;35057;34685;402;0;3869;3866;3866;3873;3861;3867;3870;3866;3869;0;0;0;33
$1;1;8408000;2;0;1428;48162;35039;34690;403;0;3869;3865;3865;3872;3861;3867;3869;3865;3868;0;0;0;41
$1;1;8409000;2;0;1481;48134;35055;34694;404;0;3869;3866;3866;3873;3861;3867;3870;3866;3868;0;0;0;43
$1;1;8410000;2;0;1500;48123;35061;34698;404;0;3870;3866;3866;3873;3862;3868;3870;3866;3869;0;0;0;35
$1;1;8411000;2;0;1432;48161;35042;34702;404;0;3869;3865;3866;3872;3861;3867;3870;3866;3868;0;0;0;32
$1;1;8412000;2;0;1459;48147;35049;34706;405;0;3869;3866;3866;3872;3861;3867;3870;3866;3869;0;0;0;38
$1;1;8413000;2;0;1471;48140;35054;34710;405;0;3869;3866;3866;3873;3861;3868;3870;3866;3869;0;0;0;47
$1;1;8414000;2;0;1463;48145;35052;34715;405;0;3869;3866;3866;3873;3862;3867;3870;3866;3869;0;0;0;33
$1;1;8415000;2;0;1431;48164;35043;34719;405;0;3869;3866;3866;3872;3861;3867;3870;3866;3868;0;0;0;43
$1;1;8416000;2;0;1452;48150;35049;34723;406;0;3869;3866;3866;3873;3862;3867;3870;3866;3869;0;0;0;41
$1;1;8417000;2;0;1418;48168;35039;34727;406;0;3869;3866;3866;3872;3861;3867;3870;3866;3868;0;0;0;45
$1;1;8418000;2;0;1438;48157;35045;34732;407;0;3869;3866;3866;3873;3861;3867;3870;3866;3868;0;0;0;35
$1;128;8418000;298;115;14;12;12;14;10;12;14;13;14;0;0;0;22
$1;1;8419000;2;0;1494;48126;35063;34736;407;0;3870;3866;3866;3873;3862;3868;3871;3867;3869;0;0;0;39
$1;1;8420000;2;0;1497;48124;35065;34740;407;0;3870;3866;3867;3874;3862;3868;3871;3867;3869;0;0;0;45
$1;1;8421000;2;0;1470;48139;35056;34744;407;0;3870;3866;3866;3873;3862;3868;3871;3866;3869;0;0;0;42
$1;1;8422000;2;0;1466;48141;35056;34749;407;0;3870;3866;3866;3873;3862;3868;3870;3866;3869;0;0;0;45
$1;1;8423000;2;0;1465;48142;35055;34753;408;0;3870;3866;3866;3874;3862;3868;3870;3866;3869;0;0;0;44
$1;1;8424000;2;0;1457;48147;35054;34757;408;0;3870;3866;3866;3873;3862;3868;3870;3866;3869;0;0;0;45
$1;1;8425000;2;0;1496;48125;35066;34761;408;0;3870;3867;3867;3874;3862;3868;3871;3867;3870;0;0;0;46
$1;1;8426000;2;0;1425;48165;35045;34765;408;0;3869;3866;3866;3873;3862;3868;3870;3866;3869;0;0;0;35
$1;1;8427000;2;0;1470;48140;35059;34770;408;0;3870;3866;3867;3873;3862;3868;3871;3867;3869;0;0;0;37
$1;1;8428000;2;0;1474;48139;35060;34774;408;0;3870;3867;3867;3873;3862;3868;3871;3867;3869;0;0;0;47
$1;1;8429000;2;0;1478;48138;35063;34778;408;0;3870;3867;3867;3874;3862;3868;3871;3867;3870;0;0;0;35
$1;1;8430000;2;0;1497;48126;35069;34782;408;0;3871;3867;3867;3874;3862;3869;3871;3867;3870;0;0;0;42
$1;1;8431000;2;0;1484;48132;35066;34787;408;0;3870;3867;3867;3874;3862;3868;3871;3867;3870;0;0;0;38
$1;1;8432000;2;0;1496;48124;35069;34791;408;0;3871;3867;3867;3874;3862;3869;3871;3867;3870;0;0;0;41
$1;1;8433000;2;0;1490;48126;35067;34795;409;0;3871;3867;3867;3874;3862;3869;3871;3867;3870;0;0;0;39
$1;1;8434000;2;0;1406;48174;35043;34799;409;0;3869;3866;3866;3873;3862;3868;3870;3866;3869;0;0;0;37
$1;1;8435000;2;0;1488;48128;35067;34803;409;0;3870;3867;3867;3875;3863;3868;3871;3867;3870;0;0;0;38
$1;1;8436000;2;0;1500;48121;35072;34807;409;0;3871;3867;3867;3874;3863;3869;3872;3867;3870;0;0;0;47
$1;1;8437000;2;0;1500;48122;35072;34811;409;0;3871;3867;3867;3874;3863;3869;3872;3868;3870;0;0;0;37
$1;1;8438000;2;0;1490;48125;35069;34815;409;0;3871;3867;3867;3875;3863;3869;3872;3867;3871;0;0;0;36
$1;1;8439000;2;0;1492;48127;35071;34819;409;0;3871;3867;3867;3874;3863;3869;3872;3868;3870;0;0;0;47
$1;1;8440000;2;0;1410;48172;35047;34824;409;0;3870;3867;3867;3873;3862;3868;3871;3867;3869;0;0;0;34
$1;1;8441000;2;0;1468;48140;35064;34828;409;0;3871;3867;3867;3874;3863;3869;3871;3867;3870;0;0;0;46
$1;1;8442000;2;0;1492;48126;35072;34832;409;0;3871;3867;3867;3875;3863;3869;3872;3867;3870;0;0;0;38
$1;1;8443000;2;0;1439;48157;35056;34836;408;0;3870;3867;3867;3874;3862;3868;3871;3867;3870;0;0;0;32
$1;1;8444000;2;0;1474;48139;35067;34840;408;0;3871;3867;3867;3874;3863;3869;3872;3867;3870;0;0;0;39
$1;1;8445000;2;0;1498;48123;35076;34844;408;0;3871;3867;3868;3875;3863;3869;3872;3868;3871;0;0;0;43
$1;1;8446000;2;0;1462;48144;35066;34848;408;0;3871;3867;3868;3874;3863;3869;3872;3868;3870;0;0;0;33
$1;1;8447000;2;0;1495;48127;35076;34852;408;0;3871;3868;3868;3875;3863;3869;3872;3868;3871;0;0;0;40
$1;1;8448000;2;0;1498;48123;35078;34857;408;0;3872;3868;3868;3874;3863;3870;3872;3868;3871;0;0;0;47
$1;1;8449000;2;0;1501;48120;35079;34861;409;0;3871;3868;3868;3875;3864;3870;3872;3868;3871;0;0;0;44
$1;1;8450000;2;0;1500;48121;35079;34865;409;0;3872;3868;3868;3875;3864;3870;3872;3868;3871;0;0;0;35
$1;1;8451000;2;0;1500;48120;35079;34869;408;0;3872;3868;3868;3874;3864;3870;3872;3868;3871;0;0;0;47
$1;1;8452000;2;0;1498;48121;35079;34873;408;0;3872;3868;3868;3875;3864;3870;3873;3868;3871;0;0;0;38
$1;1;8453000;2;0;1500;48120;35081;34877;408;0;3872;3868;3868;3875;3864;3870;3873;3869;3871;0;0;0;36
$1;1;8454000;2;0;1499;48120;35081;34882;408;0;3872;3868;3868;3875;3864;3870;3873;3869;3871;0;0;0;40
$1;1;8455000;2;0;1498;48121;35081;34886;408;0;3872;3868;3868;3875;3864;3870;3873;3869;3872;0;0;0;46
$1;1;8456000;2;0;1499;48121;35082;34890;407;0;3872;3868;3868;3875;3864;3870;3873;3869;3871;0;0;0;36
$1;1;8457000;2;0;1499;48121;35082;34894;407;0;3872;3868;3868;3875;3864;3870;3873;3869;3872;0;0;0;34
$1;1;8458000;2;0;1499;48121;35083;34898;407;0;3872;3869;3868;3875;3864;3870;3873;3869;3872;0;0;0;33
$1;1;8459000;2;0;1499;48121;35083;34902;407;0;3872;3868;3869;3875;3864;3870;3873;3869;3872;0;0;0;34
$1;1;8460000;2;0;1498;48121;35083;34906;407;0;3872;3868;3869;3875;3864;3870;3873;3869;3872;0;0;0;45
$1;1;8461000;2;0;1499;48122;35084;34911;406;0;3872;3868;3869;3875;3864;3870;3873;3869;3872;0;0;0;46
$1;1;8462000;2;0;1498;48121;35085;34915;406;0;3872;3869;3869;3875;3865;3870;3873;3869;3872;0;0;0;42
$1;1;8463000;2;0;1501;48119;35087;34919;406;0;3872;3869;3869;3875;3864;3870;3873;3869;3872;0;0;0;46
$1;1;8464000;2;0;1500;48119;35086;34923;406;0;3872;3869;3869;3875;3865;3870;3873;3869;3872;0;0;0;33
$1;1;8465000;2;0;1499;48119;35086;34927;407;0;3872;3868;3869;3875;3864;3870;3873;3869;3872;0;0;0;36
$1;1;8466000;2;0;1501;48117;35088;34931;407;0;3872;3869;3869;3875;3865;3870;3873;3869;3872;0;0;0;32
$1;1;8467000;2;0;1499;48117;35087;34936;407;0;3872;3869;3869;3875;3865;3870;3873;3869;3872;0;0;0;41
$1;1;8468000;2;0;1501;48115;35089;34940;407;0;3873;3869;3869;3875;3865;3871;3873;3869;3872;0;0;0;43
$1;1;8469000;2;0;1499;48117;35089;34944;406;0;3873;3869;3869;3875;3865;3871;3873;3869;3872;0;0;0;45
$1;1;8470000;2;0;1500;48117;35090;34948;406;0;3873;3869;3869;3876;3865;3871;3873;3870;3872;0;0;0;43
$1;1;8471000;2;0;1498;48118;35089;34952;406;0;3873;3869;3869;3876;3865;3871;3873;3869;3872;0;0;0;46
$1;1;8472000;2;0;1500;48117;35091;34956;406;0;3873;3869;3869;3876;3865;3871;3873;3870;3872;0;0;0;39
$1;1;8473000;2;0;1500;48118;35091;34961;406;0;3873;3869;3869;3876;3865;3871;3874;3870;3872;0;0;0;42
$1;1;8474000;2;0;1499;48118;35091;34965;406;0;3873;3869;3870;3876;3865;3871;3873;3869;3872;0;0;0;47
$1;1;8475000;2;0;1501;48116;35091;34969;405;0;3873;3869;3869;3876;3865;3871;3874;3870;3872;0;0;0;40
$1;1;8476000;2;0;1498;48119;35091;34973;405;0;3873;3869;3870;3876;3865;3871;3874;3870;3872;0;0;0;38
$1;1;8477000;2;0;1501;48116;35092;34977;405;0;3873;3869;3870;3876;3865;3871;3874;3870;3873;0;0;0;47
$1;1;8478000;2;0;1499;48118;35092;34981;405;0;3873;3869;3870;3876;3865;3871;3874;3870;3873;0;0;0;39
$1;128;8478000;296;115;14;12;12;14;10;12;14;13;14;0;0;0;30
$1;1;8479000;2;0;1500;48117;35092;34986;404;0;3873;3869;3870;3876;3865;3871;3874;3870;3873;0;0;0;46
$1;1;8480000;2;0;1501;48117;35094;34990;404;0;3873;3870;3870;3876;3865;3871;3874;3870;3873;0;0;0;32
$1;1;8481000;2;0;1498;48115;35093;34994;405;0;3873;3869;3870;3876;3866;3871;3874;3870;3873;0;0;0;43
$1;1;8482000;2;0;1499;48114;35093;34998;405;0;3873;3869;3869;3876;3865;3871;3874;3870;3873;0;0;0;47
$1;1;8483000;2;0;1498;48115;35093;35002;405;0;3873;3870;3870;3876;3865;3871;3874;3870;3873;0;0;0;37
$1;1;8484000;2;0;1499;48115;35094;35006;405;0;3873;3869;3870;3876;3865;3871;3874;3870;3873;0;0;0;40
$1;1;8485000;2;0;1499;48115;35094;35011;405;0;3873;3869;3870;3876;3866;3871;3874;3870;3873;0;0;0;44
$1;1;8486000;2;0;1498;48115;35094;35015;405;0;3873;3870;3870;3876;3866;3871;3874;3870;3873;0;0;0;34
$1;1;8487000;2;0;1499;48115;35096;35019;405;0;3873;3870;3870;3876;3866;3872;3874;3870;3873;0;0;0;47
$1;1;8488000;2;0;1499;48115;35096;35023;404;0;3873;3870;3870;3876;3866;3871;3874;3870;3873;0;0;0;43
$1;1;8489000;2;0;1500;48115;35097;35027;404;0;3874;3870;3870;3876;3866;3872;3874;3870;3873;0;0;0;42
$1;1;8490000;2;0;1486;48122;35093;35031;404;0;3873;3870;3870;3877;3866;3871;3874;3870;3873;0;0;0;47
$1;1;8491000;2;0;1477;48128;35091;35036;404;0;3873;3870;3870;3876;3866;3871;3874;3870;3873;0;0;0;46
$1;1;8492000;2;0;1499;48116;35098;35040;404;0;3874;3870;3870;3876;3866;3872;3874;3871;3873;0;0;0;45
$1;1;8493000;2;0;1501;48114;35099;35044;404;0;3874;3870;3870;3877;3866;3872;3875;3871;3874;0;0;0;44
$1;1;8494000;2;0;1477;48128;35092;35048;403;0;3873;3870;3870;3877;3866;3871;3874;3870;3873;0;0;0;39
$1;1;8495000;2;0;1405;48169;35071;35052;403;0;3873;3869;3870;3876;3865;3871;3873;3869;3872;0;0;0;36
$1;1;8496000;2;0;1489;48122;35097;35056;403;0;3874;3870;3870;3877;3866;3872;3874;3870;3873;0;0;0;32
$1;1;8497000;2;0;1500;48115;35101;35061;403;0;3874;3870;3871;3877;3866;3872;3875;3871;3874;0;0;0;41
$1;1;8498000;2;0;1498;48115;35101;35065;404;0;3874;3870;3871;3877;3866;3872;3875;3871;3873;0;0;0;34
$1;1;8499000;2;0;1499;48114;35101;35069;404;0;3874;3870;3870;3877;3866;3872;3875;3871;3874;0;0;0;41
$1;1;8500000;2;0;1500;48113;35103;35073;404;0;3874;3870;3871;3877;3866;3872;3875;3871;3874;0;0;0;38
$1;1;8501000;2;0;1501;48112;35103;35077;403;0;3874;3870;3871;3877;3866;3872;3875;3871;3874;0;0;0;36
$1;1;8502000;2;0;1464;48133;35092;35081;403;0;3874;3870;3870;3876;3866;3872;3874;3870;3874;0;0;0;38
$1;1;8503000;2;0;1495;48116;35102;35086;403;0;3874;3870;3870;3877;3866;3872;3875;3871;3874;0;0;0;32
$1;1;8504000;2;0;1500;48114;35103;35090;403;0;3874;3871;3871;3877;3866;3872;3875;3871;3874;0;0;0;46
$1;1;8505000;2;0;1500;48113;35103;35094;403;0;3874;3871;3871;3877;3867;3872;3875;3871;3874;0;0;0;45
$1;1;8506000;2;0;1491;48119;35102;35097;403;0;3874;3871;3871;3877;3867;3872;3875;3871;3873;0;0;0;40
$1;1;8507000;2;0;1439;48147;35087;35102;402;0;3874;3870;3870;3877;3866;3872;3874;3870;3873;0;0;0;33
$1;1;8508000;2;0;1444;48145;35089;35106;402;0;3874;3870;3870;3877;3866;3872;3874;3871;3873;0;0;0;45
$1;1;8509000;2;0;1494;48119;35103;35110;402;0;3874;3871;3871;3878;3867;3872;3875;3871;3874;0;0;0;36
$1;1;8510000;2;0;1499;48115;35106;35114;402;0;3875;3871;3871;3878;3867;3873;3875;3871;3874;0;0;0;44
$1;1;8511000;2;0;1498;48114;35106;35118;402;0;3875;3871;3871;3878;3867;3873;3875;3871;3874;0;0;0;33
$1;1;8512000;2;0;1503;48112;35108;35122;402;0;3875;3871;3871;3878;3867;3873;3875;3871;3874;0;0;0;32
$1;1;8513000;2;0;1500;48115;35107;35127;401;0;3875;3871;3871;3878;3867;3873;3875;3871;3874;0;0;0;44
$1;1;8514000;2;0;1469;48134;35099;35130;401;0;3874;3870;3871;3878;3867;3872;3875;3871;3874;0;0;0;39
$1;1;8515000;2;0;1488;48119;35104;35133;402;0;3874;3871;3871;3878;3867;3873;3875;3871;3874;0;0;0;35
$1;1;8516000;2;0;1478;48124;35102;35138;402;0;3874;3871;3871;3878;3867;3872;3875;3871;3874;0;0;0;45
$1;1;8517000;2;0;1465;48132;35098;35142;402;0;3874;3871;3871;3878;3867;3872;3875;3871;3874;0;0;0;40
$1;1;8518000;2;0;1472;48127;35101;35146;402;0;3874;3871;3871;3877;3867;3872;3875;3871;3874;0;0;0;47
$1;1;8519000;2;0;1450;48142;35094;35150;402;0;3874;3871;3871;3877;3867;3872;3875;3871;3874;0;0;0;39
$1;1;8520000;2;0;1465;48133;35099;35154;402;0;3874;3871;3871;3878;3867;3872;3875;3871;3874;0;0;0;43
$1;1;8521000;2;0;1498;48115;35109;35158;402;0;3875;3871;3871;3878;3867;3873;3875;3871;3874;0;0;0;40
$1;1;8522000;2;0;1485;48121;35105;35163;402;0;3875;3871;3871;3878;3867;3873;3875;3871;3874;0;0;0;36
$1;1;8523000;2;0;1500;48114;35110;35167;401;0;3875;3871;3872;3878;3867;3873;3875;3872;3875;0;0;0;45
$1;1;8524000;2;0;1475;48127;35104;35171;401;0;3875;3871;3871;3878;3867;3873;3875;3871;3874;0;0;0;42
$1;1;8525000;2;0;1443;48146;35095;35175;401;0;3874;3871;3871;3877;3867;3873;3875;3871;3874;0;0;0;42
$1;1;8526000;2;0;1454;48140;35098;35179;401;0;3875;3871;3871;3878;3867;3873;3875;3871;3874;0;0;0;38
$1;1;8527000;2;0;1496;48116;35111;35183;401;0;3875;3871;3872;3878;3867;3873;3876;3872;3875;0;0;0;45
$1;1;8528000;2;0;1466;48131;35103;35187;401;0;3875;3871;3872;3878;3867;3873;3875;3872;3874;0;0;0;45
$1;1;8529000;2;0;1444;48145;35096;35191;400;0;3875;3871;3872;3878;3867;3873;3875;3871;3874;0;0;0;39
$1;1;8530000;2;0;1444;48146;35097;35195;400;0;3875;3871;3871;3878;3867;3873;3875;3871;3874;0;0;0;42
$1;1;8531000;2;0;1475;48129;35107;35200;400;0;3875;3871;3872;3878;3868;3873;3875;3872;3875;0;0;0;41
$1;1;8532000;2;0;1499;48114;35115;35204;401;0;3875;3872;3872;3879;3868;3874;3876;3872;3875;0;0;0;38
$1;1;8533000;2;0;1489;48117;35112;35208;401;0;3875;3872;3872;3879;3868;3873;3876;3872;3875;0;0;0;41
$1;1;8534000;2;0;1431;48150;35094;35212;401;0;3875;3871;3871;3878;3867;3873;3875;3871;3874;0;0;0;37
$1;1;8535000;2;0;1491;48115;35113;35216;401;0;3875;3872;3872;3879;3868;3873;3876;3872;3875;0;0;0;42
$1;1;8536000;2;0;1498;48113;35115;35220;401;0;3876;3872;3872;3879;3868;3874;3876;3872;3875;0;0;0;33
$1;1;8537000;2;0;1478;48123;35110;35225;401;0;3875;3872;3872;3879;3868;3873;3876;3872;3875;0;0;0;41
$1;1;8538000;2;0;1477;48127;35110;35229;400;0;3875;3872;3872;3879;3868;3873;3876;3872;3875;0;0;0;32
$1;128;8538000;297;113;14;12;11;13;10;12;14;13;14;0;0;0;24
$1;1;8539000;2;0;1497;48115;35115;35233;400;0;3876;3872;3872;3879;3868;3874;3876;3872;3876;0;0;0;39
$1;1;8540000;2;0;1499;48112;35117;35237;400;0;3876;3872;3872;3879;3868;3874;3876;3872;3875;0;0;0;37
$1;1;8541000;2;0;1469;48129;35108;35241;400;0;3875;3872;3872;3879;3868;3873;3876;3872;3875;0;0;0;40
$1;1;8542000;2;0;1497;48115;35116;35245;400;0;3876;3872;3872;3879;3868;3874;3876;3872;3875;0;0;0;42
$1;1;8543000;2;0;1502;48111;35119;35249;400;0;3876;3872;3872;3880;3868;3874;3876;3872;3876;0;0;0;36
$1;1;8544000;2;0;1501;48113;35119;35253;399;0;3876;3872;3872;3880;3868;3874;3876;3873;3876;0;0;0;47
$1;1;8545000;2;0;1501;48112;35120;35258;399;0;3876;3872;3873;3880;3868;3874;3876;3873;3876;0;0;0;47
$1;1;8546000;2;0;1504;48110;35120;35262;399;0;3876;3872;3873;3880;3869;3874;3877;3873;3876;0;0;0;34
$1;1;8547000;2;0;1499;48112;35119;35266;399;0;3876;3873;3873;3880;3868;3874;3876;3873;3876;0;0;0;43
$1;1;8548000;2;0;1499;48110;35118;35270;400;0;3876;3872;3873;3880;3869;3874;3877;3873;3876;0;0;0;38
$1;1;8549000;2;0;1499;48109;35120;35274;400;0;3876;3873;3873;3880;3869;3874;3877;3873;3876;0;0;0;33
$1;1;8550000;2;0;1454;48137;35108;35278;400;0;3876;3872;3872;3879;3868;3874;3876;3872;3875;0;0;0;39
$1;1;8551000;2;0;1493;48112;35119;35282;400;0;3876;3873;3873;3879;3869;3874;3877;3873;3876;0;0;0;45
$1;1;8552000;2;0;1500;48110;35122;35286;400;0;3876;3873;3873;3880;3869;3874;3877;3873;3876;0;0;0;45
$1;1;8553000;2;0;1500;48109;35123;35290;400;0;3876;3873;3873;3880;3869;3874;3877;3873;3876;0;0;0;34
$1;1;8554000;2;0;1499;48110;35124;35294;400;0;3877;3873;3873;3880;3869;3875;3877;3873;3876;0;0;0;47
$1;1;8555000;2;0;1499;48111;35124;35299;399;0;3877;3873;3873;3880;3869;3874;3877;3873;3876;0;0;0;36
$1;1;8556000;2;0;1421;48154;35101;35303;399;0;3876;3872;3872;3879;3868;3874;3876;3872;3875;0;0;0;37
$1;1;8557000;2;0;1433;48148;35104;35307;399;0;3876;3872;3873;3879;3868;3874;3876;3872;3875;0;0;0;42
$1;1;8558000;2;0;1491;48115;35122;35311;399;0;3877;3873;3873;3880;3869;3875;3877;3873;3876;0;0;0;35
$1;1;8559000;2;0;1487;48118;35122;35314;399;0;3877;3873;3873;3880;3869;3874;3877;3873;3876;0;0;0;44
$1;1;8560000;2;0;1474;48126;35117;35318;399;0;3876;3873;3873;3879;3869;3874;3877;3873;3876;0;0;0;42
$1;1;8561000;2;0;1452;48139;35112;35322;399;0;3876;3873;3873;3879;3868;3874;3876;3873;3876;0;0;0;45
$1;1;8562000;2;0;1450;48139;35112;35327;399;0;3876;3873;3873;3879;3869;3874;3877;3873;3876;0;0;0;41
$1;1;8563000;2;0;1497;48113;35126;35331;399;0;3877;3873;3873;3880;3869;3875;3877;3873;3876;0;0;0;45
$1;1;8564000;2;0;1449;48138;35112;35335;398;0;3876;3873;3873;3880;3869;3874;3877;3873;3876;0;0;0;34
$1;1;8565000;2;0;1493;48112;35126;35339;399;0;3877;3873;3873;3880;3869;3875;3877;3873;3876;0;0;0;38
$1;1;8566000;2;0;1473;48124;35120;35343;399;0;3877;3873;3873;3880;3869;3875;3877;3873;3876;0;0;0;37
$1;1;8567000;2;0;1498;48111;35128;35347;399;0;3877;3873;3873;3880;3869;3875;3878;3874;3877;0;0;0;34
$1;1;8568000;2;0;1421;48154;35105;35351;399;0;3876;3873;3873;3879;3869;3874;3876;3873;3876;0;0;0;40
$1;1;8569000;2;0;1472;48127;35121;35355;399;0;3877;3873;3873;3880;3869;3875;3877;3873;3876;0;0;0;46
$1;1;8570000;2;0;1447;48139;35114;35360;399;0;3876;3873;3873;3880;3869;3875;3877;3873;3876;0;0;0;46
$1;1;8571000;2;0;1494;48112;35129;35364;399;0;3877;3873;3874;3881;3869;3875;3878;3874;3877;0;0;0;44
$1;1;8572000;2;0;1498;48109;35129;35368;399;0;3877;3874;3874;3881;3870;3875;3878;3874;3877;0;0;0;42
$1;1;8573000;2;0;1503;48107;35132;35372;399;0;3878;3874;3874;3881;3870;3875;3878;3874;3877;0;0;0;40
$1;1;8574000;2;0;1499;48109;35132;35376;399;0;3878;3874;3874;3881;3870;3875;3878;3874;3877;0;0;0;39
$1;1;8575000;2;0;1499;48109;35132;35380;399;0;3878;3874;3874;3881;3870;3875;3878;3874;3877;0;0;0;47
$1;1;8576000;2;0;1485;48116;35128;35385;398;0;3877;3873;3874;3881;3870;3875;3878;3874;3877;0;0;0;40
$1;1;8577000;2;0;1498;48110;35132;35389;398;0;3878;3874;3874;3881;3870;3875;3878;3874;3877;0;0;0;44
$1;1;8578000;2;0;1500;48109;35133;35393;398;0;3878;3874;3874;3881;3870;3876;3878;3874;3877;0;0;0;34
$1;1;8579000;2;0;1499;48110;35133;35397;398;0;3878;3874;3874;3881;3870;3876;3878;3874;3878;0;0;0;33
$1;1;8580000;2;0;1498;48110;35134;35401;398;0;3878;3874;3874;3881;3870;3876;3878;3874;3878;0;0;0;41
$1;1;8581000;2;0;1478;48121;35127;35405;398;0;3878;3874;3874;3881;3870;3875;3878;3874;3877;0;0;0;46
$1;1;8582000;2;0;1501;48107;35135;35410;398;0;3878;3874;3874;3881;3870;3876;3878;3874;3877;0;0;0;34
$1;1;8583000;2;0;1500;48107;35136;35414;399;0;3878;3874;3874;3881;3870;3876;3878;3875;3878;0;0;0;42
$1;1;8584000;2;0;1499;48107;35135;35418;399;0;3878;3874;3874;3882;3870;3876;3878;3875;3877;0;0;0;47
$1;1;8585000;2;0;1500;48107;35136;35422;399;0;3878;3874;3874;3881;3870;3876;3878;3875;3878;0;0;0;41
$1;1;8586000;2;0;1499;48107;35137;35426;399;0;3878;3874;3874;3881;3870;3876;3879;3875;3878;0;0;0;47
$1;1;8587000;2;0;1501;48106;35138;35430;399;0;3878;3874;3875;3881;3870;3876;3879;3875;3878;0;0;0;38
$1;1;8588000;2;0;1474;48121;35130;35434;398;0;3878;3874;3874;3881;3870;3876;3878;3874;3878;0;0;0;35
$1;1;8589000;2;0;1497;48108;35138;35439;398;0;3878;3874;3874;3881;3870;3876;3879;3875;3878;0;0;0;33
$1;1;8590000;2;0;1481;48117;35133;35443;398;0;3878;3874;3874;3881;3870;3876;3879;3875;3878;0;0;0;38
$1;1;8591000;2;0;1438;48141;35121;35447;398;0;3877;3874;3874;3881;3870;3875;3878;3874;3877;0;0;0;34
$1;1;8592000;2;0;1470;48122;35130;35451;398;0;3878;3874;3874;3881;3871;3876;3878;3875;3878;0;0;0;44
$1;1;8593000;2;0;1475;48122;35132;35455;398;0;3878;3874;3875;3881;3870;3876;3878;3875;3878;0;0;0;46
$1;1;8594000;2;0;1495;48110;35139;35459;398;0;3878;3875;3875;3881;3871;3876;3879;3875;3878;0;0;0;32
$1;1;8595000;2;0;1445;48139;35125;35464;398;0;3878;3874;3874;3881;3870;3876;3878;3874;3878;0;0;0;37
$1;1;8596000;2;0;1495;48111;35139;35468;398;0;3878;3875;3875;3882;3871;3876;3879;3875;3878;0;0;0;34
$1;1;8597000;2;0;1406;48161;35114;35472;398;0;3877;3874;3874;3881;3870;3875;3877;3874;3877;0;0;0;36
$1;1;8598000;2;0;1437;48145;35123;35476;397;0;3878;3874;3874;3881;3870;3876;3878;3874;3877;0;0;0;35
$1;1;8599000;2;0;1486;48118;35138;35480;398;0;3878;3875;3875;3881;3871;3876;3879;3875;3878;0;0;0;34
$1;128;8599000;297;114;14;13;11;14;10;12;14;12;14;0;0;0;19
$1;1;8600000;2;0;1498;48109;35142;35484;398;0;3879;3875;3875;3882;3871;3877;3879;3875;3878;0;0;0;36
$1;1;8601000;2;0;1486;48114;35139;35488;398;0;3878;3875;3875;3881;3871;3877;3879;3875;3878;0;0;0;36
$1;1;8602000;2;0;1496;48108;35142;35492;398;0;3879;3875;3875;3882;3871;3877;3879;3875;3878;0;0;0;46
$1;1;8603000;2;0;1499;48107;35144;35496;398;0;3879;3875;3875;3882;3871;3877;3879;3875;3879;0;0;0;44
$1;1;8604000;2;0;1500;48106;35145;35501;398;0;3879;3875;3875;3882;3871;3877;3879;3876;3879;0;0;0;38
$1;1;8605000;2;0;1498;48107;35145;35505;398;0;3879;3875;3875;3882;3871;3877;3880;3875;3879;0;0;0;39
$1;1;8606000;2;0;1499;48107;35146;35509;398;0;3879;3875;3876;3882;3871;3877;3879;3876;3879;0;0;0;44
$1;1;8607000;2;0;1501;48105;35147;35513;398;0;3879;3875;3875;3882;3871;3877;3879;3876;3879;0;0;0;38
$1;1;8608000;2;0;1486;48114;35143;35517;398;0;3879;3875;3875;3882;3871;3877;3879;3876;3879;0;0;0;39
$1;1;8609000;2;0;1498;48108;35148;35521;398;0;3879;3875;3876;3882;3871;3877;3880;3876;3879;0;0;0;47
$1;1;8610000;2;0;1499;48107;35148;35525;398;0;3879;3875;3876;3882;3872;3877;3880;3876;3879;0;0;0;46
$1;1;8611000;2;0;1499;48107;35149;35530;397;0;3879;3876;3876;3882;3871;3877;3880;3876;3879;0;0;0;37
$1;1;8612000;2;0;1501;48105;35150;35534;397;0;3879;3876;3876;3882;3872;3877;3880;3876;3879;0;0;0;43
$1;1;8613000;2;0;1500;48106;35150;35538;397;0;3879;3876;3876;3882;3872;3877;3880;3876;3879;0;0;0;36
$1;1;8614000;2;0;1500;48106;35150;35542;397;0;3879;3876;3876;3882;3872;3877;3880;3876;3879;0;0;0;46
$1;1;8615000;2;0;1501;48106;35151;35546;397;0;3880;3876;3876;3882;3872;3878;3880;3876;3879;0;0;0;34
$1;1;8616000;2;0;1501;48107;35151;35550;397;0;3880;3876;3876;3882;3872;3878;3880;3876;3879;0;0;0;39
$1;1;8617000;2;0;1499;48107;35151;35555;397;0;3880;3876;3876;3882;3872;3877;3880;3876;3880;0;0;0;42
$1;1;8618000;2;0;1499;48104;35151;35559;397;0;3880;3876;3876;3882;3872;3878;3880;3876;3880;0;0;0;37
$1;1;8619000;2;0;1500;48103;35151;35563;398;0;3880;3876;3876;3882;3872;3878;3880;3876;3879;0;0;0;34
$1;1;8620000;2;0;1499;48105;35152;35567;398;0;3880;3876;3876;3883;3872;3878;3880;3876;3879;0;0;0;41
$1;1;8621000;2;0;1499;48104;35152;35571;398;0;3880;3876;3876;3882;3872;3878;3880;3876;3880;0;0;0;41
$1;1;8622000;2;0;1501;48103;35154;35576;398;0;3880;3876;3876;3883;3872;3878;3880;3877;3880;0;0;0;44
$1;1;8623000;2;0;1498;48104;35153;35580;398;0;3880;3876;3876;3883;3872;3878;3880;3877;3880;0;0;0;37
$1;1;8624000;2;0;1499;48102;35154;35584;398;0;3880;3876;3876;3883;3872;3878;3880;3877;3880;0;0;0;38
$1;1;8625000;2;0;1499;48104;35154;35588;398;0;3880;3876;3876;3883;3872;3878;3880;3877;3880;0;0;0;45
$1;1;8626000;2;0;1501;48103;35156;35592;397;0;3880;3876;3876;3883;3873;3878;3881;3877;3880;0;0;0;47
$1;1;8627000;2;0;1500;48103;35156;35596;397;0;3880;3876;3876;3883;3872;3878;3881;3877;3880;0;0;0;42
$1;1;8628000;2;0;1499;48104;35156;35600;397;0;3880;3876;3876;3883;3872;3878;3881;3877;3880;0;0;0;47
$1;1;8629000;2;0;1499;48103;35156;35605;397;0;3880;3876;3877;3883;3872;3878;3881;3877;3880;0;0;0;45
$1;1;8630000;2;0;1499;48104;35157;35609;397;0;3880;3876;3877;3883;3873;3878;3881;3877;3880;0;0;0;46
$1;1;8631000;2;0;1501;48103;35159;35613;396;0;3880;3876;3877;3883;3872;3878;3881;3877;3880;0;0;0;45
$1;1;8632000;2;0;1499;48104;35158;35617;396;0;3880;3877;3877;3883;3873;3878;3881;3877;3880;0;0;0;44
$1;1;8633000;2;0;1500;48103;35159;35621;396;0;3880;3877;3877;3883;3873;3879;3881;3877;3880;0;0;0;46
$1;1;8634000;2;0;1499;48104;35159;35625;396;0;3881;3877;3877;3883;3873;3879;3881;3877;3880;0;0;0;42
$1;1;8635000;2;0;1499;48100;35159;35630;397;0;3880;3877;3877;3883;3873;3879;3881;3877;3880;0;0;0;43
$1;1;8636000;2;0;1499;48100;35160;35634;397;0;3880;3877;3877;3883;3873;3879;3881;3877;3880;0;0;0;38
$1;1;8637000;2;0;1500;48100;35161;35638;398;0;3881;3877;3877;3883;3873;3879;3881;3877;3880;0;0;0;37
$1;1;8638000;2;0;1501;48099;35162;35642;398;0;3881;3877;3877;3883;3873;3879;3881;3877;3881;0;0;0;37
$1;1;8639000;2;0;1499;48101;35163;35646;397;0;3881;3877;3877;3883;3873;3879;3881;3877;3881;0;0;0;46
$1;1;8640000;2;0;1500;48101;35163;35650;397;0;3881;3877;3877;3883;3873;3879;3881;3877;3881;0;0;0;38
$1;1;8641000;2;0;1499;48100;35163;35655;397;0;3881;3877;3877;3884;3873;3879;3881;3878;3880;0;0;0;43
$1;1;8642000;2;0;1500;48100;35164;35659;397;0;3881;3877;3878;3884;3873;3879;3881;3878;3881;0;0;0;44
$1;1;8643000;2;0;1501;48100;35164;35663;397;0;3881;3877;3878;3884;3873;3879;3882;3878;3881;0;0;0;38
$1;1;8644000;2;0;1500;48101;35164;35667;397;0;3881;3877;3878;3884;3873;3879;3882;3878;3881;0;0;0;37
$1;1;8645000;2;0;1500;48100;35164;35671;397;0;3881;3877;3877;3884;3873;3879;3882;3878;3881;0;0;0;45
$1;1;8646000;2;0;1499;48102;35164;35675;397;0;3881;3877;3878;3884;3873;3879;3882;3878;3881;0;0;0;38
$1;1;8647000;2;0;1501;48101;35165;35679;397;0;3881;3877;3878;3884;3874;3879;3882;3878;3881;0;0;0;46
$1;1;8648000;2;0;1498;48102;35165;35684;396;0;3881;3877;3878;3884;3873;3879;3882;3878;3881;0;0;0;39
$1;1;8649000;2;0;1499;48102;35166;35688;396;0;3881;3877;3878;3884;3874;3879;3882;3878;3881;0;0;0;47
$1;1;8650000;2;0;1500;48101;35166;35692;396;0;3881;3878;3878;3884;3873;3879;3882;3878;3881;0;0;0;38
$1;1;8651000;2;0;1501;48101;35168;35696;396;0;3881;3877;3878;3884;3874;3879;3882;3878;3881;0;0;0;36
$1;1;8652000;2;0;1500;48102;35168;35700;396;0;3881;3878;3878;3884;3874;3879;3882;3878;3881;0;0;0;36
$1;1;8653000;2;0;1460;48122;35156;35704;397;0;3881;3877;3877;3884;3873;3879;3881;3877;3881;0;0;0;35
$1;1;8654000;2;0;1496;48101;35167;35709;397;0;3881;3878;3878;3884;3874;3879;3882;3878;3881;0;0;0;40
$1;1;8655000;2;0;1499;48099;35168;35713;397;0;3881;3878;3878;3884;3874;3880;3882;3878;3881;0;0;0;36
$1;1;8656000;2;0;1500;48099;35170;35717;397;0;3882;3878;3878;3884;3874;3880;3882;3878;3881;0;0;0;40
$1;1;8657000;2;0;1499;48099;35170;35721;397;0;3882;3878;3878;3885;3874;3880;3882;3878;3881;0;0;0;44
$1;1;8658000;2;0;1498;48100;35170;35726;397;0;3882;3878;3878;3884;3874;3880;3882;3878;3881;0;0;0;37
$1;1;8659000;2;0;1499;48100;35170;35730;397;0;3882;3878;3878;3884;3874;3880;3882;3878;3881;0;0;0;34
$1;128;8659000;298;113;14;12;11;14;10;12;14;13;13;0;0;0;19
$1;1;8660000;2;0;1498;48100;35171;35734;397;0;3882;3878;3878;3884;3874;3880;3882;3878;3882;0;0;0;47
$1;1;8661000;2;0;1466;48119;35161;35738;397;0;3881;3878;3878;3884;3874;3879;3882;3878;3881;0;0;0;44
$1;1;8662000;2;0;1496;48102;35170;35742;397;0;3882;3878;3878;3885;3874;3880;3882;3878;3882;0;0;0;32
$1;1;8663000;2;0;1499;48100;35172;35747;396;0;3882;3878;3878;3885;3874;3880;3882;3879;3881;0;0;0;40
$1;1;8664000;2;0;1498;48101;35172;35751;396;0;3882;3878;3878;3885;3874;3880;3882;3879;3882;0;0;0;43
$1;1;8665000;2;0;1477;48113;35166;35755;396;0;3882;3878;3878;3885;3874;3880;3882;3878;3881;0;0;0;43
$1;1;8666000;2;0;1478;48112;35167;35759;396;0;3882;3878;3878;3885;3874;3880;3882;3878;3881;0;0;0;43
$1;1;8667000;2;0;1457;48125;35161;35763;396;0;3881;3878;3878;3884;3874;3880;3882;3878;3881;0;0;0;46
$1;1;8668000;2;0;1480;48112;35168;35767;396;0;3882;3878;3878;3885;3874;3880;3882;3878;3882;0;0;0;35
$1;1;8669000;2;0;1498;48103;35174;35771;396;0;3882;3878;3879;3885;3874;3880;3882;3879;3882;0;0;0;33
$1;1;8670000;2;0;1499;48101;35175;35775;396;0;3882;3878;3879;3885;3874;3880;3883;3879;3882;0;0;0;46
$1;1;8671000;2;0;1491;48103;35173;35779;397;0;3882;3878;3878;3885;3874;3880;3883;3879;3882;0;0;0;47
$1;1;8672000;2;0;1497;48100;35175;35783;397;0;3882;3879;3879;3885;3874;3880;3883;3879;3882;0;0;0;42
$1;1;8673000;2;0;1501;48099;35176;35787;397;0;3882;3879;3879;3886;3874;3880;3883;3879;3882;0;0;0;32
$1;1;8674000;2;0;1500;48098;35176;35792;397;0;3882;3879;3879;3886;3874;3880;3883;3879;3882;0;0;0;35
$1;1;8675000;2;0;1489;48104;35173;35795;397;0;3882;3879;3879;3885;3874;3880;3882;3879;3882;0;0;0;38
$1;1;8676000;2;0;1500;48099;35176;35800;397;0;3882;3879;3879;3886;3874;3880;3883;3879;3882;0;0;0;36
$1;1;8677000;2;0;1501;48098;35177;35804;396;0;3882;3879;3879;3885;3875;3880;3883;3879;3882;0;0;0;35
$1;1;8678000;2;0;1498;48101;35177;35808;396;0;3882;3879;3879;3885;3875;3881;3883;3879;3882;0;0;0;33
$1;1;8679000;2;0;1487;48106;35175;35813;396;0;3882;3879;3879;3885;3875;3880;3883;3879;3882;0;0;0;32
$1;1;8680000;2;0;1500;48100;35178;35817;396;0;3883;3879;3879;3886;3875;3881;3883;3879;3882;0;0;0;36
$1;1;8681000;2;0;1490;48106;35176;35820;396;0;3882;3879;3879;3886;3875;3880;3883;3879;3882;0;0;0;33
$1;1;8682000;2;0;1485;48109;35176;35824;395;0;3882;3879;3879;3885;3875;3881;3883;3879;3882;0;0;0;44
$1;1;8683000;2;0;1449;48131;35164;35829;395;0;3882;3879;3879;3885;3874;3880;3883;3879;3882;0;0;0;40
$1;1;8684000;2;0;1495;48103;35179;35833;395;0;3883;3879;3879;3886;3875;3881;3883;3879;3883;0;0;0;43
$1;1;8685000;2;0;1500;48103;35181;35837;395;0;3883;3879;3879;3886;3875;3881;3883;3880;3882;0;0;0;35
$1;1;8686000;2;0;1499;48102;35181;35841;395;0;3883;3879;3879;3886;3875;3881;3883;3880;3883;0;0;0;32
$1;1;8687000;2;0;1464;48122;35171;35845;394;0;3883;3879;3879;3885;3875;3881;3883;3879;3882;0;0;0;47
$1;1;8688000;2;0;1497;48102;35181;35850;395;0;3883;3879;3879;3886;3875;3881;3884;3880;3883;0;0;0;39
$1;1;8689000;2;0;1499;48099;35182;35854;396;0;3883;3879;3879;3887;3875;3881;3884;3880;3883;0;0;0;46
$1;1;8690000;2;0;1449;48128;35167;35858;396;0;3882;3879;3879;3886;3875;3880;3883;3879;3882;0;0;0;38
$1;1;8691000;2;0;1496;48101;35182;35862;396;0;3883;3879;3880;3886;3875;3881;3883;3880;3883;0;0;0;45
$1;1;8692000;2;0;1439;48133;35164;35866;396;0;3882;3879;3879;3885;3875;3881;3883;3879;3882;0;0;0;37
$1;1;8693000;2;0;1480;48111;35176;35870;396;0;3883;3879;3879;3886;3875;3881;3883;3879;3882;0;0;0;32
$1;1;8694000;2;0;1497;48102;35183;35875;397;0;3883;3880;3880;3886;3875;3881;3884;3880;3883;0;0;0;45
$1;1;8695000;2;0;1500;48100;35185;35879;397;0;3883;3879;3880;3887;3875;3882;3884;3880;3883;0;0;0;47
$1;1;8696000;2;0;1493;48104;35182;35883;397;0;3883;3880;3880;3886;3875;3881;3884;3880;3883;0;0;0;37
$1;1;8697000;2;0;1461;48122;35173;35887;397;0;3883;3879;3879;3886;3875;3881;3883;3879;3882;0;0;0;39
$1;1;8698000;2;0;1434;48138;35165;35890;397;0;3882;3879;3879;3886;3875;3881;3883;3879;3882;0;0;0;35
$1;1;8699000;2;0;1494;48106;35184;35894;397;0;3883;3880;3880;3886;3875;3881;3884;3880;3883;0;0;0;47
$1;1;8700000;2;0;1409;48154;35159;35899;397;0;3882;3879;3879;3886;3875;3881;3883;3879;3882;0;0;0;33
$1;1;8701000;2;0;1454;48128;35173;35903;398;0;3883;3879;3879;3886;3875;3881;3884;3880;3883;0;0;0;39
$1;1;8702000;2;0;1496;48104;35187;35907;398;0;3884;3880;3880;3887;3875;3882;3884;3880;3883;0;0;0;46
$1;1;8703000;2;0;1501;48101;35188;35911;398;0;3884;3880;3880;3887;3876;3882;3884;3880;3883;0;0;0;46
$1;1;8704000;2;0;1486;48109;35185;35915;398;0;3884;3880;3880;3887;3876;3881;3884;3880;3883;0;0;0;37
$1;1;8705000;2;0;1498;48104;35188;35919;399;0;3884;3880;3880;3887;3876;3882;3885;3880;3884;0;0;0;35
$1;1;8706000;2;0;1500;48100;35189;35923;399;0;3884;3880;3880;3887;3876;3882;3885;3881;3883;0;0;0;42
$1;1;8707000;2;0;1476;48112;35183;35928;400;0;3884;3880;3880;3887;3876;3882;3884;3880;3883;0;0;0;46
$1;1;8708000;2;0;1498;48099;35189;35932;400;0;3884;3880;3880;3887;3876;3882;3885;3881;3883;0;0;0;34
$1;1;8709000;2;0;1501;48097;35191;35936;401;0;3884;3880;3881;3887;3876;3882;3885;3881;3883;0;0;0;33
$1;1;8710000;2;0;1490;48103;35188;35940;402;0;3884;3880;3880;3887;3876;3882;3885;3881;3883;0;0;0;39
$1;1;8711000;2;0;1440;48133;35174;35944;402;0;3883;3880;3880;3887;3875;3881;3884;3880;3883;0;0;0;40
$1;1;8712000;2;0;1478;48110;35186;35948;403;0;3884;3880;3880;3887;3876;3882;3885;3880;3883;0;0;0;39
$1;1;8713000;2;0;1449;48127;35176;35952;403;0;3883;3880;3880;3887;3876;3882;3884;3880;3883;0;0;0;34
$1;1;8714000;2;0;1430;48138;35171;35956;404;0;3883;3880;3880;3887;3876;3881;3884;3880;3883;0;0;0;34
$1;1;8715000;2;0;1462;48120;35181;35960;404;0;3884;3880;3880;3887;3876;3882;3885;3880;3883;0;0;0;34
$1;1;8716000;2;0;1440;48134;35175;35964;404;0;3883;3880;3880;3887;3876;3881;3884;3880;3883;0;0;0;46
$1;1;8717000;2;0;1494;48104;35192;35969;405;0;3884;3881;3881;3888;3876;3882;3885;3881;3884;0;0;0;44
$1;1;8718000;2;0;1451;48126;35179;35973;405;0;3884;3880;3881;3887;3876;3882;3885;3880;3883;0;0;0;44
$1;1;8719000;2;0;1493;48104;35193;35977;405;0;3884;3881;3881;3888;3876;3882;3885;3881;3884;0;0;0;43
$1;128;8719000;298;111;14;12;11;13;10;12;14;12;13;0;0;0;18
$1;1;8720000;2;0;1498;48101;35195;35981;405;0;3885;3881;3881;3888;3876;3882;3885;3881;3884;0;0;0;33
$1;1;8721000;2;0;1498;48101;35195;35985;405;0;3885;3881;3881;3888;3876;3883;3885;3881;3884;0;0;0;37
$1;1;8722000;2;0;1462;48122;35185;35990;405;0;3884;3881;3881;3888;3876;3882;3885;3881;3883;0;0;0;32
$1;1;8723000;2;0;1483;48108;35191;35994;406;0;3884;3881;3881;3888;3876;3882;3885;3881;3884;0;0;0;35
$1;1;8724000;2;0;1485;48107;35192;35998;407;0;3884;3881;3881;3888;3876;3883;3885;3881;3884;0;0;0;34
$1;1;8725000;2;0;1428;48138;35176;36002;407;0;3884;3880;3880;3887;3876;3882;3885;3881;3883;0;0;0;34
$1;1;8726000;2;0;1476;48111;35191;36006;407;0;3884;3881;3881;3888;3876;3883;3885;3881;3884;0;0;0;37
$1;1;8727000;2;0;1497;48099;35198;36010;408;0;3885;3881;3881;3888;3877;3883;3885;3881;3884;0;0;0;43
$1;1;8728000;2;0;1500;48099;35199;36014;408;0;3885;3881;3881;3889;3877;3883;3886;3881;3884;0;0;0;44
$1;1;8729000;2;0;1483;48108;35194;36018;408;0;3885;3881;3881;3888;3877;3883;3885;3881;3884;0;0;0;45
$1;1;8730000;2;0;1475;48113;35192;36023;408;0;3885;3881;3881;3888;3877;3883;3885;3881;3884;0;0;0;40
$1;1;8731000;2;0;1452;48125;35186;36027;408;0;3884;3881;3881;3888;3877;3883;3885;3881;3884;0;0;0;41
$1;1;8732000;2;0;1460;48122;35189;36031;408;0;3885;3881;3881;3888;3877;3883;3885;3881;3884;0;0;0;37
$1;1;8733000;2;0;1496;48100;35200;36035;408;0;3885;3881;3882;3889;3877;3883;3886;3882;3885;0;0;0;40
$1;1;8734000;2;0;1499;48099;35201;36039;408;0;3885;3881;3882;3889;3877;3883;3886;3882;3885;0;0;0;44
$1;1;8735000;2;0;1500;48099;35202;36043;408;0;3885;3882;3882;3889;3877;3883;3886;3882;3884;0;0;0;32
$1;1;8736000;2;0;1502;48097;35203;36047;408;0;3886;3882;3882;3889;3877;3883;3886;3882;3885;0;0;0;40
$1;1;8737000;2;0;1500;48099;35203;36052;408;0;3886;3882;3881;3889;3877;3883;3886;3882;3885;0;0;0;34
$1;1;8738000;2;0;1498;48100;35202;36056;408;0;3886;3882;3882;3889;3878;3883;3886;3882;3885;0;0;0;37
$1;1;8739000;2;0;1491;48104;35201;36060;408;0;3885;3882;3882;3889;3877;3883;3886;3882;3885;0;0;0;35
$1;1;8740000;2;0;1449;48125;35188;36064;409;0;3885;3881;3881;3888;3877;3883;3886;3881;3885;0;0;0;46
$1;1;8741000;2;0;1493;48100;35202;36068;409;0;3885;3882;3882;3889;3877;3883;3886;3882;3885;0;0;0;32
$1;1;8742000;2;0;1463;48116;35194;36073;409;0;3885;3882;3882;3889;3877;3883;3886;3882;3885;0;0;0;45
$1;1;8743000;2;0;1491;48102;35203;36077;409;0;3886;3882;3882;3889;3877;3884;3886;3882;3885;0;0;0;41
$1;1;8744000;2;0;1449;48125;35191;36081;409;0;3885;3882;3882;3888;3877;3883;3886;3882;3885;0;0;0;42
$1;1;8745000;2;0;1463;48117;35194;36085;409;0;3885;3881;3882;3888;3878;3883;3886;3882;3885;0;0;0;47
$1;1;8746000;2;0;1495;48099;35204;36089;409;0;3886;3882;3882;3889;3878;3884;3886;3882;3885;0;0;0;34
$1;1;8747000;2;0;1498;48098;35207;36093;409;0;3886;3882;3882;3889;3878;3884;3886;3882;3885;0;0;0;39
$1;1;8748000;2;0;1501;48095;35207;36097;409;0;3886;3882;3882;3889;3878;3884;3887;3883;3885;0;0;0;32
$1;1;8749000;2;0;1467;48114;35199;36102;408;0;3886;3882;3882;3889;3878;3883;3886;3882;3885;0;0;0;39
$1;1;8750000;2;0;1486;48106;35205;36106;408;0;3886;3882;3882;3889;3878;3884;3886;3882;3886;0;0;0;37
$1;1;8751000;2;0;1499;48097;35209;36110;408;0;3886;3882;3882;3889;3878;3884;3887;3883;3885;0;0;0;43
$1;1;8752000;2;0;1428;48138;35188;36114;408;0;3885;3882;3882;3888;3877;3883;3886;3882;3884;0;0;0;35
$1;1;8753000;2;0;1493;48102;35208;36118;408;0;3886;3882;3882;3889;3878;3884;3887;3883;3886;0;0;0;36
$1;1;8754000;2;0;1499;48098;35211;36123;407;0;3886;3883;3883;3889;3878;3884;3887;3883;3886;0;0;0;36
$1;1;8755000;2;0;1448;48127;35196;36127;407;0;3886;3882;3882;3889;3878;3884;3886;3882;3885;0;0;0;39
$1;1;8756000;2;0;1443;48127;35195;36131;408;0;3886;3882;3882;3889;3878;3884;3886;3882;3885;0;0;0;36
$1;1;8757000;2;0;1493;48099;35210;36135;408;0;3886;3883;3882;3890;3878;3884;3887;3883;3886;0;0;0;44
$1;1;8758000;2;0;1491;48099;35209;36139;408;0;3886;3883;3883;3890;3878;3884;3887;3883;3886;0;0;0;36
$1;1;8759000;2;0;1490;48101;35210;36143;408;0;3886;3883;3883;3889;3878;3884;3887;3883;3886;0;0;0;41
$1;1;8760000;2;0;1483;48104;35208;36147;408;0;3886;3883;3883;3889;3878;3884;3887;3883;3886;0;0;0;41
$1;1;8761000;2;0;1454;48119;35199;36151;408;0;3886;3882;3882;3889;3878;3884;3887;3882;3885;0;0;0;32
$1;1;8762000;2;0;1471;48109;35204;36156;408;0;3886;3883;3883;3889;3878;3884;3887;3883;3886;0;0;0;39
$1;1;8763000;2;0;1398;48154;35183;36160;407;0;3885;3882;3882;3888;3878;3883;3886;3882;3885;0;0;0;46
$1;1;8764000;2;0;1490;48102;35212;36164;407;0;3886;3883;3883;3890;3879;3884;3887;3883;3886;0;0;0;37
$1;1;8765000;2;0;1498;48097;35215;36168;407;0;3887;3883;3883;3890;3879;3885;3887;3883;3886;0;0;0;42
$1;1;8766000;2;0;1498;48096;35215;36172;407;0;3887;3883;3883;3890;3879;3884;3887;3883;3886;0;0;0;34
$1;1;8767000;2;0;1449;48124;35200;36176;407;0;3886;3882;3883;3890;3878;3884;3886;3883;3886;0;0;0;39
$1;1;8768000;2;0;1480;48106;35210;36181;407;0;3886;3883;3883;3889;3879;3884;3887;3883;3886;0;0;0;45
$1;1;8769000;2;0;1453;48122;35201;36185;406;0;3886;3883;3883;3889;3879;3884;3887;3883;3886;0;0;0;33
$1;1;8770000;2;0;1494;48099;35215;36189;406;0;3887;3883;3883;3891;3879;3885;3887;3883;3886;0;0;0;35
$1;1;8771000;2;0;1467;48112;35207;36193;406;0;3887;3883;3883;3890;3879;3884;3887;3883;3886;0;0;0;36
$1;1;8772000;2;0;1448;48122;35202;36197;407;0;3886;3883;3883;3889;3879;3884;3887;3883;3886;0;0;0;32
$1;1;8773000;2;0;1493;48099;35216;36201;407;0;3887;3883;3883;3890;3879;3885;3888;3884;3887;0;0;0;46
$1;1;8774000;2;0;1455;48119;35205;36205;407;0;3886;3883;3883;3890;3879;3884;3887;3883;3886;0;0;0;37
$1;1;8775000;2;0;1489;48101;35215;36209;407;0;3887;3883;3883;3890;3879;3885;3887;3884;3886;0;0;0;38
$1;1;8776000;2;0;1489;48101;35216;36213;407;0;3887;3883;3883;3890;3879;3885;3887;3884;3887;0;0;0;44
$1;1;8777000;2;0;1465;48114;35210;36217;406;0;3887;3883;3883;3890;3879;3885;3887;3883;3886;0;0;0;46
$1;1;8778000;2;0;1497;48096;35220;36221;406;0;3887;3884;3883;3891;3879;3885;3888;3884;3887;0;0;0;46
$1;1;8779000;2;0;1500;48095;35222;36225;406;0;3887;3884;3884;3890;3879;3885;3888;3884;3887;0;0;0;35
$1;128;8779000;297;111;14;12;11;13;10;12;14;12;13;0;0;0;27
$1;1;8780000;2;0;1499;48094;35222;36229;406;0;3887;3884;3884;3890;3879;3885;3888;3884;3887;0;0;0;41
$1;1;8781000;2;0;1500;48094;35223;36233;406;0;3887;3884;3884;3890;3880;3885;3888;3884;3887;0;0;0;37
$1;1;8782000;2;0;1500;48093;35224;36238;405;0;3887;3884;3884;3890;3880;3885;3888;3884;3887;0;0;0;46
$1;1;8783000;2;0;1501;48093;35224;36242;405;0;3887;3884;3884;3891;3879;3886;3888;3884;3887;0;0;0;39
$1;1;8784000;2;0;1461;48117;35212;36246;405;0;3887;3884;3884;3890;3879;3885;3888;3884;3887;0;0;0;41
$1;1;8785000;2;0;1495;48097;35223;36250;405;0;3888;3884;3884;3890;3880;3886;3888;3884;3887;0;0;0;37
$1;1;8786000;2;0;1500;48095;35224;36254;405;0;3888;3884;3884;3890;3880;3886;3888;3884;3887;0;0;0;42
$1;1;8787000;2;0;1501;48093;35226;36258;404;0;3888;3884;3884;3891;3880;3886;3888;3884;3888;0;0;0;45
$1;1;8788000;2;0;1499;48092;35225;36262;405;0;3888;3884;3884;3891;3880;3886;3888;3884;3888;0;0;0;40
$1;1;8789000;2;0;1498;48092;35226;36267;405;0;3888;3884;3884;3891;3880;3886;3889;3885;3888;0;0;0;46
$1;1;8790000;2;0;1499;48091;35226;36271;405;0;3888;3884;3884;3891;3880;3886;3888;3885;3888;0;0;0;34
$1;1;8791000;2;0;1501;48090;35228;36275;405;0;3888;3884;3884;3891;3880;3886;3889;3885;3888;0;0;0;41
$1;1;8792000;2;0;1502;48090;35228;36279;405;0;3888;3884;3885;3891;3880;3886;3889;3885;3888;0;0;0;36
$1;1;8793000;2;0;1501;48089;35229;36283;404;0;3888;3884;3884;3891;3880;3886;3889;3885;3888;0;0;0;42
$1;1;8794000;2;0;1501;48091;35230;36287;404;0;3888;3884;3884;3891;3880;3886;3889;3885;3888;0;0;0;40
$1;1;8795000;2;0;1499;48092;35230;36292;404;0;3888;3884;3885;3891;3880;3886;3889;3885;3888;0;0;0;47
$1;1;8796000;2;0;1501;48090;35230;36296;404;0;3888;3885;3885;3891;3880;3886;3889;3885;3888;0;0;0;43
$1;1;8797000;2;0;1501;48091;35231;36300;404;0;3888;3884;3885;3891;3880;3886;3889;3885;3888;0;0;0;37
$1;1;8798000;2;0;1500;48091;35231;36304;404;0;3888;3885;3885;3891;3881;3886;3889;3885;3888;0;0;0;47
$1;1;8799000;2;0;1500;48091;35232;36308;404;0;3888;3885;3885;3891;3881;3886;3889;3885;3888;0;0;0;33
$1;1;8800000;2;0;1498;48092;35231;36313;403;0;3888;3885;3885;3891;3881;3886;3889;3885;3888;0;0;0;35
$1;1;8801000;2;0;1500;48091;35232;36317;403;0;3888;3885;3885;3891;3881;3886;3889;3885;3888;0;0;0;38
$1;1;8802000;2;0;1498;48093;35233;36321;403;0;3888;3885;3885;3891;3881;3887;3889;3885;3888;0;0;0;34
$1;1;8803000;2;0;1501;48091;35234;36325;402;0;3889;3885;3885;3891;3881;3887;3889;3885;3889;0;0;0;34
$1;1;8804000;2;0;1501;48088;35234;36329;403;0;3889;3885;3885;3891;3881;3887;3889;3885;3888;0;0;0;33
$1;1;8805000;2;0;1501;48087;35235;36333;403;0;3889;3885;3885;3892;3881;3887;3889;3885;3889;0;0;0;39
$1;1;8806000;2;0;1502;48087;35236;36338;403;0;3889;3885;3885;3892;3881;3887;3889;3885;3888;0;0;0;46
$1;1;8807000;2;0;1500;48089;35235;36342;403;0;3889;3885;3885;3891;3881;3887;3889;3885;3888;0;0;0;46
$1;1;8808000;2;0;1501;48088;35236;36346;403;0;3889;3885;3885;3892;3881;3887;3890;3886;3889;0;0;0;47
$1;1;8809000;2;0;1499;48089;35236;36350;403;0;3889;3885;3885;3892;3881;3887;3890;3886;3889;0;0;0;40
$1;1;8810000;2;0;1500;48088;35236;36354;403;0;3889;3885;3885;3892;3881;3887;3890;3886;3889;0;0;0;36
$1;1;8811000;2;0;1501;48086;35236;36358;403;0;3889;3885;3885;3892;3881;3887;3890;3886;3889;0;0;0;38
$1;1;8812000;2;0;1501;48087;35237;36363;403;0;3889;3885;3886;3892;3881;3887;3890;3886;3889;0;0;0;46
$1;1;8813000;2;0;1500;48087;35237;36367;402;0;3889;3885;3885;3892;3881;3887;3890;3886;3889;0;0;0;40
$1;1;8814000;2;0;1499;48089;35238;36371;402;0;3889;3885;3886;3892;3881;3887;3890;3886;3889;0;0;0;43
$1;1;8815000;2;0;1501;48088;35239;36375;402;0;3889;3885;3886;3892;3881;3887;3890;3886;3889;0;0;0;46
$1;1;8816000;2;0;1499;48090;35238;36379;402;0;3889;3886;3886;3892;3882;3887;3890;3886;3889;0;0;0;41
$1;1;8817000;2;0;1500;48089;35239;36383;402;0;3889;3886;3886;3892;3881;3887;3890;3886;3889;0;0;0;38
$1;1;8818000;2;0;1498;48089;35239;36388;401;0;3889;3886;3886;3892;3881;3887;3890;3886;3889;0;0;0;33
$1;1;8819000;2;0;1499;48090;35240;36392;401;0;3889;3886;3886;3892;3881;3887;3890;3886;3889;0;0;0;44
$1;1;8820000;2;0;1500;48089;35241;36396;401;0;3889;3886;3886;3892;3882;3887;3890;3886;3889;0;0;0;41
$1;1;8821000;2;0;1498;48088;35240;36400;402;0;3889;3886;3886;3892;3882;3887;3890;3886;3889;0;0;0;35
$1;1;8822000;2;0;1499;48086;35241;36404;402;0;3889;3886;3886;3892;3882;3887;3890;3886;3889;0;0;0;42
$1;1;8823000;2;0;1499;48086;35241;36408;402;0;3889;3886;3886;3892;3882;3888;3890;3886;3889;0;0;0;40
$1;1;8824000;2;0;1498;48088;35241;36413;402;0;3889;3886;3886;3892;3882;3887;3890;3886;3889;0;0;0;37
$1;1;8825000;2;0;1500;48085;35242;36417;402;0;3889;3886;3886;3892;3882;3887;3890;3886;3889;0;0;0;46
$1;1;8826000;2;0;1491;48091;35240;36421;402;0;3889;3886;3886;3892;3882;3887;3890;3886;3889;0;0;0;38
$1;1;8827000;2;0;1499;48087;35243;36425;402;0;3890;3886;3886;3892;3882;3888;3890;3886;3890;0;0;0;32
$1;1;8828000;2;0;1500;48085;35244;36429;401;0;3890;3886;3886;3892;3882;3888;3891;3886;3890;0;0;0;37
$1;1;8829000;2;0;1498;48087;35244;36433;401;0;3890;3886;3886;3892;3882;3888;3891;3886;3890;0;0;0;45
$1;1;8830000;2;0;1488;48093;35241;36437;401;0;3890;3886;3886;3892;3882;3888;3890;3886;3889;0;0;0;41
$1;1;8831000;2;0;1499;48087;35245;36441;401;0;3890;3886;3886;3893;3882;3888;3890;3887;3890;0;0;0;32
$1;1;8832000;2;0;1468;48106;35236;36445;401;0;3890;3886;3886;3892;3882;3888;3890;3886;3889;0;0;0;45
$1;1;8833000;2;0;1486;48095;35242;36449;401;0;3890;3886;3886;3893;3882;3888;3891;3887;3890;0;0;0;33
$1;1;8834000;2;0;1458;48113;35234;36454;401;0;3889;3886;3886;3892;3882;3887;3890;3886;3889;0;0;0;41
$1;1;8835000;2;0;1468;48106;35237;36458;401;0;3889;3886;3886;3892;3882;3888;3890;3886;3889;0;0;0;47
$1;1;8836000;2;0;1499;48090;35247;36462;400;0;3890;3886;3887;3893;3882;3888;3891;3887;3890;0;0;0;35
$1;1;8837000;2;0;1500;48088;35248;36466;400;0;3890;3886;3887;3893;3882;3888;3891;3887;3890;0;0;0;33
$1;1;8838000;2;0;1500;48086;35248;36470;400;0;3890;3886;3887;3893;3882;3888;3891;3887;3890;0;0;0;39
$1;1;8839000;2;0;1487;48092;35244;36473;401;0;3890;3886;3886;3893;3882;3888;3891;3887;3890;0;0;0;34
$1;128;8839000;298;112;14;12;11;13;10;12;14;13;13;0;0;0;29
$1;1;8840000;2;0;1500;48085;35248;36478;401;0;3890;3886;3887;3893;3882;3888;3891;3887;3890;0;0;0;34
$1;1;8841000;2;0;1500;48085;35249;36482;401;0;3890;3887;3887;3892;3883;3888;3891;3887;3890;0;0;0;38
$1;1;8842000;2;0;1501;48084;35249;36486;401;0;3890;3887;3887;3892;3883;3888;3891;3887;3890;0;0;0;33
$1;1;8843000;2;0;1499;48085;35249;36490;401;0;3890;3887;3887;3892;3883;3888;3891;3887;3890;0;0;0;38
$1;1;8844000;2;0;1498;48086;35249;36494;401;0;3890;3887;3887;3892;3883;3888;3891;3887;3890;0;0;0;39
$1;1;8845000;2;0;1500;48085;35250;36498;401;0;3891;3887;3887;3892;3882;3888;3891;3887;3890;0;0;0;33
$1;1;8846000;2;0;1500;48084;35250;36503;401;0;3891;3887;3887;3892;3883;3888;3891;3887;3890;0;0;0;33
$1;1;8847000;2;0;1488;48091;35248;36507;401;0;3890;3887;3887;3892;3882;3888;3891;3887;3890;0;0;0;40
$1;1;8848000;2;0;1497;48087;35250;36511;401;0;3891;3887;3887;3892;3883;3888;3891;3887;3890;0;0;0;32
$1;1;8849000;2;0;1501;48084;35252;36515;401;0;3891;3887;3887;3892;3883;3889;3891;3887;3890;0;0;0;43
$1;1;8850000;2;0;1500;48085;35253;36519;401;0;3891;3887;3887;3893;3883;3889;3892;3887;3890;0;0;0;44
$1;1;8851000;2;0;1498;48086;35252;36524;401;0;3891;3887;3887;3893;3883;3889;3892;3887;3890;0;0;0;33
$1;1;8852000;2;0;1501;48085;35254;36528;401;0;3891;3887;3887;3893;3883;3889;3892;3887;3891;0;0;0;43
$1;1;8853000;2;0;1500;48085;35255;36532;401;0;3891;3888;3888;3893;3883;3889;3892;3888;3891;0;0;0;46
$1;1;8854000;2;0;1498;48087;35254;36536;401;0;3891;3888;3888;3893;3883;3889;3892;3888;3891;0;0;0;46
$1;1;8855000;2;0;1458;48109;35241;36540;402;0;3891;3887;3887;3892;3883;3889;3891;3887;3890;0;0;0;46
$1;1;8856000;2;0;1496;48085;35253;36544;403;0;3891;3888;3888;3893;3883;3889;3892;3888;3890;0;0;0;33
$1;1;8857000;2;0;1500;48083;35255;36549;404;0;3891;3888;3888;3893;3883;3889;3892;3888;3890;0;0;0;36
$1;1;8858000;2;0;1498;48083;35254;36553;404;0;3891;3888;3888;3893;3883;3889;3892;3888;3890;0;0;0;33
$1;1;8859000;2;0;1499;48084;35256;36557;404;0;3891;3888;3888;3893;3883;3889;3892;3888;3891;0;0;0;33
$1;1;8860000;2;0;1496;48087;35249;36561;405;0;3891;3888;3888;3892;3883;3889;3892;3888;3891;0;0;0;44
$1;1;8861000;2;0;1490;48091;35255;36565;405;0;3891;3888;3888;3893;3887;3889;3892;3888;3891;0;0;0;32
$1;1;8862000;2;0;1493;48088;35249;36569;405;0;3891;3888;3888;3893;3883;3889;3892;3888;3891;0;0;0;45
$1;1;8863000;2;0;1501;48084;35260;36573;406;0;3892;3888;3888;0;6582;3889;3893;3888;3891;0;0;0;19
$1;1;8864000;2;0;304;48838;34885;36575;403;0;3877;3874;3874;3863;3874;3875;3876;3873;3874;0;0;0;25
$1;1;8865000;2;0;1000;48217;35152;36575;405;0;3884;3879;3879;3887;3879;3881;3882;3879;3881;0;0;0;38
$1;1;8866000;2;0;1450;48114;35239;36579;406;0;3889;3886;3886;3892;3881;3887;3890;3886;3889;0;0;0;38
$1;1;8867000;2;0;1493;48102;35249;36583;407;0;3891;3887;3887;3893;3882;3889;3892;3887;3890;0;0;0;34
$1;1;8868000;2;0;1362;48176;35229;36588;407;0;3887;3886;3886;3889;3879;3887;3890;3886;3889;0;0;0;39
$1;1;8869000;2;0;316;48825;34862;36588;404;0;3874;3873;3874;3871;3867;3874;3875;3873;3874;0;0;0;16
$1;1;8870000;2;0;1255;48163;35498;36589;407;0;3933;3882;3883;0;6582;3884;3886;3882;3884;0;0;0;22
$1;130;8870000;36592;36592;36592;36578;36592;36592;36592;36592;36592;0;0;0;14;26
