@Model:X12; Fireware:V2.1.3; Hardware:V1.0.0; SN:2411089990

$1;1;0;2;0;0;49270;34666;0;353;0;3851;3853;3853;3854;3851;3853;3850;3852;3848;0;0;0;19
$1;1;1000;2;0;0;49268;34664;0;353;0;3851;3853;3853;3854;3852;3854;3851;3852;3849;0;0;0;45
$1;1;2000;2;0;256;48906;34740;0;353;0;3855;3855;3855;3857;3853;3856;3854;3854;3852;0;0;0;39
$1;1;3000;2;0;1359;48468;35108;4;355;0;3871;3869;3870;3874;3866;3871;3871;3870;3870;0;0;0;24
$1;1;4000;2;0;1485;48427;35126;8;356;0;3875;3872;3873;3878;3869;3875;3875;3873;3874;0;0;0;24
$1;128;4000;302;116;14;12;12;14;11;12;14;13;14;0;0;0;39
$1;1;5000;2;0;1451;48436;35118;12;356;0;3876;3873;3874;3879;3870;3875;3875;3874;3875;0;0;0;44
$1;1;6000;2;0;1492;48404;35136;17;356;0;3877;3874;3875;3880;3871;3876;3877;3875;3876;0;0;0;43
$1;1;7000;2;0;1499;48392;35143;21;356;0;3878;3875;3875;3881;3871;3877;3878;3876;3877;0;0;0;45
$1;1;8000;2;0;1496;48386;35146;25;356;0;3878;3875;3876;3881;3871;3877;3878;3876;3877;0;0;0;42
$1;1;9000;2;0;1501;48375;35151;29;357;0;3879;3875;3876;3881;3872;3878;3878;3876;3878;0;0;0;33
$1;1;10000;2;0;1498;48371;35153;33;357;0;3879;3876;3877;3882;3873;3878;3879;3877;3878;0;0;0;21
$1;1;11000;2;0;1498;48365;35157;37;357;0;3880;3876;3877;3882;3873;3879;3879;3877;3878;0;0;0;22
$1;1;12000;2;0;1498;48358;35160;41;357;0;3880;3877;3877;3882;3873;3879;3880;3878;3879;0;0;0;23
$1;1;13000;2;0;1489;48359;35160;46;357;0;3880;3877;3878;3883;3873;3879;3880;3878;3879;0;0;0;30
$1;1;14000;2;0;1455;48373;35151;49;357;0;3880;3877;3877;3883;3873;3879;3880;3877;3879;0;0;0;29
$1;1;15000;2;0;1462;48361;35156;54;358;0;3880;3877;3878;3883;3873;3879;3880;3878;3880;0;0;0;25
$1;1;16000;2;0;1493;48339;35168;58;359;0;3881;3878;3878;3884;3874;3880;3881;3879;3880;0;0;0;17
$1;1;17000;2;0;1488;48336;35167;62;359;0;3881;3878;3879;3884;3874;3880;3881;3879;3880;0;0;0;18
$1;1;18000;2;0;1481;48337;35170;66;360;0;3881;3878;3878;3884;3874;3880;3881;3879;3880;0;0;0;28
$1;1;19000;2;0;1432;48360;35157;70;360;0;3881;3878;3878;3884;3874;3880;3881;3879;3880;0;0;0;21
$1;1;20000;2;0;1471;48335;35171;74;361;0;3882;3878;3879;3885;3875;3881;3881;3879;3881;0;0;0;27
$1;1;21000;2;0;1495;48317;35181;79;361;0;3882;3879;3880;3885;3875;3881;3882;3880;3882;0;0;0;19
$1;1;22000;2;0;1498;48314;35185;83;362;0;3883;3879;3880;3885;3876;3881;3883;3880;3882;0;0;0;31
$1;1;23000;2;0;1498;48310;35187;87;362;0;3883;3880;3880;3886;3876;3881;3883;3880;3882;0;0;0;25
$1;1;24000;2;0;1501;48304;35190;91;362;0;3883;3880;3880;3886;3876;3882;3883;3881;3882;0;0;0;25
$1;1;25000;2;0;1499;48300;35192;95;363;0;3883;3880;3881;3886;3876;3882;3883;3881;3883;0;0;0;27
$1;1;26000;2;0;1498;48299;35193;99;363;0;3884;3880;3881;3886;3876;3882;3883;3881;3883;0;0;0;18
$1;1;27000;2;0;1500;48294;35196;103;363;0;3884;3881;3881;3886;3877;3882;3884;3881;3883;0;0;0;46
$1;1;28000;2;0;1498;48292;35198;108;364;0;3884;3881;3881;3887;3877;3883;3884;3882;3883;0;0;0;38
$1;1;29000;2;0;1454;48313;35186;112;364;0;3884;3880;3881;3887;3877;3882;3884;3881;3883;0;0;0;40
$1;1;30000;2;0;1493;48289;35200;116;364;0;3884;3881;3882;3887;3877;3883;3884;3882;3884;0;0;0;39
$1;1;31000;2;0;1499;48283;35202;120;365;0;3885;3881;3882;3888;3877;3883;3885;3882;3884;0;0;0;47
$1;1;32000;2;0;1501;48277;35203;124;365;0;3885;3881;3882;3888;3878;3883;3885;3882;3884;0;0;0;45
$1;1;33000;2;0;1439;48314;35188;128;365;0;3884;3881;3881;3887;3877;3883;3884;3882;3883;0;0;0;42
$1;1;34000;2;0;1455;48300;35194;133;365;0;3885;3881;3882;3887;3878;3883;3885;3882;3884;0;0;0;46
$1;1;35000;2;0;1492;48277;35207;137;366;0;3885;3882;3882;3888;3878;3884;3885;3883;3884;0;0;0;33
$1;1;36000;2;0;1499;48270;35211;141;367;0;3886;3882;3882;3889;3878;3884;3886;3883;3885;0;0;0;41
$1;1;37000;2;0;1467;48285;35202;145;367;0;3885;3882;3882;3889;3878;3884;3885;3883;3884;0;0;0;36
$1;1;38000;2;0;1451;48291;35200;148;367;0;3885;3882;3883;3888;3878;3884;3885;3883;3884;0;0;0;36
$1;1;39000;2;0;1452;48287;35200;152;368;0;3885;3882;3882;3889;3878;3884;3885;3883;3884;0;0;0;37
$1;1;40000;2;0;1496;48261;35215;157;369;0;3886;3883;3883;3890;3879;3885;3886;3883;3885;0;0;0;34
$1;1;41000;2;0;1472;48273;35210;161;370;0;3886;3883;3883;3889;3879;3884;3886;3883;3885;0;0;0;43
$1;1;42000;2;0;1496;48257;35218;165;370;0;3886;3883;3883;3890;3879;3885;3887;3884;3886;0;0;0;36
$1;1;43000;2;0;1476;48266;35214;169;371;0;3886;3883;3883;3890;3879;3885;3886;3884;3885;0;0;0;42
$1;1;44000;2;0;1474;48266;35215;173;371;0;3886;3883;3884;3890;3879;3885;3887;3884;3886;0;0;0;32
$1;1;45000;2;0;1425;48291;35201;177;372;0;3886;3883;3883;3889;3879;3885;3886;3884;3885;0;0;0;34
$1;1;46000;2;0;1472;48263;35217;181;372;0;3887;3884;3884;3890;3880;3885;3887;3884;3886;0;0;0;45
$1;1;47000;2;0;1497;48247;35227;186;372;0;3887;3884;3884;3890;3880;3886;3888;3885;3887;0;0;0;41
$1;1;48000;2;0;1500;48244;35229;190;373;0;3887;3884;3884;3890;3880;3886;3888;3885;3887;0;0;0;34
$1;1;49000;2;0;1498;48243;35230;194;373;0;3888;3885;3885;3890;3880;3886;3888;3885;3887;0;0;0;39
$1;1;50000;2;0;1499;48239;35233;198;373;0;3888;3885;3885;3890;3880;3887;3888;3885;3887;0;0;0;45
$1;1;51000;2;0;1499;48238;35234;202;374;0;3888;3884;3885;3890;3881;3887;3888;3885;3887;0;0;0;45
$1;1;52000;2;0;1499;48237;35236;206;374;0;3888;3885;3885;3891;3881;3887;3888;3886;3887;0;0;0;36
$1;1;53000;2;0;1501;48233;35237;211;374;0;3888;3885;3885;3891;3881;3887;3889;3886;3888;0;0;0;40
$1;1;54000;2;0;1501;48232;35238;215;375;0;3888;3885;3886;3891;3881;3887;3889;3886;3888;0;0;0;39
$1;1;55000;2;0;1499;48230;35239;219;375;0;3889;3885;3885;3891;3881;3887;3889;3886;3888;0;0;0;43
$1;1;56000;2;0;1500;48229;35241;223;375;0;3889;3885;3886;3891;3881;3887;3889;3886;3888;0;0;0;36
$1;1;57000;2;0;1500;48227;35243;227;376;0;3889;3885;3886;3892;3882;3887;3889;3887;3888;0;0;0;47
$1;1;58000;2;0;1501;48226;35244;231;376;0;3889;3886;3886;3892;3882;3888;3890;3887;3889;0;0;0;37
$1;1;59000;2;0;1500;48223;35246;236;377;0;3889;3886;3886;3892;3882;3888;3890;3887;3889;0;0;0;36
$1;1;60000;2;0;1499;48222;35246;240;377;0;3889;3886;3886;3892;3882;3888;3890;3887;3889;0;0;0;47
$1;1;61000;2;0;1500;48220;35247;244;377;0;3889;3886;3887;3893;3882;3888;3890;3887;3889;0;0;0;40
$1;1;62000;2;0;1501;48218;35248;248;379;0;3889;3886;3887;3893;3882;3888;3890;3887;3889;0;0;0;44
$1;1;63000;2;0;1479;48227;35243;252;379;0;3889;3886;3886;3893;3882;3888;3890;3887;3889;0;0;0;46
$1;1;64000;2;0;1497;48218;35249;256;380;0;3890;3886;3887;3893;3882;3888;3890;3887;3889;0;0;0;36
$1;128;64000;301;115;14;12;12;14;10;12;14;13;14;0;0;0;16
$1;1;65000;2;0;1498;48216;35253;261;381;0;3890;3887;3887;3892;3882;3888;3891;3887;3889;0;0;0;43
$1;1;66000;2;0;1499;48212;35256;265;381;0;3890;3887;3887;3892;3883;3889;3891;3887;3889;0;0;0;44
$1;1;67000;2;0;1499;48212;35258;269;381;0;3890;3887;3887;3892;3883;3889;3891;3888;3889;0;0;0;32
$1;1;68000;2;0;1500;48210;35260;273;382;0;3891;3887;3887;3892;3883;3889;3891;3888;3889;0;0;0;46
$1;1;69000;2;0;1499;48209;35260;277;383;0;3891;3887;3887;3893;3883;3889;3891;3888;3889;0;0;0;34
$1;1;70000;2;0;1499;48206;35260;281;383;0;3891;3887;3887;3893;3883;3889;3891;3888;3889;0;0;0;44
$1;1;71000;2;0;1501;48203;35262;286;383;0;3891;3887;3888;3893;3883;3889;3892;3888;3890;0;0;0;41
$1;1;72000;2;0;1501;48201;35263;290;384;0;3891;3888;3888;3893;3883;3889;3892;3888;3890;0;0;0;38
$1;1;73000;2;0;1500;48200;35264;294;384;0;3891;3888;3888;3893;3883;3889;3892;3888;3890;0;0;0;36
$1;1;74000;2;0;1500;48197;35265;298;385;0;3891;3888;3888;3893;3883;3889;3892;3889;3890;0;0;0;35
$1;1;75000;2;0;1498;48198;35264;302;386;0;3891;3888;3888;3893;3883;3890;3892;3889;3890;0;0;0;37
$1;1;76000;2;0;1500;48196;35267;306;386;0;3891;3888;3888;3893;3884;3890;3892;3889;3890;0;0;0;40
$1;1;77000;2;0;1500;48196;35269;311;387;0;3892;3888;3888;3893;3884;3890;3892;3889;3890;0;0;0;35
$1;1;78000;2;0;1501;48194;35270;315;387;0;3892;3889;3889;3893;3884;3890;3893;3889;3890;0;0;0;34
$1;1;79000;2;0;1501;48193;35271;319;388;0;3892;3889;3889;3894;3884;3890;3893;3889;3891;0;0;0;32
$1;1;80000;2;0;1499;48193;35271;323;389;0;3892;3889;3889;3894;3884;3890;3893;3889;3891;0;0;0;46
$1;1;81000;2;0;1500;48191;35272;327;390;0;3892;3889;3889;3894;3884;3890;3893;3889;3891;0;0;0;35
$1;1;82000;2;0;1500;48188;35272;331;391;0;3892;3889;3889;3894;3884;3890;3893;3889;3891;0;0;0;46
$1;1;83000;2;0;1498;48187;35273;336;393;0;3892;3889;3889;3894;3884;3890;3893;3890;3891;0;0;0;44
$1;1;84000;2;0;1498;48186;35273;340;394;0;3892;3889;3889;3894;3884;3891;3894;3890;3891;0;0;0;42
$1;1;85000;2;0;1499;48184;35274;344;395;0;3892;3889;3889;3894;3884;3890;3894;3890;3892;0;0;0;40
$1;1;86000;2;0;1498;48184;35276;348;396;0;3893;3889;3889;3894;3884;3891;3894;3890;3892;0;0;0;39
$1;1;87000;2;0;1501;48180;35278;352;397;0;3893;3890;3890;3894;3885;3891;3894;3890;3892;0;0;0;38
$1;1;88000;2;0;1501;48180;35278;357;398;0;3893;3889;3890;3894;3885;3891;3894;3890;3892;0;0;0;43
$1;1;89000;2;0;1498;48181;35279;361;399;0;3893;3890;3890;3894;3885;3891;3894;3890;3892;0;0;0;39
$1;1;90000;2;0;1501;48178;35280;365;400;0;3893;3890;3890;3894;3885;3891;3894;3890;3892;0;0;0;45
$1;1;91000;2;0;1499;48178;35281;369;401;0;3893;3890;3890;3895;3885;3892;3894;3890;3892;0;0;0;34
$1;1;92000;2;0;1498;48178;35281;373;402;0;3893;3890;3890;3895;3885;3891;3894;3890;3892;0;0;0;43
$1;1;93000;2;0;1501;48175;35283;377;403;0;3893;3890;3890;3895;3885;3892;3895;3891;3893;0;0;0;35
$1;1;94000;2;0;1500;48175;35284;382;404;0;3893;3890;3890;3895;3885;3892;3895;3891;3893;0;0;0;47
$1;1;95000;2;0;1500;48172;35284;386;405;0;3894;3891;3890;3895;3885;3892;3895;3891;3893;0;0;0;42
$1;1;96000;2;0;1499;48175;35285;390;406;0;3894;3891;3891;3895;3885;3892;3895;3891;3893;0;0;0;43
$1;1;97000;2;0;1501;48172;35286;394;407;0;3894;3890;3891;3895;3885;3892;3895;3891;3893;0;0;0;42
$1;1;98000;2;0;1499;48173;35286;398;408;0;3894;3890;3891;3895;3886;3892;3895;3891;3894;0;0;0;35
$1;1;99000;2;0;1501;48172;35287;402;409;0;3894;3891;3891;3895;3886;3892;3896;3891;3893;0;0;0;34
$1;1;100000;2;0;1500;48168;35287;407;411;0;3894;3891;3891;3895;3886;3892;3895;3892;3893;0;0;0;21
$1;1;101000;2;0;1500;48167;35288;411;412;0;3894;3891;3891;3895;3886;3892;3895;3892;3894;0;0;0;23
$1;1;102000;2;0;1499;48166;35289;415;413;0;3894;3891;3891;3895;3886;3893;3895;3892;3894;0;0;0;17
$1;1;103000;2;0;1500;48165;35290;419;414;0;3894;3891;3891;3895;3886;3893;3896;3892;3894;0;0;0;18
$1;1;104000;2;0;1498;48166;35291;423;415;0;3894;3892;3891;3896;3886;3893;3895;3892;3894;0;0;0;28
$1;1;105000;2;0;1498;48164;35290;427;417;0;3894;3892;3892;3896;3886;3893;3896;3892;3894;0;0;0;24
$1;1;106000;2;0;1500;48163;35292;432;418;0;3895;3892;3892;3896;3886;3893;3896;3892;3894;0;0;0;20
$1;1;107000;2;0;1499;48163;35292;436;418;0;3895;3892;3892;3896;3887;3893;3896;3892;3894;0;0;0;17
$1;1;108000;2;0;1500;48162;35294;440;419;0;3895;3892;3892;3896;3887;3893;3896;3892;3894;0;0;0;24
$1;1;109000;2;0;1499;48162;35294;444;420;0;3895;3892;3892;3896;3887;3893;3896;3893;3895;0;0;0;22
$1;1;110000;2;0;1499;48162;35295;448;421;0;3895;3892;3892;3896;3887;3893;3896;3893;3894;0;0;0;19
$1;1;111000;2;0;1500;48161;35296;452;422;0;3895;3892;3892;3897;3887;3893;3896;3893;3895;0;0;0;27
$1;1;112000;2;0;1498;48162;35296;457;423;0;3895;3892;3892;3896;3887;3893;3897;3893;3895;0;0;0;31
$1;1;113000;2;0;1500;48160;35296;461;424;0;3895;3892;3892;3897;3887;3894;3897;3893;3895;0;0;0;24
$1;1;114000;2;0;1499;48160;35297;465;425;0;3895;3892;3892;3897;3887;3893;3897;3893;3895;0;0;0;29
$1;1;115000;2;0;1501;48155;35299;469;427;0;3895;3892;3893;3897;3887;3894;3897;3893;3895;0;0;0;28
$1;1;116000;2;0;1499;48156;35298;473;428;0;3896;3893;3893;3897;3887;3894;3897;3893;3895;0;0;0;27
$1;1;117000;2;0;1498;48156;35298;477;429;0;3896;3893;3893;3897;3887;3894;3897;3893;3895;0;0;0;30
$1;1;118000;2;0;1501;48154;35301;482;430;0;3896;3893;3893;3897;3887;3894;3897;3894;3895;0;0;0;22
$1;1;119000;2;0;1499;48155;35301;486;431;0;3896;3893;3893;3897;3888;3894;3897;3894;3896;0;0;0;31
$1;1;120000;2;0;1499;48154;35301;490;432;0;3896;3893;3893;3897;3887;3894;3897;3894;3895;0;0;0;28
$1;1;121000;2;0;1500;48153;35303;494;433;0;3896;3893;3893;3897;3888;3894;3898;3894;3896;0;0;0;31
$1;1;122000;2;0;1500;48152;35303;498;434;0;3896;3893;3893;3897;3888;3894;3898;3894;3895;0;0;0;21
$1;1;123000;2;0;1500;48152;35304;502;435;0;3896;3893;3893;3897;3888;3894;3898;3894;3896;0;0;0;19
$1;1;124000;2;0;1499;48154;35304;507;436;0;3896;3894;3893;3898;3888;3894;3898;3894;3896;0;0;0;29
$1;128;124000;305;114;14;12;11;14;10;12;14;13;14;0;0;0;35
$1;1;125000;2;0;1498;48153;35305;511;436;0;3896;3894;3893;3898;3888;3894;3898;3894;3896;0;0;0;28
$1;1;126000;2;0;1501;48152;35307;515;437;0;3896;3894;3894;3898;3888;3894;3898;3894;3896;0;0;0;31
$1;1;127000;2;0;1498;48152;35306;519;438;0;3896;3894;3894;3898;3888;3895;3898;3894;3896;0;0;0;28
$1;1;128000;2;0;1498;48148;35307;523;440;0;3896;3894;3894;3898;3888;3895;3898;3895;3896;0;0;0;30
$1;1;129000;2;0;1498;48148;35308;527;441;0;3897;3894;3894;3898;3888;3895;3898;3894;3896;0;0;0;21
$1;1;130000;2;0;1500;48147;35309;532;441;0;3897;3894;3894;3898;3888;3895;3898;3895;3896;0;0;0;22
$1;1;131000;2;0;1501;48146;35310;536;442;0;3897;3894;3894;3898;3888;3895;3898;3895;3896;0;0;0;24
$1;1;132000;2;0;1500;48145;35310;540;443;0;3897;3894;3894;3898;3889;3895;3899;3895;3897;0;0;0;24
$1;1;133000;2;0;1499;48145;35311;544;444;0;3897;3894;3894;3899;3889;3895;3899;3895;3896;0;0;0;26
$1;1;134000;2;0;1499;48145;35312;548;444;0;3897;3894;3894;3899;3889;3895;3899;3895;3897;0;0;0;19
$1;1;135000;2;0;1499;48144;35313;552;445;0;3897;3894;3894;3899;3888;3895;3899;3895;3896;0;0;0;24
$1;1;136000;2;0;1504;48141;35316;557;446;0;3897;3895;3894;3899;3888;3896;3899;3895;3896;0;0;0;26
$1;1;137000;2;0;1499;48143;35315;561;446;0;3898;3895;3894;3899;3889;3896;3899;3895;3897;0;0;0;21
$1;1;138000;2;0;1500;48143;35316;565;447;0;3898;3895;3894;3899;3889;3896;3899;3895;3896;0;0;0;28
$1;1;139000;2;0;1500;48139;35317;569;448;0;3898;3894;3894;3899;3889;3896;3899;3895;3897;0;0;0;18
$1;1;140000;2;0;1499;48136;35318;573;449;0;3898;3895;3894;3899;3889;3896;3899;3895;3897;0;0;0;22
$1;1;141000;2;0;1490;48141;35315;577;450;0;3898;3895;3894;3899;3889;3896;3899;3895;3897;0;0;0;31
$1;1;142000;2;0;1500;48136;35320;582;451;0;3898;3895;3894;3899;3889;3896;3899;3895;3897;0;0;0;25
$1;1;143000;2;0;1501;48135;35320;586;451;0;3898;3895;3895;3900;3889;3896;3900;3896;3897;0;0;0;28
$1;1;144000;2;0;1500;48135;35321;590;452;0;3898;3895;3895;3900;3889;3896;3899;3896;3897;0;0;0;30
$1;1;145000;2;0;1500;48135;35322;594;452;0;3898;3895;3895;3900;3889;3896;3900;3896;3897;0;0;0;25
$1;1;146000;2;0;1500;48136;35323;598;453;0;3899;3896;3895;3900;3889;3897;3900;3896;3897;0;0;0;22
$1;1;147000;2;0;1500;48136;35324;602;453;0;3899;3895;3895;3900;3889;3897;3900;3896;3897;0;0;0;19
$1;1;148000;2;0;1499;48135;35324;607;453;0;3899;3895;3895;3900;3889;3897;3900;3896;3897;0;0;0;27
$1;1;149000;2;0;1498;48136;35324;611;454;0;3899;3895;3895;3900;3889;3897;3900;3896;3897;0;0;0;24
$1;1;150000;2;0;1499;48133;35325;615;454;0;3899;3895;3895;3900;3890;3897;3900;3896;3897;0;0;0;25
$1;1;151000;2;0;1501;48130;35327;619;455;0;3899;3896;3895;3900;3890;3897;3900;3896;3897;0;0;0;23
$1;1;152000;2;0;1500;48130;35328;623;456;0;3899;3896;3895;3900;3890;3897;3900;3896;3898;0;0;0;31
$1;1;153000;2;0;1500;48130;35328;627;456;0;3899;3896;3896;3900;3890;3897;3900;3896;3898;0;0;0;25
$1;1;154000;2;0;1498;48131;35328;632;456;0;3899;3896;3896;3900;3890;3897;3900;3896;3898;0;0;0;27
$1;1;155000;2;0;1500;48129;35330;636;457;0;3899;3896;3896;3900;3890;3897;3900;3897;3898;0;0;0;30
$1;1;156000;2;0;1500;48128;35331;640;457;0;3899;3896;3896;3901;3890;3897;3901;3897;3898;0;0;0;28
$1;1;157000;2;0;1498;48131;35331;644;457;0;3899;3896;3896;3901;3890;3897;3901;3897;3898;0;0;0;17
$1;1;158000;2;0;1500;48129;35332;648;458;0;3899;3896;3896;3901;3890;3897;3901;3897;3898;0;0;0;23
$1;1;159000;2;0;1500;48129;35332;652;458;0;3900;3896;3896;3901;3890;3898;3901;3897;3898;0;0;0;19
$1;1;160000;2;0;1501;48129;35333;657;458;0;3900;3896;3896;3901;3890;3898;3901;3897;3898;0;0;0;28
$1;1;161000;2;0;1499;48124;35332;661;459;0;3899;3896;3896;3901;3890;3898;3901;3897;3898;0;0;0;20
$1;1;162000;2;0;1501;48123;35334;665;460;0;3900;3897;3896;3901;3890;3898;3901;3897;3899;0;0;0;25
$1;1;163000;2;0;1500;48123;35334;669;460;0;3900;3897;3896;3901;3890;3898;3901;3897;3898;0;0;0;20
$1;1;164000;2;0;1501;48123;35335;673;460;0;3900;3897;3896;3901;3891;3898;3901;3897;3899;0;0;0;24
$1;1;165000;2;0;1500;48123;35335;677;460;0;3900;3897;3896;3901;3891;3898;3901;3897;3899;0;0;0;28
$1;1;166000;2;0;1499;48123;35336;682;460;0;3900;3897;3896;3901;3891;3898;3901;3897;3899;0;0;0;23
$1;1;167000;2;0;1499;48124;35336;686;460;0;3900;3897;3896;3902;3891;3898;3901;3897;3899;0;0;0;22
$1;1;168000;2;0;1498;48124;35337;690;461;0;3900;3897;3897;3902;3891;3898;3901;3898;3899;0;0;0;17
$1;1;169000;2;0;1499;48124;35338;694;461;0;3900;3897;3897;3902;3891;3898;3901;3898;3899;0;0;0;26
$1;1;170000;2;0;1499;48123;35338;698;461;0;3900;3897;3897;3901;3891;3898;3901;3898;3899;0;0;0;26
$1;1;171000;2;0;1499;48118;35338;702;463;0;3900;3897;3897;3901;3891;3898;3902;3898;3899;0;0;0;16
$1;1;172000;2;0;1499;48118;35340;707;463;0;3900;3897;3897;3901;3891;3899;3902;3898;3899;0;0;0;24
$1;1;173000;2;0;1499;48118;35340;711;463;0;3900;3897;3897;3902;3891;3899;3902;3898;3899;0;0;0;29
$1;1;174000;2;0;1500;48117;35342;715;463;0;3900;3897;3897;3902;3891;3899;3902;3898;3899;0;0;0;18
$1;1;175000;2;0;1501;48117;35342;719;463;0;3901;3897;3897;3902;3891;3899;3902;3898;3899;0;0;0;31
$1;1;176000;2;0;1500;48117;35343;723;464;0;3901;3897;3897;3902;3892;3899;3902;3898;3900;0;0;0;16
$1;1;177000;2;0;1499;48119;35343;727;464;0;3901;3897;3897;3902;3891;3899;3902;3898;3900;0;0;0;25
$1;1;178000;2;0;1501;48118;35344;731;464;0;3901;3897;3897;3902;3892;3899;3902;3898;3900;0;0;0;20
$1;1;179000;2;0;1501;48116;35345;736;464;0;3901;3898;3897;3902;3892;3899;3902;3899;3900;0;0;0;19
$1;1;180000;2;0;1500;48113;35344;740;465;0;3901;3898;3897;3902;3892;3899;3902;3898;3900;0;0;0;17
$1;1;181000;2;0;1499;48113;35344;744;465;0;3901;3898;3898;3902;3892;3899;3902;3898;3900;0;0;0;26
$1;1;182000;2;0;1500;48113;35345;748;465;0;3901;3898;3898;3902;3892;3899;3902;3899;3900;0;0;0;20
$1;1;183000;2;0;1500;48112;35347;752;466;0;3901;3898;3898;3902;3892;3899;3902;3899;3900;0;0;0;30
$1;1;184000;2;0;1501;48114;35347;757;466;0;3901;3898;3898;3902;3892;3899;3902;3899;3900;0;0;0;27
$1;128;184000;305;115;14;12;12;14;10;12;14;13;14;0;0;0;43
$1;1;185000;2;0;1499;48114;35347;761;466;0;3901;3898;3898;3903;3892;3900;3903;3899;3900;0;0;0;30
$1;1;186000;2;0;1500;48114;35348;765;466;0;3901;3898;3898;3903;3892;3899;3903;3899;3901;0;0;0;23
$1;1;187000;2;0;1501;48112;35349;769;466;0;3901;3898;3898;3903;3892;3900;3903;3899;3900;0;0;0;28
$1;1;188000;2;0;1500;48114;35349;773;466;0;3901;3898;3898;3903;3892;3900;3902;3899;3900;0;0;0;30
$1;1;189000;2;0;1500;48112;35349;777;466;0;3902;3898;3898;3902;3893;3900;3903;3899;3901;0;0;0;30
$1;1;190000;2;0;1498;48110;35349;781;467;0;3902;3899;3898;3902;3893;3900;3903;3899;3900;0;0;0;28
$1;1;191000;2;0;1499;48108;35350;786;467;0;3902;3899;3898;3903;3893;3900;3903;3899;3901;0;0;0;26
$1;1;192000;2;0;1499;48108;35350;790;467;0;3902;3899;3898;3903;3893;3900;3903;3899;3901;0;0;0;30
$1;1;193000;2;0;1498;48108;35351;794;467;0;3902;3899;3899;3903;3893;3900;3903;3899;3901;0;0;0;26
$1;1;194000;2;0;1499;48108;35352;798;467;0;3902;3898;3899;3903;3893;3900;3903;3899;3901;0;0;0;18
$1;1;195000;2;0;1499;48108;35353;802;467;0;3902;3898;3899;3903;3893;3900;3903;3900;3901;0;0;0;31
$1;1;196000;2;0;1500;48108;35354;806;467;0;3902;3899;3899;3903;3893;3900;3903;3900;3901;0;0;0;31
$1;1;197000;2;0;1499;48108;35354;811;467;0;3902;3899;3899;3903;3893;3900;3903;3900;3901;0;0;0;25
$1;1;198000;2;0;1500;48109;35355;815;467;0;3902;3899;3899;3903;3893;3900;3903;3900;3901;0;0;0;19
$1;1;199000;2;0;1498;48106;35355;819;468;0;3902;3899;3899;3903;3893;3900;3903;3900;3901;0;0;0;30
$1;1;200000;2;0;1499;48105;35356;823;468;0;3902;3899;3899;3903;3893;3900;3903;3900;3902;0;0;0;22
$1;1;201000;2;0;1500;48104;35356;827;468;0;3902;3899;3899;3903;3893;3900;3904;3900;3902;0;0;0;20
$1;1;202000;2;0;1499;48106;35356;831;468;0;3902;3899;3899;3904;3893;3900;3903;3900;3902;0;0;0;19
$1;1;203000;2;0;1500;48104;35357;836;469;0;3902;3899;3899;3904;3893;3900;3904;3900;3902;0;0;0;17
$1;1;204000;2;0;1498;48107;35358;840;469;0;3902;3899;3899;3904;3894;3900;3904;3900;3902;0;0;0;28
$1;1;205000;2;0;1499;48107;35358;844;469;0;3903;3899;3899;3904;3894;3900;3903;3900;3902;0;0;0;30
$1;1;206000;2;0;1500;48107;35360;848;469;0;3903;3899;3899;3904;3894;3900;3904;3900;3902;0;0;0;28
$1;1;207000;2;0;1500;48106;35360;852;469;0;3903;3899;3899;3904;3894;3901;3904;3900;3902;0;0;0;22
$1;1;208000;2;0;1499;48102;35360;856;470;0;3903;3899;3900;3904;3894;3901;3904;3901;3902;0;0;0;16
$1;1;209000;2;0;1500;48100;35361;860;470;0;3903;3900;3900;3904;3894;3901;3904;3901;3902;0;0;0;23
$1;1;210000;2;0;1499;48100;35362;865;470;0;3903;3900;3900;3904;3894;3901;3904;3901;3902;0;0;0;24
$1;1;211000;2;0;1500;48100;35363;869;470;0;3903;3900;3900;3904;3894;3901;3904;3901;3902;0;0;0;21
$1;1;212000;2;0;1499;48102;35363;873;470;0;3903;3900;3900;3904;3894;3901;3904;3901;3902;0;0;0;30
$1;1;213000;2;0;1498;48102;35364;877;470;0;3903;3900;3900;3904;3894;3901;3904;3901;3902;0;0;0;29
$1;1;214000;2;0;1498;48102;35363;881;470;0;3903;3900;3900;3904;3894;3901;3904;3901;3902;0;0;0;20
$1;1;215000;2;0;1501;48100;35365;885;471;0;3903;3900;3900;3904;3895;3901;3904;3901;3903;0;0;0;21
$1;1;216000;2;0;1500;48102;35365;890;471;0;3903;3900;3900;3904;3894;3902;3904;3901;3902;0;0;0;18
$1;1;217000;2;0;1500;48098;35365;894;471;0;3903;3900;3900;3904;3894;3901;3905;3901;3903;0;0;0;22
$1;1;218000;2;0;1499;48096;35365;898;472;0;3903;3900;3900;3904;3894;3901;3904;3901;3903;0;0;0;24
$1;1;219000;2;0;1499;48096;35366;902;472;0;3903;3900;3900;3905;3894;3901;3905;3901;3903;0;0;0;24
$1;1;220000;2;0;1498;48098;35367;906;472;0;3903;3900;3900;3905;3894;3902;3905;3901;3903;0;0;0;27
$1;1;221000;2;0;1501;48095;35368;910;472;0;3904;3900;3900;3905;3894;3902;3905;3901;3903;0;0;0;25
$1;1;222000;2;0;1501;48095;35369;915;472;0;3904;3900;3900;3905;3895;3902;3905;3901;3903;0;0;0;31
$1;1;223000;2;0;1499;48097;35368;919;472;0;3904;3900;3900;3905;3895;3902;3905;3901;3903;0;0;0;17
$1;1;224000;2;0;1500;48097;35370;923;472;0;3904;3900;3900;3905;3895;3902;3905;3901;3903;0;0;0;23
$1;1;225000;2;0;1500;48099;35371;927;472;0;3904;3900;3900;3905;3895;3902;3905;3902;3903;0;0;0;30
$1;1;226000;2;0;1499;48093;35371;931;473;0;3904;3901;3901;3905;3895;3902;3905;3902;3903;0;0;0;16
$1;1;227000;2;0;1500;48093;35372;935;474;0;3904;3901;3901;3905;3895;3902;3905;3902;3903;0;0;0;16
$1;1;228000;2;0;1499;48092;35371;940;474;0;3904;3901;3901;3905;3895;3902;3905;3902;3903;0;0;0;30
$1;1;229000;2;0;1498;48094;35372;944;474;0;3904;3901;3901;3905;3895;3902;3905;3902;3903;0;0;0;31
$1;1;230000;2;0;1501;48092;35374;948;474;0;3904;3901;3901;3905;3895;3902;3905;3902;3903;0;0;0;26
$1;1;231000;2;0;1499;48095;35375;952;474;0;3905;3901;3901;3906;3895;3902;3905;3902;3903;0;0;0;20
$1;1;232000;2;0;1500;48094;35375;956;474;0;3905;3901;3901;3906;3895;3902;3905;3902;3903;0;0;0;19
$1;1;233000;2;0;1501;48094;35377;960;474;0;3905;3901;3901;3906;3895;3903;3905;3902;3903;0;0;0;21
$1;1;234000;2;0;1498;48096;35376;964;474;0;3905;3901;3901;3906;3896;3902;3906;3902;3903;0;0;0;21
$1;1;235000;2;0;1498;48091;35377;969;475;0;3905;3901;3901;3906;3895;3902;3906;3902;3903;0;0;0;29
$1;1;236000;2;0;1501;48088;35379;973;475;0;3905;3901;3901;3906;3895;3903;3906;3902;3903;0;0;0;19
$1;1;237000;2;0;1500;48089;35379;977;475;0;3905;3901;3901;3906;3895;3903;3906;3902;3903;0;0;0;22
$1;1;238000;2;0;1499;48091;35379;981;475;0;3905;3902;3901;3906;3895;3903;3906;3902;3904;0;0;0;28
$1;1;239000;2;0;1499;48091;35380;985;475;0;3905;3901;3901;3906;3895;3903;3906;3902;3904;0;0;0;28
$1;1;240000;2;0;1499;48091;35380;989;475;0;3905;3902;3901;3906;3895;3903;3906;3902;3904;0;0;0;29
$1;1;241000;2;0;1499;48092;35380;994;475;0;3905;3902;3901;3906;3896;3903;3906;3902;3904;0;0;0;16
$1;1;242000;2;0;1500;48092;35382;998;475;0;3905;3902;3901;3906;3895;3903;3906;3903;3903;0;0;0;25
$1;1;243000;2;0;1500;48089;35381;1002;476;0;3905;3902;3901;3906;3896;3903;3906;3902;3904;0;0;0;44
$1;1;244000;2;0;1499;48087;35382;1006;476;0;3906;3902;3902;3906;3896;3903;3906;3903;3904;0;0;0;34
$1;128;244000;307;115;14;12;12;14;10;12;14;13;14;0;0;0;38
$1;1;245000;2;0;1499;48085;35383;1010;477;0;3905;3902;3902;3906;3896;3903;3906;3903;3903;0;0;0;34
$1;1;246000;2;0;1500;48086;35384;1014;477;0;3906;3902;3902;3907;3896;3903;3906;3903;3904;0;0;0;37
$1;1;247000;2;0;1499;48087;35384;1019;477;0;3906;3902;3902;3907;3896;3903;3906;3903;3904;0;0;0;41
$1;1;248000;2;0;1499;48087;35385;1023;477;0;3906;3902;3902;3907;3896;3903;3906;3903;3904;0;0;0;46
$1;1;249000;2;0;1499;48087;35386;1027;477;0;3906;3902;3902;3907;3896;3904;3906;3903;3904;0;0;0;47
$1;1;250000;2;0;1500;48087;35387;1031;477;0;3906;3902;3902;3907;3896;3903;3907;3903;3904;0;0;0;38
$1;1;251000;2;0;1500;48088;35387;1035;477;0;3906;3902;3902;3907;3896;3904;3907;3903;3904;0;0;0;43
$1;1;252000;2;0;1500;48084;35388;1039;477;0;3906;3902;3902;3907;3896;3903;3907;3903;3904;0;0;0;32
$1;1;253000;2;0;1498;48084;35388;1044;478;0;3906;3902;3902;3907;3896;3904;3907;3903;3904;0;0;0;35
$1;1;254000;2;0;1498;48084;35388;1048;478;0;3906;3903;3902;3907;3896;3904;3907;3903;3904;0;0;0;41
$1;1;255000;2;0;1501;48083;35390;1052;478;0;3906;3903;3902;3907;3896;3904;3907;3903;3905;0;0;0;45
$1;1;256000;2;0;1498;48085;35389;1056;478;0;3906;3903;3902;3907;3896;3904;3907;3903;3905;0;0;0;37
$1;1;257000;2;0;1488;48092;35386;1060;478;0;3906;3903;3902;3907;3897;3904;3907;3903;3905;0;0;0;40
$1;1;258000;2;0;1500;48085;35391;1064;478;0;3906;3903;3902;3907;3896;3904;3907;3903;3905;0;0;0;35
$1;1;259000;2;0;1500;48084;35391;1069;478;0;3906;3903;3902;3907;3897;3904;3907;3903;3905;0;0;0;47
$1;1;260000;2;0;1501;48081;35392;1073;478;0;3906;3903;3902;3907;3897;3904;3907;3904;3905;0;0;0;46
$1;1;261000;2;0;1500;48079;35392;1077;479;0;3906;3903;3902;3907;3897;3904;3907;3904;3905;0;0;0;44
$1;1;262000;2;0;1500;48079;35392;1081;479;0;3906;3903;3903;3907;3897;3904;3907;3904;3905;0;0;0;39
$1;1;263000;2;0;1499;48079;35392;1085;478;0;3907;3903;3903;3907;3897;3904;3907;3904;3905;0;0;0;35
$1;1;264000;2;0;1499;48080;35392;1089;478;0;3907;3903;3903;3907;3897;3904;3907;3904;3905;0;0;0;46
$1;1;265000;2;0;1499;48081;35393;1094;478;0;3907;3903;3903;3908;3897;3904;3907;3904;3905;0;0;0;44
$1;1;266000;2;0;1499;48080;35392;1098;478;0;3907;3903;3903;3908;3897;3904;3907;3904;3905;0;0;0;35
$1;1;267000;2;0;1497;48080;35392;1102;478;0;3907;3903;3903;3907;3897;3904;3907;3904;3905;0;0;0;33
$1;1;268000;2;0;1500;48081;35395;1106;478;0;3907;3903;3903;3908;3898;3904;3908;3904;3905;0;0;0;44
$1;1;269000;2;0;1499;48075;35395;1110;479;0;3907;3903;3903;3907;3897;3904;3908;3904;3905;0;0;0;33
$1;1;270000;2;0;1499;48076;35395;1114;479;0;3907;3904;3903;3908;3897;3904;3908;3904;3906;0;0;0;37
$1;1;271000;2;0;1499;48076;35396;1119;479;0;3907;3904;3903;3908;3897;3904;3908;3904;3906;0;0;0;42
$1;1;272000;2;0;1500;48075;35397;1123;479;0;3907;3904;3903;3908;3898;3904;3908;3904;3906;0;0;0;44
$1;1;273000;2;0;1501;48076;35398;1127;479;0;3907;3904;3903;3908;3897;3905;3908;3905;3906;0;0;0;43
$1;1;274000;2;0;1502;48076;35398;1131;479;0;3907;3904;3903;3908;3898;3905;3908;3905;3906;0;0;0;39
$1;1;275000;2;0;1500;48076;35398;1135;479;0;3907;3903;3903;3908;3898;3905;3908;3905;3906;0;0;0;39
$1;1;276000;2;0;1501;48077;35399;1139;479;0;3907;3904;3903;3908;3898;3905;3908;3905;3906;0;0;0;46
$1;1;277000;2;0;1499;48074;35400;1144;480;0;3907;3904;3904;3908;3898;3905;3908;3905;3906;0;0;0;32
$1;1;278000;2;0;1500;48073;35400;1148;480;0;3907;3904;3904;3908;3898;3905;3908;3905;3906;0;0;0;37
$1;1;279000;2;0;1500;48073;35401;1152;480;0;3907;3904;3904;3908;3898;3905;3908;3905;3906;0;0;0;46
$1;1;280000;2;0;1499;48075;35401;1156;480;0;3907;3904;3904;3908;3898;3905;3908;3905;3906;0;0;0;43
$1;1;281000;2;0;1501;48074;35402;1160;480;0;3908;3904;3903;3908;3898;3905;3908;3905;3906;0;0;0;37
$1;1;282000;2;0;1498;48076;35402;1164;480;0;3908;3904;3903;3908;3898;3905;3908;3905;3906;0;0;0;33
$1;1;283000;2;0;1501;48075;35403;1169;480;0;3908;3904;3904;3908;3898;3905;3908;3905;3906;0;0;0;41
$1;1;284000;2;0;1501;48076;35403;1173;480;0;3908;3904;3904;3908;3898;3905;3908;3905;3906;0;0;0;38
$1;1;285000;2;0;1500;48071;35403;1177;481;0;3908;3904;3904;3908;3898;3905;3908;3905;3906;0;0;0;36
$1;1;286000;2;0;1499;48072;35404;1181;481;0;3908;3904;3904;3908;3898;3905;3909;3905;3907;0;0;0;43
$1;1;287000;2;0;1498;48072;35404;1185;481;0;3908;3904;3904;3908;3898;3906;3908;3905;3907;0;0;0;45
$1;1;288000;2;0;1498;48073;35404;1189;481;0;3908;3904;3904;3908;3898;3906;3909;3905;3907;0;0;0;46
$1;1;289000;2;0;1498;48073;35405;1193;481;0;3908;3905;3904;3909;3898;3906;3909;3905;3907;0;0;0;37
$1;1;290000;2;0;1501;48072;35406;1198;481;0;3908;3905;3904;3909;3899;3906;3909;3905;3907;0;0;0;36
$1;1;291000;2;0;1500;48072;35406;1202;481;0;3908;3905;3904;3909;3899;3906;3909;3906;3907;0;0;0;39
$1;1;292000;2;0;1499;48074;35406;1206;481;0;3908;3905;3904;3909;3899;3906;3909;3905;3907;0;0;0;36
$1;1;293000;2;0;1500;48070;35406;1210;481;0;3908;3905;3905;3909;3899;3906;3909;3906;3907;0;0;0;37
$1;1;294000;2;0;1499;48068;35407;1214;482;0;3908;3905;3905;3909;3899;3906;3909;3906;3907;0;0;0;44
$1;1;295000;2;0;1499;48067;35407;1219;482;0;3908;3905;3905;3909;3899;3906;3909;3906;3907;0;0;0;47
$1;1;296000;2;0;1501;48068;35408;1223;482;0;3908;3905;3905;3909;3899;3906;3909;3906;3907;0;0;0;37
$1;1;297000;2;0;1498;48070;35409;1227;482;0;3908;3905;3905;3909;3899;3906;3909;3906;3908;0;0;0;38
$1;1;298000;2;0;1498;48070;35409;1231;482;0;3908;3905;3905;3909;3899;3906;3909;3906;3907;0;0;0;33
$1;1;299000;2;0;1498;48071;35409;1235;482;0;3908;3905;3905;3909;3899;3906;3909;3906;3907;0;0;0;37
$1;1;300000;2;0;1500;48071;35410;1239;482;0;3909;3905;3905;3909;3900;3906;3910;3906;3908;0;0;0;39
$1;1;301000;2;0;1500;48068;35410;1243;482;0;3909;3905;3905;3910;3899;3906;3909;3906;3907;0;0;0;45
$1;1;302000;2;0;1500;48066;35411;1248;483;0;3909;3905;3905;3909;3900;3906;3910;3906;3908;0;0;0;37
$1;1;303000;2;0;1499;48067;35411;1252;483;0;3909;3905;3905;3909;3899;3906;3910;3906;3908;0;0;0;46
$1;1;304000;2;0;1499;48067;35412;1256;483;0;3909;3905;3905;3909;3899;3906;3910;3906;3908;0;0;0;46
$1;128;304000;306;113;14;12;11;13;10;12;14;13;14;0;0;0;32
$1;1;305000;2;0;1501;48067;35413;1260;483;0;3909;3905;3905;3909;3899;3907;3910;3906;3908;0;0;0;42
$1;1;306000;2;0;1498;48068;35412;1264;483;0;3909;3905;3905;3909;3900;3906;3910;3906;3908;0;0;0;34
$1;1;307000;2;0;1498;48068;35413;1269;483;0;3909;3906;3905;3910;3900;3907;3910;3906;3908;0;0;0;37
$1;1;308000;2;0;1501;48068;35415;1273;483;0;3909;3905;3905;3909;3900;3907;3910;3907;3908;0;0;0;44
$1;1;309000;2;0;1500;48067;35416;1277;483;0;3909;3906;3905;3909;3900;3907;3910;3906;3908;0;0;0;38
$1;1;310000;2;0;1499;48066;35415;1281;483;0;3909;3906;3905;3909;3899;3907;3910;3907;3908;0;0;0;36
$1;1;311000;2;0;1501;48063;35416;1285;483;0;3909;3906;3906;3909;3900;3907;3911;3907;3908;0;0;0;36
$1;1;312000;2;0;1501;48063;35416;1289;483;0;3909;3906;3905;3910;3900;3907;3911;3907;3908;0;0;0;32
$1;1;313000;2;0;1498;48065;35416;1294;483;0;3909;3906;3905;3910;3900;3907;3910;3907;3908;0;0;0;43
$1;1;314000;2;0;1498;48066;35417;1298;483;0;3909;3906;3906;3910;3900;3907;3910;3907;3908;0;0;0;33
$1;1;315000;2;0;1498;48068;35418;1302;483;0;3909;3906;3905;3910;3900;3907;3911;3907;3909;0;0;0;32
$1;1;316000;2;0;1498;48068;35418;1306;483;0;3909;3906;3906;3910;3900;3907;3911;3907;3908;0;0;0;37
$1;1;317000;2;0;1498;48068;35418;1310;483;0;3909;3906;3906;3910;3900;3907;3911;3907;3909;0;0;0;34
$1;1;318000;2;0;1500;48062;35419;1314;484;0;3909;3906;3906;3910;3900;3907;3911;3907;3909;0;0;0;37
$1;1;319000;2;0;1499;48061;35419;1318;484;0;3909;3906;3906;3909;3900;3907;3911;3907;3909;0;0;0;34
$1;1;320000;2;0;1499;48062;35420;1323;484;0;3910;3906;3906;3910;3900;3907;3911;3907;3909;0;0;0;41
$1;1;321000;2;0;1499;48063;35420;1327;483;0;3910;3906;3906;3910;3900;3908;3911;3907;3909;0;0;0;37
$1;1;322000;2;0;1501;48062;35422;1331;483;0;3910;3906;3906;3910;3900;3908;3911;3907;3909;0;0;0;34
$1;1;323000;2;0;1499;48063;35421;1335;483;0;3910;3906;3906;3910;3900;3908;3911;3907;3909;0;0;0;37
$1;1;324000;2;0;1500;48063;35423;1339;483;0;3910;3906;3906;3910;3901;3908;3911;3907;3909;0;0;0;44
$1;1;325000;2;0;1500;48063;35423;1343;483;0;3910;3907;3906;3910;3900;3908;3911;3907;3909;0;0;0;32
$1;1;326000;2;0;1500;48060;35424;1348;483;0;3910;3907;3907;3910;3901;3908;3911;3907;3909;0;0;0;44
$1;1;327000;2;0;1500;48059;35424;1352;483;0;3910;3907;3906;3910;3901;3908;3912;3908;3909;0;0;0;33
$1;1;328000;2;0;1499;48060;35424;1356;483;0;3910;3907;3906;3910;3901;3908;3911;3908;3909;0;0;0;34
$1;1;329000;2;0;1500;48060;35426;1360;482;0;3910;3907;3907;3910;3901;3908;3912;3908;3909;0;0;0;38
$1;1;330000;2;0;1499;48061;35425;1364;482;0;3910;3907;3906;3910;3901;3908;3912;3908;3910;0;0;0;32
$1;1;331000;2;0;1499;48061;35427;1368;482;0;3910;3907;3906;3910;3901;3908;3912;3908;3909;0;0;0;39
$1;1;332000;2;0;1500;48060;35427;1373;481;0;3910;3907;3906;3911;3901;3908;3911;3908;3909;0;0;0;47
$1;1;333000;2;0;1499;48057;35427;1377;482;0;3910;3907;3907;3910;3901;3908;3911;3908;3909;0;0;0;44
$1;1;334000;2;0;1499;48056;35428;1381;482;0;3910;3907;3907;3910;3901;3908;3912;3908;3909;0;0;0;47
$1;1;335000;2;0;1500;48055;35429;1385;481;0;3910;3907;3907;3910;3901;3908;3912;3908;3909;0;0;0;42
$1;1;336000;2;0;1501;48056;35430;1389;481;0;3911;3907;3907;3911;3901;3909;3912;3908;3909;0;0;0;46
$1;1;337000;2;0;1464;48077;35418;1393;481;0;3910;3907;3907;3910;3901;3908;3911;3908;3909;0;0;0;45
$1;1;338000;2;0;1495;48062;35429;1398;480;0;3910;3907;3907;3911;3901;3908;3912;3908;3909;0;0;0;34
$1;1;339000;2;0;1498;48059;35429;1402;480;0;3911;3907;3907;3911;3901;3908;3912;3908;3910;0;0;0;43
$1;1;340000;2;0;1500;48059;35431;1406;480;0;3911;3907;3907;3911;3901;3909;3912;3908;3909;0;0;0;33
$1;1;341000;2;0;1499;48053;35431;1410;480;0;3911;3907;3907;3911;3901;3909;3912;3908;3910;0;0;0;36
$1;1;342000;2;0;1500;48053;35432;1414;480;0;3911;3907;3907;3911;3901;3909;3912;3908;3909;0;0;0;41
$1;1;343000;2;0;1498;48054;35433;1418;480;0;3911;3907;3907;3911;3901;3909;3912;3908;3910;0;0;0;42
$1;1;344000;2;0;1501;48053;35435;1423;479;0;3911;3907;3907;3911;3901;3909;3912;3908;3909;0;0;0;43
$1;1;345000;2;0;1500;48054;35434;1427;479;0;3911;3907;3907;3911;3902;3909;3912;3908;3910;0;0;0;34
$1;1;346000;2;0;1500;48053;35436;1431;478;0;3911;3908;3907;3911;3902;3909;3912;3908;3910;0;0;0;45
$1;1;347000;2;0;1500;48055;35436;1435;478;0;3911;3908;3907;3911;3902;3909;3912;3908;3910;0;0;0;46
$1;1;348000;2;0;1501;48054;35437;1439;478;0;3911;3908;3907;3911;3902;3909;3912;3908;3910;0;0;0;44
$1;1;349000;2;0;1500;48050;35436;1443;478;0;3911;3908;3907;3911;3902;3909;3912;3908;3910;0;0;0;36
$1;1;350000;2;0;1500;48050;35437;1448;478;0;3911;3908;3908;3911;3902;3909;3913;3908;3910;0;0;0;40
$1;1;351000;2;0;1499;48050;35438;1452;478;0;3912;3908;3908;3911;3902;3909;3912;3909;3910;0;0;0;47
$1;1;352000;2;0;1498;48052;35438;1456;477;0;3912;3908;3908;3911;3902;3909;3912;3909;3910;0;0;0;36
$1;1;353000;2;0;1500;48052;35439;1460;477;0;3912;3908;3908;3912;3902;3909;3912;3909;3910;0;0;0;34
$1;1;354000;2;0;1499;48052;35440;1464;477;0;3912;3908;3907;3912;3902;3909;3913;3909;3910;0;0;0;32
$1;1;355000;2;0;1499;48052;35441;1468;476;0;3912;3908;3908;3912;3902;3909;3913;3909;3910;0;0;0;34
$1;1;356000;2;0;1500;48052;35441;1473;476;0;3912;3908;3908;3912;3902;3909;3913;3909;3910;0;0;0;42
$1;1;357000;2;0;1465;48073;35429;1477;475;0;3911;3908;3907;3911;3902;3909;3912;3908;3910;0;0;0;44
$1;1;358000;2;0;1497;48050;35440;1481;476;0;3912;3908;3908;3911;3902;3909;3913;3909;3910;0;0;0;38
$1;1;359000;2;0;1501;48047;35441;1485;476;0;3912;3908;3908;3912;3902;3909;3913;3909;3910;0;0;0;41
$1;1;360000;2;0;1498;48049;35441;1489;476;0;3912;3908;3908;3912;3902;3910;3913;3909;3910;0;0;0;40
$1;1;361000;2;0;1500;48048;35442;1494;476;0;3912;3908;3908;3912;3903;3909;3913;3909;3910;0;0;0;46
$1;1;362000;2;0;1501;48047;35443;1498;475;0;3912;3909;3908;3912;3902;3910;3913;3909;3910;0;0;0;37
$1;1;363000;2;0;1498;48050;35443;1502;475;0;3912;3909;3908;3912;3903;3909;3913;3909;3911;0;0;0;41
$1;1;364000;2;0;1500;48051;35443;1506;474;0;3912;3908;3908;3912;3902;3910;3913;3909;3911;0;0;0;34
$1;128;364000;304;114;14;12;11;14;10;12;14;13;14;0;0;0;36
$1;1;365000;2;0;1499;48052;35444;1510;474;0;3912;3908;3908;3912;3903;3910;3913;3909;3911;0;0;0;32
$1;1;366000;2;0;1501;48050;35445;1514;474;0;3912;3909;3908;3913;3903;3910;3913;3909;3911;0;0;0;36
$1;1;367000;2;0;1500;48044;35445;1519;474;0;3912;3909;3908;3912;3903;3910;3913;3909;3911;0;0;0;45
$1;1;368000;2;0;1500;48045;35446;1523;474;0;3912;3909;3908;3912;3903;3910;3913;3909;3911;0;0;0;41
$1;1;369000;2;0;1500;48046;35446;1527;474;0;3912;3909;3909;3913;3903;3910;3913;3909;3911;0;0;0;47
$1;1;370000;2;0;1498;48047;35446;1531;474;0;3912;3909;3909;3913;3903;3910;3913;3909;3911;0;0;0;33
$1;1;371000;2;0;1498;48049;35447;1535;473;0;3912;3909;3908;3913;3903;3910;3913;3909;3911;0;0;0;45
$1;1;372000;2;0;1499;48050;35448;1539;473;0;3913;3909;3908;3913;3903;3910;3913;3909;3911;0;0;0;37
$1;1;373000;2;0;1500;48047;35449;1544;473;0;3913;3909;3908;3913;3903;3910;3913;3910;3911;0;0;0;32
$1;1;374000;2;0;1498;48050;35449;1548;472;0;3913;3909;3908;3913;3903;3910;3913;3910;3911;0;0;0;44
$1;1;375000;2;0;1498;48046;35449;1552;473;0;3913;3909;3909;3913;3903;3910;3913;3910;3911;0;0;0;33
$1;1;376000;2;0;1500;48044;35450;1556;473;0;3913;3910;3909;3913;3903;3910;3913;3910;3911;0;0;0;36
$1;1;377000;2;0;1499;48044;35450;1560;472;0;3913;3910;3909;3913;3903;3910;3913;3910;3911;0;0;0;32
$1;1;378000;2;0;1498;48045;35451;1564;472;0;3913;3909;3909;3913;3903;3910;3914;3910;3911;0;0;0;37
$1;1;379000;2;0;1498;48044;35451;1569;472;0;3913;3910;3909;3913;3903;3911;3914;3910;3911;0;0;0;33
$1;1;380000;2;0;1499;48044;35452;1573;472;0;3913;3909;3909;3914;3904;3910;3913;3910;3911;0;0;0;32
$1;1;381000;2;0;1498;48046;35452;1577;471;0;3913;3909;3909;3914;3903;3910;3913;3910;3911;0;0;0;34
$1;1;382000;2;0;1501;48044;35453;1581;471;0;3913;3910;3909;3914;3904;3910;3914;3910;3912;0;0;0;33
$1;1;383000;2;0;1501;48045;35453;1585;470;0;3913;3909;3909;3914;3904;3911;3914;3910;3912;0;0;0;45
$1;1;384000;2;0;1501;48040;35453;1589;471;0;3913;3910;3909;3914;3904;3911;3914;3910;3912;0;0;0;42
$1;1;385000;2;0;1499;48041;35453;1593;471;0;3913;3910;3909;3914;3904;3911;3914;3910;3912;0;0;0;33
$1;1;386000;2;0;1501;48041;35454;1598;470;0;3913;3910;3909;3914;3904;3911;3914;3910;3912;0;0;0;47
$1;1;387000;2;0;1501;48040;35454;1602;470;0;3913;3910;3909;3914;3904;3911;3914;3910;3912;0;0;0;47
$1;1;388000;2;0;1500;48041;35454;1606;469;0;3913;3910;3909;3914;3904;3911;3914;3910;3912;0;0;0;44
$1;1;389000;2;0;1501;48042;35455;1610;469;0;3913;3910;3909;3914;3904;3911;3914;3910;3912;0;0;0;41
$1;1;390000;2;0;1498;48044;35455;1614;468;0;3913;3910;3909;3914;3904;3911;3914;3910;3912;0;0;0;35
$1;1;391000;2;0;1498;48043;35455;1618;468;0;3913;3910;3909;3914;3904;3911;3914;3910;3912;0;0;0;41
$1;1;392000;2;0;1501;48044;35457;1623;468;0;3913;3910;3909;3914;3904;3911;3914;3911;3912;0;0;0;39
$1;1;393000;2;0;1500;48040;35457;1627;468;0;3913;3910;3910;3914;3905;3911;3914;3911;3912;0;0;0;46
$1;1;394000;2;0;1499;48040;35456;1631;468;0;3913;3910;3909;3914;3904;3911;3914;3911;3912;0;0;0;39
$1;1;395000;2;0;1499;48038;35457;1635;468;0;3913;3910;3910;3914;3905;3911;3914;3911;3912;0;0;0;37
$1;1;396000;2;0;1501;48037;35458;1639;467;0;3914;3910;3910;3914;3904;3911;3914;3911;3912;0;0;0;35
$1;1;397000;2;0;1498;48040;35458;1643;467;0;3914;3910;3910;3914;3905;3911;3914;3911;3913;0;0;0;46
$1;1;398000;2;0;1488;48049;35455;1648;466;0;3914;3910;3909;3914;3904;3911;3914;3911;3912;0;0;0;38
$1;1;399000;2;0;1497;48041;35459;1652;466;0;3914;3911;3910;3914;3905;3911;3914;3911;3912;0;0;0;46
$1;1;400000;2;0;1500;48040;35460;1656;465;0;3914;3910;3910;3914;3905;3911;3914;3911;3913;0;0;0;42
$1;1;401000;2;0;1499;48041;35460;1660;465;0;3914;3910;3910;3915;3905;3911;3914;3911;3912;0;0;0;46
$1;1;402000;2;0;1498;48038;35460;1664;465;0;3914;3910;3910;3915;3905;3911;3915;3911;3913;0;0;0;38
$1;1;403000;2;0;1500;48035;35461;1668;465;0;3914;3910;3910;3914;3905;3912;3915;3911;3913;0;0;0;37
$1;1;404000;2;0;1499;48036;35461;1673;464;0;3914;3911;3910;3914;3905;3912;3914;3911;3913;0;0;0;43
$1;1;405000;2;0;1498;48036;35461;1677;463;0;3914;3911;3910;3914;3905;3912;3915;3911;3913;0;0;0;41
$1;1;406000;2;0;1501;48035;35462;1681;463;0;3914;3911;3910;3914;3905;3912;3915;3911;3913;0;0;0;34
$1;1;407000;2;0;1500;48036;35463;1685;462;0;3914;3911;3910;3914;3905;3912;3915;3911;3913;0;0;0;37
$1;1;408000;2;0;1501;48036;35463;1689;462;0;3914;3911;3910;3914;3905;3912;3915;3911;3913;0;0;0;39
$1;1;409000;2;0;1500;48036;35463;1693;461;0;3914;3911;3910;3915;3905;3912;3915;3911;3913;0;0;0;46
$1;1;410000;2;0;1500;48035;35464;1698;460;0;3914;3911;3910;3915;3905;3912;3915;3911;3913;0;0;0;40
$1;1;411000;2;0;1499;48035;35464;1702;460;0;3914;3911;3910;3915;3906;3912;3915;3911;3913;0;0;0;41
$1;1;412000;2;0;1501;48031;35465;1706;460;0;3914;3911;3910;3915;3905;3912;3915;3911;3913;0;0;0;40
$1;1;413000;2;0;1500;48032;35465;1710;460;0;3914;3911;3910;3915;3905;3912;3915;3911;3914;0;0;0;43
$1;1;414000;2;0;1499;48031;35465;1714;460;0;3914;3912;3911;3915;3906;3912;3915;3912;3913;0;0;0;47
$1;1;415000;2;0;1500;48032;35466;1718;459;0;3914;3911;3911;3915;3905;3912;3915;3912;3914;0;0;0;46
$1;1;416000;2;0;1498;48034;35465;1722;459;0;3914;3911;3911;3915;3906;3912;3915;3912;3913;0;0;0;37
$1;1;417000;2;0;1499;48032;35466;1727;458;0;3914;3911;3911;3915;3906;3912;3915;3912;3914;0;0;0;35
$1;1;418000;2;0;1498;48033;35467;1731;457;0;3914;3911;3911;3915;3906;3912;3915;3912;3914;0;0;0;37
$1;1;419000;2;0;1500;48032;35467;1735;457;0;3914;3911;3911;3915;3906;3912;3915;3912;3913;0;0;0;38
$1;1;420000;2;0;1501;48031;35468;1739;456;0;3914;3911;3911;3915;3906;3912;3915;3912;3914;0;0;0;43
$1;1;421000;2;0;1499;48030;35467;1743;456;0;3915;3911;3911;3915;3906;3912;3915;3912;3914;0;0;0;40
$1;1;422000;2;0;1499;48029;35468;1747;456;0;3915;3911;3911;3915;3906;3912;3915;3912;3914;0;0;0;40
$1;1;423000;2;0;1500;48028;35469;1752;456;0;3915;3911;3911;3915;3906;3912;3915;3912;3914;0;0;0;44
$1;1;424000;2;0;1500;48029;35469;1756;455;0;3915;3912;3911;3915;3906;3912;3915;3912;3914;0;0;0;46
$1;128;424000;304;115;14;12;12;14;10;12;15;13;13;0;0;0;35
$1;1;425000;2;0;1499;48028;35469;1760;455;0;3915;3912;3911;3915;3906;3913;3915;3912;3914;0;0;0;43
$1;1;426000;2;0;1499;48028;35469;1764;455;0;3915;3912;3911;3915;3906;3912;3915;3912;3914;0;0;0;45
$1;1;427000;2;0;1499;48029;35472;1768;454;0;3915;3912;3911;3915;3906;3913;3915;3912;3914;0;0;0;43
$1;1;428000;2;0;1499;48029;35471;1773;454;0;3915;3912;3911;3915;3906;3913;3915;3912;3914;0;0;0;45
$1;1;429000;2;0;1499;48030;35472;1777;453;0;3915;3912;3911;3916;3907;3913;3916;3912;3914;0;0;0;37
$1;1;430000;2;0;1499;48031;35473;1781;453;0;3915;3912;3911;3916;3906;3913;3916;3912;3914;0;0;0;37
$1;1;431000;2;0;1499;48031;35474;1785;452;0;3915;3912;3911;3916;3906;3913;3916;3912;3914;0;0;0;38
$1;1;432000;2;0;1501;48024;35474;1789;453;0;3915;3912;3911;3916;3906;3913;3916;3912;3914;0;0;0;44
$1;1;433000;2;0;1499;48027;35475;1793;452;0;3915;3912;3911;3916;3907;3913;3916;3912;3914;0;0;0;36
$1;1;434000;2;0;1501;48024;35476;1798;452;0;3915;3912;3911;3916;3907;3913;3916;3912;3914;0;0;0;40
$1;1;435000;2;0;1501;48024;35477;1802;452;0;3915;3912;3911;3916;3907;3913;3916;3912;3914;0;0;0;36
$1;1;436000;2;0;1499;48027;35476;1806;451;0;3915;3912;3911;3916;3906;3913;3916;3913;3914;0;0;0;34
$1;1;437000;2;0;1499;48025;35477;1810;451;0;3915;3912;3912;3916;3907;3913;3916;3912;3914;0;0;0;36
$1;1;438000;2;0;1462;48048;35465;1814;450;0;3915;3912;3911;3916;3906;3913;3915;3912;3914;0;0;0;35
$1;1;439000;2;0;1493;48031;35476;1818;450;0;3915;3912;3912;3916;3907;3913;3916;3912;3914;0;0;0;45
$1;1;440000;2;0;1501;48026;35479;1823;449;0;3916;3912;3911;3916;3907;3913;3916;3913;3914;0;0;0;33
$1;1;441000;2;0;1501;48027;35479;1827;448;0;3916;3912;3912;3916;3907;3913;3916;3913;3914;0;0;0;39
$1;1;442000;2;0;1500;48024;35479;1831;449;0;3916;3912;3912;3917;3907;3913;3916;3913;3914;0;0;0;33
$1;1;443000;2;0;1501;48022;35480;1835;449;0;3916;3912;3912;3916;3907;3913;3916;3913;3914;0;0;0;36
$1;1;444000;2;0;1499;48023;35479;1839;448;0;3916;3912;3912;3916;3907;3913;3916;3913;3914;0;0;0;41
$1;1;445000;2;0;1501;48022;35481;1843;448;0;3916;3912;3912;3916;3907;3913;3916;3913;3914;0;0;0;35
$1;1;446000;2;0;1501;48021;35482;1848;448;0;3916;3912;3912;3916;3907;3913;3916;3913;3915;0;0;0;42
$1;1;447000;2;0;1501;48021;35481;1852;448;0;3916;3913;3912;3916;3907;3913;3916;3913;3914;0;0;0;35
$1;1;448000;2;0;1499;48023;35481;1856;447;0;3916;3912;3912;3916;3907;3913;3916;3913;3915;0;0;0;37
$1;1;449000;2;0;1499;48023;35482;1860;447;0;3916;3912;3912;3916;3907;3913;3916;3913;3914;0;0;0;35
$1;1;450000;2;0;1499;48022;35482;1864;446;0;3916;3913;3912;3916;3907;3913;3916;3913;3914;0;0;0;46
$1;1;451000;2;0;1500;48022;35484;1868;446;0;3916;3913;3912;3916;3907;3913;3916;3913;3914;0;0;0;36
$1;1;452000;2;0;1499;48022;35484;1873;445;0;3916;3913;3912;3916;3907;3914;3916;3913;3915;0;0;0;41
$1;1;453000;2;0;1499;48024;35483;1877;445;0;3916;3913;3912;3916;3907;3914;3916;3913;3914;0;0;0;44
$1;1;454000;2;0;1499;48019;35484;1881;446;0;3916;3913;3912;3916;3908;3914;3917;3913;3915;0;0;0;39
$1;1;455000;2;0;1500;48019;35485;1885;446;0;3916;3913;3912;3916;3908;3914;3917;3913;3915;0;0;0;34
$1;1;456000;2;0;1500;48019;35485;1889;446;0;3916;3913;3912;3916;3908;3914;3917;3913;3915;0;0;0;45
$1;1;457000;2;0;1499;48019;35485;1893;446;0;3917;3913;3912;3917;3908;3914;3917;3913;3915;0;0;0;38
$1;1;458000;2;0;1500;48019;35486;1898;446;0;3917;3913;3912;3917;3908;3914;3917;3913;3915;0;0;0;32
$1;1;459000;2;0;1498;48019;35486;1902;445;0;3917;3913;3912;3917;3908;3914;3917;3913;3915;0;0;0;32
$1;1;460000;2;0;1500;48020;35487;1906;445;0;3917;3913;3913;3917;3908;3914;3917;3913;3915;0;0;0;36
$1;1;461000;2;0;1501;48019;35488;1910;445;0;3917;3913;3913;3917;3908;3914;3917;3914;3915;0;0;0;33
$1;1;462000;2;0;1498;48020;35488;1914;445;0;3917;3913;3913;3917;3908;3914;3917;3914;3915;0;0;0;45
$1;1;463000;2;0;1500;48019;35488;1918;445;0;3917;3913;3913;3917;3908;3914;3917;3913;3915;0;0;0;45
$1;1;464000;2;0;1499;48021;35488;1923;445;0;3917;3913;3913;3917;3908;3914;3917;3914;3915;0;0;0;47
$1;1;465000;2;0;1500;48017;35489;1927;446;0;3917;3914;3913;3917;3908;3914;3917;3914;3915;0;0;0;43
$1;1;466000;2;0;1499;48016;35489;1931;446;0;3917;3913;3913;3917;3908;3914;3917;3914;3915;0;0;0;40
$1;1;467000;2;0;1501;48015;35489;1935;446;0;3917;3914;3913;3917;3908;3914;3917;3914;3916;0;0;0;42
$1;1;468000;2;0;1501;48015;35490;1939;446;0;3917;3914;3913;3917;3908;3914;3917;3914;3915;0;0;0;34
$1;1;469000;2;0;1498;48019;35490;1943;446;0;3917;3914;3913;3917;3908;3914;3917;3914;3916;0;0;0;32
$1;1;470000;2;0;1500;48017;35491;1948;446;0;3917;3913;3913;3917;3908;3915;3917;3914;3916;0;0;0;42
$1;1;471000;2;0;1500;48016;35491;1952;445;0;3917;3914;3913;3917;3908;3915;3917;3914;3916;0;0;0;37
$1;1;472000;2;0;1499;48018;35491;1956;445;0;3917;3914;3913;3917;3908;3914;3917;3914;3916;0;0;0;44
$1;1;473000;2;0;1501;48018;35492;1960;445;0;3917;3914;3913;3918;3908;3915;3917;3914;3916;0;0;0;37
$1;1;474000;2;0;1499;48017;35493;1964;445;0;3917;3914;3913;3917;3909;3915;3917;3914;3916;0;0;0;38
$1;1;475000;2;0;1501;48019;35494;1969;445;0;3917;3914;3913;3918;3908;3915;3917;3914;3916;0;0;0;45
$1;1;476000;2;0;1501;48015;35494;1973;445;0;3917;3914;3914;3918;3909;3915;3918;3914;3916;0;0;0;32
$1;1;477000;2;0;1499;48014;35494;1977;446;0;3917;3914;3913;3918;3908;3915;3918;3914;3916;0;0;0;33
$1;1;478000;2;0;1499;48014;35495;1981;446;0;3918;3914;3913;3918;3909;3915;3918;3914;3916;0;0;0;40
$1;1;479000;2;0;1501;48012;35495;1985;446;0;3917;3914;3913;3918;3909;3915;3918;3914;3916;0;0;0;36
$1;1;480000;2;0;1498;48015;35495;1989;445;0;3918;3914;3914;3918;3909;3915;3918;3914;3916;0;0;0;35
$1;1;481000;2;0;1500;48015;35496;1994;445;0;3918;3914;3914;3918;3909;3915;3918;3914;3916;0;0;0;45
$1;1;482000;2;0;1499;48015;35497;1998;445;0;3918;3914;3914;3918;3909;3915;3918;3914;3916;0;0;0;34
$1;1;483000;2;0;1499;48016;35498;2002;445;0;3918;3914;3914;3918;3909;3915;3918;3915;3916;0;0;0;39
$1;1;484000;2;0;1500;48015;35498;2006;445;0;3918;3914;3914;3918;3909;3915;3918;3915;3916;0;0;0;38
$1;128;484000;304;115;15;12;12;14;10;12;14;13;13;0;0;0;41
$1;1;485000;2;0;1500;48016;35499;2010;444;0;3918;3914;3914;3918;3909;3915;3918;3915;3916;0;0;0;35
$1;1;486000;2;0;1498;48016;35498;2014;444;0;3918;3914;3914;3918;3909;3915;3918;3915;3916;0;0;0;37
$1;1;487000;2;0;1499;48017;35499;2018;444;0;3918;3915;3914;3918;3909;3915;3918;3915;3916;0;0;0;40
$1;1;488000;2;0;1501;48011;35499;2023;445;0;3918;3915;3914;3918;3909;3915;3918;3915;3917;0;0;0;41
$1;1;489000;2;0;1498;48012;35499;2027;445;0;3918;3914;3914;3918;3909;3915;3918;3915;3917;0;0;0;47
$1;1;490000;2;0;1498;48013;35500;2031;445;0;3918;3914;3914;3918;3909;3915;3918;3915;3917;0;0;0;32
$1;1;491000;2;0;1498;48013;35500;2035;445;0;3918;3915;3914;3918;3909;3916;3918;3915;3917;0;0;0;39
$1;1;492000;2;0;1500;48012;35501;2039;445;0;3918;3915;3914;3919;3909;3915;3918;3915;3917;0;0;0;42
$1;1;493000;2;0;1499;48013;35501;2044;444;0;3918;3915;3914;3919;3909;3916;3919;3915;3917;0;0;0;34
$1;1;494000;2;0;1498;48012;35501;2048;444;0;3918;3915;3914;3919;3909;3916;3918;3915;3917;0;0;0;40
$1;1;495000;2;0;1500;48012;35502;2052;444;0;3919;3915;3914;3919;3910;3916;3919;3915;3917;0;0;0;41
$1;1;496000;2;0;1498;48013;35502;2056;444;0;3919;3915;3914;3919;3910;3915;3919;3915;3917;0;0;0;44
$1;1;497000;2;0;1501;48011;35503;2060;443;0;3919;3915;3914;3919;3910;3916;3919;3915;3917;0;0;0;46
$1;1;498000;2;0;1498;48014;35502;2064;443;0;3919;3915;3914;3919;3910;3915;3919;3915;3917;0;0;0;35
$1;1;499000;2;0;1499;48011;35502;2069;444;0;3919;3915;3914;3919;3910;3916;3919;3915;3917;0;0;0;47
$1;1;500000;2;0;1498;48011;35502;2073;444;0;3919;3915;3915;3919;3910;3916;3919;3915;3917;0;0;0;37
$1;1;501000;2;0;1498;48011;35503;2077;444;0;3919;3915;3915;3919;3910;3916;3919;3915;3917;0;0;0;33
$1;1;502000;2;0;1501;48009;35504;2081;444;0;3919;3915;3915;3919;3910;3916;3919;3915;3918;0;0;0;43
$1;1;503000;2;0;1500;48010;35505;2085;443;0;3919;3915;3915;3919;3910;3916;3919;3915;3917;0;0;0;46
$1;1;504000;2;0;1498;48011;35504;2089;443;0;3919;3915;3915;3919;3910;3916;3919;3916;3917;0;0;0;38
$1;1;505000;2;0;1499;48010;35505;2094;443;0;3919;3915;3915;3919;3910;3916;3919;3916;3917;0;0;0;42
$1;1;506000;2;0;1501;48009;35506;2098;443;0;3919;3915;3915;3919;3910;3916;3919;3916;3917;0;0;0;46
$1;1;507000;2;0;1499;48011;35506;2102;443;0;3919;3915;3915;3919;3910;3916;3919;3916;3918;0;0;0;43
$1;1;508000;2;0;1499;48011;35507;2106;442;0;3919;3915;3915;3919;3910;3916;3919;3916;3918;0;0;0;32
$1;1;509000;2;0;1500;48011;35508;2110;442;0;3919;3915;3915;3919;3910;3916;3919;3916;3918;0;0;0;40
$1;1;510000;2;0;1499;48011;35508;2114;442;0;3919;3916;3915;3919;3910;3916;3919;3916;3918;0;0;0;38
$1;1;511000;2;0;1499;48009;35507;2119;442;0;3919;3915;3915;3919;3910;3916;3919;3916;3918;0;0;0;47
$1;1;512000;2;0;1498;48008;35507;2123;442;0;3919;3915;3915;3919;3910;3916;3919;3916;3917;0;0;0;42
$1;1;513000;2;0;1500;48006;35509;2127;442;0;3919;3915;3915;3919;3910;3916;3919;3916;3918;0;0;0;32
$1;1;514000;2;0;1499;48008;35509;2131;442;0;3919;3916;3915;3919;3911;3916;3919;3916;3918;0;0;0;45
$1;1;515000;2;0;1499;48009;35509;2135;442;0;3919;3916;3915;3919;3911;3916;3919;3916;3918;0;0;0;41
$1;1;516000;2;0;1499;48008;35510;2139;441;0;3919;3916;3915;3919;3911;3917;3920;3916;3918;0;0;0;39
$1;1;517000;2;0;1501;48008;35510;2144;441;0;3919;3916;3915;3920;3911;3917;3919;3916;3918;0;0;0;44
$1;1;518000;2;0;1499;48009;35510;2148;441;0;3919;3916;3915;3919;3911;3917;3920;3916;3918;0;0;0;46
$1;1;519000;2;0;1498;48011;35511;2152;440;0;3919;3916;3915;3920;3911;3917;3920;3916;3918;0;0;0;38
$1;1;520000;2;0;1499;48010;35513;2156;440;0;3920;3916;3915;3920;3911;3917;3920;3916;3919;0;0;0;33
$1;1;521000;2;0;1499;48009;35513;2160;440;0;3920;3916;3915;3920;3911;3917;3920;3916;3918;0;0;0;44
$1;1;522000;2;0;1499;48010;35512;2164;440;0;3920;3916;3915;3920;3911;3917;3920;3916;3919;0;0;0;35
$1;1;523000;2;0;1499;48006;35512;2169;440;0;3919;3916;3915;3920;3911;3917;3920;3916;3918;0;0;0;35
$1;1;524000;2;0;1500;48004;35513;2173;440;0;3920;3916;3915;3920;3911;3917;3920;3916;3918;0;0;0;39
$1;1;525000;2;0;1500;48005;35513;2177;440;0;3920;3916;3916;3920;3911;3917;3920;3916;3918;0;0;0;32
$1;1;526000;2;0;1499;48005;35513;2181;440;0;3920;3916;3915;3920;3911;3917;3920;3916;3919;0;0;0;41
$1;1;527000;2;0;1500;48004;35513;2185;439;0;3920;3916;3915;3920;3911;3917;3920;3917;3918;0;0;0;34
$1;1;528000;2;0;1499;48006;35514;2189;439;0;3920;3916;3916;3920;3911;3917;3920;3917;3918;0;0;0;38
$1;1;529000;2;0;1500;48005;35514;2194;439;0;3920;3916;3916;3920;3911;3917;3920;3917;3919;0;0;0;40
$1;1;530000;2;0;1501;48003;35515;2198;439;0;3920;3916;3916;3920;3911;3917;3920;3917;3919;0;0;0;42
$1;1;531000;2;0;1499;48005;35516;2202;438;0;3920;3916;3916;3920;3911;3917;3920;3917;3919;0;0;0;47
$1;1;532000;2;0;1499;48006;35516;2206;438;0;3920;3917;3916;3920;3911;3917;3920;3917;3919;0;0;0;42
$1;1;533000;2;0;1500;48006;35516;2210;438;0;3920;3917;3916;3920;3911;3917;3920;3917;3919;0;0;0;45
$1;1;534000;2;0;1500;48005;35517;2215;438;0;3920;3917;3916;3920;3911;3917;3920;3917;3919;0;0;0;45
$1;1;535000;2;0;1500;48001;35517;2219;438;0;3920;3917;3916;3920;3912;3917;3920;3917;3919;0;0;0;39
$1;1;536000;2;0;1499;48002;35517;2223;438;0;3920;3916;3916;3920;3912;3917;3920;3917;3919;0;0;0;46
$1;1;537000;2;0;1499;48002;35518;2227;438;0;3920;3917;3916;3920;3912;3917;3920;3917;3919;0;0;0;37
$1;1;538000;2;0;1498;48002;35518;2231;438;0;3920;3917;3916;3920;3912;3917;3920;3917;3919;0;0;0;44
$1;1;539000;2;0;1500;48001;35519;2235;438;0;3920;3917;3916;3921;3912;3917;3920;3917;3919;0;0;0;42
$1;1;540000;2;0;1499;48002;35520;2240;437;0;3920;3917;3916;3921;3912;3917;3920;3917;3919;0;0;0;33
$1;1;541000;2;0;1499;48003;35520;2244;437;0;3920;3917;3916;3921;3912;3918;3920;3917;3919;0;0;0;42
$1;1;542000;2;0;1503;48000;35522;2248;437;0;3920;3917;3916;3921;3912;3918;3921;3917;3919;0;0;0;39
$1;1;543000;2;0;1501;48001;35521;2252;437;0;3920;3917;3916;3921;3912;3918;3921;3917;3919;0;0;0;45
$1;1;544000;2;0;1501;48003;35522;2256;436;0;3921;3917;3916;3921;3912;3918;3921;3917;3920;0;0;0;37
$1;128;544000;309;116;14;12;12;14;10;13;14;13;14;0;0;0;45
$1;1;545000;2;0;1501;48002;35523;2260;436;0;3921;3917;3916;3921;3912;3918;3921;3917;3920;0;0;0;33
$1;1;546000;2;0;1501;48003;35523;2265;435;0;3921;3917;3917;3921;3912;3918;3921;3917;3920;0;0;0;36
$1;1;547000;2;0;1501;48001;35524;2269;436;0;3921;3917;3917;3921;3912;3918;3921;3917;3920;0;0;0;47
$1;1;548000;2;0;1499;48001;35524;2273;436;0;3921;3917;3917;3921;3912;3918;3921;3917;3920;0;0;0;43
$1;1;549000;2;0;1500;48001;35525;2277;436;0;3921;3917;3917;3921;3912;3918;3921;3918;3920;0;0;0;33
$1;1;550000;2;0;1498;48001;35524;2281;436;0;3921;3917;3917;3921;3912;3918;3921;3918;3920;0;0;0;33
$1;1;551000;2;0;1498;48003;35525;2285;435;0;3921;3917;3917;3921;3912;3918;3921;3918;3920;0;0;0;36
$1;1;552000;2;0;1500;48000;35525;2290;435;0;3921;3918;3917;3921;3912;3918;3921;3918;3920;0;0;0;47
$1;1;553000;2;0;1499;48002;35525;2294;435;0;3921;3917;3917;3921;3913;3918;3921;3918;3920;0;0;0;39
$1;1;554000;2;0;1498;48003;35526;2298;435;0;3921;3917;3917;3921;3913;3918;3921;3918;3920;0;0;0;47
$1;1;555000;2;0;1499;48001;35526;2302;434;0;3921;3918;3917;3921;3913;3919;3921;3918;3920;0;0;0;32
$1;1;556000;2;0;1499;48001;35527;2306;434;0;3921;3918;3917;3921;3912;3919;3921;3918;3920;0;0;0;39
$1;1;557000;2;0;1500;48002;35528;2310;434;0;3921;3918;3917;3921;3913;3918;3921;3918;3920;0;0;0;44
$1;1;558000;2;0;1499;48003;35528;2315;434;0;3921;3918;3917;3922;3913;3919;3921;3918;3920;0;0;0;36
$1;1;559000;2;0;1500;48001;35529;2319;434;0;3921;3918;3917;3922;3913;3919;3922;3918;3920;0;0;0;40
$1;1;560000;2;0;1498;47999;35529;2323;435;0;3921;3918;3917;3922;3913;3919;3921;3918;3920;0;0;0;46
$1;1;561000;2;0;1498;47999;35529;2327;435;0;3921;3918;3917;3922;3913;3919;3921;3918;3920;0;0;0;43
$1;1;562000;2;0;1501;47997;35531;2331;435;0;3921;3918;3917;3922;3913;3919;3921;3918;3920;0;0;0;41
$1;1;563000;2;0;1500;47998;35531;2335;434;0;3922;3918;3917;3922;3913;3919;3922;3918;3920;0;0;0;35
$1;1;564000;2;0;1499;47999;35531;2340;434;0;3922;3918;3917;3922;3913;3919;3922;3918;3920;0;0;0;38
$1;1;565000;2;0;1500;47998;35532;2344;434;0;3922;3918;3917;3922;3913;3919;3922;3918;3920;0;0;0;32
$1;1;566000;2;0;1501;47998;35533;2348;434;0;3922;3918;3917;3922;3913;3919;3922;3918;3920;0;0;0;47
$1;1;567000;2;0;1499;47998;35532;2352;434;0;3922;3918;3917;3922;3913;3919;3922;3918;3921;0;0;0;37
$1;1;568000;2;0;1501;47997;35534;2356;434;0;3922;3918;3918;3922;3913;3919;3922;3918;3920;0;0;0;41
$1;1;569000;2;0;1499;47999;35534;2361;433;0;3922;3918;3918;3922;3913;3919;3922;3919;3920;0;0;0;36
$1;1;570000;2;0;1501;47997;35535;2365;433;0;3922;3918;3918;3922;3913;3919;3922;3919;3921;0;0;0;38
$1;1;571000;2;0;1499;48002;35535;2369;433;0;3922;3918;3918;3922;3913;3919;3922;3919;3921;0;0;0;33
$1;1;572000;2;0;1500;47996;35536;2373;434;0;3922;3918;3918;3922;3913;3919;3922;3919;3921;0;0;0;39
$1;1;573000;2;0;1499;47996;35536;2377;434;0;3922;3919;3917;3922;3913;3919;3922;3919;3921;0;0;0;45
$1;1;574000;2;0;1500;47995;35537;2381;434;0;3922;3919;3918;3922;3914;3919;3922;3919;3921;0;0;0;40
$1;1;575000;2;0;1501;47995;35537;2386;434;0;3922;3918;3918;3922;3913;3920;3922;3919;3921;0;0;0;35
$1;1;576000;2;0;1498;47996;35537;2390;434;0;3922;3919;3918;3922;3913;3920;3922;3919;3921;0;0;0;36
$1;1;577000;2;0;1500;47995;35537;2394;434;0;3922;3918;3918;3922;3913;3920;3922;3919;3921;0;0;0;35
$1;1;578000;2;0;1500;47996;35537;2398;434;0;3922;3918;3918;3923;3914;3919;3922;3919;3921;0;0;0;47
$1;1;579000;2;0;1500;47996;35538;2402;434;0;3922;3919;3918;3922;3913;3920;3922;3919;3921;0;0;0;40
$1;1;580000;2;0;1500;47996;35538;2406;434;0;3922;3919;3918;3922;3913;3920;3922;3919;3921;0;0;0;42
$1;1;581000;2;0;1499;47996;35537;2411;433;0;3922;3919;3918;3922;3914;3920;3922;3919;3921;0;0;0;35
$1;1;582000;2;0;1499;47996;35539;2415;433;0;3922;3919;3918;3922;3914;3920;3922;3919;3921;0;0;0;42
$1;1;583000;2;0;1499;47997;35539;2419;433;0;3922;3919;3918;3922;3914;3920;3922;3919;3921;0;0;0;38
$1;1;584000;2;0;1500;47996;35540;2423;433;0;3922;3919;3919;3923;3914;3920;3922;3919;3921;0;0;0;38
$1;1;585000;2;0;1499;47994;35540;2427;435;0;3922;3919;3918;3923;3914;3920;3922;3919;3921;0;0;0;39
$1;1;586000;2;0;1499;47994;35541;2431;435;0;3922;3919;3918;3923;3914;3920;3922;3919;3921;0;0;0;34
$1;1;587000;2;0;1499;47994;35541;2436;435;0;3922;3919;3918;3922;3914;3920;3923;3919;3921;0;0;0;36
$1;1;588000;2;0;1501;47994;35541;2440;435;0;3923;3919;3919;3922;3914;3920;3922;3919;3921;0;0;0;43
$1;1;589000;2;0;1501;47994;35541;2444;436;0;3922;3919;3919;3922;3914;3920;3923;3920;3921;0;0;0;39
$1;1;590000;2;0;1500;47994;35541;2448;436;0;3922;3919;3919;3923;3914;3920;3923;3920;3921;0;0;0;35
$1;1;591000;2;0;1498;47995;35542;2452;436;0;3923;3919;3919;3923;3914;3920;3923;3920;3921;0;0;0;42
$1;1;592000;2;0;1499;47995;35543;2456;436;0;3923;3919;3919;3923;3914;3920;3923;3920;3921;0;0;0;45
$1;1;593000;2;0;1500;47995;35544;2461;437;0;3923;3919;3919;3923;3914;3920;3923;3920;3922;0;0;0;44
$1;1;594000;2;0;1500;47994;35545;2465;437;0;3923;3920;3919;3923;3914;3921;3923;3920;3922;0;0;0;36
$1;1;595000;2;0;1500;47994;35545;2469;437;0;3923;3920;3919;3923;3914;3921;3923;3920;3922;0;0;0;41
$1;1;596000;2;0;1499;47996;35545;2473;437;0;3923;3919;3919;3923;3914;3920;3923;3920;3922;0;0;0;41
$1;1;597000;2;0;1500;47992;35545;2477;438;0;3923;3920;3919;3923;3914;3921;3923;3920;3922;0;0;0;45
$1;1;598000;2;0;1499;47993;35545;2481;439;0;3923;3920;3919;3923;3914;3921;3923;3920;3922;0;0;0;42
$1;1;599000;2;0;1501;47992;35547;2486;439;0;3923;3919;3919;3923;3914;3921;3923;3920;3922;0;0;0;37
$1;1;600000;2;0;1501;47991;35547;2490;439;0;3923;3920;3919;3923;3915;3921;3923;3920;3922;0;0;0;41
$1;1;601000;2;0;1499;47992;35547;2494;440;0;3923;3920;3919;3923;3914;3921;3923;3920;3922;0;0;0;32
$1;1;602000;2;0;1500;47992;35548;2498;440;0;3923;3920;3920;3923;3915;3921;3923;3920;3922;0;0;0;42
$1;1;603000;2;0;1500;47992;35548;2502;440;0;3923;3920;3919;3923;3915;3921;3923;3920;3922;0;0;0;35
$1;1;604000;2;0;1498;47995;35548;2506;440;0;3923;3920;3919;3923;3915;3921;3923;3920;3922;0;0;0;39
$1;128;604000;304;114;14;12;11;14;10;12;14;13;14;0;0;0;39
$1;1;605000;2;0;1501;47993;35549;2511;441;0;3923;3920;3920;3923;3915;3921;3923;3920;3922;0;0;0;45
$1;1;606000;2;0;1501;47992;35549;2515;441;0;3923;3920;3920;3924;3915;3921;3923;3920;3922;0;0;0;44
$1;1;607000;2;0;1498;47994;35549;2519;441;0;3923;3920;3919;3924;3915;3921;3923;3921;3922;0;0;0;45
$1;1;608000;2;0;1500;47994;35549;2523;441;0;3923;3920;3920;3924;3915;3921;3924;3920;3922;0;0;0;39
$1;1;609000;2;0;1499;47995;35550;2527;441;0;3923;3920;3920;3924;3915;3921;3924;3920;3922;0;0;0;42
$1;1;610000;2;0;1488;47997;35547;2532;442;0;3923;3920;3919;3924;3915;3921;3924;3920;3922;0;0;0;43
$1;1;611000;2;0;1498;47992;35550;2536;443;0;3923;3920;3920;3924;3915;3921;3924;3921;3922;0;0;0;38
$1;1;612000;2;0;1499;47991;35551;2540;443;0;3924;3920;3920;3924;3915;3921;3924;3921;3922;0;0;0;32
$1;1;613000;2;0;1501;47989;35553;2544;443;0;3924;3920;3920;3924;3915;3921;3924;3921;3922;0;0;0;46
$1;1;614000;2;0;1501;47991;35553;2548;443;0;3924;3920;3920;3924;3915;3921;3924;3921;3923;0;0;0;45
$1;1;615000;2;0;1498;47993;35552;2552;443;0;3924;3920;3920;3924;3915;3921;3924;3921;3922;0;0;0;36
$1;1;616000;2;0;1501;47990;35554;2557;443;0;3924;3921;3920;3924;3915;3921;3924;3921;3922;0;0;0;39
$1;1;617000;2;0;1499;47992;35555;2561;443;0;3924;3920;3920;3924;3916;3922;3924;3921;3923;0;0;0;32
$1;1;618000;2;0;1500;47991;35555;2565;443;0;3924;3921;3920;3925;3915;3921;3924;3921;3923;0;0;0;41
$1;1;619000;2;0;1499;47991;35555;2569;443;0;3924;3921;3920;3925;3915;3922;3924;3921;3923;0;0;0;38
$1;1;620000;2;0;1500;47994;35555;2573;443;0;3924;3921;3920;3924;3915;3922;3924;3921;3923;0;0;0;34
$1;1;621000;2;0;1500;47989;35556;2577;444;0;3924;3921;3920;3925;3915;3922;3924;3921;3923;0;0;0;46
$1;1;622000;2;0;1498;47990;35556;2582;444;0;3924;3921;3920;3925;3915;3922;3924;3921;3923;0;0;0;47
$1;1;623000;2;0;1501;47987;35557;2586;444;0;3924;3921;3920;3925;3916;3922;3924;3921;3923;0;0;0;47
$1;1;624000;2;0;1500;47989;35557;2590;444;0;3924;3921;3920;3925;3915;3922;3924;3921;3923;0;0;0;35
$1;1;625000;2;0;1501;47988;35558;2594;443;0;3924;3921;3920;3925;3916;3922;3924;3921;3923;0;0;0;45
$1;1;626000;2;0;1499;47989;35558;2598;443;0;3924;3921;3920;3925;3916;3922;3925;3921;3923;0;0;0;34
$1;1;627000;2;0;1500;47989;35559;2602;443;0;3924;3921;3920;3925;3916;3922;3925;3921;3923;0;0;0;35
$1;1;628000;2;0;1500;47989;35560;2607;443;0;3925;3921;3920;3925;3916;3922;3925;3921;3923;0;0;0;34
$1;1;629000;2;0;1501;47990;35561;2611;443;0;3925;3921;3921;3925;3916;3922;3925;3921;3923;0;0;0;45
$1;1;630000;2;0;1499;47990;35560;2615;443;0;3925;3921;3921;3925;3916;3922;3925;3922;3923;0;0;0;35
$1;1;631000;2;0;1498;47990;35560;2619;442;0;3925;3921;3921;3925;3916;3922;3925;3922;3923;0;0;0;46
$1;1;632000;2;0;1500;47988;35561;2623;443;0;3925;3921;3921;3925;3916;3922;3925;3922;3924;0;0;0;42
$1;1;633000;2;0;1499;47987;35561;2627;443;0;3925;3921;3921;3925;3916;3922;3925;3922;3923;0;0;0;38
$1;1;634000;2;0;1498;47987;35561;2632;443;0;3925;3921;3920;3925;3916;3922;3925;3922;3923;0;0;0;37
$1;1;635000;2;0;1500;47986;35561;2636;443;0;3925;3921;3921;3925;3916;3922;3925;3922;3924;0;0;0;39
$1;1;636000;2;0;1498;47987;35561;2640;443;0;3925;3921;3921;3925;3916;3922;3925;3922;3924;0;0;0;36
$1;1;637000;2;0;1500;47987;35562;2644;443;0;3925;3922;3921;3925;3916;3922;3925;3922;3924;0;0;0;33
$1;1;638000;2;0;1500;47987;35563;2648;442;0;3925;3921;3921;3925;3916;3922;3925;3922;3924;0;0;0;33
$1;1;639000;2;0;1500;47986;35563;2652;442;0;3925;3921;3921;3925;3916;3922;3925;3922;3924;0;0;0;42
$1;1;640000;2;0;1499;47987;35563;2657;442;0;3925;3922;3921;3925;3916;3922;3925;3922;3924;0;0;0;34
$1;1;641000;2;0;1500;47987;35564;2661;442;0;3925;3922;3921;3925;3916;3922;3925;3922;3924;0;0;0;32
$1;1;642000;2;0;1499;47989;35565;2665;442;0;3925;3922;3921;3926;3916;3923;3925;3922;3924;0;0;0;43
$1;1;643000;2;0;1501;47987;35566;2669;441;0;3925;3922;3921;3926;3917;3923;3925;3922;3924;0;0;0;41
$1;1;644000;2;0;1499;47985;35564;2673;442;0;3925;3922;3921;3926;3917;3923;3925;3922;3924;0;0;0;38
$1;1;645000;2;0;1500;47984;35565;2677;442;0;3925;3922;3921;3926;3917;3923;3925;3922;3924;0;0;0;34
$1;1;646000;2;0;1501;47983;35566;2682;442;0;3925;3922;3921;3926;3917;3923;3926;3922;3924;0;0;0;45
$1;1;647000;2;0;1499;47984;35566;2686;442;0;3925;3922;3921;3926;3917;3923;3926;3922;3924;0;0;0;47
$1;1;648000;2;0;1500;47984;35567;2690;442;0;3925;3922;3921;3926;3917;3923;3926;3922;3924;0;0;0;39
$1;1;649000;2;0;1499;47985;35568;2694;442;0;3925;3922;3921;3926;3917;3923;3926;3922;3924;0;0;0;45
$1;1;650000;2;0;1499;47986;35568;2698;441;0;3925;3922;3921;3926;3917;3923;3926;3922;3924;0;0;0;41
$1;1;651000;2;0;1500;47986;35569;2702;441;0;3925;3922;3921;3926;3917;3923;3926;3922;3925;0;0;0;43
$1;1;652000;2;0;1499;47986;35569;2707;441;0;3926;3922;3921;3926;3917;3923;3926;3923;3924;0;0;0;47
$1;1;653000;2;0;1498;47985;35569;2711;441;0;3926;3922;3922;3926;3917;3923;3926;3922;3924;0;0;0;41
$1;1;654000;2;0;1500;47985;35570;2715;440;0;3926;3922;3922;3926;3917;3923;3926;3922;3925;0;0;0;34
$1;1;655000;2;0;1499;47987;35570;2719;440;0;3926;3922;3922;3926;3917;3923;3926;3923;3925;0;0;0;45
$1;1;656000;2;0;1501;47982;35570;2723;440;0;3926;3922;3922;3926;3917;3923;3926;3923;3925;0;0;0;34
$1;1;657000;2;0;1499;47982;35571;2727;440;0;3926;3922;3922;3926;3917;3923;3926;3923;3925;0;0;0;38
$1;1;658000;2;0;1500;47982;35571;2732;440;0;3926;3922;3922;3926;3917;3923;3926;3923;3925;0;0;0;44
$1;1;659000;2;0;1499;47984;35571;2736;440;0;3926;3922;3922;3926;3917;3923;3926;3923;3925;0;0;0;46
$1;1;660000;2;0;1500;47982;35572;2740;440;0;3926;3922;3922;3926;3918;3923;3926;3923;3925;0;0;0;46
$1;1;661000;2;0;1499;47983;35572;2744;440;0;3926;3922;3922;3926;3917;3923;3926;3923;3925;0;0;0;36
$1;1;662000;2;0;1499;47983;35572;2748;439;0;3926;3922;3922;3926;3917;3923;3926;3923;3925;0;0;0;37
$1;1;663000;2;0;1499;47982;35573;2753;439;0;3926;3923;3922;3926;3917;3923;3926;3923;3925;0;0;0;47
$1;1;664000;2;0;1501;47982;35573;2757;439;0;3926;3923;3922;3926;3918;3923;3926;3923;3925;0;0;0;35
$1;128;664000;308;115;14;12;12;14;10;12;14;13;14;0;0;0;47
$1;1;665000;2;0;1498;47984;35573;2761;439;0;3926;3923;3922;3926;3918;3924;3926;3923;3925;0;0;0;39
$1;1;666000;2;0;1501;47982;35574;2765;438;0;3926;3923;3922;3926;3918;3924;3926;3923;3925;0;0;0;33
$1;1;667000;2;0;1501;47983;35575;2769;438;0;3926;3923;3922;3926;3918;3924;3926;3923;3925;0;0;0;44
$1;1;668000;2;0;1499;47979;35574;2773;439;0;3926;3923;3922;3926;3918;3924;3926;3923;3925;0;0;0;45
$1;1;669000;2;0;1499;47979;35574;2777;439;0;3926;3923;3922;3926;3918;3924;3926;3923;3925;0;0;0;40
$1;1;670000;2;0;1499;47979;35575;2782;439;0;3926;3923;3922;3926;3918;3924;3927;3923;3925;0;0;0;42
$1;1;671000;2;0;1500;47979;35575;2786;438;0;3926;3923;3922;3927;3918;3924;3926;3923;3925;0;0;0;47
$1;1;672000;2;0;1499;47980;35576;2790;438;0;3926;3923;3923;3927;3918;3924;3927;3923;3926;0;0;0;44
$1;1;673000;2;0;1501;47978;35576;2794;438;0;3926;3923;3923;3927;3918;3924;3927;3924;3925;0;0;0;42
$1;1;674000;2;0;1498;47980;35576;2798;437;0;3927;3923;3923;3927;3918;3924;3927;3923;3926;0;0;0;45
$1;1;675000;2;0;1498;47981;35577;2803;437;0;3926;3923;3923;3927;3918;3924;3926;3923;3925;0;0;0;34
$1;1;676000;2;0;1500;47981;35578;2807;437;0;3927;3923;3923;3927;3918;3924;3927;3924;3926;0;0;0;46
$1;1;677000;2;0;1501;47979;35579;2811;437;0;3927;3923;3923;3927;3918;3924;3927;3924;3926;0;0;0;47
$1;1;678000;2;0;1500;47981;35578;2815;436;0;3927;3923;3923;3927;3918;3924;3927;3924;3926;0;0;0;34
$1;1;679000;2;0;1498;47982;35578;2819;436;0;3927;3923;3923;3927;3918;3924;3927;3924;3926;0;0;0;44
$1;1;680000;2;0;1498;47979;35579;2823;436;0;3927;3923;3923;3927;3919;3924;3927;3924;3926;0;0;0;39
$1;1;681000;2;0;1500;47978;35580;2828;437;0;3927;3923;3923;3927;3919;3924;3927;3924;3926;0;0;0;43
$1;1;682000;2;0;1501;47977;35580;2832;436;0;3927;3923;3923;3927;3918;3924;3927;3924;3926;0;0;0;45
$1;1;683000;2;0;1499;47978;35580;2836;436;0;3927;3923;3923;3927;3918;3924;3927;3924;3926;0;0;0;39
$1;1;684000;2;0;1499;47978;35581;2840;436;0;3927;3923;3923;3927;3918;3924;3927;3924;3926;0;0;0;32
$1;1;685000;2;0;1499;47979;35581;2844;436;0;3927;3924;3923;3927;3919;3924;3927;3924;3926;0;0;0;34
$1;1;686000;2;0;1501;47976;35582;2848;435;0;3927;3924;3923;3927;3919;3924;3927;3924;3926;0;0;0;34
$1;1;687000;2;0;1500;47977;35583;2853;435;0;3927;3924;3923;3927;3919;3924;3927;3924;3926;0;0;0;40
$1;1;688000;2;0;1498;47979;35583;2857;435;0;3927;3923;3923;3927;3919;3924;3927;3924;3926;0;0;0;42
$1;1;689000;2;0;1501;47977;35584;2861;435;0;3927;3924;3923;3927;3919;3925;3927;3924;3926;0;0;0;32
$1;1;690000;2;0;1498;47979;35584;2865;434;0;3927;3924;3923;3927;3919;3924;3927;3924;3926;0;0;0;35
$1;1;691000;2;0;1499;47979;35585;2869;434;0;3927;3924;3923;3928;3919;3925;3927;3924;3926;0;0;0;32
$1;1;692000;2;0;1500;47978;35585;2873;433;0;3927;3924;3924;3928;3919;3925;3927;3924;3926;0;0;0;40
$1;1;693000;2;0;1500;47974;35585;2877;434;0;3927;3924;3923;3928;3919;3925;3927;3924;3926;0;0;0;33
$1;1;694000;2;0;1499;47974;35585;2882;434;0;3927;3924;3923;3928;3919;3925;3928;3924;3926;0;0;0;34
$1;1;695000;2;0;1498;47976;35585;2886;434;0;3927;3924;3923;3927;3919;3925;3928;3924;3927;0;0;0;42
$1;1;696000;2;0;1500;47974;35585;2890;434;0;3927;3924;3924;3927;3919;3925;3928;3924;3927;0;0;0;43
$1;1;697000;2;0;1501;47974;35587;2894;434;0;3927;3924;3924;3928;3919;3925;3928;3924;3927;0;0;0;34
$1;1;698000;2;0;1500;47974;35586;2898;434;0;3927;3924;3924;3928;3919;3925;3928;3924;3927;0;0;0;33
$1;1;699000;2;0;1499;47975;35587;2902;433;0;3928;3924;3924;3928;3919;3925;3928;3925;3927;0;0;0;42
$1;1;700000;2;0;1500;47974;35588;2907;433;0;3928;3924;3924;3928;3919;3925;3928;3925;3927;0;0;0;33
$1;1;701000;2;0;1500;47975;35589;2911;433;0;3928;3924;3924;3928;3920;3925;3928;3925;3927;0;0;0;45
$1;1;702000;2;0;1500;47974;35589;2915;433;0;3928;3925;3924;3928;3920;3925;3928;3925;3927;0;0;0;42
$1;1;703000;2;0;1499;47976;35589;2919;432;0;3928;3924;3924;3928;3920;3925;3928;3925;3927;0;0;0;36
$1;1;704000;2;0;1498;47978;35589;2923;432;0;3928;3924;3924;3928;3920;3925;3928;3925;3927;0;0;0;37
$1;1;705000;2;0;1499;47975;35590;2927;432;0;3928;3924;3924;3928;3920;3925;3928;3925;3927;0;0;0;36
$1;1;706000;2;0;1500;47972;35590;2932;433;0;3928;3924;3924;3928;3920;3925;3928;3925;3927;0;0;0;36
$1;1;707000;2;0;1499;47971;35591;2936;433;0;3928;3925;3924;3928;3920;3925;3928;3925;3927;0;0;0;35
$1;1;708000;2;0;1500;47971;35592;2940;432;0;3928;3925;3924;3928;3920;3926;3928;3925;3927;0;0;0;45
$1;1;709000;2;0;1501;47971;35593;2944;432;0;3928;3925;3924;3928;3920;3926;3928;3925;3927;0;0;0;40
$1;1;710000;2;0;1501;47971;35593;2948;432;0;3928;3925;3924;3928;3920;3926;3928;3925;3927;0;0;0;44
$1;1;711000;2;0;1498;47972;35592;2952;432;0;3928;3925;3924;3929;3920;3926;3928;3925;3927;0;0;0;36
$1;1;712000;2;0;1501;47971;35594;2957;431;0;3928;3925;3924;3929;3920;3925;3928;3925;3927;0;0;0;38
$1;1;713000;2;0;1499;47973;35594;2961;431;0;3928;3925;3924;3929;3920;3925;3928;3925;3927;0;0;0;32
$1;1;714000;2;0;1500;47972;35595;2965;431;0;3928;3925;3925;3929;3920;3925;3928;3925;3927;0;0;0;35
$1;1;715000;2;0;1500;47972;35596;2969;431;0;3928;3925;3925;3929;3920;3926;3928;3925;3927;0;0;0;46
$1;1;716000;2;0;1500;47972;35596;2973;430;0;3928;3925;3924;3929;3920;3926;3928;3925;3927;0;0;0;38
$1;1;717000;2;0;1500;47972;35597;2978;430;0;3929;3925;3925;3929;3920;3926;3928;3925;3927;0;0;0;45
$1;1;718000;2;0;1499;47971;35597;2982;430;0;3929;3925;3924;3929;3920;3926;3928;3925;3927;0;0;0;36
$1;1;719000;2;0;1499;47969;35597;2986;431;0;3929;3925;3925;3929;3920;3926;3928;3925;3927;0;0;0;40
$1;1;720000;2;0;1500;47966;35597;2990;431;0;3929;3925;3925;3929;3920;3926;3929;3926;3927;0;0;0;41
$1;1;721000;2;0;1501;47960;35600;2994;431;0;3929;3925;3925;3929;3920;3926;3929;3925;3927;0;0;0;37
$1;1;722000;2;0;1500;47963;35600;2998;431;0;3929;3925;3925;3929;3920;3926;3929;3926;3928;0;0;0;36
$1;1;723000;2;0;1499;47965;35600;3003;431;0;3929;3925;3925;3929;3920;3926;3929;3926;3928;0;0;0;40
$1;1;724000;2;0;1499;47963;35600;3007;431;0;3929;3925;3925;3929;3921;3926;3929;3926;3928;0;0;0;44
$1;128;724000;305;114;14;12;11;14;10;12;14;13;14;0;0;0;37
$1;1;725000;2;0;1500;47964;35600;3011;430;0;3929;3925;3925;3929;3921;3926;3929;3926;3928;0;0;0;45
$1;1;726000;2;0;1499;47965;35601;3015;430;0;3929;3925;3925;3929;3921;3926;3929;3926;3928;0;0;0;43
$1;1;727000;2;0;1500;47964;35602;3019;430;0;3929;3925;3925;3930;3921;3926;3929;3926;3928;0;0;0;45
$1;1;728000;2;0;1499;47964;35602;3023;430;0;3929;3925;3925;3929;3921;3926;3929;3926;3928;0;0;0;34
$1;1;729000;2;0;1499;47964;35602;3028;430;0;3929;3925;3925;3929;3921;3926;3929;3926;3928;0;0;0;40
$1;1;730000;2;0;1499;47964;35602;3032;430;0;3929;3926;3925;3929;3921;3926;3929;3926;3928;0;0;0;40
$1;1;731000;2;0;1500;47963;35603;3036;430;0;3929;3926;3925;3930;3921;3926;3929;3926;3928;0;0;0;34
$1;1;732000;2;0;1499;47962;35603;3040;431;0;3929;3925;3925;3930;3921;3926;3929;3926;3928;0;0;0;34
$1;1;733000;2;0;1492;47966;35601;3044;431;0;3929;3926;3925;3929;3921;3926;3929;3926;3928;0;0;0;33
$1;1;734000;2;0;1500;47962;35604;3048;432;0;3929;3926;3925;3929;3921;3927;3929;3926;3928;0;0;0;35
$1;1;735000;2;0;1500;47963;35604;3053;432;0;3929;3926;3925;3930;3921;3927;3929;3926;3928;0;0;0;33
$1;1;736000;2;0;1465;47982;35593;3057;432;0;3929;3925;3925;3929;3921;3926;3929;3926;3928;0;0;0;44
$1;1;737000;2;0;1495;47965;35603;3061;432;0;3929;3926;3925;3930;3921;3927;3929;3926;3928;0;0;0;46
$1;1;738000;2;0;1498;47963;35604;3065;432;0;3929;3926;3925;3930;3921;3927;3929;3926;3928;0;0;0;41
$1;1;739000;2;0;1500;47962;35605;3069;432;0;3930;3926;3925;3930;3921;3927;3929;3926;3928;0;0;0;44
$1;1;740000;2;0;1500;47963;35607;3073;432;0;3930;3926;3926;3930;3921;3927;3930;3926;3928;0;0;0;33
$1;1;741000;2;0;1500;47963;35607;3077;432;0;3930;3926;3925;3930;3921;3927;3930;3926;3928;0;0;0;39
$1;1;742000;2;0;1500;47963;35608;3082;432;0;3930;3926;3925;3930;3921;3927;3930;3926;3928;0;0;0;33
$1;1;743000;2;0;1500;47963;35608;3086;432;0;3930;3926;3925;3930;3921;3927;3930;3927;3929;0;0;0;36
$1;1;744000;2;0;1500;47960;35608;3090;433;0;3930;3926;3926;3930;3921;3927;3930;3927;3928;0;0;0;36
$1;1;745000;2;0;1455;47986;35594;3094;433;0;3929;3926;3925;3929;3921;3926;3929;3926;3928;0;0;0;37
$1;1;746000;2;0;1496;47963;35607;3098;434;0;3930;3926;3926;3930;3921;3927;3930;3927;3929;0;0;0;42
$1;1;747000;2;0;1499;47960;35609;3103;434;0;3930;3926;3926;3930;3921;3927;3930;3927;3929;0;0;0;42
$1;1;748000;2;0;1498;47960;35609;3107;434;0;3930;3926;3926;3930;3921;3927;3930;3927;3929;0;0;0;32
$1;1;749000;2;0;1501;47959;35610;3111;434;0;3930;3926;3926;3930;3922;3927;3930;3927;3929;0;0;0;38
$1;1;750000;2;0;1499;47959;35610;3115;434;0;3930;3926;3926;3930;3922;3927;3930;3927;3929;0;0;0;42
$1;1;751000;2;0;1500;47959;35611;3119;434;0;3930;3926;3926;3931;3922;3927;3930;3927;3929;0;0;0;38
$1;1;752000;2;0;1499;47961;35611;3123;434;0;3930;3926;3926;3931;3922;3927;3930;3927;3929;0;0;0;38
$1;1;753000;2;0;1499;47962;35611;3127;434;0;3930;3927;3926;3931;3922;3927;3930;3927;3929;0;0;0;33
$1;1;754000;2;0;1499;47960;35612;3132;434;0;3930;3927;3926;3931;3922;3927;3930;3927;3929;0;0;0;35
$1;1;755000;2;0;1499;47962;35613;3136;433;0;3930;3927;3926;3931;3922;3928;3930;3927;3929;0;0;0;45
$1;1;756000;2;0;1501;47959;35613;3140;433;0;3930;3927;3926;3931;3922;3928;3930;3927;3929;0;0;0;39
$1;1;757000;2;0;1500;47958;35613;3144;434;0;3930;3927;3926;3931;3922;3928;3930;3927;3929;0;0;0;37
$1;1;758000;2;0;1501;47956;35614;3148;434;0;3930;3927;3926;3931;3922;3928;3930;3927;3929;0;0;0;46
$1;1;759000;2;0;1499;47957;35613;3153;434;0;3930;3927;3926;3931;3922;3928;3930;3927;3929;0;0;0;35
$1;1;760000;2;0;1499;47958;35614;3157;434;0;3931;3927;3926;3931;3922;3928;3930;3927;3929;0;0;0;36
$1;1;761000;2;0;1500;47957;35615;3161;434;0;3931;3927;3926;3931;3922;3928;3931;3927;3929;0;0;0;46
$1;1;762000;2;0;1499;47958;35615;3165;434;0;3931;3927;3926;3931;3922;3928;3931;3927;3930;0;0;0;47
$1;1;763000;2;0;1499;47959;35615;3169;434;0;3931;3927;3926;3931;3922;3928;3931;3927;3929;0;0;0;43
$1;1;764000;2;0;1499;47959;35616;3173;434;0;3931;3927;3927;3931;3922;3928;3931;3928;3929;0;0;0;42
$1;1;765000;2;0;1500;47959;35617;3178;434;0;3931;3927;3926;3931;3922;3928;3931;3928;3929;0;0;0;33
$1;1;766000;2;0;1500;47957;35617;3182;434;0;3931;3927;3926;3931;3922;3928;3931;3928;3929;0;0;0;41
$1;1;767000;2;0;1497;47960;35617;3186;434;0;3931;3927;3927;3931;3922;3928;3931;3928;3929;0;0;0;38
$1;1;768000;2;0;1500;47958;35617;3190;433;0;3931;3927;3927;3931;3922;3928;3931;3928;3929;0;0;0;45
$1;1;769000;2;0;1499;47957;35617;3194;433;0;3931;3927;3927;3931;3922;3928;3931;3928;3930;0;0;0;46
$1;1;770000;2;0;1499;47955;35618;3198;434;0;3931;3927;3927;3931;3922;3928;3931;3928;3929;0;0;0;40
$1;1;771000;2;0;1500;47955;35619;3203;434;0;3931;3927;3927;3931;3923;3928;3931;3928;3930;0;0;0;33
$1;1;772000;2;0;1499;47956;35619;3207;434;0;3931;3927;3927;3931;3923;3928;3931;3928;3930;0;0;0;36
$1;1;773000;2;0;1498;47955;35618;3211;434;0;3931;3927;3927;3932;3923;3928;3931;3928;3930;0;0;0;34
$1;1;774000;2;0;1501;47954;35619;3215;434;0;3931;3927;3927;3931;3923;3928;3931;3928;3930;0;0;0;35
$1;1;775000;2;0;1499;47955;35620;3219;434;0;3931;3928;3927;3932;3923;3928;3931;3928;3930;0;0;0;41
$1;1;776000;2;0;1498;47955;35620;3224;434;0;3931;3928;3927;3932;3923;3929;3931;3928;3930;0;0;0;36
$1;1;777000;2;0;1500;47955;35620;3228;433;0;3931;3928;3927;3931;3923;3929;3931;3928;3930;0;0;0;45
$1;1;778000;2;0;1501;47955;35621;3232;433;0;3931;3928;3927;3932;3923;3929;3931;3928;3930;0;0;0;42
$1;1;779000;2;0;1498;47957;35621;3236;433;0;3931;3928;3927;3932;3923;3929;3931;3928;3930;0;0;0;44
$1;1;780000;2;0;1500;47957;35621;3240;433;0;3931;3928;3927;3932;3923;3929;3931;3928;3930;0;0;0;43
$1;1;781000;2;0;1498;47957;35621;3244;432;0;3931;3928;3927;3932;3923;3929;3931;3928;3930;0;0;0;47
$1;1;782000;2;0;1499;47954;35621;3249;433;0;3931;3928;3927;3932;3923;3929;3931;3928;3930;0;0;0;34
$1;1;783000;2;0;1498;47953;35621;3253;433;0;3931;3928;3927;3932;3923;3929;3931;3928;3930;0;0;0;46
$1;1;784000;2;0;1499;47953;35622;3257;433;0;3932;3928;3927;3932;3923;3929;3931;3929;3930;0;0;0;45
$1;128;784000;304;114;14;12;11;14;10;12;14;13;14;0;0;0;46
$1;1;785000;2;0;1499;47954;35622;3261;433;0;3931;3928;3927;3932;3923;3929;3931;3928;3930;0;0;0;44
$1;1;786000;2;0;1499;47955;35622;3265;433;0;3932;3928;3928;3932;3923;3929;3931;3928;3931;0;0;0;39
$1;1;787000;2;0;1491;47957;35621;3270;433;0;3932;3928;3927;3932;3923;3929;3931;3928;3930;0;0;0;37
$1;1;788000;2;0;1499;47954;35623;3274;432;0;3932;3928;3928;3932;3924;3929;3932;3929;3930;0;0;0;44
$1;1;789000;2;0;1500;47954;35624;3278;432;0;3932;3928;3928;3932;3924;3929;3932;3929;3931;0;0;0;38
$1;1;790000;2;0;1498;47955;35624;3282;431;0;3932;3928;3928;3932;3924;3929;3932;3929;3931;0;0;0;41
$1;1;791000;2;0;1501;47953;35625;3286;431;0;3932;3928;3928;3932;3924;3929;3932;3929;3931;0;0;0;42
$1;1;792000;2;0;1500;47953;35625;3290;431;0;3932;3928;3928;3932;3924;3929;3932;3929;3931;0;0;0;47
$1;1;793000;2;0;1501;47954;35626;3295;430;0;3932;3928;3928;3932;3924;3929;3932;3929;3931;0;0;0;47
$1;1;794000;2;0;1501;47954;35627;3299;430;0;3932;3929;3928;3932;3924;3929;3932;3929;3931;0;0;0;36
$1;1;795000;2;0;1500;47951;35626;3303;430;0;3932;3929;3928;3932;3924;3929;3932;3929;3931;0;0;0;34
$1;1;796000;2;0;1499;47950;35627;3307;430;0;3932;3928;3928;3932;3924;3929;3932;3929;3931;0;0;0;37
$1;1;797000;2;0;1500;47950;35627;3311;430;0;3932;3929;3928;3932;3924;3929;3932;3929;3931;0;0;0;35
$1;1;798000;2;0;1501;47950;35627;3316;430;0;3932;3929;3928;3932;3924;3929;3932;3929;3931;0;0;0;42
$1;1;799000;2;0;1500;47950;35628;3320;429;0;3932;3929;3928;3932;3924;3929;3932;3929;3931;0;0;0;40
$1;1;800000;2;0;1500;47950;35627;3324;429;0;3932;3929;3928;3932;3924;3930;3932;3929;3931;0;0;0;36
$1;1;801000;2;0;1499;47951;35627;3328;428;0;3932;3929;3928;3932;3924;3929;3932;3929;3931;0;0;0;32
$1;1;802000;2;0;1499;47951;35629;3332;428;0;3932;3929;3928;3933;3924;3930;3932;3929;3931;0;0;0;47
$1;1;803000;2;0;1500;47950;35629;3336;428;0;3932;3929;3928;3932;3924;3930;3932;3929;3931;0;0;0;43
$1;1;804000;2;0;1499;47953;35630;3341;427;0;3932;3929;3928;3933;3924;3930;3932;3929;3931;0;0;0;40
$1;1;805000;2;0;1467;47970;35620;3344;427;0;3932;3929;3928;3932;3924;3929;3932;3929;3931;0;0;0;36
$1;1;806000;2;0;1495;47954;35628;3348;426;0;3932;3929;3928;3932;3924;3930;3932;3929;3931;0;0;0;33
$1;1;807000;2;0;1500;47952;35630;3352;426;0;3933;3929;3929;3933;3924;3930;3932;3929;3931;0;0;0;40
$1;1;808000;2;0;1501;47949;35631;3356;426;0;3933;3929;3929;3933;3925;3930;3932;3929;3931;0;0;0;40
$1;1;809000;2;0;1499;47950;35630;3360;426;0;3933;3929;3929;3933;3924;3930;3932;3929;3931;0;0;0;36
$1;1;810000;2;0;1499;47948;35631;3365;426;0;3933;3929;3929;3933;3925;3930;3932;3930;3932;0;0;0;43
$1;1;811000;2;0;1500;47948;35632;3369;426;0;3933;3929;3929;3933;3925;3930;3932;3930;3932;0;0;0;36
$1;1;812000;2;0;1500;47948;35633;3373;426;0;3933;3929;3929;3933;3925;3930;3932;3929;3932;0;0;0;37
$1;1;813000;2;0;1500;47948;35633;3377;426;0;3933;3929;3929;3933;3925;3930;3932;3930;3932;0;0;0;40
$1;1;814000;2;0;1499;47948;35632;3381;425;0;3933;3929;3929;3933;3925;3930;3932;3930;3932;0;0;0;37
$1;1;815000;2;0;1500;47948;35633;3385;425;0;3933;3929;3929;3933;3925;3930;3933;3930;3932;0;0;0;33
$1;1;816000;2;0;1501;47948;35634;3390;425;0;3933;3929;3929;3933;3925;3930;3933;3930;3932;0;0;0;32
$1;1;817000;2;0;1501;47948;35634;3394;424;0;3933;3930;3929;3933;3925;3930;3932;3930;3932;0;0;0;45
$1;1;818000;2;0;1498;47949;35634;3398;424;0;3933;3929;3929;3933;3925;3930;3933;3930;3932;0;0;0;39
$1;1;819000;2;0;1501;47949;35635;3402;424;0;3933;3929;3929;3933;3925;3930;3933;3930;3932;0;0;0;34
$1;1;820000;2;0;1501;47949;35635;3406;423;0;3933;3930;3929;3933;3925;3930;3933;3930;3932;0;0;0;35
$1;1;821000;2;0;1499;47948;35635;3410;423;0;3933;3930;3929;3933;3925;3930;3933;3930;3932;0;0;0;36
$1;1;822000;2;0;1498;47946;35635;3415;423;0;3933;3929;3929;3933;3925;3930;3933;3930;3932;0;0;0;37
$1;1;823000;2;0;1500;47945;35636;3419;424;0;3933;3930;3929;3933;3925;3930;3933;3930;3932;0;0;0;39
$1;1;824000;2;0;1499;47944;35635;3423;424;0;3933;3930;3929;3933;3925;3930;3933;3930;3932;0;0;0;42
$1;1;825000;2;0;1501;47946;35637;3427;423;0;3933;3930;3929;3933;3925;3931;3933;3930;3933;0;0;0;40
$1;1;826000;2;0;1499;47946;35636;3431;423;0;3933;3930;3929;3933;3926;3930;3933;3930;3933;0;0;0;47
$1;1;827000;2;0;1500;47947;35637;3435;423;0;3933;3930;3929;3933;3925;3931;3933;3930;3932;0;0;0;40
$1;1;828000;2;0;1500;47945;35638;3440;422;0;3933;3930;3929;3933;3926;3931;3933;3930;3932;0;0;0;42
$1;1;829000;2;0;1500;47945;35638;3444;422;0;3933;3930;3929;3933;3925;3931;3933;3930;3932;0;0;0;44
$1;1;830000;2;0;1500;47946;35638;3448;422;0;3933;3930;3929;3933;3926;3931;3933;3930;3932;0;0;0;40
$1;1;831000;2;0;1500;47945;35640;3452;421;0;3934;3930;3930;3933;3926;3931;3933;3930;3933;0;0;0;35
$1;1;832000;2;0;1499;47946;35640;3456;421;0;3934;3930;3930;3934;3926;3931;3933;3930;3933;0;0;0;33
$1;1;833000;2;0;1498;47946;35640;3460;421;0;3934;3930;3929;3934;3926;3931;3933;3930;3933;0;0;0;44
$1;1;834000;2;0;1500;47945;35640;3465;420;0;3934;3930;3929;3934;3926;3931;3933;3930;3933;0;0;0;44
$1;1;835000;2;0;1499;47946;35640;3469;420;0;3934;3930;3930;3934;3926;3931;3933;3930;3933;0;0;0;43
$1;1;836000;2;0;1500;47942;35641;3473;420;0;3934;3930;3930;3934;3926;3931;3933;3931;3933;0;0;0;38
$1;1;837000;2;0;1501;47942;35642;3477;421;0;3934;3930;3930;3934;3926;3931;3933;3931;3933;0;0;0;32
$1;1;838000;2;0;1499;47942;35642;3481;421;0;3934;3930;3930;3934;3926;3931;3933;3931;3933;0;0;0;38
$1;1;839000;2;0;1498;47942;35642;3485;420;0;3934;3930;3930;3934;3926;3931;3933;3931;3933;0;0;0;35
$1;1;840000;2;0;1499;47942;35643;3490;420;0;3934;3930;3930;3934;3926;3931;3933;3931;3933;0;0;0;41
$1;1;841000;2;0;1499;47941;35644;3494;420;0;3934;3931;3930;3934;3926;3931;3933;3931;3933;0;0;0;41
$1;1;842000;2;0;1498;47943;35644;3498;420;0;3934;3930;3930;3934;3926;3931;3933;3931;3933;0;0;0;36
$1;1;843000;2;0;1500;47940;35645;3502;419;0;3934;3930;3930;3934;3926;3931;3933;3931;3933;0;0;0;47
$1;1;844000;2;0;1501;47941;35645;3506;419;0;3934;3931;3930;3934;3926;3931;3934;3931;3933;0;0;0;42
$1;1;845000;2;0;1499;47941;35645;3510;419;0;3934;3931;3930;3934;3926;3931;3933;3931;3933;0;0;0;43
$1;128;845000;305;113;14;12;11;13;10;12;14;13;14;0;0;0;45
$1;1;846000;2;0;1501;47940;35646;3515;418;0;3934;3931;3930;3934;3926;3931;3934;3931;3933;0;0;0;41
$1;1;847000;2;0;1500;47943;35647;3519;418;0;3935;3931;3930;3934;3926;3932;3934;3931;3933;0;0;0;37
$1;1;848000;2;0;1500;47942;35647;3523;418;0;3935;3931;3930;3934;3926;3932;3934;3931;3933;0;0;0;34
$1;1;849000;2;0;1500;47942;35647;3527;418;0;3935;3931;3930;3934;3926;3932;3934;3931;3934;0;0;0;32
$1;1;850000;2;0;1501;47939;35647;3531;418;0;3935;3931;3930;3934;3926;3931;3934;3931;3934;0;0;0;33
$1;1;851000;2;0;1499;47939;35647;3535;418;0;3935;3931;3930;3934;3926;3932;3934;3931;3934;0;0;0;39
$1;1;852000;2;0;1501;47938;35648;3540;418;0;3935;3931;3930;3934;3927;3932;3934;3931;3933;0;0;0;46
$1;1;853000;2;0;1500;47938;35648;3544;418;0;3935;3931;3931;3934;3927;3932;3934;3931;3933;0;0;0;43
$1;1;854000;2;0;1501;47938;35649;3548;418;0;3935;3931;3930;3934;3927;3932;3934;3931;3934;0;0;0;38
$1;1;855000;2;0;1501;47937;35649;3552;418;0;3935;3931;3931;3934;3927;3932;3934;3931;3933;0;0;0;37
$1;1;856000;2;0;1501;47938;35650;3556;418;0;3935;3931;3931;3934;3927;3932;3934;3931;3934;0;0;0;34
$1;1;857000;2;0;1491;47944;35647;3560;418;0;3935;3931;3931;3934;3927;3932;3934;3931;3934;0;0;0;35
$1;1;858000;2;0;1500;47938;35650;3565;418;0;3935;3931;3931;3934;3927;3932;3934;3932;3934;0;0;0;46
$1;1;859000;2;0;1500;47938;35651;3569;418;0;3935;3931;3931;3934;3927;3932;3934;3932;3934;0;0;0;34
$1;1;860000;2;0;1454;47965;35637;3573;417;0;3934;3931;3930;3934;3926;3932;3934;3931;3933;0;0;0;33
$1;1;861000;2;0;1496;47942;35650;3577;418;0;3935;3931;3931;3934;3927;3932;3934;3932;3934;0;0;0;36
$1;1;862000;2;0;1499;47939;35652;3581;418;0;3935;3931;3931;3934;3927;3932;3934;3932;3934;0;0;0;47
$1;1;863000;2;0;1501;47938;35653;3585;418;0;3935;3931;3931;3934;3927;3932;3934;3932;3934;0;0;0;42
$1;1;864000;2;0;1483;47950;35647;3590;418;0;3935;3931;3931;3934;3927;3932;3934;3932;3934;0;0;0;41
$1;1;865000;2;0;1499;47938;35652;3594;419;0;3935;3931;3931;3934;3927;3932;3935;3932;3934;0;0;0;45
$1;1;866000;2;0;1498;47938;35652;3598;419;0;3935;3931;3931;3934;3927;3932;3934;3932;3934;0;0;0;34
$1;1;867000;2;0;1498;47937;35652;3602;419;0;3935;3931;3931;3934;3927;3932;3935;3932;3934;0;0;0;45
$1;1;868000;2;0;1500;47936;35654;3606;419;0;3935;3932;3931;3934;3927;3932;3935;3932;3934;0;0;0;34
$1;1;869000;2;0;1499;47937;35654;3610;420;0;3935;3931;3931;3934;3927;3933;3935;3932;3934;0;0;0;44
$1;1;870000;2;0;1500;47936;35654;3615;420;0;3935;3931;3931;3934;3927;3933;3935;3932;3934;0;0;0;33
$1;1;871000;2;0;1498;47937;35654;3619;420;0;3936;3932;3931;3934;3927;3933;3935;3932;3934;0;0;0;45
$1;1;872000;2;0;1499;47938;35656;3623;420;0;3936;3932;3931;3935;3927;3933;3935;3932;3934;0;0;0;42
$1;1;873000;2;0;1498;47938;35656;3627;420;0;3936;3932;3931;3935;3927;3933;3935;3932;3934;0;0;0;46
$1;1;874000;2;0;1499;47938;35656;3631;420;0;3936;3932;3931;3935;3927;3933;3935;3932;3934;0;0;0;47
$1;1;875000;2;0;1477;47953;35650;3635;420;0;3935;3932;3931;3934;3927;3933;3935;3932;3934;0;0;0;35
$1;1;876000;2;0;1498;47939;35657;3639;421;0;3936;3932;3931;3935;3927;3933;3935;3933;3934;0;0;0;36
$1;1;877000;2;0;1499;47938;35657;3644;421;0;3936;3932;3932;3935;3927;3933;3935;3933;3935;0;0;0;45
$1;1;878000;2;0;1501;47938;35657;3648;421;0;3936;3932;3932;3935;3927;3933;3935;3933;3934;0;0;0;47
$1;1;879000;2;0;1499;47936;35657;3652;421;0;3936;3932;3932;3935;3928;3933;3935;3933;3934;0;0;0;36
$1;1;880000;2;0;1500;47934;35658;3656;422;0;3936;3932;3932;3935;3927;3933;3935;3933;3934;0;0;0;38
$1;1;881000;2;0;1500;47935;35659;3660;422;0;3936;3932;3932;3935;3928;3933;3935;3933;3935;0;0;0;44
$1;1;882000;2;0;1498;47935;35659;3664;423;0;3936;3932;3932;3935;3928;3933;3935;3933;3935;0;0;0;42
$1;1;883000;2;0;1498;47936;35660;3669;423;0;3936;3932;3932;3935;3928;3933;3936;3933;3935;0;0;0;44
$1;1;884000;2;0;1499;47936;35660;3673;423;0;3936;3932;3932;3935;3928;3933;3935;3933;3935;0;0;0;34
$1;1;885000;2;0;1499;47935;35660;3677;423;0;3936;3932;3932;3935;3928;3933;3936;3933;3935;0;0;0;39
$1;1;886000;2;0;1499;47936;35661;3681;423;0;3936;3932;3932;3935;3928;3933;3936;3933;3935;0;0;0;47
$1;1;887000;2;0;1501;47935;35661;3685;423;0;3936;3933;3932;3935;3928;3933;3936;3933;3935;0;0;0;40
$1;1;888000;2;0;1500;47935;35662;3690;423;0;3936;3933;3932;3935;3928;3933;3936;3933;3935;0;0;0;33
$1;1;889000;2;0;1499;47935;35662;3694;423;0;3936;3933;3932;3935;3928;3934;3936;3933;3935;0;0;0;34
$1;1;890000;2;0;1500;47935;35664;3698;423;0;3937;3933;3932;3935;3928;3933;3936;3933;3935;0;0;0;39
$1;1;891000;2;0;1499;47937;35664;3702;423;0;3937;3933;3932;3935;3928;3934;3936;3933;3935;0;0;0;32
$1;1;892000;2;0;1500;47932;35665;3706;424;0;3937;3933;3932;3935;3928;3934;3936;3933;3935;0;0;0;37
$1;1;893000;2;0;1501;47932;35664;3710;425;0;3937;3933;3932;3935;3928;3934;3936;3933;3935;0;0;0;34
$1;1;894000;2;0;1499;47933;35664;3714;425;0;3937;3933;3932;3935;3928;3934;3936;3933;3935;0;0;0;32
$1;1;895000;2;0;1500;47933;35665;3719;425;0;3937;3933;3932;3935;3928;3934;3936;3933;3935;0;0;0;44
$1;1;896000;2;0;1500;47933;35666;3723;425;0;3937;3933;3932;3936;3928;3934;3936;3934;3936;0;0;0;34
$1;1;897000;2;0;1466;47953;35655;3726;425;0;3936;3933;3932;3935;3928;3933;3936;3933;3935;0;0;0;32
$1;1;898000;2;0;1497;47935;35665;3730;426;0;3937;3933;3932;3936;3928;3934;3936;3934;3936;0;0;0;39
$1;1;899000;2;0;1501;47933;35667;3734;426;0;3937;3933;3933;3936;3928;3934;3936;3934;3936;0;0;0;41
$1;1;900000;2;0;1500;47935;35667;3739;426;0;3937;3933;3933;3936;3928;3934;3936;3934;3936;0;0;0;34
$1;1;901000;2;0;1499;47933;35668;3743;426;0;3937;3933;3933;3936;3928;3934;3936;3934;3935;0;0;0;37
$1;1;902000;2;0;1500;47933;35668;3747;426;0;3937;3933;3933;3936;3929;3934;3937;3934;3936;0;0;0;32
$1;1;903000;2;0;1499;47934;35669;3751;426;0;3937;3933;3933;3936;3929;3934;3937;3934;3936;0;0;0;33
$1;1;904000;2;0;1500;47933;35669;3755;426;0;3937;3933;3933;3936;3929;3934;3937;3934;3936;0;0;0;36
$1;1;905000;2;0;1498;47935;35669;3760;426;0;3937;3934;3933;3936;3929;3934;3937;3934;3936;0;0;0;34
$1;128;905000;303;114;14;12;11;14;10;12;14;13;14;0;0;0;46
$1;1;906000;2;0;1501;47930;35670;3764;427;0;3937;3933;3933;3936;3929;3934;3937;3934;3936;0;0;0;47
$1;1;907000;2;0;1498;47932;35670;3768;427;0;3937;3934;3933;3936;3929;3934;3937;3934;3936;0;0;0;38
$1;1;908000;2;0;1499;47931;35670;3772;427;0;3937;3934;3933;3937;3929;3934;3937;3934;3936;0;0;0;33
$1;1;909000;2;0;1500;47931;35670;3776;428;0;3937;3934;3933;3936;3929;3934;3937;3934;3936;0;0;0;43
$1;1;910000;2;0;1500;47931;35672;3780;427;0;3937;3934;3933;3937;3929;3935;3937;3934;3936;0;0;0;39
$1;1;911000;2;0;1500;47931;35672;3784;427;0;3937;3934;3933;3937;3929;3934;3937;3934;3936;0;0;0;35
$1;1;912000;2;0;1498;47933;35672;3789;427;0;3938;3934;3933;3937;3929;3934;3937;3934;3936;0;0;0;32
$1;1;913000;2;0;1500;47931;35673;3793;427;0;3937;3934;3933;3937;3929;3935;3937;3934;3936;0;0;0;39
$1;1;914000;2;0;1500;47931;35673;3797;427;0;3938;3934;3933;3937;3929;3935;3937;3934;3936;0;0;0;43
$1;1;915000;2;0;1500;47931;35674;3801;427;0;3938;3934;3933;3937;3929;3935;3937;3934;3936;0;0;0;45
$1;1;916000;2;0;1499;47931;35675;3805;426;0;3938;3934;3933;3937;3929;3935;3937;3934;3936;0;0;0;43
$1;1;917000;2;0;1498;47931;35674;3809;426;0;3938;3934;3934;3937;3929;3935;3937;3934;3936;0;0;0;33
$1;1;918000;2;0;1499;47933;35675;3814;426;0;3938;3934;3933;3937;3929;3935;3937;3935;3936;0;0;0;38
$1;1;919000;2;0;1501;47929;35676;3818;426;0;3938;3934;3933;3937;3930;3935;3937;3935;3937;0;0;0;42
$1;1;920000;2;0;1501;47926;35677;3822;426;0;3938;3934;3933;3937;3929;3935;3937;3934;3936;0;0;0;47
$1;1;921000;2;0;1499;47928;35677;3826;426;0;3938;3934;3934;3937;3930;3935;3937;3935;3937;0;0;0;43
$1;1;922000;2;0;1500;47927;35677;3830;426;0;3938;3934;3933;3937;3929;3935;3937;3935;3936;0;0;0;47
$1;1;923000;2;0;1499;47927;35677;3834;426;0;3938;3934;3934;3937;3930;3935;3937;3935;3937;0;0;0;37
$1;1;924000;2;0;1502;47925;35678;3839;425;0;3938;3934;3934;3937;3930;3935;3937;3935;3936;0;0;0;35
$1;1;925000;2;0;1499;47928;35678;3843;425;0;3938;3934;3934;3937;3930;3935;3938;3935;3937;0;0;0;47
$1;1;926000;2;0;1500;47927;35679;3847;425;0;3938;3934;3934;3938;3930;3935;3938;3935;3937;0;0;0;40
$1;1;927000;2;0;1500;47928;35680;3851;424;0;3938;3934;3934;3938;3930;3935;3938;3935;3937;0;0;0;38
$1;1;928000;2;0;1499;47928;35680;3855;424;0;3938;3935;3934;3938;3930;3935;3937;3935;3937;0;0;0;34
$1;1;929000;2;0;1500;47928;35680;3859;424;0;3938;3935;3934;3938;3930;3935;3938;3935;3937;0;0;0;33
$1;1;930000;2;0;1501;47927;35681;3864;423;0;3938;3934;3934;3938;3930;3935;3938;3935;3937;0;0;0;46
$1;1;931000;2;0;1500;47928;35681;3868;423;0;3938;3935;3934;3938;3930;3935;3938;3935;3937;0;0;0;44
$1;1;932000;2;0;1500;47928;35681;3872;422;0;3938;3935;3934;3938;3930;3935;3938;3935;3937;0;0;0;37
$1;1;933000;2;0;1501;47924;35681;3876;423;0;3938;3935;3934;3938;3930;3936;3938;3935;3937;0;0;0;47
$1;1;934000;2;0;1500;47923;35682;3880;423;0;3938;3935;3934;3938;3930;3935;3938;3935;3938;0;0;0;40
$1;1;935000;2;0;1499;47925;35682;3884;422;0;3938;3935;3934;3938;3930;3935;3938;3935;3937;0;0;0;36
$1;1;936000;2;0;1501;47923;35682;3889;422;0;3938;3935;3934;3938;3930;3935;3938;3935;3937;0;0;0;44
$1;1;937000;2;0;1499;47925;35682;3893;422;0;3938;3935;3934;3938;3930;3936;3938;3935;3937;0;0;0;35
$1;1;938000;2;0;1499;47925;35682;3897;421;0;3939;3935;3934;3938;3930;3936;3938;3935;3937;0;0;0;42
$1;1;939000;2;0;1501;47923;35683;3901;421;0;3939;3935;3934;3938;3931;3936;3938;3935;3938;0;0;0;44
$1;1;940000;2;0;1499;47925;35682;3905;421;0;3939;3935;3934;3938;3931;3936;3938;3935;3937;0;0;0;46
$1;1;941000;2;0;1499;47924;35683;3909;420;0;3939;3935;3934;3938;3930;3936;3938;3936;3937;0;0;0;32
$1;1;942000;2;0;1498;47925;35684;3914;420;0;3939;3935;3935;3938;3931;3936;3938;3936;3937;0;0;0;40
$1;1;943000;2;0;1498;47924;35684;3918;420;0;3939;3935;3934;3938;3931;3936;3938;3936;3937;0;0;0;37
$1;1;944000;2;0;1501;47922;35685;3922;419;0;3939;3935;3935;3938;3931;3936;3938;3936;3938;0;0;0;41
$1;1;945000;2;0;1499;47924;35685;3926;419;0;3939;3935;3934;3938;3931;3936;3938;3936;3938;0;0;0;43
$1;1;946000;2;0;1500;47924;35685;3930;418;0;3939;3936;3934;3938;3931;3936;3938;3936;3938;0;0;0;44
$1;1;947000;2;0;1499;47923;35685;3934;419;0;3939;3936;3935;3938;3931;3936;3938;3936;3938;0;0;0;47
$1;1;948000;2;0;1499;47921;35685;3939;419;0;3939;3935;3935;3938;3931;3936;3938;3936;3938;0;0;0;44
$1;1;949000;2;0;1498;47921;35685;3943;419;0;3939;3935;3935;3938;3931;3936;3938;3936;3938;0;0;0;33
$1;1;950000;2;0;1501;47921;35686;3947;418;0;3939;3935;3935;3938;3931;3936;3938;3936;3938;0;0;0;46
$1;1;951000;2;0;1499;47920;35687;3951;418;0;3939;3935;3935;3938;3931;3936;3938;3936;3938;0;0;0;40
$1;1;952000;2;0;1498;47922;35687;3955;418;0;3939;3936;3935;3938;3931;3936;3938;3936;3938;0;0;0;47
$1;1;953000;2;0;1501;47921;35688;3959;418;0;3939;3936;3935;3938;3931;3936;3938;3936;3938;0;0;0;47
$1;1;954000;2;0;1498;47921;35688;3964;417;0;3939;3936;3935;3939;3931;3936;3938;3936;3938;0;0;0;41
$1;1;955000;2;0;1500;47922;35689;3968;417;0;3939;3936;3935;3939;3931;3936;3938;3936;3938;0;0;0;38
$1;1;956000;2;0;1501;47921;35689;3972;417;0;3939;3936;3935;3938;3931;3936;3939;3936;3938;0;0;0;44
$1;1;957000;2;0;1499;47921;35690;3976;416;0;3939;3936;3935;3939;3931;3936;3939;3936;3938;0;0;0;33
$1;1;958000;2;0;1499;47921;35689;3980;416;0;3939;3936;3935;3939;3931;3936;3938;3936;3938;0;0;0;46
$1;1;959000;2;0;1499;47921;35690;3984;416;0;3939;3936;3935;3939;3931;3936;3939;3936;3938;0;0;0;34
$1;1;960000;2;0;1499;47921;35691;3988;416;0;3939;3936;3935;3939;3931;3936;3939;3936;3938;0;0;0;37
$1;1;961000;2;0;1500;47921;35692;3993;415;0;3940;3936;3935;3939;3932;3937;3939;3936;3938;0;0;0;35
$1;1;962000;2;0;1500;47919;35692;3997;416;0;3939;3936;3935;3939;3932;3937;3939;3936;3938;0;0;0;34
$1;1;963000;2;0;1499;47917;35692;4001;416;0;3940;3936;3935;3939;3932;3937;3939;3936;3938;0;0;0;35
$1;1;964000;2;0;1498;47918;35693;4005;416;0;3940;3936;3935;3939;3932;3937;3939;3936;3938;0;0;0;47
$1;1;965000;2;0;1500;47918;35694;4009;416;0;3940;3936;3935;3939;3932;3937;3939;3937;3938;0;0;0;36
$1;128;965000;302;114;14;12;11;14;10;12;14;13;14;0;0;0;41
$1;1;966000;2;0;1499;47918;35694;4013;415;0;3940;3936;3935;3939;3932;3937;3939;3937;3939;0;0;0;47
$1;1;967000;2;0;1498;47920;35694;4018;415;0;3940;3936;3935;3939;3932;3937;3939;3937;3939;0;0;0;47
$1;1;968000;2;0;1501;47917;35694;4022;415;0;3940;3936;3935;3939;3932;3937;3939;3937;3939;0;0;0;44
$1;1;969000;2;0;1499;47918;35694;4026;415;0;3940;3936;3936;3939;3932;3937;3939;3937;3939;0;0;0;37
$1;1;970000;2;0;1501;47917;35695;4030;414;0;3940;3936;3935;3939;3932;3937;3939;3937;3939;0;0;0;38
$1;1;971000;2;0;1501;47917;35695;4034;414;0;3940;3937;3936;3939;3932;3937;3939;3937;3939;0;0;0;33
$1;1;972000;2;0;1499;47919;35696;4038;414;0;3940;3937;3936;3939;3932;3937;3939;3937;3939;0;0;0;35
$1;1;973000;2;0;1499;47919;35696;4043;413;0;3940;3937;3936;3939;3932;3937;3939;3937;3939;0;0;0;41
$1;1;974000;2;0;1500;47918;35696;4047;413;0;3940;3937;3936;3939;3932;3937;3939;3937;3939;0;0;0;42
$1;1;975000;2;0;1500;47917;35698;4051;413;0;3940;3937;3936;3940;3932;3937;3939;3937;3939;0;0;0;35
$1;1;976000;2;0;1501;47917;35698;4055;413;0;3940;3937;3936;3940;3932;3937;3939;3937;3939;0;0;0;37
$1;1;977000;2;0;1500;47915;35698;4059;413;0;3940;3937;3936;3940;3932;3937;3940;3937;3939;0;0;0;37
$1;1;978000;2;0;1499;47916;35698;4063;413;0;3940;3937;3936;3940;3932;3937;3939;3937;3939;0;0;0;47
$1;1;979000;2;0;1500;47914;35699;4068;413;0;3940;3937;3936;3940;3932;3937;3939;3937;3939;0;0;0;39
$1;1;980000;2;0;1500;47913;35699;4072;413;0;3940;3937;3936;3940;3932;3937;3939;3937;3939;0;0;0;45
$1;1;981000;2;0;1499;47914;35699;4076;413;0;3940;3937;3936;3940;3932;3937;3939;3937;3939;0;0;0;46
$1;1;982000;2;0;1500;47914;35701;4080;413;0;3940;3937;3936;3940;3933;3938;3940;3937;3939;0;0;0;37
$1;1;983000;2;0;1501;47913;35701;4084;412;0;3940;3937;3936;3940;3933;3938;3940;3937;3939;0;0;0;39
$1;1;984000;2;0;1499;47915;35701;4088;412;0;3941;3937;3936;3940;3933;3938;3940;3937;3939;0;0;0;43
$1;1;985000;2;0;1499;47914;35701;4093;412;0;3941;3937;3936;3940;3933;3938;3940;3937;3939;0;0;0;33
$1;1;986000;2;0;1499;47914;35702;4097;412;0;3941;3937;3936;3940;3933;3937;3940;3938;3940;0;0;0;43
$1;1;987000;2;0;1501;47914;35704;4101;411;0;3941;3937;3936;3940;3933;3938;3940;3937;3940;0;0;0;33
$1;1;988000;2;0;1501;47913;35704;4105;411;0;3941;3937;3936;3940;3933;3938;3940;3938;3940;0;0;0;34
$1;1;989000;2;0;1499;47914;35703;4109;411;0;3941;3937;3936;3940;3933;3938;3940;3938;3940;0;0;0;47
$1;1;990000;2;0;1500;47914;35704;4114;411;0;3941;3937;3936;3940;3933;3938;3940;3938;3939;0;0;0;35
$1;1;991000;2;0;1499;47914;35705;4118;410;0;3941;3937;3936;3940;3933;3938;3940;3938;3940;0;0;0;33
$1;1;992000;2;0;1501;47914;35706;4122;410;0;3941;3937;3937;3941;3933;3938;3940;3938;3940;0;0;0;40
$1;1;993000;2;0;1499;47913;35706;4126;411;0;3941;3937;3937;3941;3933;3938;3940;3938;3940;0;0;0;43
$1;1;994000;2;0;1500;47911;35706;4130;411;0;3941;3937;3937;3941;3933;3938;3940;3938;3940;0;0;0;40
$1;1;995000;2;0;1498;47912;35706;4134;411;0;3941;3937;3937;3941;3933;3938;3940;3938;3940;0;0;0;46
$1;1;996000;2;0;1499;47911;35706;4139;411;0;3941;3937;3937;3941;3933;3938;3940;3938;3940;0;0;0;34
$1;1;997000;2;0;1500;47910;35707;4143;410;0;3941;3937;3937;3941;3933;3938;3940;3938;3940;0;0;0;46
$1;1;998000;2;0;1500;47911;35708;4147;410;0;3941;3938;3937;3941;3933;3938;3940;3938;3940;0;0;0;36
$1;1;999000;2;0;1499;47912;35708;4151;410;0;3941;3937;3937;3941;3933;3938;3940;3938;3940;0;0;0;47
$1;1;1000000;2;0;1498;47913;35708;4155;410;0;3941;3938;3937;3941;3933;3938;3940;3938;3940;0;0;0;28
$1;1;1001000;2;0;1500;47910;35709;4159;409;0;3942;3938;3937;3941;3934;3938;3940;3938;3940;0;0;0;31
$1;1;1002000;2;0;1501;47911;35711;4164;409;0;3942;3938;3937;3941;3933;3938;3940;3938;3940;0;0;0;28
$1;1;1003000;2;0;1499;47911;35710;4168;409;0;3942;3938;3937;3941;3934;3938;3940;3938;3940;0;0;0;23
$1;1;1004000;2;0;1500;47912;35711;4172;409;0;3942;3938;3937;3941;3934;3939;3940;3938;3940;0;0;0;25
$1;1;1005000;2;0;1500;47912;35711;4176;408;0;3942;3938;3937;3941;3934;3938;3941;3938;3940;0;0;0;29
$1;1;1006000;2;0;1500;47911;35712;4180;408;0;3942;3938;3937;3941;3934;3939;3940;3938;3940;0;0;0;23
$1;1;1007000;2;0;1500;47912;35712;4184;408;0;3942;3938;3937;3942;3934;3939;3941;3938;3940;0;0;0;19
$1;1;1008000;2;0;1500;47910;35712;4189;408;0;3942;3938;3937;3941;3934;3939;3941;3938;3940;0;0;0;16
$1;1;1009000;2;0;1498;47909;35713;4193;408;0;3942;3938;3937;3942;3934;3939;3941;3938;3940;0;0;0;16
$1;1;1010000;2;0;1499;47908;35714;4197;408;0;3942;3938;3937;3942;3934;3939;3941;3938;3941;0;0;0;26
$1;1;1011000;2;0;1498;47908;35714;4201;408;0;3942;3938;3938;3942;3934;3939;3941;3939;3941;0;0;0;24
$1;1;1012000;2;0;1499;47908;35715;4205;408;0;3942;3938;3937;3942;3934;3939;3941;3939;3941;0;0;0;16
$1;1;1013000;2;0;1501;47908;35716;4209;408;0;3942;3938;3938;3942;3934;3939;3941;3939;3941;0;0;0;17
$1;1;1014000;2;0;1499;47907;35715;4214;408;0;3942;3938;3937;3942;3934;3939;3941;3939;3941;0;0;0;25
$1;1;1015000;2;0;1499;47909;35716;4218;408;0;3942;3938;3937;3942;3934;3939;3941;3939;3941;0;0;0;25
$1;1;1016000;2;0;1500;47907;35717;4222;407;0;3942;3938;3938;3942;3934;3939;3941;3939;3941;0;0;0;29
$1;1;1017000;2;0;1501;47906;35718;4226;407;0;3942;3938;3938;3942;3934;3939;3941;3939;3941;0;0;0;23
$1;1;1018000;2;0;1501;47906;35718;4230;407;0;3942;3938;3938;3942;3934;3939;3941;3939;3941;0;0;0;31
$1;1;1019000;2;0;1500;47907;35718;4234;407;0;3942;3938;3938;3942;3934;3939;3941;3939;3941;0;0;0;26
$1;1;1020000;2;0;1499;47908;35718;4239;407;0;3942;3938;3938;3942;3934;3939;3941;3939;3941;0;0;0;19
$1;1;1021000;2;0;1499;47907;35719;4243;407;0;3942;3938;3938;3942;3934;3939;3941;3939;3941;0;0;0;17
$1;1;1022000;2;0;1501;47906;35719;4247;407;0;3942;3939;3938;3942;3935;3939;3941;3939;3941;0;0;0;23
$1;1;1023000;2;0;1500;47907;35719;4251;406;0;3942;3939;3938;3942;3934;3939;3941;3939;3941;0;0;0;17
$1;1;1024000;2;0;1499;47907;35719;4255;406;0;3942;3939;3938;3942;3935;3940;3941;3939;3941;0;0;0;28
$1;1;1025000;2;0;1500;47905;35720;4259;407;0;3942;3939;3938;3942;3935;3940;3941;3939;3941;0;0;0;25
$1;128;1025000;302;112;14;12;11;13;10;12;14;13;13;0;0;0;19
$1;1;1026000;2;0;1499;47905;35719;4263;407;0;3943;3939;3938;3942;3935;3939;3942;3939;3941;0;0;0;20
$1;1;1027000;2;0;1499;47905;35720;4268;407;0;3943;3939;3938;3942;3935;3940;3941;3939;3941;0;0;0;25
$1;1;1028000;2;0;1499;47904;35720;4272;407;0;3943;3939;3938;3942;3935;3940;3942;3939;3941;0;0;0;31
$1;1;1029000;2;0;1499;47904;35721;4276;407;0;3943;3939;3938;3942;3935;3940;3941;3939;3941;0;0;0;24
$1;1;1030000;2;0;1483;47914;35716;4280;407;0;3942;3939;3938;3942;3935;3939;3941;3939;3941;0;0;0;24
$1;1;1031000;2;0;1499;47905;35721;4284;407;0;3943;3939;3938;3942;3935;3940;3941;3939;3942;0;0;0;30
$1;1;1032000;2;0;1498;47905;35721;4288;407;0;3943;3939;3939;3942;3935;3940;3942;3939;3941;0;0;0;17
$1;1;1033000;2;0;1501;47902;35723;4293;406;0;3943;3939;3939;3942;3935;3940;3942;3940;3942;0;0;0;18
$1;1;1034000;2;0;1499;47905;35723;4297;406;0;3943;3939;3939;3942;3935;3940;3942;3940;3942;0;0;0;22
$1;1;1035000;2;0;1500;47904;35723;4301;406;0;3943;3939;3939;3942;3935;3940;3942;3940;3942;0;0;0;25
$1;1;1036000;2;0;1500;47904;35723;4305;406;0;3943;3939;3939;3942;3935;3940;3942;3940;3942;0;0;0;30
$1;1;1037000;2;0;1500;47904;35723;4309;406;0;3943;3939;3939;3942;3935;3940;3942;3940;3942;0;0;0;19
$1;1;1038000;2;0;1499;47905;35724;4313;406;0;3943;3939;3939;3942;3935;3940;3942;3940;3942;0;0;0;16
$1;1;1039000;2;0;1501;47904;35725;4317;406;0;3943;3939;3939;3942;3935;3940;3942;3940;3942;0;0;0;21
$1;1;1040000;2;0;1499;47905;35725;4322;406;0;3943;3939;3939;3942;3935;3940;3942;3940;3942;0;0;0;28
$1;1;1041000;2;0;1500;47901;35726;4326;407;0;3943;3939;3939;3942;3935;3940;3942;3940;3942;0;0;0;30
$1;1;1042000;2;0;1501;47900;35726;4330;408;0;3943;3940;3939;3942;3935;3940;3942;3940;3942;0;0;0;27
$1;1;1043000;2;0;1498;47902;35726;4334;408;0;3943;3939;3939;3942;3935;3940;3942;3940;3942;0;0;0;19
$1;1;1044000;2;0;1497;47902;35726;4338;408;0;3943;3940;3939;3942;3935;3940;3942;3940;3942;0;0;0;25
$1;1;1045000;2;0;1500;47900;35727;4342;408;0;3943;3939;3939;3942;3935;3941;3942;3940;3942;0;0;0;22
$1;1;1046000;2;0;1499;47901;35727;4347;409;0;3943;3940;3939;3942;3936;3940;3942;3940;3942;0;0;0;29
$1;1;1047000;2;0;1499;47902;35728;4351;409;0;3944;3940;3939;3942;3936;3941;3942;3940;3942;0;0;0;17
$1;1;1048000;2;0;1501;47900;35729;4355;409;0;3944;3940;3939;3942;3936;3940;3943;3940;3942;0;0;0;25
$1;1;1049000;2;0;1498;47903;35728;4359;409;0;3944;3940;3939;3943;3936;3940;3943;3940;3942;0;0;0;22
$1;1;1050000;2;0;1501;47899;35730;4363;409;0;3944;3940;3939;3942;3936;3940;3943;3940;3943;0;0;0;29
$1;1;1051000;2;0;1500;47900;35730;4367;409;0;3944;3940;3940;3943;3936;3941;3943;3940;3942;0;0;0;23
$1;1;1052000;2;0;1499;47902;35730;4372;409;0;3944;3940;3939;3943;3936;3941;3943;3940;3942;0;0;0;29
$1;1;1053000;2;0;1500;47901;35730;4376;409;0;3944;3940;3939;3943;3936;3941;3943;3941;3943;0;0;0;26
$1;1;1054000;2;0;1501;47901;35731;4380;409;0;3944;3940;3940;3943;3936;3941;3943;3941;3943;0;0;0;26
$1;1;1055000;2;0;1501;47900;35732;4384;409;0;3944;3940;3940;3943;3936;3941;3943;3941;3942;0;0;0;28
$1;1;1056000;2;0;1500;47901;35732;4388;409;0;3944;3940;3940;3943;3936;3941;3943;3941;3943;0;0;0;18
$1;1;1057000;2;0;1501;47897;35732;4392;410;0;3944;3940;3940;3943;3936;3941;3943;3941;3943;0;0;0;31
$1;1;1058000;2;0;1499;47898;35732;4397;410;0;3944;3940;3940;3943;3936;3941;3943;3941;3943;0;0;0;26
$1;1;1059000;2;0;1501;47897;35733;4401;411;0;3944;3940;3940;3943;3936;3941;3943;3941;3943;0;0;0;28
$1;1;1060000;2;0;1499;47899;35733;4405;411;0;3944;3940;3940;3943;3936;3941;3943;3941;3943;0;0;0;28
$1;1;1061000;2;0;1500;47897;35734;4409;410;0;3944;3941;3940;3943;3936;3941;3943;3941;3943;0;0;0;25
$1;1;1062000;2;0;1501;47897;35734;4413;410;0;3944;3941;3940;3943;3936;3941;3943;3941;3943;0;0;0;16
$1;1;1063000;2;0;1501;47897;35735;4417;410;0;3944;3941;3940;3944;3936;3941;3943;3941;3943;0;0;0;19
$1;1;1064000;2;0;1499;47898;35735;4422;410;0;3944;3941;3940;3943;3936;3941;3943;3941;3943;0;0;0;26
$1;1;1065000;2;0;1500;47897;35736;4426;410;0;3944;3941;3940;3943;3937;3941;3943;3941;3943;0;0;0;19
$1;1;1066000;2;0;1501;47897;35736;4430;410;0;3944;3941;3940;3943;3936;3941;3943;3941;3943;0;0;0;23
$1;1;1067000;2;0;1499;47899;35736;4434;410;0;3944;3941;3940;3943;3936;3942;3943;3941;3943;0;0;0;31
$1;1;1068000;2;0;1500;47897;35737;4438;409;0;3945;3941;3940;3943;3936;3942;3943;3941;3943;0;0;0;27
$1;1;1069000;2;0;1500;47898;35737;4442;409;0;3945;3941;3940;3943;3937;3942;3944;3941;3943;0;0;0;30
$1;1;1070000;2;0;1500;47897;35738;4447;409;0;3945;3941;3940;3944;3937;3942;3944;3941;3943;0;0;0;20
$1;1;1071000;2;0;1500;47897;35738;4451;409;0;3945;3941;3941;3943;3937;3942;3944;3941;3943;0;0;0;20
$1;1;1072000;2;0;1501;47896;35739;4455;409;0;3945;3941;3940;3944;3937;3942;3944;3941;3944;0;0;0;19
$1;1;1073000;2;0;1498;47897;35738;4459;410;0;3945;3941;3940;3944;3937;3942;3944;3941;3943;0;0;0;16
$1;1;1074000;2;0;1501;47894;35739;4463;410;0;3945;3941;3940;3944;3937;3942;3944;3941;3944;0;0;0;26
$1;1;1075000;2;0;1501;47895;35740;4467;409;0;3945;3941;3940;3944;3937;3942;3944;3941;3943;0;0;0;31
$1;1;1076000;2;0;1500;47895;35739;4472;409;0;3945;3941;3941;3944;3937;3942;3944;3942;3944;0;0;0;18
$1;1;1077000;2;0;1498;47897;35739;4476;409;0;3945;3941;3940;3944;3937;3942;3944;3941;3943;0;0;0;16
$1;1;1078000;2;0;1500;47895;35740;4480;409;0;3945;3941;3941;3944;3937;3942;3944;3942;3944;0;0;0;31
$1;1;1079000;2;0;1499;47895;35741;4484;409;0;3945;3941;3941;3944;3937;3942;3944;3942;3944;0;0;0;26
$1;1;1080000;2;0;1500;47895;35742;4488;409;0;3945;3941;3941;3944;3937;3942;3944;3942;3944;0;0;0;18
$1;1;1081000;2;0;1500;47895;35742;4492;408;0;3945;3941;3941;3944;3937;3942;3944;3942;3944;0;0;0;25
$1;1;1082000;2;0;1500;47895;35742;4497;408;0;3945;3941;3941;3944;3937;3942;3944;3942;3944;0;0;0;31
$1;1;1083000;2;0;1501;47895;35742;4501;408;0;3945;3941;3941;3944;3937;3942;3944;3942;3944;0;0;0;17
$1;1;1084000;2;0;1500;47895;35743;4505;408;0;3945;3942;3941;3944;3937;3942;3944;3942;3944;0;0;0;17
$1;1;1085000;2;0;1498;47894;35742;4509;408;0;3945;3941;3941;3944;3937;3942;3944;3942;3944;0;0;0;31
$1;128;1085000;304;113;14;12;11;13;10;12;14;13;14;0;0;0;25
$1;1;1086000;2;0;1499;47893;35743;4513;408;0;3945;3942;3941;3944;3937;3942;3944;3942;3944;0;0;0;19
$1;1;1087000;2;0;1501;47891;35744;4517;408;0;3945;3942;3941;3944;3938;3942;3944;3942;3944;0;0;0;28
$1;1;1088000;2;0;1500;47892;35744;4521;408;0;3945;3942;3941;3944;3938;3942;3944;3942;3944;0;0;0;20
$1;1;1089000;2;0;1501;47892;35745;4526;408;0;3945;3942;3941;3944;3938;3942;3944;3942;3944;0;0;0;18
$1;1;1090000;2;0;1499;47892;35745;4530;408;0;3945;3942;3941;3945;3937;3943;3944;3942;3944;0;0;0;18
$1;1;1091000;2;0;1468;47912;35737;4533;407;0;3945;3941;3941;3944;3937;3942;3944;3942;3944;0;0;0;30
$1;1;1092000;2;0;1496;47894;35745;4537;407;0;3945;3942;3941;3944;3938;3942;3944;3942;3944;0;0;0;30
$1;1;1093000;2;0;1500;47893;35746;4541;407;0;3946;3942;3941;3944;3938;3943;3945;3942;3944;0;0;0;23
$1;1;1094000;2;0;1500;47891;35747;4546;407;0;3946;3942;3942;3944;3938;3943;3945;3942;3945;0;0;0;22
$1;1;1095000;2;0;1499;47892;35747;4550;406;0;3946;3942;3941;3944;3938;3943;3945;3942;3944;0;0;0;17
$1;1;1096000;2;0;1498;47893;35748;4554;406;0;3946;3942;3942;3945;3938;3943;3945;3942;3945;0;0;0;26
$1;1;1097000;2;0;1501;47891;35748;4558;406;0;3946;3942;3941;3945;3938;3943;3945;3942;3944;0;0;0;22
$1;1;1098000;2;0;1498;47893;35748;4562;406;0;3946;3942;3941;3945;3938;3943;3945;3942;3944;0;0;0;19
$1;1;1099000;2;0;1500;47892;35749;4566;405;0;3946;3942;3942;3945;3938;3943;3945;3943;3944;0;0;0;23
$1;1;1100000;2;0;1501;47892;35750;4571;405;0;3946;3942;3942;3945;3938;3943;3945;3943;3945;0;0;0;24
$1;1;1101000;2;0;1500;47889;35750;4575;406;0;3946;3942;3942;3945;3938;3943;3945;3943;3945;0;0;0;21
$1;1;1102000;2;0;1498;47890;35749;4579;406;0;3946;3942;3941;3945;3938;3943;3945;3942;3945;0;0;0;24
$1;1;1103000;2;0;1501;47888;35751;4583;406;0;3946;3942;3942;3945;3938;3943;3945;3943;3945;0;0;0;31
$1;1;1104000;2;0;1498;47890;35751;4587;406;0;3946;3943;3942;3945;3938;3943;3945;3943;3945;0;0;0;21
$1;1;1105000;2;0;1499;47889;35752;4592;406;0;3946;3943;3942;3945;3938;3943;3945;3943;3945;0;0;0;26
$1;1;1106000;2;0;1500;47888;35752;4596;406;0;3946;3942;3942;3945;3938;3943;3945;3943;3945;0;0;0;28
$1;1;1107000;2;0;1500;47888;35753;4600;405;0;3946;3943;3942;3945;3939;3943;3945;3943;3945;0;0;0;19
$1;1;1108000;2;0;1501;47888;35753;4604;405;0;3946;3942;3942;3945;3938;3943;3945;3943;3945;0;0;0;25
$1;1;1109000;2;0;1501;47888;35754;4608;405;0;3946;3943;3942;3945;3938;3943;3945;3943;3945;0;0;0;18
$1;1;1110000;2;0;1500;47889;35754;4612;405;0;3946;3943;3942;3945;3938;3943;3945;3943;3945;0;0;0;17
$1;1;1111000;2;0;1498;47889;35754;4617;405;0;3946;3943;3942;3945;3939;3943;3945;3943;3945;0;0;0;20
$1;1;1112000;2;0;1500;47889;35754;4621;405;0;3947;3943;3942;3945;3939;3943;3945;3943;3945;0;0;0;19
$1;1;1113000;2;0;1500;47889;35754;4625;404;0;3947;3943;3942;3945;3939;3943;3945;3943;3945;0;0;0;23
$1;1;1114000;2;0;1499;47889;35754;4629;404;0;3947;3943;3942;3945;3939;3943;3945;3943;3946;0;0;0;30
$1;1;1115000;2;0;1499;47889;35755;4633;404;0;3947;3943;3942;3945;3939;3944;3945;3943;3945;0;0;0;17
$1;1;1116000;2;0;1499;47889;35755;4637;404;0;3947;3943;3942;3945;3939;3944;3945;3943;3945;0;0;0;22
$1;1;1117000;2;0;1500;47889;35756;4642;404;0;3947;3943;3942;3946;3939;3944;3945;3943;3945;0;0;0;20
$1;1;1118000;2;0;1500;47886;35756;4646;404;0;3947;3943;3942;3946;3939;3944;3946;3943;3946;0;0;0;16
$1;1;1119000;2;0;1499;47885;35757;4650;405;0;3947;3943;3942;3946;3939;3944;3946;3943;3946;0;0;0;20
$1;1;1120000;2;0;1499;47884;35757;4654;404;0;3947;3943;3943;3946;3939;3944;3946;3944;3945;0;0;0;31
$1;1;1121000;2;0;1498;47886;35757;4658;404;0;3947;3943;3943;3946;3939;3944;3946;3943;3946;0;0;0;21
$1;1;1122000;2;0;1499;47886;35758;4662;404;0;3947;3943;3943;3946;3939;3944;3946;3944;3945;0;0;0;21
$1;1;1123000;2;0;1499;47885;35758;4667;404;0;3947;3943;3943;3946;3939;3944;3946;3943;3946;0;0;0;22
$1;1;1124000;2;0;1501;47884;35760;4671;404;0;3947;3943;3943;3946;3939;3944;3946;3943;3946;0;0;0;28
$1;1;1125000;2;0;1499;47886;35760;4675;404;0;3947;3943;3943;3946;3939;3944;3946;3944;3946;0;0;0;28
$1;1;1126000;2;0;1500;47885;35760;4679;404;0;3947;3943;3943;3946;3939;3944;3946;3944;3946;0;0;0;17
$1;1;1127000;2;0;1499;47887;35761;4683;403;0;3947;3943;3943;3946;3940;3944;3946;3944;3946;0;0;0;30
$1;1;1128000;2;0;1498;47885;35761;4687;403;0;3947;3943;3943;3946;3939;3944;3946;3944;3946;0;0;0;24
$1;1;1129000;2;0;1499;47885;35762;4692;403;0;3947;3943;3943;3946;3939;3944;3946;3944;3946;0;0;0;31
$1;1;1130000;2;0;1499;47886;35762;4696;403;0;3948;3943;3943;3946;3939;3944;3946;3944;3946;0;0;0;31
$1;1;1131000;2;0;1500;47885;35763;4700;403;0;3947;3943;3943;3946;3940;3944;3946;3944;3946;0;0;0;18
$1;1;1132000;2;0;1499;47886;35764;4704;403;0;3948;3944;3943;3946;3940;3944;3946;3944;3946;0;0;0;24
$1;1;1133000;2;0;1501;47885;35765;4708;402;0;3948;3944;3943;3946;3940;3944;3946;3944;3946;0;0;0;22
$1;1;1134000;2;0;1501;47884;35765;4712;402;0;3948;3944;3943;3946;3940;3944;3946;3944;3946;0;0;0;27
$1;1;1135000;2;0;1500;47882;35765;4716;403;0;3948;3944;3943;3946;3940;3944;3946;3944;3947;0;0;0;25
$1;1;1136000;2;0;1500;47882;35766;4721;404;0;3948;3944;3943;3946;3940;3944;3946;3944;3947;0;0;0;26
$1;1;1137000;2;0;1498;47882;35766;4725;404;0;3948;3944;3943;3946;3940;3945;3947;3944;3947;0;0;0;31
$1;1;1138000;2;0;1499;47882;35766;4729;404;0;3948;3944;3943;3946;3940;3945;3947;3944;3947;0;0;0;29
$1;1;1139000;2;0;1498;47882;35766;4733;404;0;3948;3944;3943;3946;3940;3945;3947;3944;3947;0;0;0;22
$1;1;1140000;2;0;1498;47883;35766;4737;404;0;3948;3944;3943;3947;3940;3945;3947;3944;3947;0;0;0;28
$1;1;1141000;2;0;1498;47882;35766;4742;403;0;3948;3944;3943;3947;3940;3945;3947;3944;3947;0;0;0;25
$1;1;1142000;2;0;1501;47881;35768;4746;403;0;3948;3944;3944;3947;3940;3945;3947;3945;3947;0;0;0;20
$1;1;1143000;2;0;1501;47881;35768;4750;404;0;3948;3944;3944;3947;3940;3945;3947;3945;3947;0;0;0;21
$1;1;1144000;2;0;1499;47881;35768;4754;404;0;3948;3944;3944;3947;3940;3945;3947;3945;3947;0;0;0;22
$1;1;1145000;2;0;1501;47881;35769;4758;404;0;3948;3944;3944;3947;3940;3945;3947;3945;3947;0;0;0;26
$1;128;1145000;302;115;14;12;12;14;10;12;14;13;14;0;0;0;16
$1;1;1146000;2;0;1501;47881;35769;4762;404;0;3948;3944;3944;3947;3940;3945;3947;3945;3947;0;0;0;16
$1;1;1147000;2;0;1500;47881;35769;4766;404;0;3948;3944;3944;3947;3940;3945;3947;3945;3947;0;0;0;20
$1;1;1148000;2;0;1498;47882;35770;4771;404;0;3948;3944;3944;3947;3941;3945;3947;3945;3947;0;0;0;23
$1;1;1149000;2;0;1500;47881;35771;4775;404;0;3948;3944;3944;3947;3940;3945;3947;3945;3947;0;0;0;17
$1;1;1150000;2;0;1500;47881;35771;4779;404;0;3948;3944;3944;3947;3941;3945;3947;3945;3947;0;0;0;20
$1;1;1151000;2;0;1499;47881;35771;4783;404;0;3948;3944;3944;3948;3940;3945;3947;3945;3947;0;0;0;31
$1;1;1152000;2;0;1499;47879;35772;4787;405;0;3948;3944;3944;3948;3941;3945;3947;3945;3947;0;0;0;28
$1;1;1153000;2;0;1498;47879;35772;4791;405;0;3948;3945;3944;3948;3941;3945;3947;3945;3947;0;0;0;26
$1;1;1154000;2;0;1500;47879;35773;4796;405;0;3948;3945;3944;3948;3941;3945;3947;3945;3947;0;0;0;27
$1;1;1155000;2;0;1498;47879;35773;4800;405;0;3948;3945;3944;3948;3941;3945;3948;3945;3947;0;0;0;21
$1;1;1156000;2;0;1499;47880;35773;4804;405;0;3948;3945;3944;3948;3941;3945;3948;3945;3947;0;0;0;21
$1;1;1157000;2;0;1500;47882;35774;4808;405;0;3948;3945;3944;3948;3941;3946;3948;3945;3948;0;0;0;16
$1;1;1158000;2;0;1499;47883;35774;4812;405;0;3948;3945;3944;3948;3941;3945;3948;3945;3947;0;0;0;24
$1;1;1159000;2;0;1501;47881;35776;4816;405;0;3949;3945;3944;3948;3941;3946;3948;3945;3947;0;0;0;31
$1;1;1160000;2;0;1499;47880;35775;4821;405;0;3949;3945;3944;3948;3941;3946;3948;3945;3948;0;0;0;28
$1;1;1161000;2;0;1500;47875;35776;4825;405;0;3949;3945;3944;3948;3941;3946;3948;3945;3948;0;0;0;17
$1;1;1162000;2;0;1501;47875;35777;4829;405;0;3949;3945;3944;3948;3941;3946;3948;3945;3948;0;0;0;30
$1;1;1163000;2;0;1500;47874;35777;4833;405;0;3949;3945;3945;3948;3941;3946;3948;3945;3948;0;0;0;21
$1;1;1164000;2;0;1501;47873;35778;4837;405;0;3949;3945;3945;3948;3941;3946;3948;3945;3948;0;0;0;31
$1;1;1165000;2;0;1501;47875;35778;4841;405;0;3949;3945;3944;3948;3941;3946;3948;3946;3948;0;0;0;27
$1;1;1166000;2;0;1501;47874;35778;4846;405;0;3949;3945;3945;3948;3941;3946;3948;3946;3948;0;0;0;31
$1;1;1167000;2;0;1501;47875;35779;4850;405;0;3949;3945;3945;3948;3941;3946;3948;3946;3948;0;0;0;25
$1;1;1168000;2;0;1500;47873;35779;4854;405;0;3949;3945;3945;3949;3941;3946;3948;3946;3948;0;0;0;20
$1;1;1169000;2;0;1499;47873;35779;4858;406;0;3949;3945;3945;3949;3941;3946;3948;3946;3948;0;0;0;27
$1;1;1170000;2;0;1499;47873;35778;4862;406;0;3949;3945;3945;3949;3941;3946;3948;3946;3948;0;0;0;27
$1;1;1171000;2;0;1501;47872;35780;4867;406;0;3949;3945;3945;3949;3941;3946;3948;3946;3948;0;0;0;25
$1;1;1172000;2;0;1499;47874;35780;4871;406;0;3949;3945;3945;3949;3941;3946;3948;3946;3948;0;0;0;27
$1;1;1173000;2;0;1501;47873;35780;4875;406;0;3949;3945;3945;3949;3941;3946;3948;3946;3948;0;0;0;25
$1;1;1174000;2;0;1498;47873;35780;4879;406;0;3949;3945;3945;3949;3941;3946;3948;3946;3948;0;0;0;19
$1;1;1175000;2;0;1499;47873;35781;4883;406;0;3949;3945;3945;3949;3942;3946;3948;3946;3948;0;0;0;20
$1;1;1176000;2;0;1499;47873;35781;4887;406;0;3949;3945;3945;3949;3941;3946;3948;3946;3948;0;0;0;16
$1;1;1177000;2;0;1500;47873;35783;4891;406;0;3949;3946;3945;3949;3942;3946;3949;3946;3949;0;0;0;21
$1;1;1178000;2;0;1500;47873;35784;4896;406;0;3949;3946;3945;3949;3942;3947;3949;3946;3948;0;0;0;26
$1;1;1179000;2;0;1501;47873;35784;4900;406;0;3949;3946;3945;3949;3942;3947;3949;3946;3949;0;0;0;21
$1;1;1180000;2;0;1500;47873;35784;4904;405;0;3950;3946;3945;3949;3942;3947;3949;3946;3948;0;0;0;28
$1;1;1181000;2;0;1498;47873;35784;4908;405;0;3950;3946;3945;3949;3942;3947;3949;3946;3948;0;0;0;17
$1;1;1182000;2;0;1499;47873;35785;4912;405;0;3950;3946;3946;3949;3942;3947;3949;3946;3949;0;0;0;27
$1;1;1183000;2;0;1498;47874;35784;4917;405;0;3950;3946;3945;3949;3942;3947;3949;3947;3949;0;0;0;26
$1;1;1184000;2;0;1500;47873;35786;4921;405;0;3950;3946;3945;3949;3942;3947;3949;3947;3949;0;0;0;29
$1;1;1185000;2;0;1500;47870;35786;4925;406;0;3950;3946;3945;3949;3942;3947;3949;3947;3949;0;0;0;24
$1;1;1186000;2;0;1499;47870;35786;4929;406;0;3950;3946;3946;3949;3942;3947;3949;3946;3949;0;0;0;20
$1;1;1187000;2;0;1499;47871;35786;4933;406;0;3950;3946;3945;3949;3942;3947;3949;3947;3949;0;0;0;29
$1;1;1188000;2;0;1499;47870;35787;4937;406;0;3950;3946;3946;3949;3942;3947;3949;3947;3949;0;0;0;21
$1;1;1189000;2;0;1499;47871;35788;4941;406;0;3950;3946;3946;3950;3942;3947;3949;3947;3949;0;0;0;19
$1;1;1190000;2;0;1501;47869;35788;4946;405;0;3950;3946;3946;3949;3942;3947;3949;3947;3949;0;0;0;30
$1;1;1191000;2;0;1498;47870;35787;4950;405;0;3950;3946;3946;3949;3942;3947;3949;3947;3949;0;0;0;30
$1;1;1192000;2;0;1499;47870;35787;4954;405;0;3950;3946;3946;3950;3942;3947;3949;3947;3949;0;0;0;16
$1;1;1193000;2;0;1501;47869;35789;4958;405;0;3950;3946;3946;3950;3942;3947;3949;3947;3949;0;0;0;27
$1;1;1194000;2;0;1498;47871;35789;4962;405;0;3950;3947;3946;3950;3942;3947;3949;3947;3949;0;0;0;28
$1;1;1195000;2;0;1500;47870;35790;4966;404;0;3950;3947;3946;3950;3942;3947;3949;3947;3949;0;0;0;17
$1;1;1196000;2;0;1498;47870;35790;4971;404;0;3950;3947;3946;3950;3943;3947;3949;3947;3949;0;0;0;21
$1;1;1197000;2;0;1500;47870;35790;4975;404;0;3950;3947;3946;3950;3943;3947;3950;3947;3949;0;0;0;24
$1;1;1198000;2;0;1500;47870;35790;4979;404;0;3950;3947;3946;3950;3943;3947;3949;3947;3949;0;0;0;19
$1;1;1199000;2;0;1498;47871;35790;4983;404;0;3950;3947;3946;3950;3943;3947;3950;3947;3949;0;0;0;30
$1;1;1200000;2;0;1500;47871;35791;4987;403;0;3950;3947;3946;3950;3943;3948;3950;3947;3949;0;0;0;16
$1;1;1201000;2;0;1501;47865;35792;4992;404;0;3950;3947;3946;3950;3943;3948;3949;3947;3949;0;0;0;29
$1;1;1202000;2;0;1501;47866;35791;4996;404;0;3950;3947;3946;3950;3943;3948;3950;3947;3949;0;0;0;18
$1;1;1203000;2;0;1499;47866;35792;5000;404;0;3951;3947;3946;3950;3943;3948;3950;3947;3949;0;0;0;22
$1;1;1204000;2;0;1501;47866;35793;5004;404;0;3951;3947;3947;3950;3943;3948;3950;3947;3950;0;0;0;29
$1;1;1205000;2;0;1500;47866;35793;5008;404;0;3951;3947;3946;3950;3943;3948;3950;3947;3950;0;0;0;16
$1;128;1205000;304;114;15;12;11;13;10;12;14;13;14;0;0;0;21
$1;1;1206000;2;0;1499;47867;35794;5012;404;0;3951;3947;3947;3950;3943;3948;3950;3947;3950;0;0;0;30
$1;1;1207000;2;0;1498;47868;35793;5016;404;0;3951;3947;3946;3950;3943;3948;3950;3947;3950;0;0;0;19
$1;1;1208000;2;0;1501;47865;35795;5020;403;0;3951;3947;3947;3950;3943;3948;3950;3947;3950;0;0;0;21
$1;1;1209000;2;0;1501;47867;35796;5025;403;0;3951;3947;3947;3950;3943;3948;3950;3948;3950;0;0;0;31
$1;1;1210000;2;0;1498;47867;35795;5029;403;0;3951;3947;3947;3950;3943;3948;3950;3948;3950;0;0;0;25
$1;1;1211000;2;0;1499;47866;35795;5033;403;0;3951;3947;3947;3950;3943;3948;3950;3948;3950;0;0;0;19
$1;1;1212000;2;0;1501;47865;35796;5037;403;0;3951;3947;3947;3950;3943;3948;3950;3948;3950;0;0;0;20
$1;1;1213000;2;0;1499;47867;35796;5041;402;0;3951;3947;3947;3950;3943;3948;3950;3948;3950;0;0;0;23
$1;1;1214000;2;0;1500;47865;35796;5045;402;0;3951;3947;3947;3950;3943;3948;3950;3948;3950;0;0;0;23
$1;1;1215000;2;0;1500;47866;35797;5049;402;0;3951;3947;3947;3950;3943;3948;3950;3948;3950;0;0;0;24
$1;1;1216000;2;0;1499;47866;35796;5054;402;0;3951;3948;3947;3950;3943;3948;3950;3948;3950;0;0;0;24
$1;1;1217000;2;0;1498;47867;35796;5058;402;0;3951;3947;3947;3950;3943;3948;3950;3948;3950;0;0;0;26
$1;1;1218000;2;0;1498;47865;35797;5062;403;0;3951;3948;3947;3950;3943;3948;3951;3948;3950;0;0;0;16
$1;1;1219000;2;0;1499;47865;35797;5066;403;0;3951;3948;3947;3950;3944;3948;3951;3948;3950;0;0;0;19
$1;1;1220000;2;0;1500;47865;35798;5070;403;0;3951;3948;3947;3950;3944;3949;3951;3948;3950;0;0;0;17
$1;1;1221000;2;0;1498;47865;35798;5074;404;0;3951;3948;3947;3950;3944;3948;3951;3948;3950;0;0;0;18
$1;1;1222000;2;0;1497;47865;35798;5079;404;0;3952;3948;3947;3950;3944;3949;3951;3948;3950;0;0;0;17
$1;1;1223000;2;0;1501;47863;35799;5083;404;0;3952;3948;3947;3950;3944;3949;3951;3948;3951;0;0;0;29
$1;1;1224000;2;0;1499;47864;35800;5087;404;0;3952;3948;3947;3950;3944;3949;3951;3948;3950;0;0;0;23
$1;1;1225000;2;0;1500;47864;35801;5091;404;0;3952;3948;3947;3950;3944;3949;3951;3949;3951;0;0;0;17
$1;1;1226000;2;0;1500;47863;35800;5095;404;0;3952;3948;3947;3950;3944;3949;3951;3948;3951;0;0;0;17
$1;1;1227000;2;0;1499;47864;35800;5099;404;0;3952;3948;3947;3950;3944;3949;3951;3948;3951;0;0;0;26
$1;1;1228000;2;0;1499;47865;35801;5104;405;0;3952;3948;3947;3950;3944;3949;3951;3949;3951;0;0;0;16
$1;1;1229000;2;0;1499;47865;35802;5108;405;0;3952;3948;3948;3950;3944;3949;3951;3949;3951;0;0;0;17
$1;1;1230000;2;0;1498;47862;35801;5112;405;0;3952;3948;3948;3950;3944;3949;3951;3949;3951;0;0;0;23
$1;1;1231000;2;0;1500;47862;35802;5116;406;0;3952;3948;3947;3950;3944;3949;3951;3949;3951;0;0;0;29
$1;1;1232000;2;0;1499;47862;35802;5120;407;0;3952;3948;3947;3951;3944;3949;3951;3949;3951;0;0;0;26
$1;1;1233000;2;0;1500;47861;35802;5124;407;0;3952;3948;3948;3951;3944;3949;3951;3949;3951;0;0;0;18
$1;1;1234000;2;0;1500;47859;35803;5129;407;0;3952;3949;3948;3951;3945;3949;3951;3949;3951;0;0;0;18
$1;1;1235000;2;0;1498;47862;35803;5133;408;0;3952;3949;3948;3951;3944;3949;3951;3949;3951;0;0;0;30
$1;1;1236000;2;0;1501;47861;35805;5137;408;0;3952;3949;3948;3951;3944;3949;3951;3949;3951;0;0;0;29
$1;1;1237000;2;0;1499;47862;35804;5141;408;0;3952;3949;3948;3951;3945;3949;3951;3949;3951;0;0;0;30
$1;1;1238000;2;0;1501;47860;35805;5145;408;0;3952;3949;3948;3951;3945;3949;3952;3949;3951;0;0;0;21
$1;1;1239000;2;0;1501;47861;35807;5149;408;0;3953;3949;3948;3951;3945;3950;3952;3949;3951;0;0;0;18
$1;1;1240000;2;0;1501;47860;35807;5154;408;0;3953;3949;3948;3951;3945;3949;3952;3949;3951;0;0;0;25
$1;1;1241000;2;0;1499;47863;35807;5158;408;0;3953;3949;3948;3951;3945;3950;3952;3949;3951;0;0;0;31
$1;1;1242000;2;0;1501;47862;35808;5162;408;0;3953;3949;3948;3951;3945;3950;3952;3949;3951;0;0;0;27
$1;1;1243000;2;0;1499;47862;35808;5166;408;0;3953;3949;3948;3951;3945;3950;3952;3949;3951;0;0;0;30
$1;1;1244000;2;0;1500;47862;35809;5170;408;0;3953;3949;3948;3951;3945;3950;3952;3949;3952;0;0;0;29
$1;1;1245000;2;0;1500;47862;35808;5174;408;0;3953;3949;3948;3951;3945;3950;3952;3949;3951;0;0;0;26
$1;1;1246000;2;0;1500;47860;35809;5179;408;0;3953;3949;3948;3951;3945;3950;3952;3949;3952;0;0;0;20
$1;1;1247000;2;0;1501;47859;35810;5183;409;0;3953;3949;3948;3952;3945;3950;3952;3949;3952;0;0;0;17
$1;1;1248000;2;0;1500;47859;35811;5187;409;0;3953;3949;3948;3951;3945;3950;3952;3950;3952;0;0;0;17
$1;1;1249000;2;0;1501;47858;35811;5191;409;0;3953;3949;3948;3951;3945;3950;3952;3950;3952;0;0;0;23
$1;1;1250000;2;0;1498;47859;35811;5195;409;0;3953;3949;3948;3952;3945;3950;3952;3950;3952;0;0;0;24
$1;1;1251000;2;0;1501;47858;35812;5199;408;0;3953;3949;3949;3952;3945;3950;3952;3950;3952;0;0;0;22
$1;1;1252000;2;0;1499;47859;35812;5204;408;0;3953;3949;3949;3951;3945;3950;3952;3950;3952;0;0;0;16
$1;1;1253000;2;0;1499;47859;35812;5208;408;0;3953;3949;3948;3952;3945;3950;3952;3950;3952;0;0;0;31
$1;1;1254000;2;0;1500;47857;35813;5212;408;0;3953;3949;3949;3952;3945;3950;3952;3950;3952;0;0;0;28
$1;1;1255000;2;0;1499;47860;35813;5216;408;0;3953;3950;3949;3952;3945;3950;3952;3950;3952;0;0;0;20
$1;1;1256000;2;0;1500;47857;35814;5220;407;0;3953;3950;3949;3952;3945;3950;3952;3950;3952;0;0;0;31
$1;1;1257000;2;0;1500;47857;35814;5225;407;0;3953;3950;3949;3952;3945;3950;3952;3950;3952;0;0;0;27
$1;1;1258000;2;0;1498;47859;35814;5229;407;0;3953;3950;3949;3952;3946;3950;3952;3950;3952;0;0;0;21
$1;1;1259000;2;0;1498;47859;35814;5233;406;0;3953;3950;3949;3952;3945;3950;3952;3950;3952;0;0;0;29
$1;1;1260000;2;0;1499;47858;35814;5237;406;0;3953;3949;3949;3952;3946;3950;3952;3950;3952;0;0;0;24
$1;1;1261000;2;0;1498;47860;35814;5241;406;0;3954;3950;3949;3952;3946;3950;3952;3950;3952;0;0;0;29
$1;1;1262000;2;0;1501;47858;35816;5245;406;0;3954;3950;3949;3952;3946;3950;3953;3950;3952;0;0;0;19
$1;1;1263000;2;0;1498;47857;35815;5250;406;0;3954;3950;3949;3952;3946;3950;3952;3950;3952;0;0;0;26
$1;1;1264000;2;0;1499;47856;35816;5254;406;0;3954;3950;3949;3952;3946;3951;3953;3950;3952;0;0;0;26
$1;1;1265000;2;0;1501;47855;35817;5258;406;0;3954;3950;3949;3952;3946;3951;3953;3950;3952;0;0;0;21
$1;128;1265000;301;112;14;12;11;13;10;12;14;12;14;0;0;0;16
$1;1;1266000;2;0;1500;47855;35818;5262;406;0;3954;3950;3949;3952;3946;3951;3953;3950;3953;0;0;0;16
$1;1;1267000;2;0;1500;47855;35818;5266;406;0;3954;3950;3949;3952;3946;3951;3953;3950;3952;0;0;0;20
$1;1;1268000;2;0;1500;47855;35819;5270;406;0;3954;3950;3949;3953;3946;3951;3953;3950;3953;0;0;0;29
$1;1;1269000;2;0;1500;47856;35820;5275;406;0;3954;3950;3949;3953;3946;3951;3953;3950;3953;0;0;0;16
$1;1;1270000;2;0;1500;47855;35820;5279;405;0;3954;3950;3949;3953;3946;3951;3953;3950;3953;0;0;0;20
$1;1;1271000;2;0;1499;47856;35820;5283;405;0;3954;3950;3950;3953;3946;3951;3953;3950;3953;0;0;0;26
$1;1;1272000;2;0;1500;47856;35821;5287;405;0;3954;3950;3950;3953;3946;3951;3953;3951;3953;0;0;0;28
$1;1;1273000;2;0;1500;47854;35822;5291;405;0;3954;3950;3950;3953;3947;3951;3953;3951;3953;0;0;0;26
$1;1;1274000;2;0;1498;47856;35821;5295;405;0;3954;3950;3950;3953;3946;3951;3953;3951;3953;0;0;0;25
$1;1;1275000;2;0;1501;47854;35823;5300;404;0;3954;3950;3950;3953;3946;3951;3953;3951;3953;0;0;0;21
$1;1;1276000;2;0;1500;47856;35823;5304;404;0;3954;3951;3950;3953;3946;3951;3953;3951;3953;0;0;0;16
$1;1;1277000;2;0;1498;47853;35822;5308;405;0;3954;3950;3950;3953;3947;3951;3953;3951;3953;0;0;0;24
$1;1;1278000;2;0;1501;47851;35825;5312;405;0;3954;3950;3950;3953;3946;3951;3953;3951;3953;0;0;0;25
$1;1;1279000;2;0;1500;47851;35824;5316;405;0;3954;3950;3950;3953;3947;3951;3953;3951;3953;0;0;0;29
$1;1;1280000;2;0;1487;47858;35820;5320;405;0;3954;3950;3950;3953;3946;3951;3953;3951;3953;0;0;0;28
$1;1;1281000;2;0;1499;47852;35825;5325;405;0;3954;3951;3950;3953;3947;3951;3953;3951;3953;0;0;0;24
$1;1;1282000;2;0;1500;47850;35826;5329;404;0;3954;3951;3950;3954;3947;3951;3953;3951;3953;0;0;0;17
$1;1;1283000;2;0;1501;47851;35826;5333;404;0;3955;3951;3950;3953;3947;3952;3953;3951;3953;0;0;0;30
$1;1;1284000;2;0;1501;47849;35826;5337;404;0;3955;3951;3950;3954;3947;3951;3954;3951;3954;0;0;0;16
$1;1;1285000;2;0;1500;47851;35826;5341;404;0;3955;3951;3950;3954;3947;3952;3953;3951;3954;0;0;0;28
$1;1;1286000;2;0;1499;47850;35827;5345;404;0;3955;3951;3950;3954;3947;3952;3954;3951;3954;0;0;0;29
$1;1;1287000;2;0;1501;47850;35828;5350;403;0;3955;3951;3950;3954;3947;3952;3954;3951;3954;0;0;0;16
$1;1;1288000;2;0;1498;47851;35828;5354;403;0;3955;3951;3950;3954;3947;3952;3954;3951;3954;0;0;0;27
$1;1;1289000;2;0;1498;47851;35828;5358;403;0;3955;3951;3950;3954;3947;3952;3954;3951;3954;0;0;0;22
$1;1;1290000;2;0;1498;47852;35828;5362;403;0;3955;3951;3950;3954;3947;3952;3954;3951;3954;0;0;0;20
$1;1;1291000;2;0;1500;47850;35829;5366;402;0;3955;3951;3951;3954;3947;3952;3954;3951;3954;0;0;0;18
$1;1;1292000;2;0;1501;47850;35830;5370;402;0;3955;3951;3950;3954;3947;3952;3954;3952;3954;0;0;0;29
$1;1;1293000;2;0;1500;47851;35831;5375;402;0;3955;3951;3951;3954;3947;3952;3954;3952;3954;0;0;0;25
$1;1;1294000;2;0;1499;47848;35831;5379;403;0;3955;3951;3951;3954;3947;3952;3954;3952;3954;0;0;0;26
$1;1;1295000;2;0;1499;47848;35831;5383;403;0;3955;3951;3951;3954;3947;3952;3954;3952;3954;0;0;0;30
$1;1;1296000;2;0;1500;47848;35832;5387;403;0;3955;3951;3951;3954;3947;3952;3954;3952;3954;0;0;0;27
$1;1;1297000;2;0;1499;47849;35832;5391;403;0;3955;3951;3951;3954;3947;3952;3954;3952;3954;0;0;0;29
$1;1;1298000;2;0;1498;47849;35832;5395;403;0;3955;3951;3951;3954;3948;3952;3954;3952;3954;0;0;0;24
$1;1;1299000;2;0;1499;47848;35833;5400;402;0;3955;3952;3951;3954;3947;3952;3954;3952;3954;0;0;0;30
$1;1;1300000;2;0;1499;47848;35833;5404;402;0;3955;3951;3951;3954;3948;3952;3954;3952;3954;0;0;0;23
$1;1;1301000;2;0;1501;47847;35835;5408;402;0;3956;3952;3951;3954;3948;3952;3954;3952;3954;0;0;0;19
$1;1;1302000;2;0;1500;47848;35835;5412;402;0;3956;3952;3951;3954;3948;3952;3955;3952;3954;0;0;0;20
$1;1;1303000;2;0;1501;47847;35836;5416;402;0;3956;3952;3951;3954;3947;3952;3954;3952;3954;0;0;0;18
$1;1;1304000;2;0;1499;47848;35836;5421;402;0;3956;3952;3951;3954;3948;3953;3955;3952;3954;0;0;0;17
$1;1;1305000;2;0;1499;47848;35836;5425;402;0;3956;3952;3951;3954;3948;3953;3955;3952;3955;0;0;0;21
$1;1;1306000;2;0;1499;47848;35836;5429;402;0;3956;3952;3951;3954;3948;3953;3955;3952;3954;0;0;0;27
$1;1;1307000;2;0;1500;47847;35837;5433;402;0;3956;3952;3951;3955;3948;3953;3955;3952;3955;0;0;0;30
$1;1;1308000;2;0;1500;47847;35837;5437;402;0;3956;3952;3951;3955;3948;3953;3955;3952;3955;0;0;0;21
$1;1;1309000;2;0;1500;47846;35838;5441;402;0;3956;3952;3951;3955;3948;3953;3955;3952;3955;0;0;0;27
$1;1;1310000;2;0;1498;47848;35838;5446;401;0;3956;3952;3952;3955;3948;3953;3955;3952;3955;0;0;0;26
$1;1;1311000;2;0;1498;47844;35838;5450;402;0;3956;3952;3952;3955;3948;3953;3955;3952;3955;0;0;0;19
$1;1;1312000;2;0;1501;47843;35839;5454;403;0;3956;3952;3952;3955;3948;3953;3955;3952;3955;0;0;0;18
$1;1;1313000;2;0;1499;47844;35838;5458;403;0;3956;3952;3952;3955;3948;3953;3955;3953;3955;0;0;0;24
$1;1;1314000;2;0;1501;47842;35840;5462;403;0;3956;3952;3952;3955;3948;3953;3955;3953;3955;0;0;0;31
$1;1;1315000;2;0;1501;47843;35840;5466;403;0;3956;3952;3952;3955;3948;3953;3955;3953;3955;0;0;0;27
$1;1;1316000;2;0;1499;47843;35840;5471;403;0;3956;3952;3952;3955;3948;3953;3955;3953;3955;0;0;0;30
$1;1;1317000;2;0;1455;47869;35826;5475;402;0;3956;3952;3951;3954;3948;3953;3955;3952;3955;0;0;0;17
$1;1;1318000;2;0;1494;47847;35838;5479;403;0;3956;3952;3952;3955;3948;3953;3955;3953;3955;0;0;0;30
$1;1;1319000;2;0;1498;47845;35841;5483;403;0;3956;3952;3952;3955;3948;3953;3955;3953;3955;0;0;0;26
$1;1;1320000;2;0;1500;47841;35842;5487;403;0;3956;3952;3952;3955;3949;3953;3955;3953;3955;0;0;0;18
$1;1;1321000;2;0;1501;47841;35843;5491;402;0;3956;3953;3952;3955;3949;3953;3955;3953;3955;0;0;0;20
$1;1;1322000;2;0;1499;47843;35843;5496;402;0;3957;3953;3952;3955;3949;3953;3955;3953;3955;0;0;0;19
$1;1;1323000;2;0;1499;47843;35843;5500;402;0;3957;3952;3952;3955;3949;3954;3955;3953;3955;0;0;0;26
$1;1;1324000;2;0;1500;47841;35844;5504;402;0;3957;3953;3952;3955;3949;3954;3956;3953;3955;0;0;0;31
$1;1;1325000;2;0;1500;47843;35844;5508;402;0;3957;3953;3952;3955;3949;3954;3955;3953;3955;0;0;0;19
$1;128;1325000;303;114;15;12;11;13;10;12;14;13;14;0;0;0;17
$1;1;1326000;2;0;1500;47841;35845;5512;402;0;3957;3953;3952;3955;3949;3954;3956;3953;3956;0;0;0;24
$1;1;1327000;2;0;1498;47844;35845;5516;402;0;3957;3953;3952;3955;3949;3954;3956;3953;3955;0;0;0;27
$1;1;1328000;2;0;1500;47841;35846;5521;403;0;3957;3953;3952;3956;3949;3954;3956;3953;3956;0;0;0;23
$1;1;1329000;2;0;1500;47840;35846;5525;403;0;3957;3953;3952;3956;3949;3954;3956;3953;3956;0;0;0;19
$1;1;1330000;2;0;1463;47864;35835;5528;403;0;3956;3952;3952;3955;3949;3953;3955;3953;3955;0;0;0;20
$1;1;1331000;2;0;1496;47842;35845;5532;403;0;3957;3953;3952;3956;3949;3954;3956;3953;3956;0;0;0;19
$1;1;1332000;2;0;1499;47841;35847;5537;403;0;3957;3953;3952;3956;3949;3954;3956;3953;3956;0;0;0;27
$1;1;1333000;2;0;1499;47841;35847;5541;403;0;3957;3953;3953;3956;3949;3954;3956;3953;3956;0;0;0;26
$1;1;1334000;2;0;1500;47840;35848;5545;403;0;3957;3953;3952;3956;3949;3954;3956;3953;3956;0;0;0;23
$1;1;1335000;2;0;1499;47841;35848;5549;403;0;3957;3953;3953;3956;3949;3954;3956;3954;3956;0;0;0;28
$1;1;1336000;2;0;1500;47840;35848;5553;403;0;3957;3953;3953;3956;3949;3954;3956;3954;3956;0;0;0;20
$1;1;1337000;2;0;1499;47841;35849;5557;403;0;3957;3953;3953;3956;3949;3954;3956;3954;3956;0;0;0;16
$1;1;1338000;2;0;1501;47840;35850;5562;403;0;3957;3953;3953;3956;3949;3954;3956;3954;3956;0;0;0;16
$1;1;1339000;2;0;1499;47841;35850;5566;403;0;3957;3953;3953;3956;3949;3954;3956;3954;3956;0;0;0;20
$1;1;1340000;2;0;1499;47841;35850;5570;403;0;3957;3953;3953;3956;3949;3954;3956;3954;3956;0;0;0;29
$1;1;1341000;2;0;1500;47840;35850;5574;403;0;3957;3954;3953;3956;3949;3954;3956;3954;3956;0;0;0;31
$1;1;1342000;2;0;1500;47840;35850;5578;403;0;3957;3953;3953;3956;3949;3954;3956;3954;3956;0;0;0;23
$1;1;1343000;2;0;1500;47841;35851;5582;403;0;3958;3954;3953;3956;3950;3954;3956;3954;3956;0;0;0;19
$1;1;1344000;2;0;1499;47840;35851;5587;404;0;3958;3954;3953;3956;3950;3954;3957;3954;3956;0;0;0;23
$1;1;1345000;2;0;1499;47837;35851;5591;405;0;3958;3954;3953;3956;3950;3955;3957;3954;3956;0;0;0;17
$1;1;1346000;2;0;1500;47836;35852;5595;405;0;3958;3954;3953;3956;3950;3954;3957;3954;3957;0;0;0;21
$1;1;1347000;2;0;1500;47838;35852;5599;405;0;3958;3954;3953;3956;3949;3955;3956;3954;3956;0;0;0;31
$1;1;1348000;2;0;1499;47838;35852;5603;405;0;3958;3954;3953;3956;3950;3955;3957;3954;3956;0;0;0;24
$1;1;1349000;2;0;1498;47839;35853;5607;405;0;3958;3954;3953;3956;3950;3955;3957;3954;3956;0;0;0;28
$1;1;1350000;2;0;1498;47838;35853;5612;405;0;3958;3954;3953;3956;3950;3955;3957;3954;3956;0;0;0;17
$1;1;1351000;2;0;1498;47838;35853;5616;405;0;3958;3954;3953;3956;3950;3955;3957;3954;3956;0;0;0;20
$1;1;1352000;2;0;1499;47838;35854;5620;405;0;3958;3954;3953;3956;3950;3955;3957;3954;3957;0;0;0;21
$1;1;1353000;2;0;1498;47837;35854;5624;405;0;3958;3954;3953;3956;3950;3955;3957;3954;3956;0;0;0;31
$1;1;1354000;2;0;1498;47837;35855;5628;405;0;3958;3954;3953;3956;3950;3955;3957;3954;3957;0;0;0;20
$1;1;1355000;2;0;1498;47838;35855;5632;405;0;3958;3954;3954;3957;3950;3955;3957;3955;3957;0;0;0;22
$1;1;1356000;2;0;1500;47837;35856;5637;405;0;3958;3954;3954;3957;3950;3955;3957;3955;3957;0;0;0;28
$1;1;1357000;2;0;1501;47836;35857;5641;405;0;3958;3954;3953;3957;3950;3955;3957;3955;3957;0;0;0;26
$1;1;1358000;2;0;1499;47838;35857;5645;405;0;3958;3954;3954;3957;3950;3955;3957;3955;3957;0;0;0;24
$1;1;1359000;2;0;1500;47837;35858;5649;405;0;3958;3954;3954;3957;3950;3955;3957;3955;3957;0;0;0;20
$1;1;1360000;2;0;1498;47838;35858;5653;405;0;3958;3955;3954;3957;3950;3955;3957;3955;3957;0;0;0;27
$1;1;1361000;2;0;1499;47837;35859;5657;405;0;3958;3954;3954;3957;3950;3955;3957;3955;3957;0;0;0;16
$1;1;1362000;2;0;1500;47834;35859;5662;406;0;3958;3954;3954;3957;3950;3955;3957;3955;3957;0;0;0;20
$1;1;1363000;2;0;1500;47833;35859;5666;406;0;3958;3955;3954;3957;3950;3955;3957;3955;3957;0;0;0;23
$1;1;1364000;2;0;1499;47834;35860;5670;406;0;3958;3954;3954;3957;3951;3955;3957;3955;3957;0;0;0;27
$1;1;1365000;2;0;1499;47833;35859;5674;406;0;3958;3954;3954;3957;3950;3955;3957;3955;3957;0;0;0;18
$1;1;1366000;2;0;1501;47833;35862;5678;406;0;3959;3955;3954;3957;3951;3956;3957;3955;3957;0;0;0;23
$1;1;1367000;2;0;1499;47834;35862;5683;406;0;3959;3955;3954;3957;3951;3955;3958;3955;3957;0;0;0;25
$1;1;1368000;2;0;1498;47834;35862;5687;406;0;3959;3955;3954;3957;3951;3955;3958;3955;3957;0;0;0;19
$1;1;1369000;2;0;1498;47834;35862;5691;406;0;3959;3955;3954;3957;3951;3956;3958;3955;3958;0;0;0;25
$1;1;1370000;2;0;1500;47833;35862;5695;406;0;3959;3955;3954;3957;3951;3956;3958;3955;3958;0;0;0;18
$1;1;1371000;2;0;1499;47833;35862;5699;406;0;3959;3955;3954;3957;3951;3956;3958;3956;3957;0;0;0;18
$1;1;1372000;2;0;1499;47833;35863;5703;405;0;3959;3955;3954;3957;3951;3956;3958;3955;3958;0;0;0;29
$1;1;1373000;2;0;1500;47833;35863;5708;405;0;3959;3955;3954;3957;3951;3956;3958;3955;3958;0;0;0;22
$1;1;1374000;2;0;1500;47833;35864;5712;405;0;3959;3955;3954;3957;3951;3956;3958;3955;3958;0;0;0;29
$1;1;1375000;2;0;1498;47835;35864;5716;405;0;3959;3955;3954;3957;3951;3956;3958;3955;3958;0;0;0;30
$1;1;1376000;2;0;1499;47834;35864;5720;405;0;3959;3955;3954;3957;3951;3956;3958;3955;3958;0;0;0;24
$1;1;1377000;2;0;1499;47835;35865;5724;405;0;3959;3955;3954;3958;3951;3956;3958;3956;3958;0;0;0;17
$1;1;1378000;2;0;1499;47832;35865;5728;405;0;3959;3955;3955;3958;3951;3956;3958;3956;3958;0;0;0;20
$1;1;1379000;2;0;1488;47838;35862;5733;406;0;3959;3955;3954;3958;3951;3956;3958;3956;3958;0;0;0;16
$1;1;1380000;2;0;1498;47832;35865;5737;406;0;3959;3955;3954;3958;3951;3956;3958;3956;3958;0;0;0;30
$1;1;1381000;2;0;1499;47831;35867;5741;406;0;3959;3955;3954;3958;3951;3956;3958;3956;3958;0;0;0;30
$1;1;1382000;2;0;1501;47830;35868;5745;405;0;3959;3955;3955;3958;3951;3956;3958;3956;3958;0;0;0;21
$1;1;1383000;2;0;1498;47831;35867;5749;405;0;3959;3956;3955;3958;3952;3956;3958;3956;3958;0;0;0;23
$1;1;1384000;2;0;1500;47831;35869;5753;405;0;3960;3955;3955;3958;3951;3956;3958;3956;3958;0;0;0;31
$1;1;1385000;2;0;1500;47831;35869;5757;405;0;3960;3956;3955;3958;3951;3956;3958;3956;3958;0;0;0;25
$1;128;1385000;302;115;14;12;12;14;10;12;14;13;14;0;0;0;30
$1;1;1386000;2;0;1501;47829;35869;5762;405;0;3960;3956;3955;3958;3952;3956;3958;3956;3958;0;0;0;23
$1;1;1387000;2;0;1500;47831;35870;5766;405;0;3960;3956;3955;3958;3952;3956;3958;3956;3958;0;0;0;18
$1;1;1388000;2;0;1499;47832;35870;5770;405;0;3959;3956;3955;3958;3952;3956;3959;3956;3958;0;0;0;19
$1;1;1389000;2;0;1501;47831;35871;5774;405;0;3960;3956;3955;3958;3952;3957;3959;3956;3958;0;0;0;31
$1;1;1390000;2;0;1498;47831;35870;5778;404;0;3959;3956;3955;3958;3951;3957;3959;3956;3958;0;0;0;19
$1;1;1391000;2;0;1501;47830;35872;5783;404;0;3960;3956;3955;3959;3952;3957;3959;3956;3959;0;0;0;29
$1;1;1392000;2;0;1498;47831;35872;5787;404;0;3960;3956;3955;3958;3952;3957;3959;3956;3958;0;0;0;26
$1;1;1393000;2;0;1500;47831;35872;5791;404;0;3960;3956;3955;3958;3952;3956;3959;3956;3958;0;0;0;29
$1;1;1394000;2;0;1500;47829;35873;5795;404;0;3959;3956;3955;3958;3952;3957;3959;3956;3958;0;0;0;29
$1;1;1395000;2;0;1501;47826;35873;5799;405;0;3960;3956;3955;3959;3952;3957;3959;3956;3959;0;0;0;21
$1;1;1396000;2;0;1500;47827;35874;5803;405;0;3960;3956;3955;3958;3952;3957;3959;3957;3958;0;0;0;28
$1;1;1397000;2;0;1500;47826;35874;5808;406;0;3960;3956;3955;3959;3952;3957;3959;3957;3959;0;0;0;20
$1;1;1398000;2;0;1500;47827;35874;5812;405;0;3960;3956;3956;3959;3952;3957;3959;3957;3959;0;0;0;17
$1;1;1399000;2;0;1500;47828;35874;5816;405;0;3960;3956;3956;3959;3952;3957;3959;3957;3959;0;0;0;27
$1;1;1400000;2;0;1500;47827;35875;5820;405;0;3960;3956;3956;3959;3952;3957;3959;3957;3959;0;0;0;23
$1;1;1401000;2;0;1500;47828;35875;5824;405;0;3960;3956;3955;3959;3952;3957;3959;3957;3959;0;0;0;30
$1;1;1402000;2;0;1500;47827;35875;5828;406;0;3960;3956;3956;3959;3952;3957;3959;3957;3959;0;0;0;30
$1;1;1403000;2;0;1500;47826;35876;5832;406;0;3960;3957;3956;3959;3952;3957;3959;3957;3959;0;0;0;23
$1;1;1404000;2;0;1498;47828;35876;5837;406;0;3960;3957;3956;3959;3953;3957;3959;3957;3959;0;0;0;26
$1;1;1405000;2;0;1500;47826;35877;5841;406;0;3960;3957;3956;3959;3952;3957;3959;3957;3959;0;0;0;20
$1;1;1406000;2;0;1500;47827;35878;5845;406;0;3960;3957;3956;3959;3952;3957;3959;3957;3959;0;0;0;29
$1;1;1407000;2;0;1498;47829;35877;5849;406;0;3960;3957;3956;3959;3952;3957;3959;3957;3959;0;0;0;17
$1;1;1408000;2;0;1499;47829;35878;5853;406;0;3960;3957;3956;3959;3953;3957;3960;3957;3959;0;0;0;16
$1;1;1409000;2;0;1501;47827;35879;5858;406;0;3960;3957;3956;3959;3953;3957;3960;3957;3960;0;0;0;31
$1;1;1410000;2;0;1498;47828;35879;5862;406;0;3960;3957;3956;3959;3953;3957;3960;3957;3959;0;0;0;26
$1;1;1411000;2;0;1500;47825;35880;5866;407;0;3960;3957;3956;3960;3953;3957;3960;3957;3960;0;0;0;21
$1;1;1412000;2;0;1499;47825;35880;5870;407;0;3960;3957;3956;3960;3953;3958;3960;3957;3959;0;0;0;21
$1;1;1413000;2;0;1500;47824;35881;5874;407;0;3960;3957;3956;3960;3953;3957;3960;3957;3960;0;0;0;20
$1;1;1414000;2;0;1499;47825;35882;5878;407;0;3961;3957;3956;3960;3953;3958;3960;3958;3960;0;0;0;29
$1;1;1415000;2;0;1498;47824;35881;5883;407;0;3961;3957;3956;3960;3953;3957;3960;3958;3960;0;0;0;20
$1;1;1416000;2;0;1500;47824;35882;5887;407;0;3961;3957;3956;3960;3953;3958;3960;3957;3960;0;0;0;16
$1;1;1417000;2;0;1500;47824;35883;5891;407;0;3961;3957;3956;3960;3953;3958;3960;3958;3960;0;0;0;24
$1;1;1418000;2;0;1500;47824;35884;5895;407;0;3961;3957;3956;3960;3953;3958;3960;3958;3960;0;0;0;20
$1;1;1419000;2;0;1498;47825;35884;5899;407;0;3961;3957;3957;3960;3953;3958;3960;3958;3960;0;0;0;25
$1;1;1420000;2;0;1500;47825;35885;5903;407;0;3961;3957;3957;3960;3953;3958;3960;3958;3960;0;0;0;16
$1;1;1421000;2;0;1499;47824;35886;5907;407;0;3961;3957;3957;3961;3953;3958;3960;3958;3960;0;0;0;23
$1;1;1422000;2;0;1500;47823;35885;5912;406;0;3961;3957;3957;3960;3953;3958;3960;3958;3960;0;0;0;21
$1;1;1423000;2;0;1498;47824;35886;5916;406;0;3961;3958;3957;3960;3953;3958;3960;3958;3960;0;0;0;27
$1;1;1424000;2;0;1498;47824;35886;5920;406;0;3961;3958;3957;3961;3953;3958;3960;3958;3960;0;0;0;24
$1;1;1425000;2;0;1501;47822;35888;5924;406;0;3961;3958;3957;3961;3954;3958;3960;3958;3960;0;0;0;19
$1;1;1426000;2;0;1499;47825;35888;5928;405;0;3961;3958;3957;3961;3954;3958;3961;3958;3961;0;0;0;24
$1;1;1427000;2;0;1499;47820;35888;5932;406;0;3961;3958;3957;3961;3954;3958;3961;3958;3961;0;0;0;20
$1;1;1428000;2;0;1500;47820;35889;5937;406;0;3961;3958;3957;3961;3954;3958;3961;3958;3961;0;0;0;30
$1;1;1429000;2;0;1499;47820;35889;5941;406;0;3961;3958;3957;3961;3954;3958;3961;3958;3961;0;0;0;31
$1;1;1430000;2;0;1501;47819;35890;5945;406;0;3962;3958;3957;3961;3954;3959;3961;3958;3961;0;0;0;19
$1;1;1431000;2;0;1498;47821;35889;5949;406;0;3962;3958;3957;3961;3954;3959;3961;3958;3961;0;0;0;28
$1;1;1432000;2;0;1501;47818;35891;5953;405;0;3962;3958;3957;3961;3954;3958;3961;3958;3961;0;0;0;20
$1;1;1433000;2;0;1499;47819;35891;5957;405;0;3962;3958;3957;3961;3954;3959;3961;3959;3961;0;0;0;16
$1;1;1434000;2;0;1500;47820;35892;5962;405;0;3962;3958;3957;3961;3954;3959;3961;3959;3961;0;0;0;25
$1;1;1435000;2;0;1499;47820;35892;5966;405;0;3962;3958;3958;3961;3954;3959;3961;3958;3961;0;0;0;19
$1;1;1436000;2;0;1500;47819;35893;5970;405;0;3962;3958;3958;3961;3954;3959;3961;3959;3961;0;0;0;28
$1;1;1437000;2;0;1499;47820;35893;5974;405;0;3962;3958;3958;3961;3954;3959;3961;3959;3961;0;0;0;18
$1;1;1438000;2;0;1499;47819;35894;5978;404;0;3962;3958;3958;3962;3954;3959;3961;3959;3961;0;0;0;30
$1;1;1439000;2;0;1501;47818;35894;5982;404;0;3962;3958;3958;3961;3954;3959;3961;3959;3961;0;0;0;24
$1;1;1440000;2;0;1500;47819;35895;5987;404;0;3962;3958;3958;3962;3954;3959;3961;3959;3961;0;0;0;17
$1;1;1441000;2;0;1500;47818;35896;5991;404;0;3962;3958;3958;3962;3954;3959;3961;3959;3961;0;0;0;21
$1;1;1442000;2;0;1498;47820;35895;5995;403;0;3962;3958;3958;3962;3954;3959;3961;3959;3961;0;0;0;29
$1;1;1443000;2;0;1501;47816;35897;5999;404;0;3962;3959;3958;3962;3954;3959;3961;3959;3961;0;0;0;16
$1;1;1444000;2;0;1499;47816;35897;6003;404;0;3962;3958;3958;3962;3954;3959;3961;3959;3961;0;0;0;31
$1;1;1445000;2;0;1499;47816;35897;6007;404;0;3962;3958;3958;3962;3954;3959;3961;3959;3961;0;0;0;26
$1;128;1445000;299;116;15;12;12;14;10;12;14;13;14;0;0;0;20
$1;1;1446000;2;0;1498;47817;35897;6012;404;0;3962;3959;3958;3962;3954;3959;3961;3959;3961;0;0;0;28
$1;1;1447000;2;0;1500;47816;35898;6016;404;0;3962;3959;3958;3962;3954;3959;3962;3959;3961;0;0;0;20
$1;1;1448000;2;0;1500;47815;35898;6020;404;0;3962;3959;3958;3962;3955;3959;3962;3959;3961;0;0;0;28
$1;1;1449000;2;0;1499;47816;35898;6024;404;0;3962;3959;3958;3962;3955;3960;3962;3959;3962;0;0;0;18
$1;1;1450000;2;0;1500;47816;35899;6028;403;0;3963;3959;3958;3962;3955;3960;3962;3959;3962;0;0;0;16
$1;1;1451000;2;0;1501;47816;35900;6032;403;0;3963;3959;3958;3962;3955;3960;3962;3959;3962;0;0;0;26
$1;1;1452000;2;0;1482;47826;35895;6037;403;0;3962;3959;3958;3962;3954;3959;3961;3959;3961;0;0;0;18
$1;1;1453000;2;0;1499;47816;35900;6041;403;0;3963;3959;3958;3962;3955;3959;3962;3959;3962;0;0;0;22
$1;1;1454000;2;0;1501;47815;35902;6045;403;0;3963;3959;3959;3962;3955;3960;3962;3960;3962;0;0;0;21
$1;1;1455000;2;0;1501;47816;35902;6049;402;0;3963;3959;3959;3962;3955;3960;3962;3960;3962;0;0;0;26
$1;1;1456000;2;0;1499;47816;35902;6053;402;0;3963;3959;3959;3962;3955;3960;3962;3960;3962;0;0;0;18
$1;1;1457000;2;0;1501;47815;35903;6057;402;0;3963;3959;3959;3962;3955;3960;3962;3960;3962;0;0;0;21
$1;1;1458000;2;0;1500;47816;35903;6062;402;0;3963;3959;3959;3962;3955;3960;3962;3960;3962;0;0;0;30
$1;1;1459000;2;0;1500;47816;35903;6066;401;0;3963;3959;3959;3963;3955;3960;3962;3960;3962;0;0;0;25
$1;1;1460000;2;0;1500;47812;35903;6070;402;0;3963;3959;3959;3963;3955;3960;3962;3960;3962;0;0;0;19
$1;1;1461000;2;0;1501;47811;35904;6074;402;0;3963;3959;3959;3963;3955;3960;3962;3960;3962;0;0;0;19
$1;1;1462000;2;0;1500;47812;35905;6078;402;0;3963;3960;3959;3963;3955;3960;3962;3960;3962;0;0;0;21
$1;1;1463000;2;0;1499;47811;35905;6082;402;0;3963;3959;3959;3963;3955;3960;3962;3960;3962;0;0;0;25
$1;1;1464000;2;0;1500;47811;35905;6086;402;0;3963;3960;3959;3963;3955;3960;3962;3960;3962;0;0;0;17
$1;1;1465000;2;0;1500;47811;35906;6091;401;0;3963;3959;3959;3963;3955;3960;3962;3960;3962;0;0;0;28
$1;1;1466000;2;0;1500;47811;35906;6095;401;0;3963;3959;3959;3963;3955;3960;3962;3960;3962;0;0;0;27
$1;1;1467000;2;0;1500;47811;35907;6099;401;0;3963;3960;3959;3963;3955;3960;3962;3960;3962;0;0;0;29
$1;1;1468000;2;0;1499;47812;35907;6103;401;0;3963;3960;3959;3963;3955;3960;3962;3960;3963;0;0;0;19
$1;1;1469000;2;0;1499;47811;35907;6107;401;0;3963;3960;3959;3963;3955;3960;3962;3960;3962;0;0;0;20
$1;1;1470000;2;0;1499;47811;35908;6111;400;0;3963;3960;3959;3963;3955;3960;3962;3960;3963;0;0;0;20
$1;1;1471000;2;0;1499;47811;35908;6116;400;0;3963;3960;3959;3963;3956;3960;3962;3960;3963;0;0;0;17
$1;1;1472000;2;0;1499;47811;35908;6120;400;0;3964;3960;3960;3963;3956;3961;3963;3960;3963;0;0;0;26
$1;1;1473000;2;0;1501;47810;35909;6124;400;0;3964;3960;3959;3963;3956;3961;3963;3960;3963;0;0;0;21
$1;1;1474000;2;0;1498;47811;35909;6128;400;0;3964;3960;3959;3963;3956;3961;3963;3960;3963;0;0;0;30
$1;1;1475000;2;0;1500;47812;35910;6132;400;0;3964;3960;3960;3963;3956;3961;3963;3960;3963;0;0;0;21
$1;1;1476000;2;0;1501;47811;35910;6137;399;0;3964;3960;3959;3963;3956;3961;3963;3961;3963;0;0;0;29
$1;1;1477000;2;0;1500;47809;35910;6141;400;0;3964;3960;3960;3963;3956;3961;3963;3960;3963;0;0;0;25
$1;1;1478000;2;0;1499;47808;35910;6145;400;0;3964;3960;3960;3963;3956;3961;3963;3960;3963;0;0;0;18
$1;1;1479000;2;0;1500;47808;35911;6149;400;0;3964;3960;3960;3963;3956;3961;3963;3961;3963;0;0;0;30
$1;1;1480000;2;0;1500;47807;35911;6153;400;0;3964;3960;3960;3963;3956;3961;3963;3961;3963;0;0;0;28
$1;1;1481000;2;0;1500;47808;35911;6157;400;0;3964;3960;3960;3963;3956;3961;3963;3961;3963;0;0;0;22
$1;1;1482000;2;0;1501;47808;35912;6162;400;0;3964;3960;3960;3963;3956;3961;3963;3961;3963;0;0;0;17
$1;1;1483000;2;0;1501;47808;35913;6166;400;0;3964;3961;3960;3963;3956;3961;3963;3961;3963;0;0;0;20
$1;1;1484000;2;0;1498;47809;35913;6170;400;0;3964;3961;3960;3963;3956;3961;3963;3961;3963;0;0;0;20
$1;1;1485000;2;0;1501;47806;35913;6174;399;0;3964;3960;3960;3963;3957;3961;3963;3961;3963;0;0;0;24
$1;1;1486000;2;0;1501;47808;35914;6178;399;0;3964;3960;3960;3963;3956;3961;3963;3961;3963;0;0;0;31
$1;1;1487000;2;0;1500;47808;35914;6183;399;0;3964;3961;3960;3963;3956;3961;3963;3961;3963;0;0;0;26
$1;1;1488000;2;0;1499;47808;35914;6187;399;0;3964;3960;3960;3963;3956;3961;3963;3961;3963;0;0;0;17
$1;1;1489000;2;0;1499;47808;35915;6191;399;0;3964;3961;3960;3964;3956;3961;3963;3961;3963;0;0;0;16
$1;1;1490000;2;0;1502;47808;35917;6195;399;0;3964;3961;3960;3964;3957;3961;3963;3961;3963;0;0;0;28
$1;1;1491000;2;0;1499;47808;35916;6199;399;0;3965;3961;3960;3964;3957;3962;3963;3961;3963;0;0;0;17
$1;1;1492000;2;0;1499;47808;35916;6203;398;0;3965;3961;3960;3964;3957;3961;3963;3961;3964;0;0;0;23
$1;1;1493000;2;0;1500;47808;35917;6207;398;0;3965;3961;3960;3964;3957;3962;3963;3961;3964;0;0;0;17
$1;1;1494000;2;0;1499;47806;35918;6212;399;0;3965;3961;3960;3964;3957;3962;3964;3961;3963;0;0;0;19
$1;1;1495000;2;0;1500;47804;35918;6216;399;0;3965;3961;3960;3964;3957;3962;3964;3961;3964;0;0;0;18
$1;1;1496000;2;0;1500;47803;35918;6220;399;0;3965;3961;3961;3964;3957;3962;3964;3961;3964;0;0;0;18
$1;1;1497000;2;0;1501;47802;35919;6224;399;0;3965;3961;3961;3964;3957;3962;3964;3961;3964;0;0;0;22
$1;1;1498000;2;0;1499;47804;35918;6228;399;0;3965;3961;3960;3964;3957;3962;3963;3962;3964;0;0;0;23
$1;1;1499000;2;0;1500;47803;35919;6232;399;0;3965;3961;3961;3964;3957;3962;3964;3961;3964;0;0;0;31
$1;1;1500000;2;0;1499;47804;35920;6237;399;0;3965;3961;3961;3964;3957;3962;3964;3962;3964;0;0;0;20
$1;1;1501000;2;0;1499;47804;35921;6241;399;0;3965;3961;3961;3964;3957;3962;3964;3962;3964;0;0;0;21
$1;1;1502000;2;0;1500;47802;35921;6245;398;0;3965;3961;3961;3964;3957;3962;3964;3962;3964;0;0;0;20
$1;1;1503000;2;0;1499;47804;35921;6249;398;0;3965;3961;3961;3964;3957;3962;3964;3962;3964;0;0;0;30
$1;1;1504000;2;0;1498;47804;35921;6253;398;0;3965;3961;3961;3964;3957;3962;3964;3962;3964;0;0;0;19
$1;1;1505000;2;0;1499;47805;35922;6257;398;0;3965;3961;3961;3964;3957;3962;3964;3962;3964;0;0;0;21
$1;128;1505000;301;114;14;12;11;14;10;12;14;13;14;0;0;0;17
$1;1;1506000;2;0;1500;47803;35922;6262;398;0;3965;3962;3961;3964;3957;3962;3964;3962;3964;0;0;0;20
$1;1;1507000;2;0;1502;47803;35923;6266;398;0;3965;3962;3961;3964;3958;3962;3964;3962;3964;0;0;0;29
$1;1;1508000;2;0;1500;47803;35923;6270;398;0;3965;3962;3961;3964;3958;3962;3964;3962;3964;0;0;0;23
$1;1;1509000;2;0;1499;47804;35923;6274;397;0;3965;3962;3961;3964;3958;3962;3964;3962;3964;0;0;0;27
$1;1;1510000;2;0;1498;47806;35923;6278;397;0;3965;3962;3961;3964;3958;3962;3964;3962;3964;0;0;0;28
$1;1;1511000;2;0;1499;47803;35923;6282;397;0;3965;3962;3961;3964;3958;3962;3964;3962;3964;0;0;0;28
$1;1;1512000;2;0;1498;47801;35923;6287;398;0;3965;3962;3961;3964;3958;3962;3964;3962;3965;0;0;0;23
$1;1;1513000;2;0;1500;47800;35925;6291;398;0;3965;3962;3961;3964;3958;3962;3964;3962;3965;0;0;0;22
$1;1;1514000;2;0;1499;47800;35925;6295;398;0;3965;3962;3961;3964;3958;3962;3964;3962;3965;0;0;0;20
$1;1;1515000;2;0;1499;47800;35925;6299;398;0;3966;3962;3961;3965;3958;3962;3964;3962;3965;0;0;0;27
$1;1;1516000;2;0;1498;47801;35926;6303;398;0;3966;3962;3961;3965;3958;3962;3965;3962;3965;0;0;0;24
$1;1;1517000;2;0;1500;47800;35926;6307;398;0;3966;3962;3961;3965;3958;3963;3964;3962;3965;0;0;0;28
$1;1;1518000;2;0;1498;47801;35927;6311;398;0;3966;3962;3961;3965;3958;3963;3965;3963;3965;0;0;0;20
$1;1;1519000;2;0;1498;47800;35927;6316;398;0;3966;3962;3961;3965;3958;3963;3965;3963;3965;0;0;0;19
$1;1;1520000;2;0;1500;47800;35928;6320;398;0;3966;3962;3961;3965;3958;3963;3965;3962;3965;0;0;0;18
$1;1;1521000;2;0;1499;47800;35928;6324;398;0;3966;3962;3962;3965;3958;3963;3965;3963;3965;0;0;0;20
$1;1;1522000;2;0;1500;47800;35929;6328;398;0;3966;3962;3961;3965;3958;3963;3965;3963;3965;0;0;0;24
$1;1;1523000;2;0;1501;47799;35930;6332;398;0;3966;3962;3962;3965;3958;3963;3965;3963;3965;0;0;0;23
$1;1;1524000;2;0;1499;47799;35930;6337;398;0;3966;3963;3961;3965;3958;3963;3965;3963;3965;0;0;0;23
$1;1;1525000;2;0;1501;47799;35930;6341;398;0;3966;3962;3962;3965;3958;3963;3965;3963;3965;0;0;0;21
$1;1;1526000;2;0;1501;47800;35931;6345;398;0;3966;3962;3962;3965;3959;3963;3965;3963;3965;0;0;0;29
$1;1;1527000;2;0;1499;47800;35931;6349;398;0;3966;3963;3962;3965;3958;3963;3965;3963;3965;0;0;0;16
$1;1;1528000;2;0;1501;47800;35932;6353;398;0;3966;3963;3962;3965;3958;3963;3965;3963;3965;0;0;0;23
$1;1;1529000;2;0;1500;47800;35932;6357;398;0;3966;3963;3962;3965;3959;3963;3965;3963;3965;0;0;0;18
$1;1;1530000;2;0;1500;47797;35932;6361;399;0;3966;3963;3962;3965;3959;3963;3965;3963;3965;0;0;0;31
$1;1;1531000;2;0;1501;47797;35934;6366;399;0;3966;3963;3962;3966;3959;3963;3965;3963;3965;0;0;0;29
$1;1;1532000;2;0;1498;47798;35933;6370;399;0;3966;3963;3962;3965;3959;3963;3965;3963;3965;0;0;0;19
$1;1;1533000;2;0;1499;47798;35934;6374;399;0;3966;3963;3962;3965;3959;3963;3965;3963;3965;0;0;0;16
$1;1;1534000;2;0;1499;47798;35934;6378;399;0;3966;3963;3962;3965;3959;3963;3965;3963;3965;0;0;0;27
$1;1;1535000;2;0;1499;47799;35934;6382;399;0;3966;3963;3962;3966;3959;3963;3965;3963;3965;0;0;0;29
$1;1;1536000;2;0;1500;47796;35934;6386;399;0;3967;3963;3962;3966;3959;3963;3965;3963;3965;0;0;0;21
$1;1;1537000;2;0;1500;47797;35935;6390;400;0;3967;3963;3962;3966;3959;3963;3966;3963;3966;0;0;0;20
$1;1;1538000;2;0;1499;47796;35935;6395;400;0;3967;3963;3962;3966;3959;3964;3966;3964;3966;0;0;0;30
$1;1;1539000;2;0;1499;47798;35935;6399;399;0;3967;3963;3962;3966;3959;3964;3966;3964;3966;0;0;0;26
$1;1;1540000;2;0;1499;47797;35935;6403;399;0;3967;3963;3962;3966;3959;3964;3966;3964;3966;0;0;0;31
$1;1;1541000;2;0;1499;47799;35937;6407;399;0;3967;3963;3962;3966;3959;3964;3966;3964;3966;0;0;0;22
$1;1;1542000;2;0;1499;47797;35937;6411;399;0;3967;3963;3962;3966;3959;3964;3966;3964;3966;0;0;0;28
$1;1;1543000;2;0;1500;47797;35938;6416;399;0;3967;3963;3962;3966;3959;3964;3966;3964;3966;0;0;0;20
$1;1;1544000;2;0;1498;47797;35938;6420;399;0;3967;3963;3963;3966;3960;3964;3966;3964;3966;0;0;0;29
$1;1;1545000;2;0;1500;47798;35939;6424;399;0;3967;3963;3963;3966;3959;3964;3966;3964;3966;0;0;0;28
$1;1;1546000;2;0;1499;47797;35940;6428;399;0;3967;3964;3963;3966;3959;3964;3966;3964;3966;0;0;0;20
$1;1;1547000;2;0;1500;47794;35940;6432;400;0;3967;3963;3963;3966;3959;3964;3966;3964;3966;0;0;0;28
$1;1;1548000;2;0;1500;47794;35941;6436;400;0;3967;3964;3963;3967;3959;3964;3966;3964;3966;0;0;0;16
$1;1;1549000;2;0;1501;47793;35942;6441;400;0;3967;3963;3963;3966;3960;3964;3966;3964;3966;0;0;0;24
$1;1;1550000;2;0;1500;47794;35942;6445;400;0;3967;3964;3963;3967;3960;3964;3966;3964;3966;0;0;0;20
$1;1;1551000;2;0;1501;47793;35943;6449;400;0;3967;3964;3963;3967;3960;3964;3966;3964;3966;0;0;0;30
$1;1;1552000;2;0;1498;47795;35943;6453;400;0;3967;3964;3963;3967;3960;3964;3966;3964;3966;0;0;0;17
$1;1;1553000;2;0;1501;47793;35944;6457;400;0;3967;3964;3963;3967;3960;3964;3966;3964;3967;0;0;0;21
$1;1;1554000;2;0;1497;47794;35944;6461;400;0;3967;3964;3963;3967;3960;3964;3966;3964;3967;0;0;0;30
$1;1;1555000;2;0;1500;47792;35945;6466;400;0;3968;3964;3963;3967;3960;3965;3967;3964;3967;0;0;0;31
$1;1;1556000;2;0;1499;47794;35945;6470;400;0;3968;3964;3963;3967;3960;3965;3967;3964;3967;0;0;0;28
$1;1;1557000;2;0;1500;47794;35946;6474;400;0;3968;3964;3963;3967;3960;3965;3967;3965;3967;0;0;0;26
$1;1;1558000;2;0;1499;47795;35946;6478;399;0;3968;3964;3964;3967;3960;3965;3966;3965;3967;0;0;0;24
$1;1;1559000;2;0;1499;47794;35947;6482;399;0;3968;3964;3963;3967;3960;3965;3967;3964;3967;0;0;0;27
$1;1;1560000;2;0;1499;47794;35947;6486;399;0;3968;3964;3964;3967;3960;3965;3967;3965;3967;0;0;0;19
$1;1;1561000;2;0;1468;47809;35937;6490;400;0;3967;3964;3963;3967;3960;3965;3967;3964;3967;0;0;0;25
$1;1;1562000;2;0;1493;47795;35946;6495;400;0;3968;3964;3963;3967;3960;3965;3967;3965;3967;0;0;0;25
$1;1;1563000;2;0;1498;47792;35947;6499;400;0;3968;3964;3964;3968;3960;3965;3967;3965;3967;0;0;0;17
$1;1;1564000;2;0;1500;47790;35948;6503;400;0;3968;3964;3964;3968;3960;3965;3967;3965;3967;0;0;0;25
$1;1;1565000;2;0;1499;47792;35948;6507;400;0;3968;3964;3964;3968;3960;3965;3967;3965;3968;0;0;0;16
$1;128;1565000;302;116;15;12;12;14;10;12;14;13;14;0;0;0;20
$1;1;1566000;2;0;1498;47791;35948;6511;400;0;3968;3964;3964;3968;3961;3965;3967;3965;3967;0;0;0;24
$1;1;1567000;2;0;1500;47790;35949;6515;400;0;3968;3965;3964;3968;3961;3965;3967;3965;3968;0;0;0;19
$1;1;1568000;2;0;1499;47791;35949;6520;400;0;3968;3965;3964;3968;3961;3965;3967;3965;3968;0;0;0;26
$1;1;1569000;2;0;1500;47790;35950;6524;399;0;3968;3965;3964;3968;3961;3965;3967;3965;3968;0;0;0;16
$1;1;1570000;2;0;1499;47790;35951;6528;399;0;3968;3965;3964;3968;3961;3965;3967;3965;3968;0;0;0;20
$1;1;1571000;2;0;1454;47815;35937;6532;399;0;3968;3964;3964;3968;3960;3965;3967;3965;3967;0;0;0;18
$1;1;1572000;2;0;1494;47794;35951;6536;399;0;3968;3965;3964;3968;3961;3965;3967;3965;3968;0;0;0;16
$1;1;1573000;2;0;1498;47791;35952;6540;399;0;3968;3965;3964;3968;3961;3966;3967;3965;3968;0;0;0;25
$1;1;1574000;2;0;1500;47790;35953;6545;399;0;3969;3965;3964;3968;3961;3966;3967;3965;3968;0;0;0;26
$1;1;1575000;2;0;1500;47790;35954;6549;399;0;3969;3965;3964;3968;3961;3966;3967;3965;3968;0;0;0;16
$1;1;1576000;2;0;1499;47789;35954;6553;398;0;3969;3965;3964;3968;3961;3966;3967;3965;3968;0;0;0;16
$1;1;1577000;2;0;1501;47790;35956;6557;398;0;3969;3965;3964;3968;3961;3966;3968;3966;3968;0;0;0;19
$1;1;1578000;2;0;1498;47790;35954;6561;398;0;3969;3965;3964;3968;3961;3966;3968;3966;3968;0;0;0;26
$1;1;1579000;2;0;1501;47786;35956;6565;399;0;3969;3965;3965;3968;3961;3966;3968;3965;3968;0;0;0;24
$1;1;1580000;2;0;1498;47787;35955;6570;399;0;3969;3965;3964;3968;3961;3966;3968;3966;3968;0;0;0;27
$1;1;1581000;2;0;1500;47785;35957;6574;399;0;3969;3965;3965;3968;3961;3966;3968;3966;3968;0;0;0;31
$1;1;1582000;2;0;1500;47786;35957;6578;399;0;3969;3965;3965;3968;3961;3966;3968;3966;3968;0;0;0;19
$1;1;1583000;2;0;1499;47786;35957;6582;399;0;3969;3965;3965;3969;3961;3966;3968;3966;3968;0;0;0;23
$1;1;1584000;2;0;1501;47785;35958;6586;398;0;3969;3965;3965;3968;3961;3966;3968;3966;3968;0;0;0;24
$1;1;1585000;2;0;1501;47786;35959;6590;398;0;3969;3965;3965;3968;3961;3966;3968;3966;3968;0;0;0;28
$1;1;1586000;2;0;1498;47787;35958;6595;398;0;3969;3965;3965;3969;3961;3966;3968;3966;3968;0;0;0;26
$1;1;1587000;2;0;1500;47787;35959;6599;398;0;3969;3966;3965;3969;3961;3966;3968;3966;3968;0;0;0;21
$1;1;1588000;2;0;1499;47787;35959;6603;398;0;3969;3965;3965;3969;3962;3966;3968;3966;3968;0;0;0;27
$1;1;1589000;2;0;1489;47793;35957;6607;398;0;3969;3965;3965;3969;3961;3966;3968;3966;3968;0;0;0;23
$1;1;1590000;2;0;1500;47787;35960;6611;398;0;3969;3966;3965;3969;3962;3966;3968;3966;3969;0;0;0;24
$1;1;1591000;2;0;1491;47792;35958;6615;398;0;3969;3966;3965;3968;3962;3966;3968;3966;3969;0;0;0;26
$1;1;1592000;2;0;1499;47787;35960;6620;397;0;3969;3966;3965;3969;3962;3967;3968;3966;3969;0;0;0;23
$1;1;1593000;2;0;1499;47788;35961;6624;397;0;3969;3966;3965;3969;3962;3966;3968;3966;3969;0;0;0;29
$1;1;1594000;2;0;1500;47787;35962;6628;397;0;3970;3966;3965;3969;3962;3966;3968;3966;3969;0;0;0;19
$1;1;1595000;2;0;1500;47787;35962;6632;397;0;3970;3966;3965;3969;3962;3967;3968;3966;3969;0;0;0;24
$1;1;1596000;2;0;1500;47783;35962;6636;398;0;3970;3966;3965;3969;3962;3967;3968;3966;3969;0;0;0;20
$1;1;1597000;2;0;1498;47784;35963;6640;398;0;3970;3966;3965;3969;3962;3967;3968;3966;3969;0;0;0;18
$1;1;1598000;2;0;1500;47783;35964;6644;398;0;3970;3966;3965;3969;3962;3967;3968;3966;3969;0;0;0;25
$1;1;1599000;2;0;1500;47783;35964;6649;398;0;3970;3966;3965;3969;3962;3967;3969;3966;3969;0;0;0;20
$1;1;1600000;2;0;1500;47783;35964;6653;397;0;3970;3966;3966;3969;3962;3967;3969;3967;3969;0;0;0;17
$1;1;1601000;2;0;1499;47784;35965;6657;397;0;3970;3966;3966;3969;3962;3967;3969;3967;3969;0;0;0;19
$1;1;1602000;2;0;1500;47783;35966;6661;397;0;3970;3966;3965;3969;3962;3967;3969;3967;3969;0;0;0;19
$1;1;1603000;2;0;1499;47783;35965;6665;397;0;3970;3966;3966;3969;3962;3967;3969;3967;3969;0;0;0;23
$1;1;1604000;2;0;1501;47782;35966;6669;397;0;3970;3966;3966;3969;3962;3967;3969;3967;3969;0;0;0;30
$1;1;1605000;2;0;1501;47782;35967;6674;397;0;3970;3966;3966;3969;3962;3967;3969;3967;3969;0;0;0;18
$1;1;1606000;2;0;1498;47784;35967;6678;397;0;3970;3966;3966;3969;3963;3967;3969;3967;3969;0;0;0;27
$1;1;1607000;2;0;1499;47784;35967;6682;396;0;3970;3967;3966;3969;3962;3967;3969;3967;3969;0;0;0;31
$1;1;1608000;2;0;1500;47783;35968;6686;396;0;3970;3967;3966;3970;3962;3967;3969;3967;3969;0;0;0;21
$1;1;1609000;2;0;1498;47784;35968;6690;396;0;3970;3967;3966;3970;3963;3967;3969;3967;3969;0;0;0;21
$1;1;1610000;2;0;1500;47783;35970;6694;396;0;3970;3967;3966;3969;3963;3967;3969;3967;3969;0;0;0;31
$1;1;1611000;2;0;1500;47783;35970;6699;396;0;3970;3967;3966;3970;3963;3967;3969;3967;3969;0;0;0;27
$1;1;1612000;2;0;1501;47783;35970;6703;396;0;3970;3967;3966;3969;3963;3967;3969;3967;3970;0;0;0;27
$1;1;1613000;2;0;1500;47783;35970;6707;396;0;3970;3967;3966;3970;3963;3967;3969;3967;3970;0;0;0;23
$1;1;1614000;2;0;1499;47780;35970;6711;396;0;3970;3967;3966;3970;3963;3967;3969;3967;3970;0;0;0;21
$1;1;1615000;2;0;1500;47780;35971;6715;397;0;3971;3967;3966;3970;3963;3968;3969;3967;3970;0;0;0;31
$1;1;1616000;2;0;1500;47779;35971;6720;397;0;3971;3967;3966;3970;3963;3968;3970;3967;3970;0;0;0;20
$1;1;1617000;2;0;1499;47780;35972;6724;397;0;3971;3967;3966;3970;3963;3968;3969;3967;3970;0;0;0;29
$1;1;1618000;2;0;1501;47778;35972;6728;397;0;3971;3967;3966;3970;3963;3968;3969;3967;3970;0;0;0;25
$1;1;1619000;2;0;1501;47778;35972;6732;396;0;3971;3967;3966;3970;3963;3968;3969;3967;3970;0;0;0;18
$1;1;1620000;2;0;1498;47780;35973;6736;396;0;3971;3967;3966;3970;3963;3968;3969;3967;3970;0;0;0;27
$1;1;1621000;2;0;1498;47780;35973;6740;396;0;3971;3967;3966;3970;3963;3968;3970;3967;3970;0;0;0;19
$1;1;1622000;2;0;1498;47780;35973;6744;396;0;3971;3967;3967;3970;3963;3968;3969;3968;3970;0;0;0;18
$1;1;1623000;2;0;1498;47780;35974;6749;396;0;3971;3967;3967;3970;3963;3968;3970;3968;3970;0;0;0;17
$1;1;1624000;2;0;1500;47778;35975;6753;396;0;3971;3967;3967;3970;3963;3968;3970;3968;3970;0;0;0;27
$1;1;1625000;2;0;1501;47778;35975;6757;396;0;3971;3967;3967;3970;3964;3968;3970;3968;3970;0;0;0;24
$1;128;1625000;304;115;15;12;11;14;10;12;14;13;14;0;0;0;21
$1;1;1626000;2;0;1501;47779;35976;6761;396;0;3971;3967;3967;3970;3963;3968;3970;3968;3970;0;0;0;27
$1;1;1627000;2;0;1499;47780;35975;6765;395;0;3971;3967;3967;3970;3964;3968;3970;3968;3970;0;0;0;31
$1;1;1628000;2;0;1500;47779;35976;6769;395;0;3971;3968;3967;3970;3964;3968;3970;3968;3970;0;0;0;23
$1;1;1629000;2;0;1501;47778;35977;6774;395;0;3971;3967;3967;3970;3964;3968;3970;3968;3971;0;0;0;21
$1;1;1630000;2;0;1500;47779;35977;6778;395;0;3971;3968;3967;3970;3964;3968;3970;3968;3970;0;0;0;31
$1;1;1631000;2;0;1501;47778;35977;6782;395;0;3971;3968;3967;3970;3964;3968;3970;3968;3970;0;0;0;27
$1;1;1632000;2;0;1498;47777;35977;6786;396;0;3971;3968;3967;3970;3964;3968;3970;3968;3970;0;0;0;17
$1;1;1633000;2;0;1498;47777;35977;6790;396;0;3971;3968;3967;3970;3964;3968;3970;3968;3970;0;0;0;23
$1;1;1634000;2;0;1500;47776;35979;6795;396;0;3972;3968;3967;3971;3964;3968;3970;3968;3970;0;0;0;24
$1;1;1635000;2;0;1500;47776;35979;6799;396;0;3972;3968;3967;3971;3964;3968;3970;3968;3971;0;0;0;20
$1;1;1636000;2;0;1499;47775;35980;6803;396;0;3972;3968;3967;3970;3964;3969;3970;3968;3971;0;0;0;31
$1;1;1637000;2;0;1499;47775;35979;6807;396;0;3972;3968;3967;3970;3964;3968;3970;3968;3971;0;0;0;29
$1;1;1638000;2;0;1499;47776;35980;6811;396;0;3972;3968;3967;3971;3964;3969;3970;3968;3971;0;0;0;16
$1;1;1639000;2;0;1498;47776;35981;6815;395;0;3972;3968;3967;3971;3964;3968;3970;3968;3971;0;0;0;23
$1;1;1640000;2;0;1498;47776;35980;6820;396;0;3972;3968;3967;3971;3964;3969;3970;3968;3971;0;0;0;28
$1;1;1641000;2;0;1501;47775;35982;6824;396;0;3972;3968;3967;3971;3964;3969;3970;3969;3971;0;0;0;24
$1;1;1642000;2;0;1499;47776;35982;6828;395;0;3972;3968;3967;3971;3964;3969;3971;3968;3971;0;0;0;23
$1;1;1643000;2;0;1500;47775;35983;6832;395;0;3972;3968;3967;3971;3964;3969;3971;3969;3971;0;0;0;31
$1;1;1644000;2;0;1501;47774;35983;6836;395;0;3972;3968;3967;3971;3964;3969;3971;3969;3971;0;0;0;28
$1;1;1645000;2;0;1500;47775;35983;6840;395;0;3972;3968;3968;3971;3965;3969;3971;3969;3971;0;0;0;18
$1;1;1646000;2;0;1498;47776;35983;6845;395;0;3972;3968;3967;3971;3965;3969;3971;3969;3971;0;0;0;24
$1;1;1647000;2;0;1500;47775;35984;6849;395;0;3972;3968;3968;3971;3965;3969;3971;3969;3971;0;0;0;30
$1;1;1648000;2;0;1500;47775;35985;6853;395;0;3972;3968;3968;3971;3964;3969;3971;3969;3971;0;0;0;26
$1;1;1649000;2;0;1499;47775;35985;6857;395;0;3972;3968;3968;3971;3965;3969;3971;3969;3971;0;0;0;31
$1;1;1650000;2;0;1501;47772;35985;6861;396;0;3972;3969;3968;3971;3965;3969;3971;3969;3971;0;0;0;23
$1;1;1651000;2;0;1498;47773;35985;6865;396;0;3972;3969;3968;3971;3965;3969;3971;3969;3971;0;0;0;18
$1;1;1652000;2;0;1501;47771;35986;6870;396;0;3972;3968;3968;3971;3965;3969;3971;3969;3971;0;0;0;20
$1;1;1653000;2;0;1501;47770;35987;6874;396;0;3972;3969;3968;3971;3965;3969;3971;3969;3971;0;0;0;16
$1;1;1654000;2;0;1500;47771;35987;6878;396;0;3972;3969;3968;3971;3965;3969;3971;3969;3971;0;0;0;27
$1;1;1655000;2;0;1500;47772;35987;6882;396;0;3972;3969;3968;3971;3965;3969;3971;3969;3971;0;0;0;28
$1;1;1656000;2;0;1499;47772;35988;6886;396;0;3973;3969;3968;3972;3965;3969;3971;3969;3971;0;0;0;23
$1;1;1657000;2;0;1499;47772;35988;6890;396;0;3973;3968;3968;3972;3965;3969;3971;3969;3972;0;0;0;19
$1;1;1658000;2;0;1500;47771;35989;6894;396;0;3973;3969;3968;3972;3965;3969;3971;3969;3972;0;0;0;26
$1;1;1659000;2;0;1499;47771;35989;6899;396;0;3973;3969;3968;3971;3965;3969;3971;3969;3972;0;0;0;20
$1;1;1660000;2;0;1501;47770;35990;6903;396;0;3973;3969;3968;3972;3965;3970;3972;3969;3972;0;0;0;29
$1;1;1661000;2;0;1501;47770;35991;6907;396;0;3973;3969;3968;3972;3965;3970;3972;3969;3972;0;0;0;25
$1;1;1662000;2;0;1499;47771;35989;6911;396;0;3973;3969;3968;3972;3965;3970;3971;3969;3972;0;0;0;22
$1;1;1663000;2;0;1498;47772;35990;6915;396;0;3973;3969;3968;3972;3965;3970;3971;3969;3972;0;0;0;25
$1;1;1664000;2;0;1500;47770;35992;6919;396;0;3973;3969;3968;3972;3965;3970;3971;3970;3972;0;0;0;26
$1;1;1665000;2;0;1501;47769;35993;6923;395;0;3973;3969;3968;3972;3965;3970;3972;3970;3972;0;0;0;26
$1;1;1666000;2;0;1499;47771;35992;6928;395;0;3973;3969;3968;3972;3966;3970;3972;3970;3972;0;0;0;25
$1;1;1667000;2;0;1498;47772;35993;6932;395;0;3973;3969;3969;3972;3965;3970;3972;3970;3972;0;0;0;18
$1;1;1668000;2;0;1500;47768;35994;6936;396;0;3973;3969;3968;3972;3966;3970;3972;3970;3972;0;0;0;20
$1;1;1669000;2;0;1498;47769;35994;6940;396;0;3973;3969;3968;3972;3966;3970;3972;3970;3972;0;0;0;21
$1;1;1670000;2;0;1500;47768;35995;6944;396;0;3973;3969;3968;3972;3966;3970;3972;3970;3972;0;0;0;25
$1;1;1671000;2;0;1500;47768;35995;6948;396;0;3973;3969;3968;3972;3966;3970;3972;3970;3972;0;0;0;20
$1;1;1672000;2;0;1500;47767;35995;6953;396;0;3973;3969;3969;3972;3966;3970;3972;3970;3972;0;0;0;19
$1;1;1673000;2;0;1499;47767;35995;6957;396;0;3973;3970;3969;3972;3966;3970;3972;3970;3972;0;0;0;31
$1;1;1674000;2;0;1500;47768;35996;6961;396;0;3973;3970;3969;3972;3966;3970;3972;3970;3972;0;0;0;16
$1;1;1675000;2;0;1501;47768;35997;6965;396;0;3974;3970;3969;3972;3966;3970;3972;3970;3973;0;0;0;19
$1;1;1676000;2;0;1501;47767;35999;6969;396;0;3974;3970;3969;3973;3966;3970;3972;3970;3973;0;0;0;28
$1;1;1677000;2;0;1499;47768;35997;6973;396;0;3974;3970;3969;3972;3966;3970;3972;3970;3972;0;0;0;23
$1;1;1678000;2;0;1500;47767;35998;6978;396;0;3974;3970;3969;3973;3966;3970;3972;3970;3973;0;0;0;18
$1;1;1679000;2;0;1501;47767;35999;6982;396;0;3974;3970;3969;3973;3966;3970;3972;3970;3973;0;0;0;22
$1;1;1680000;2;0;1500;47767;35999;6986;396;0;3974;3970;3969;3973;3966;3971;3972;3971;3973;0;0;0;21
$1;1;1681000;2;0;1498;47768;35999;6990;396;0;3974;3970;3969;3973;3966;3971;3972;3970;3973;0;0;0;29
$1;1;1682000;2;0;1501;47766;36001;6994;396;0;3974;3970;3969;3973;3966;3971;3972;3971;3973;0;0;0;31
$1;1;1683000;2;0;1499;47768;36001;6998;396;0;3974;3970;3970;3973;3966;3971;3973;3971;3973;0;0;0;21
$1;1;1684000;2;0;1499;47768;36002;7003;395;0;3974;3970;3969;3973;3966;3971;3973;3971;3973;0;0;0;16
$1;1;1685000;2;0;1499;47768;36002;7007;395;0;3974;3970;3970;3973;3967;3971;3973;3971;3973;0;0;0;28
$1;128;1685000;301;116;15;12;12;14;10;12;14;13;14;0;0;0;26
$1;1;1686000;2;0;1501;47763;36003;7011;396;0;3974;3970;3970;3973;3967;3971;3973;3971;3973;0;0;0;17
$1;1;1687000;2;0;1498;47764;36002;7015;396;0;3974;3970;3970;3973;3966;3971;3973;3971;3973;0;0;0;18
$1;1;1688000;2;0;1500;47762;36003;7019;396;0;3974;3970;3970;3973;3967;3971;3973;3971;3974;0;0;0;16
$1;1;1689000;2;0;1499;47765;36003;7023;396;0;3974;3971;3970;3973;3966;3971;3973;3971;3973;0;0;0;25
$1;1;1690000;2;0;1501;47763;36004;7028;396;0;3974;3970;3970;3973;3967;3971;3973;3971;3973;0;0;0;27
$1;1;1691000;2;0;1499;47765;36005;7032;396;0;3974;3971;3970;3974;3966;3971;3973;3971;3974;0;0;0;22
$1;1;1692000;2;0;1497;47767;36005;7036;396;0;3974;3971;3970;3973;3967;3971;3973;3971;3974;0;0;0;27
$1;1;1693000;2;0;1500;47764;36006;7040;396;0;3975;3971;3970;3974;3967;3971;3973;3971;3974;0;0;0;18
$1;1;1694000;2;0;1500;47764;36007;7044;395;0;3975;3971;3970;3974;3967;3971;3973;3971;3974;0;0;0;19
$1;1;1695000;2;0;1500;47764;36007;7048;395;0;3975;3971;3970;3974;3967;3971;3973;3971;3974;0;0;0;30
$1;1;1696000;2;0;1500;47763;36007;7053;395;0;3975;3971;3970;3974;3967;3972;3973;3971;3974;0;0;0;19
$1;1;1697000;2;0;1498;47764;36007;7057;395;0;3975;3971;3970;3974;3967;3972;3973;3971;3974;0;0;0;17
$1;1;1698000;2;0;1501;47763;36009;7061;395;0;3975;3971;3970;3974;3967;3972;3974;3972;3974;0;0;0;23
$1;1;1699000;2;0;1500;47764;36008;7065;394;0;3975;3971;3970;3974;3967;3972;3974;3971;3974;0;0;0;23
$1;1;1700000;2;0;1499;47763;36009;7069;394;0;3975;3971;3971;3974;3967;3972;3974;3972;3974;0;0;0;31
$1;1;1701000;2;0;1499;47766;36009;7073;394;0;3975;3971;3970;3974;3967;3972;3974;3972;3974;0;0;0;17
$1;1;1702000;2;0;1501;47763;36011;7078;394;0;3975;3971;3971;3974;3967;3972;3974;3972;3974;0;0;0;20
$1;1;1703000;2;0;1499;47763;36010;7082;394;0;3975;3971;3971;3974;3967;3972;3974;3972;3974;0;0;0;17
$1;1;1704000;2;0;1500;47762;36011;7086;395;0;3975;3971;3971;3974;3967;3972;3974;3972;3974;0;0;0;18
$1;1;1705000;2;0;1499;47761;36011;7090;396;0;3975;3971;3971;3974;3967;3972;3974;3972;3974;0;0;0;21
$1;1;1706000;2;0;1500;47761;36012;7094;396;0;3975;3972;3971;3975;3967;3972;3974;3972;3974;0;0;0;18
$1;1;1707000;2;0;1499;47762;36013;7098;396;0;3975;3972;3971;3975;3967;3972;3974;3972;3974;0;0;0;28
$1;1;1708000;2;0;1499;47762;36013;7103;396;0;3975;3972;3971;3975;3967;3972;3974;3972;3975;0;0;0;17
$1;1;1709000;2;0;1499;47762;36014;7107;397;0;3975;3972;3971;3975;3967;3972;3974;3972;3975;0;0;0;18
$1;1;1710000;2;0;1498;47761;36013;7111;397;0;3975;3972;3971;3975;3967;3972;3974;3972;3975;0;0;0;24
$1;1;1711000;2;0;1501;47761;36015;7115;397;0;3976;3972;3971;3975;3967;3972;3974;3972;3975;0;0;0;25
$1;1;1712000;2;0;1500;47761;36015;7119;397;0;3976;3972;3971;3975;3967;3973;3974;3972;3975;0;0;0;22
$1;1;1713000;2;0;1501;47761;36016;7123;397;0;3976;3972;3971;3975;3968;3972;3975;3972;3975;0;0;0;19
$1;1;1714000;2;0;1499;47762;36016;7128;398;0;3976;3972;3971;3975;3967;3973;3974;3972;3975;0;0;0;28
$1;1;1715000;2;0;1500;47761;36017;7132;398;0;3976;3972;3971;3975;3968;3973;3975;3972;3975;0;0;0;27
$1;1;1716000;2;0;1500;47761;36018;7136;398;0;3976;3972;3971;3975;3968;3973;3975;3972;3975;0;0;0;19
$1;1;1717000;2;0;1501;47760;36018;7140;398;0;3976;3972;3972;3975;3968;3973;3975;3973;3975;0;0;0;17
$1;1;1718000;2;0;1501;47761;36018;7144;398;0;3976;3972;3971;3975;3968;3973;3975;3973;3975;0;0;0;24
$1;1;1719000;2;0;1501;47761;36019;7148;399;0;3976;3972;3972;3976;3968;3973;3975;3973;3975;0;0;0;21
$1;1;1720000;2;0;1500;47761;36019;7153;399;0;3976;3972;3972;3976;3968;3973;3975;3973;3975;0;0;0;20
$1;1;1721000;2;0;1500;47761;36020;7157;399;0;3976;3972;3972;3976;3968;3973;3975;3973;3975;0;0;0;27
$1;1;1722000;2;0;1499;47757;36019;7161;400;0;3976;3972;3972;3976;3968;3973;3975;3973;3975;0;0;0;20
$1;1;1723000;2;0;1501;47756;36021;7165;401;0;3976;3972;3972;3976;3968;3973;3975;3973;3976;0;0;0;25
$1;1;1724000;2;0;1501;47757;36021;7169;402;0;3976;3972;3972;3976;3968;3973;3976;3973;3976;0;0;0;19
$1;1;1725000;2;0;1500;47757;36021;7173;402;0;3976;3973;3972;3976;3968;3973;3976;3973;3976;0;0;0;25
$1;1;1726000;2;0;1499;47757;36021;7178;403;0;3976;3973;3972;3976;3968;3974;3976;3973;3975;0;0;0;21
$1;1;1727000;2;0;1500;47756;36022;7182;404;0;3976;3973;3972;3976;3968;3974;3976;3973;3976;0;0;0;22
$1;1;1728000;2;0;1501;47755;36023;7186;404;0;3976;3973;3972;3976;3968;3974;3976;3973;3976;0;0;0;30
$1;1;1729000;2;0;1500;47756;36024;7190;405;0;3977;3973;3972;3976;3968;3974;3976;3973;3976;0;0;0;29
$1;1;1730000;2;0;1499;47756;36024;7194;405;0;3977;3973;3972;3976;3968;3974;3976;3973;3976;0;0;0;16
$1;1;1731000;2;0;1501;47755;36025;7198;405;0;3977;3973;3972;3976;3968;3974;3976;3973;3976;0;0;0;31
$1;1;1732000;2;0;1498;47757;36025;7203;406;0;3977;3973;3972;3977;3968;3974;3976;3973;3976;0;0;0;28
$1;1;1733000;2;0;1499;47757;36026;7207;406;0;3977;3973;3972;3977;3968;3974;3976;3973;3976;0;0;0;27
$1;1;1734000;2;0;1499;47757;36026;7211;407;0;3977;3973;3972;3976;3969;3974;3976;3973;3976;0;0;0;26
$1;1;1735000;2;0;1499;47758;36026;7215;407;0;3977;3973;3972;3977;3968;3974;3976;3974;3976;0;0;0;23
$1;1;1736000;2;0;1499;47758;36027;7219;407;0;3977;3973;3972;3977;3969;3974;3976;3974;3976;0;0;0;24
$1;1;1737000;2;0;1499;47757;36027;7223;407;0;3977;3973;3973;3977;3969;3974;3976;3974;3976;0;0;0;30
$1;1;1738000;2;0;1499;47758;36028;7228;407;0;3977;3973;3972;3977;3969;3974;3976;3974;3976;0;0;0;27
$1;1;1739000;2;0;1500;47754;36028;7232;409;0;3977;3973;3973;3977;3969;3974;3976;3974;3976;0;0;0;19
$1;1;1740000;2;0;1500;47754;36028;7236;409;0;3977;3973;3973;3977;3969;3974;3976;3974;3976;0;0;0;25
$1;1;1741000;2;0;1499;47754;36029;7240;409;0;3977;3973;3973;3977;3969;3974;3976;3974;3976;0;0;0;25
$1;1;1742000;2;0;1499;47754;36029;7244;410;0;3977;3974;3973;3977;3969;3974;3977;3974;3976;0;0;0;16
$1;1;1743000;2;0;1501;47753;36031;7248;410;0;3977;3974;3973;3977;3969;3974;3977;3974;3976;0;0;0;19
$1;1;1744000;2;0;1500;47753;36031;7253;410;0;3977;3974;3973;3977;3969;3974;3977;3974;3977;0;0;0;30
$1;1;1745000;2;0;1499;47755;36031;7257;410;0;3977;3974;3973;3977;3969;3974;3977;3974;3976;0;0;0;29
$1;128;1745000;300;113;14;12;11;14;10;12;14;13;13;0;0;0;22
$1;1;1746000;2;0;1499;47754;36031;7261;410;0;3977;3974;3973;3977;3969;3974;3977;3974;3976;0;0;0;26
$1;1;1747000;2;0;1499;47755;36031;7265;411;0;3977;3974;3973;3977;3969;3974;3977;3974;3977;0;0;0;30
$1;1;1748000;2;0;1501;47753;36033;7269;411;0;3978;3974;3973;3977;3969;3975;3977;3974;3977;0;0;0;23
$1;1;1749000;2;0;1501;47754;36032;7273;411;0;3978;3974;3973;3977;3969;3975;3977;3974;3976;0;0;0;26
$1;1;1750000;2;0;1497;47755;36032;7278;411;0;3978;3974;3973;3977;3969;3975;3977;3974;3977;0;0;0;23
$1;1;1751000;2;0;1499;47753;36033;7282;411;0;3978;3974;3973;3977;3969;3975;3977;3974;3977;0;0;0;26
$1;1;1752000;2;0;1499;47755;36033;7286;411;0;3978;3974;3973;3977;3969;3975;3977;3974;3977;0;0;0;27
$1;1;1753000;2;0;1500;47754;36035;7290;411;0;3978;3974;3973;3977;3970;3975;3977;3974;3977;0;0;0;19
$1;1;1754000;2;0;1500;47754;36036;7294;410;0;3978;3974;3974;3978;3970;3975;3977;3974;3977;0;0;0;26
$1;1;1755000;2;0;1499;47752;36035;7298;411;0;3978;3974;3974;3978;3970;3975;3977;3974;3977;0;0;0;18
$1;1;1756000;2;0;1498;47753;36035;7302;412;0;3978;3974;3974;3978;3970;3975;3977;3974;3977;0;0;0;16
$1;1;1757000;2;0;1502;47750;36037;7307;412;0;3978;3974;3974;3977;3970;3975;3977;3975;3977;0;0;0;25
$1;1;1758000;2;0;1500;47751;36037;7311;412;0;3978;3974;3974;3978;3970;3975;3977;3975;3977;0;0;0;29
$1;1;1759000;2;0;1501;47749;36037;7315;412;0;3978;3975;3974;3977;3970;3975;3977;3975;3977;0;0;0;30
$1;1;1760000;2;0;1502;47749;36038;7319;412;0;3978;3975;3974;3978;3970;3975;3977;3975;3977;0;0;0;27
$1;1;1761000;2;0;1499;47752;36038;7323;411;0;3978;3975;3974;3978;3970;3975;3977;3975;3977;0;0;0;25
$1;1;1762000;2;0;1499;47752;36038;7327;411;0;3978;3975;3974;3978;3970;3975;3977;3975;3977;0;0;0;30
$1;1;1763000;2;0;1498;47751;36039;7332;411;0;3978;3975;3974;3978;3970;3975;3978;3975;3977;0;0;0;23
$1;1;1764000;2;0;1500;47752;36039;7336;411;0;3978;3975;3974;3978;3970;3975;3978;3975;3977;0;0;0;23
$1;1;1765000;2;0;1501;47750;36040;7340;411;0;3978;3975;3974;3978;3970;3975;3978;3975;3977;0;0;0;26
$1;1;1766000;2;0;1500;47751;36040;7344;411;0;3978;3975;3974;3978;3970;3975;3978;3975;3977;0;0;0;29
$1;1;1767000;2;0;1500;47750;36041;7348;411;0;3978;3975;3974;3978;3970;3975;3978;3975;3977;0;0;0;16
$1;1;1768000;2;0;1499;47751;36041;7352;411;0;3979;3975;3974;3978;3970;3975;3978;3975;3977;0;0;0;21
$1;1;1769000;2;0;1498;47752;36042;7357;411;0;3979;3975;3974;3978;3970;3976;3978;3975;3978;0;0;0;28
$1;1;1770000;2;0;1499;47752;36042;7361;410;0;3979;3975;3974;3978;3970;3976;3978;3975;3977;0;0;0;30
$1;1;1771000;2;0;1499;47748;36042;7365;411;0;3979;3975;3974;3978;3970;3976;3978;3975;3977;0;0;0;17
$1;1;1772000;2;0;1499;47747;36042;7369;412;0;3979;3975;3974;3978;3971;3976;3978;3975;3978;0;0;0;28
$1;1;1773000;2;0;1498;47747;36043;7373;412;0;3979;3975;3974;3978;3971;3976;3978;3975;3978;0;0;0;22
$1;1;1774000;2;0;1501;47746;36043;7377;411;0;3979;3975;3974;3978;3971;3975;3978;3975;3978;0;0;0;21
$1;1;1775000;2;0;1500;47746;36043;7382;412;0;3979;3975;3974;3978;3971;3976;3978;3976;3978;0;0;0;28
$1;1;1776000;2;0;1499;47746;36043;7386;412;0;3979;3975;3974;3978;3971;3976;3978;3976;3978;0;0;0;26
$1;1;1777000;2;0;1501;47746;36045;7390;411;0;3979;3975;3974;3978;3971;3976;3978;3976;3978;0;0;0;25
$1;1;1778000;2;0;1498;47748;36045;7394;411;0;3979;3975;3975;3978;3971;3976;3978;3976;3978;0;0;0;28
$1;1;1779000;2;0;1499;47747;36045;7398;411;0;3979;3975;3974;3978;3971;3976;3978;3976;3978;0;0;0;30
$1;1;1780000;2;0;1500;47746;36046;7402;411;0;3979;3976;3975;3978;3971;3976;3978;3976;3978;0;0;0;29
$1;1;1781000;2;0;1501;47745;36046;7406;411;0;3979;3976;3975;3978;3971;3976;3978;3976;3978;0;0;0;26
$1;1;1782000;2;0;1499;47747;36046;7411;410;0;3979;3975;3975;3979;3971;3976;3978;3976;3978;0;0;0;30
$1;1;1783000;2;0;1499;47747;36047;7415;410;0;3979;3975;3975;3978;3971;3976;3978;3976;3978;0;0;0;27
$1;1;1784000;2;0;1500;47747;36047;7419;410;0;3979;3976;3975;3979;3971;3976;3979;3976;3978;0;0;0;18
$1;1;1785000;2;0;1500;47747;36048;7423;410;0;3979;3976;3975;3978;3971;3976;3978;3976;3978;0;0;0;21
$1;1;1786000;2;0;1499;47744;36048;7427;411;0;3979;3976;3975;3978;3971;3976;3978;3976;3978;0;0;0;17
$1;1;1787000;2;0;1499;47744;36047;7432;411;0;3979;3976;3975;3978;3971;3976;3979;3976;3978;0;0;0;26
$1;1;1788000;2;0;1497;47744;36048;7436;411;0;3979;3976;3975;3978;3971;3976;3979;3976;3978;0;0;0;16
$1;1;1789000;2;0;1500;47743;36050;7440;411;0;3979;3976;3975;3979;3971;3976;3979;3976;3978;0;0;0;16
$1;1;1790000;2;0;1501;47742;36051;7444;411;0;3980;3976;3975;3979;3972;3976;3979;3976;3979;0;0;0;25
$1;1;1791000;2;0;1499;47744;36050;7448;411;0;3980;3976;3975;3978;3972;3977;3979;3976;3978;0;0;0;18
$1;1;1792000;2;0;1499;47744;36050;7452;411;0;3980;3976;3975;3979;3971;3977;3979;3976;3978;0;0;0;24
$1;1;1793000;2;0;1499;47742;36051;7456;410;0;3980;3976;3975;3979;3972;3977;3979;3976;3978;0;0;0;24
$1;1;1794000;2;0;1500;47743;36052;7461;410;0;3980;3976;3975;3979;3972;3977;3979;3976;3978;0;0;0;24
$1;1;1795000;2;0;1499;47744;36052;7465;410;0;3980;3976;3975;3979;3972;3977;3979;3976;3979;0;0;0;26
$1;1;1796000;2;0;1498;47744;36053;7469;410;0;3980;3976;3975;3979;3972;3977;3979;3977;3979;0;0;0;20
$1;1;1797000;2;0;1500;47743;36053;7473;410;0;3980;3976;3975;3979;3972;3977;3979;3977;3979;0;0;0;25
$1;1;1798000;2;0;1499;47744;36054;7477;409;0;3980;3976;3976;3979;3972;3977;3979;3977;3979;0;0;0;24
$1;1;1799000;2;0;1499;47743;36054;7481;409;0;3980;3976;3976;3979;3972;3977;3979;3977;3979;0;0;0;23
$1;1;1800000;2;0;1499;47743;36055;7486;409;0;3980;3976;3976;3979;3972;3977;3979;3977;3979;0;0;0;30
$1;1;1801000;2;0;1499;47742;36055;7490;409;0;3980;3976;3976;3979;3972;3977;3979;3977;3979;0;0;0;25
$1;1;1802000;2;0;1499;47740;36055;7494;410;0;3980;3976;3976;3979;3972;3977;3979;3977;3979;0;0;0;20
$1;1;1803000;2;0;1500;47738;36055;7498;410;0;3980;3976;3976;3979;3972;3977;3979;3977;3979;0;0;0;23
$1;1;1804000;2;0;1501;47738;36056;7502;410;0;3980;3976;3976;3979;3972;3977;3980;3977;3979;0;0;0;22
$1;1;1805000;2;0;1500;47739;36056;7507;410;0;3980;3977;3976;3979;3972;3977;3979;3977;3979;0;0;0;21
$1;128;1805000;304;115;14;13;11;14;10;12;14;13;14;0;0;0;25
$1;1;1806000;2;0;1498;47740;36056;7511;410;0;3980;3976;3976;3979;3972;3977;3980;3977;3979;0;0;0;24
$1;1;1807000;2;0;1499;47740;36057;7515;410;0;3980;3976;3976;3979;3972;3977;3980;3977;3979;0;0;0;29
$1;1;1808000;2;0;1500;47738;36058;7519;409;0;3980;3977;3976;3979;3972;3977;3980;3977;3979;0;0;0;22
$1;1;1809000;2;0;1499;47739;36058;7523;409;0;3980;3977;3976;3980;3972;3977;3980;3977;3979;0;0;0;24
$1;1;1810000;2;0;1498;47740;36058;7527;409;0;3980;3977;3976;3980;3973;3978;3980;3977;3979;0;0;0;21
$1;1;1811000;2;0;1500;47740;36059;7531;409;0;3980;3977;3976;3980;3973;3977;3980;3977;3979;0;0;0;29
$1;1;1812000;2;0;1500;47739;36060;7536;409;0;3980;3977;3976;3980;3973;3978;3980;3977;3979;0;0;0;18
$1;1;1813000;2;0;1500;47739;36061;7540;409;0;3981;3977;3976;3980;3973;3977;3980;3977;3980;0;0;0;27
$1;1;1814000;2;0;1500;47739;36061;7544;408;0;3981;3977;3976;3980;3973;3978;3980;3978;3979;0;0;0;31
$1;1;1815000;2;0;1501;47738;36061;7548;408;0;3981;3977;3976;3980;3973;3977;3980;3977;3980;0;0;0;20
$1;1;1816000;2;0;1499;47741;36062;7552;408;0;3981;3977;3976;3980;3973;3978;3980;3977;3980;0;0;0;30
$1;1;1817000;2;0;1499;47742;36062;7557;408;0;3981;3977;3976;3980;3973;3978;3980;3977;3980;0;0;0;25
$1;1;1818000;2;0;1500;47737;36063;7561;408;0;3981;3977;3976;3980;3973;3978;3980;3978;3980;0;0;0;30
$1;1;1819000;2;0;1499;47737;36063;7565;409;0;3981;3977;3976;3980;3973;3978;3980;3978;3980;0;0;0;27
$1;1;1820000;2;0;1501;47735;36064;7569;409;0;3981;3977;3977;3980;3973;3978;3980;3978;3980;0;0;0;25
$1;1;1821000;2;0;1500;47736;36065;7573;409;0;3981;3978;3977;3980;3973;3978;3980;3978;3980;0;0;0;31
$1;1;1822000;2;0;1499;47737;36064;7577;409;0;3981;3977;3977;3980;3973;3978;3980;3978;3980;0;0;0;22
$1;1;1823000;2;0;1501;47735;36066;7581;409;0;3981;3977;3977;3980;3974;3978;3980;3978;3980;0;0;0;25
$1;1;1824000;2;0;1500;47737;36066;7586;409;0;3981;3978;3977;3981;3974;3978;3980;3978;3980;0;0;0;20
$1;1;1825000;2;0;1499;47736;36067;7590;409;0;3981;3978;3977;3980;3974;3978;3980;3978;3980;0;0;0;18
$1;1;1826000;2;0;1498;47737;36066;7594;408;0;3981;3978;3977;3981;3974;3978;3981;3978;3980;0;0;0;21
$1;1;1827000;2;0;1498;47736;36067;7598;408;0;3981;3978;3977;3981;3974;3978;3980;3978;3980;0;0;0;25
$1;1;1828000;2;0;1501;47734;36068;7602;408;0;3981;3978;3977;3981;3974;3978;3980;3978;3981;0;0;0;27
$1;1;1829000;2;0;1498;47737;36067;7606;408;0;3981;3978;3977;3981;3974;3978;3981;3978;3980;0;0;0;19
$1;1;1830000;2;0;1500;47735;36069;7611;408;0;3981;3978;3977;3981;3974;3978;3981;3978;3980;0;0;0;17
$1;1;1831000;2;0;1500;47736;36069;7615;408;0;3981;3978;3977;3981;3974;3979;3981;3978;3981;0;0;0;23
$1;1;1832000;2;0;1499;47737;36070;7619;407;0;3982;3978;3977;3981;3974;3979;3981;3978;3981;0;0;0;28
$1;1;1833000;2;0;1499;47736;36070;7623;407;0;3982;3978;3977;3981;3974;3979;3981;3978;3981;0;0;0;21
$1;1;1834000;2;0;1498;47735;36070;7627;408;0;3982;3978;3977;3981;3974;3979;3981;3978;3981;0;0;0;27
$1;1;1835000;2;0;1498;47733;36071;7632;408;0;3982;3978;3977;3981;3974;3979;3981;3978;3981;0;0;0;25
$1;1;1836000;2;0;1501;47732;36073;7636;408;0;3982;3978;3978;3982;3974;3979;3981;3979;3981;0;0;0;17
$1;1;1837000;2;0;1498;47732;36072;7640;408;0;3982;3979;3977;3981;3974;3979;3981;3979;3981;0;0;0;28
$1;1;1838000;2;0;1500;47731;36072;7644;408;0;3982;3979;3978;3981;3974;3979;3981;3979;3981;0;0;0;27
$1;1;1839000;2;0;1501;47731;36073;7648;408;0;3982;3978;3978;3982;3974;3979;3981;3979;3981;0;0;0;20
$1;1;1840000;2;0;1499;47733;36074;7652;408;0;3982;3979;3978;3981;3974;3979;3981;3979;3981;0;0;0;22
$1;1;1841000;2;0;1500;47731;36075;7657;408;0;3982;3979;3978;3982;3974;3979;3981;3979;3982;0;0;0;16
$1;1;1842000;2;0;1500;47732;36075;7661;407;0;3982;3979;3978;3982;3974;3979;3981;3979;3981;0;0;0;25
$1;1;1843000;2;0;1498;47734;36075;7665;407;0;3982;3979;3978;3982;3974;3979;3981;3979;3982;0;0;0;25
$1;1;1844000;2;0;1499;47731;36076;7669;407;0;3982;3979;3978;3982;3974;3979;3981;3979;3981;0;0;0;22
$1;1;1845000;2;0;1499;47731;36077;7673;407;0;3982;3979;3978;3982;3975;3979;3982;3979;3982;0;0;0;28
$1;1;1846000;2;0;1500;47731;36077;7677;407;0;3982;3979;3978;3982;3974;3979;3981;3979;3982;0;0;0;24
$1;1;1847000;2;0;1498;47732;36077;7682;407;0;3982;3979;3978;3982;3975;3979;3982;3979;3982;0;0;0;18
$1;1;1848000;2;0;1499;47731;36078;7686;406;0;3982;3979;3978;3982;3975;3979;3982;3979;3982;0;0;0;21
$1;1;1849000;2;0;1498;47733;36079;7690;406;0;3983;3979;3978;3982;3975;3979;3982;3979;3982;0;0;0;16
$1;1;1850000;2;0;1498;47729;36079;7694;407;0;3983;3979;3978;3982;3975;3980;3982;3979;3982;0;0;0;16
$1;1;1851000;2;0;1500;47729;36079;7698;407;0;3983;3979;3978;3982;3975;3980;3982;3979;3982;0;0;0;29
$1;1;1852000;2;0;1498;47729;36079;7702;407;0;3983;3979;3978;3982;3975;3980;3982;3979;3982;0;0;0;28
$1;1;1853000;2;0;1501;47727;36081;7707;407;0;3983;3979;3978;3982;3975;3980;3982;3979;3982;0;0;0;16
$1;1;1854000;2;0;1499;47728;36081;7711;407;0;3983;3979;3979;3983;3975;3980;3982;3980;3982;0;0;0;25
$1;1;1855000;2;0;1501;47727;36082;7715;407;0;3983;3979;3979;3983;3975;3980;3982;3980;3982;0;0;0;16
$1;1;1856000;2;0;1500;47727;36083;7719;407;0;3983;3980;3979;3982;3975;3980;3982;3980;3982;0;0;0;24
$1;1;1857000;2;0;1498;47728;36082;7723;406;0;3983;3979;3979;3983;3975;3980;3982;3980;3982;0;0;0;24
$1;1;1858000;2;0;1498;47729;36083;7727;406;0;3983;3980;3979;3983;3975;3980;3982;3980;3982;0;0;0;21
$1;1;1859000;2;0;1501;47727;36084;7732;406;0;3983;3980;3979;3983;3975;3980;3982;3980;3982;0;0;0;24
$1;1;1860000;2;0;1500;47727;36084;7736;406;0;3983;3980;3979;3983;3975;3980;3982;3980;3982;0;0;0;23
$1;1;1861000;2;0;1501;47727;36085;7740;406;0;3983;3980;3979;3983;3975;3980;3982;3980;3982;0;0;0;23
$1;1;1862000;2;0;1499;47728;36084;7744;406;0;3983;3980;3979;3983;3975;3980;3982;3980;3982;0;0;0;30
$1;1;1863000;2;0;1498;47729;36084;7748;405;0;3983;3980;3979;3983;3976;3980;3982;3980;3982;0;0;0;19
$1;1;1864000;2;0;1498;47728;36085;7752;405;0;3983;3980;3979;3983;3976;3980;3982;3980;3983;0;0;0;30
$1;1;1865000;2;0;1501;47727;36087;7756;405;0;3983;3980;3979;3983;3975;3980;3982;3980;3983;0;0;0;20
$1;1;1866000;2;0;1500;47727;36087;7761;405;0;3983;3980;3979;3983;3976;3980;3983;3980;3983;0;0;0;16
$1;128;1866000;302;111;14;12;11;13;10;12;14;12;13;0;0;0;30
$1;1;1867000;2;0;1499;47725;36087;7765;406;0;3983;3980;3979;3983;3976;3981;3983;3980;3983;0;0;0;20
$1;1;1868000;2;0;1501;47724;36088;7769;406;0;3983;3980;3979;3983;3976;3981;3983;3980;3983;0;0;0;25
$1;1;1869000;2;0;1501;47724;36089;7773;406;0;3984;3980;3979;3983;3976;3981;3983;3980;3983;0;0;0;21
$1;1;1870000;2;0;1500;47724;36090;7777;406;0;3984;3980;3979;3983;3976;3981;3983;3980;3983;0;0;0;16
$1;1;1871000;2;0;1499;47723;36089;7781;406;0;3984;3980;3979;3983;3976;3981;3983;3980;3983;0;0;0;22
$1;1;1872000;2;0;1499;47723;36090;7786;405;0;3984;3980;3979;3983;3976;3981;3983;3980;3983;0;0;0;25
$1;1;1873000;2;0;1498;47723;36090;7790;405;0;3984;3980;3980;3983;3976;3981;3983;3980;3983;0;0;0;24
$1;1;1874000;2;0;1499;47723;36091;7794;405;0;3984;3980;3980;3983;3976;3981;3983;3980;3983;0;0;0;27
$1;1;1875000;2;0;1498;47724;36091;7798;405;0;3984;3980;3980;3983;3976;3981;3983;3981;3983;0;0;0;17
$1;1;1876000;2;0;1499;47724;36091;7802;405;0;3984;3981;3980;3984;3976;3981;3983;3980;3983;0;0;0;24
$1;1;1877000;2;0;1501;47723;36092;7806;405;0;3984;3981;3980;3983;3976;3981;3983;3981;3983;0;0;0;31
$1;1;1878000;2;0;1499;47724;36092;7811;404;0;3984;3981;3980;3983;3976;3981;3983;3981;3983;0;0;0;16
$1;1;1879000;2;0;1500;47722;36093;7815;404;0;3984;3981;3980;3984;3976;3981;3983;3981;3983;0;0;0;20
$1;1;1880000;2;0;1499;47723;36092;7819;404;0;3984;3981;3980;3984;3976;3981;3983;3981;3983;0;0;0;31
$1;1;1881000;2;0;1498;47724;36093;7823;404;0;3984;3981;3980;3984;3976;3981;3983;3981;3983;0;0;0;16
$1;1;1882000;2;0;1500;47723;36093;7827;403;0;3984;3981;3980;3983;3976;3981;3983;3981;3984;0;0;0;23
$1;1;1883000;2;0;1500;47721;36094;7831;404;0;3984;3981;3980;3983;3977;3981;3983;3981;3983;0;0;0;21
$1;1;1884000;2;0;1500;47721;36094;7835;404;0;3984;3981;3980;3983;3977;3981;3983;3981;3983;0;0;0;22
$1;1;1885000;2;0;1499;47720;36095;7840;404;0;3984;3981;3980;3983;3977;3982;3983;3981;3983;0;0;0;23
$1;1;1886000;2;0;1501;47719;36095;7844;404;0;3984;3981;3980;3983;3977;3982;3983;3981;3984;0;0;0;29
$1;1;1887000;2;0;1499;47719;36095;7848;404;0;3984;3981;3980;3984;3977;3982;3983;3981;3984;0;0;0;23
$1;1;1888000;2;0;1500;47719;36096;7852;404;0;3984;3981;3980;3984;3977;3982;3983;3981;3984;0;0;0;17
$1;1;1889000;2;0;1500;47720;36096;7856;404;0;3985;3981;3980;3984;3977;3982;3983;3981;3984;0;0;0;31
$1;1;1890000;2;0;1500;47720;36097;7860;404;0;3985;3981;3980;3984;3977;3982;3983;3981;3984;0;0;0;19
$1;1;1891000;2;0;1501;47719;36097;7865;404;0;3985;3981;3980;3984;3977;3982;3984;3981;3984;0;0;0;27
$1;1;1892000;2;0;1500;47719;36098;7869;403;0;3985;3981;3980;3984;3977;3982;3984;3981;3984;0;0;0;29
$1;1;1893000;2;0;1499;47719;36098;7873;403;0;3985;3981;3981;3984;3977;3982;3984;3981;3984;0;0;0;23
$1;1;1894000;2;0;1499;47720;36099;7877;403;0;3985;3981;3981;3984;3977;3982;3984;3982;3984;0;0;0;28
$1;1;1895000;2;0;1501;47717;36100;7881;403;0;3985;3981;3981;3984;3977;3982;3984;3982;3984;0;0;0;17
$1;1;1896000;2;0;1500;47718;36100;7885;402;0;3985;3981;3981;3984;3977;3982;3984;3982;3984;0;0;0;25
$1;1;1897000;2;0;1498;47721;36100;7890;402;0;3985;3981;3981;3984;3977;3982;3984;3982;3984;0;0;0;22
$1;1;1898000;2;0;1500;47718;36101;7894;402;0;3985;3982;3981;3984;3977;3982;3984;3982;3984;0;0;0;21
$1;1;1899000;2;0;1500;47719;36102;7898;402;0;3985;3982;3981;3984;3977;3982;3984;3982;3984;0;0;0;26
$1;1;1900000;2;0;1500;47714;36101;7902;402;0;3985;3981;3981;3984;3978;3982;3984;3982;3984;0;0;0;27
$1;1;1901000;2;0;1498;47715;36102;7906;403;0;3985;3982;3981;3984;3978;3982;3984;3982;3984;0;0;0;30
$1;1;1902000;2;0;1499;47716;36103;7911;402;0;3985;3982;3981;3984;3978;3982;3984;3982;3984;0;0;0;25
$1;1;1903000;2;0;1499;47715;36102;7915;402;0;3985;3982;3981;3984;3978;3982;3984;3982;3984;0;0;0;30
$1;1;1904000;2;0;1498;47716;36103;7919;402;0;3985;3982;3981;3984;3978;3982;3984;3982;3984;0;0;0;22
$1;1;1905000;2;0;1498;47715;36103;7923;402;0;3985;3982;3981;3984;3978;3982;3984;3982;3984;0;0;0;29
$1;1;1906000;2;0;1501;47713;36104;7927;402;0;3985;3982;3981;3984;3978;3982;3984;3982;3984;0;0;0;26
$1;1;1907000;2;0;1500;47714;36104;7931;402;0;3985;3982;3981;3984;3978;3982;3984;3982;3985;0;0;0;27
$1;1;1908000;2;0;1499;47715;36104;7935;401;0;3985;3982;3981;3984;3978;3982;3984;3982;3984;0;0;0;18
$1;1;1909000;2;0;1501;47714;36105;7940;401;0;3986;3982;3981;3984;3978;3982;3985;3982;3984;0;0;0;19
$1;1;1910000;2;0;1499;47715;36106;7944;401;0;3986;3982;3981;3984;3978;3983;3984;3982;3984;0;0;0;29
$1;1;1911000;2;0;1498;47716;36106;7948;401;0;3986;3982;3981;3984;3978;3983;3984;3982;3984;0;0;0;18
$1;1;1912000;2;0;1500;47714;36106;7952;401;0;3986;3982;3981;3985;3978;3983;3985;3982;3985;0;0;0;25
$1;1;1913000;2;0;1500;47714;36107;7956;400;0;3986;3982;3981;3985;3978;3983;3985;3982;3985;0;0;0;28
$1;1;1914000;2;0;1498;47715;36107;7960;400;0;3986;3982;3981;3985;3978;3983;3985;3982;3985;0;0;0;31
$1;1;1915000;2;0;1500;47714;36108;7965;400;0;3986;3982;3982;3985;3978;3983;3985;3982;3985;0;0;0;22
$1;1;1916000;2;0;1499;47714;36109;7969;400;0;3986;3982;3982;3985;3978;3983;3985;3983;3985;0;0;0;24
$1;1;1917000;2;0;1500;47712;36108;7973;401;0;3986;3982;3981;3985;3978;3983;3985;3983;3985;0;0;0;22
$1;1;1918000;2;0;1499;47712;36109;7977;401;0;3986;3982;3982;3985;3979;3983;3985;3983;3985;0;0;0;31
$1;1;1919000;2;0;1498;47712;36109;7981;401;0;3986;3982;3982;3985;3978;3983;3985;3983;3985;0;0;0;23
$1;1;1920000;2;0;1501;47711;36110;7985;401;0;3986;3982;3982;3985;3979;3983;3985;3983;3985;0;0;0;18
$1;1;1921000;2;0;1500;47712;36111;7990;401;0;3986;3983;3982;3985;3979;3983;3985;3983;3985;0;0;0;21
$1;1;1922000;2;0;1500;47712;36112;7994;401;0;3986;3982;3982;3985;3979;3983;3985;3983;3985;0;0;0;16
$1;1;1923000;2;0;1500;47712;36112;7998;400;0;3986;3982;3982;3985;3979;3983;3985;3983;3985;0;0;0;28
$1;1;1924000;2;0;1500;47710;36112;8002;400;0;3986;3983;3982;3985;3979;3983;3985;3983;3985;0;0;0;29
$1;1;1925000;2;0;1501;47710;36113;8006;400;0;3986;3983;3982;3985;3979;3983;3985;3983;3985;0;0;0;24
$1;1;1926000;2;0;1499;47711;36112;8010;400;0;3986;3983;3982;3985;3979;3983;3985;3983;3985;0;0;0;28
$1;128;1926000;303;116;15;12;12;14;10;12;14;13;14;0;0;0;30
$1;1;1927000;2;0;1501;47711;36114;8015;400;0;3986;3983;3982;3985;3979;3984;3985;3983;3985;0;0;0;25
$1;1;1928000;2;0;1498;47710;36113;8019;400;0;3986;3983;3982;3985;3979;3983;3985;3983;3985;0;0;0;26
$1;1;1929000;2;0;1498;47711;36114;8023;400;0;3986;3983;3982;3985;3979;3983;3985;3983;3986;0;0;0;23
$1;1;1930000;2;0;1499;47710;36114;8027;399;0;3987;3983;3982;3985;3979;3984;3985;3983;3985;0;0;0;25
$1;1;1931000;2;0;1500;47710;36115;8031;399;0;3987;3983;3982;3985;3979;3984;3985;3983;3986;0;0;0;28
$1;1;1932000;2;0;1500;47710;36115;8035;399;0;3987;3983;3982;3985;3979;3984;3985;3984;3985;0;0;0;31
$1;1;1933000;2;0;1500;47709;36116;8040;399;0;3987;3983;3982;3985;3979;3984;3985;3984;3986;0;0;0;20
$1;1;1934000;2;0;1498;47709;36115;8044;399;0;3987;3983;3982;3985;3979;3984;3985;3983;3986;0;0;0;19
$1;1;1935000;2;0;1499;47708;36116;8048;399;0;3987;3983;3983;3986;3979;3984;3986;3984;3986;0;0;0;27
$1;1;1936000;2;0;1498;47709;36117;8052;400;0;3987;3983;3983;3986;3979;3984;3986;3984;3986;0;0;0;21
$1;1;1937000;2;0;1500;47706;36117;8056;400;0;3987;3983;3983;3986;3979;3984;3986;3984;3986;0;0;0;31
$1;1;1938000;2;0;1499;47708;36118;8060;399;0;3987;3983;3983;3986;3979;3984;3986;3984;3986;0;0;0;18
$1;1;1939000;2;0;1501;47706;36119;8065;399;0;3987;3983;3983;3986;3980;3984;3986;3984;3986;0;0;0;31
$1;1;1940000;2;0;1499;47707;36119;8069;399;0;3987;3983;3983;3986;3980;3984;3986;3984;3986;0;0;0;28
$1;1;1941000;2;0;1498;47707;36120;8073;399;0;3987;3984;3983;3986;3980;3984;3986;3984;3986;0;0;0;26
$1;1;1942000;2;0;1500;47706;36121;8077;399;0;3987;3984;3983;3986;3980;3984;3986;3984;3986;0;0;0;29
$1;1;1943000;2;0;1498;47707;36121;8081;399;0;3987;3984;3983;3986;3980;3984;3986;3984;3987;0;0;0;21
$1;1;1944000;2;0;1500;47707;36122;8085;399;0;3987;3984;3983;3986;3980;3984;3986;3984;3987;0;0;0;21
$1;1;1945000;2;0;1501;47705;36123;8090;398;0;3988;3984;3983;3987;3980;3984;3986;3984;3986;0;0;0;28
$1;1;1946000;2;0;1500;47706;36123;8094;398;0;3988;3984;3983;3987;3980;3984;3986;3984;3987;0;0;0;24
$1;1;1947000;2;0;1498;47708;36123;8098;398;0;3988;3984;3983;3986;3980;3985;3986;3984;3986;0;0;0;26
$1;1;1948000;2;0;1499;47705;36124;8102;398;0;3988;3984;3983;3987;3980;3985;3986;3984;3987;0;0;0;28
$1;1;1949000;2;0;1499;47706;36124;8106;398;0;3988;3984;3983;3987;3980;3984;3986;3984;3987;0;0;0;27
$1;1;1950000;2;0;1499;47705;36125;8110;398;0;3988;3984;3984;3987;3980;3985;3986;3984;3987;0;0;0;16
$1;1;1951000;2;0;1498;47703;36125;8114;399;0;3988;3984;3983;3987;3980;3985;3987;3984;3987;0;0;0;21
$1;1;1952000;2;0;1500;47703;36126;8119;399;0;3988;3984;3984;3987;3980;3985;3987;3984;3987;0;0;0;31
$1;1;1953000;2;0;1500;47703;36127;8123;399;0;3988;3984;3984;3987;3980;3985;3987;3985;3987;0;0;0;23
$1;1;1954000;2;0;1500;47702;36127;8127;399;0;3988;3984;3984;3987;3980;3985;3987;3984;3987;0;0;0;20
$1;1;1955000;2;0;1499;47704;36128;8131;399;0;3988;3985;3984;3987;3980;3985;3987;3985;3987;0;0;0;26
$1;1;1956000;2;0;1501;47702;36129;8135;399;0;3988;3985;3984;3987;3980;3985;3987;3985;3987;0;0;0;26
$1;1;1957000;2;0;1500;47702;36129;8139;398;0;3988;3984;3984;3988;3980;3985;3987;3985;3988;0;0;0;22
$1;1;1958000;2;0;1500;47701;36129;8144;398;0;3988;3985;3984;3988;3980;3985;3987;3985;3988;0;0;0;17
$1;1;1959000;2;0;1500;47701;36129;8148;398;0;3988;3985;3984;3988;3981;3985;3987;3985;3988;0;0;0;29
$1;1;1960000;2;0;1499;47701;36130;8152;398;0;3988;3985;3984;3988;3981;3985;3987;3985;3988;0;0;0;21
$1;1;1961000;2;0;1499;47701;36130;8156;398;0;3988;3985;3984;3988;3981;3985;3987;3985;3988;0;0;0;16
$1;1;1962000;2;0;1500;47701;36132;8160;398;0;3989;3985;3984;3988;3981;3985;3987;3985;3988;0;0;0;20
$1;1;1963000;2;0;1499;47703;36132;8164;397;0;3989;3985;3984;3988;3981;3985;3987;3985;3988;0;0;0;29
$1;1;1964000;2;0;1499;47702;36132;8168;397;0;3989;3985;3984;3988;3981;3985;3987;3985;3988;0;0;0;23
$1;1;1965000;2;0;1498;47701;36133;8173;397;0;3989;3985;3984;3988;3981;3985;3987;3985;3988;0;0;0;31
$1;1;1966000;2;0;1499;47701;36133;8177;397;0;3989;3985;3984;3988;3981;3986;3987;3985;3988;0;0;0;26
$1;1;1967000;2;0;1500;47700;36134;8181;397;0;3989;3985;3985;3988;3981;3985;3987;3985;3988;0;0;0;23
$1;1;1968000;2;0;1499;47699;36135;8185;397;0;3989;3985;3985;3988;3981;3986;3987;3985;3988;0;0;0;30
$1;1;1969000;2;0;1499;47699;36135;8189;398;0;3989;3985;3984;3988;3981;3986;3988;3985;3988;0;0;0;18
$1;1;1970000;2;0;1499;47697;36136;8193;398;0;3989;3985;3985;3988;3982;3986;3988;3985;3988;0;0;0;30
$1;1;1971000;2;0;1501;47699;36137;8198;398;0;3989;3986;3985;3988;3981;3986;3988;3986;3988;0;0;0;24
$1;1;1972000;2;0;1499;47697;36137;8202;398;0;3989;3986;3985;3988;3981;3986;3987;3986;3988;0;0;0;26
$1;1;1973000;2;0;1498;47697;36137;8206;397;0;3989;3985;3985;3988;3981;3986;3988;3986;3988;0;0;0;29
$1;1;1974000;2;0;1499;47698;36137;8210;397;0;3989;3986;3985;3988;3981;3986;3988;3986;3988;0;0;0;16
$1;1;1975000;2;0;1499;47698;36138;8214;397;0;3989;3986;3985;3988;3981;3986;3988;3986;3988;0;0;0;26
$1;1;1976000;2;0;1501;47697;36139;8218;397;0;3989;3986;3985;3989;3982;3986;3988;3986;3989;0;0;0;24
$1;1;1977000;2;0;1499;47697;36139;8223;397;0;3989;3986;3985;3989;3982;3986;3988;3986;3988;0;0;0;16
$1;1;1978000;2;0;1499;47696;36139;8227;397;0;3989;3986;3985;3988;3982;3986;3988;3986;3988;0;0;0;27
$1;1;1979000;2;0;1498;47697;36139;8231;397;0;3989;3986;3985;3989;3982;3986;3988;3986;3988;0;0;0;28
$1;1;1980000;2;0;1500;47695;36140;8235;396;0;3989;3986;3985;3989;3982;3986;3988;3986;3989;0;0;0;18
$1;1;1981000;2;0;1499;47697;36140;8239;396;0;3990;3986;3985;3989;3982;3986;3988;3986;3989;0;0;0;20
$1;1;1982000;2;0;1499;47696;36141;8244;396;0;3990;3986;3985;3989;3982;3986;3988;3986;3989;0;0;0;29
$1;1;1983000;2;0;1501;47696;36142;8248;396;0;3990;3986;3985;3989;3982;3986;3988;3986;3989;0;0;0;19
$1;1;1984000;2;0;1500;47695;36143;8252;396;0;3990;3986;3985;3989;3982;3986;3988;3986;3989;0;0;0;28
$1;1;1985000;2;0;1501;47695;36143;8256;396;0;3990;3986;3985;3989;3982;3986;3988;3986;3989;0;0;0;24
$1;1;1986000;2;0;1501;47695;36143;8260;396;0;3990;3986;3985;3989;3982;3987;3988;3986;3989;0;0;0;31
$1;128;1986000;299;113;15;12;11;13;10;12;14;12;14;0;0;0;22
$1;1;1987000;2;0;1500;47694;36144;8264;397;0;3990;3986;3985;3989;3982;3987;3988;3986;3989;0;0;0;28
$1;1;1988000;2;0;1499;47694;36145;8268;397;0;3990;3986;3986;3989;3982;3987;3988;3986;3989;0;0;0;28
$1;1;1989000;2;0;1499;47694;36145;8273;397;0;3990;3986;3985;3989;3982;3987;3988;3986;3989;0;0;0;20
$1;1;1990000;2;0;1499;47693;36145;8277;396;0;3990;3986;3986;3989;3982;3987;3988;3986;3989;0;0;0;29
$1;1;1991000;2;0;1500;47693;36145;8281;396;0;3990;3987;3986;3989;3982;3987;3989;3986;3989;0;0;0;20
$1;1;1992000;2;0;1500;47693;36146;8285;396;0;3990;3986;3986;3989;3982;3987;3988;3987;3989;0;0;0;17
$1;1;1993000;2;0;1500;47692;36146;8289;396;0;3990;3986;3986;3989;3982;3987;3989;3987;3989;0;0;0;28
$1;1;1994000;2;0;1501;47692;36147;8293;396;0;3990;3987;3986;3989;3982;3987;3989;3987;3989;0;0;0;17
$1;1;1995000;2;0;1501;47691;36148;8298;396;0;3990;3987;3986;3989;3983;3987;3989;3987;3990;0;0;0;30
$1;1;1996000;2;0;1499;47693;36148;8302;396;0;3990;3987;3986;3989;3982;3987;3989;3987;3989;0;0;0;20
$1;1;1997000;2;0;1499;47692;36148;8306;396;0;3990;3987;3986;3989;3983;3987;3989;3987;3989;0;0;0;17
$1;1;1998000;2;0;1500;47691;36148;8310;396;0;3990;3987;3986;3989;3983;3987;3989;3987;3989;0;0;0;27
$1;1;1999000;2;0;1502;47691;36150;8314;395;0;3991;3987;3986;3989;3983;3987;3989;3987;3990;0;0;0;31
$1;1;2000000;2;0;1500;47691;36150;8318;395;0;3991;3987;3986;3990;3983;3987;3989;3987;3990;0;0;0;19
$1;1;2001000;2;0;1501;47691;36150;8323;395;0;3991;3987;3986;3990;3983;3988;3989;3987;3990;0;0;0;20
$1;1;2002000;2;0;1499;47692;36150;8327;395;0;3991;3987;3986;3989;3983;3988;3989;3987;3990;0;0;0;24
$1;1;2003000;2;0;1498;47692;36151;8331;395;0;3991;3987;3986;3989;3983;3988;3989;3987;3990;0;0;0;30
$1;1;2004000;2;0;1499;47690;36151;8335;395;0;3991;3987;3986;3989;3983;3988;3989;3987;3990;0;0;0;30
$1;1;2005000;2;0;1499;47688;36151;8339;396;0;3991;3987;3986;3990;3983;3988;3989;3987;3990;0;0;0;17
$1;1;2006000;2;0;1499;47690;36151;8343;396;0;3991;3987;3986;3990;3983;3988;3989;3987;3990;0;0;0;22
$1;1;2007000;2;0;1500;47688;36152;8348;396;0;3991;3987;3986;3990;3983;3988;3989;3987;3990;0;0;0;23
$1;1;2008000;2;0;1499;47687;36152;8352;396;0;3991;3987;3987;3990;3983;3988;3989;3988;3990;0;0;0;19
$1;1;2009000;2;0;1500;47688;36153;8356;396;0;3991;3987;3987;3990;3983;3988;3990;3988;3990;0;0;0;17
$1;1;2010000;2;0;1500;47688;36153;8360;396;0;3991;3987;3987;3990;3984;3988;3990;3988;3990;0;0;0;27
$1;1;2011000;2;0;1498;47688;36153;8364;396;0;3991;3988;3987;3990;3983;3988;3990;3988;3990;0;0;0;22
$1;1;2012000;2;0;1501;47688;36155;8368;396;0;3991;3988;3987;3990;3984;3988;3990;3988;3990;0;0;0;25
$1;1;2013000;2;0;1498;47688;36155;8373;396;0;3991;3988;3987;3990;3984;3988;3990;3988;3990;0;0;0;19
$1;1;2014000;2;0;1500;47687;36155;8377;396;0;3991;3988;3987;3990;3984;3988;3990;3988;3990;0;0;0;31
$1;1;2015000;2;0;1498;47688;36155;8381;396;0;3991;3988;3987;3990;3984;3988;3990;3988;3990;0;0;0;24
$1;1;2016000;2;0;1500;47687;36156;8385;396;0;3991;3988;3987;3990;3984;3988;3990;3988;3990;0;0;0;19
$1;1;2017000;2;0;1499;47687;36156;8389;396;0;3991;3988;3987;3990;3984;3988;3990;3988;3991;0;0;0;30
$1;1;2018000;2;0;1501;47688;36158;8393;396;0;3991;3988;3987;3990;3984;3988;3990;3988;3991;0;0;0;27
$1;1;2019000;2;0;1500;47687;36158;8398;396;0;3991;3988;3987;3990;3984;3988;3990;3988;3990;0;0;0;30
$1;1;2020000;2;0;1500;47688;36158;8402;396;0;3992;3988;3987;3990;3984;3988;3990;3988;3991;0;0;0;29
$1;1;2021000;2;0;1500;47687;36159;8406;395;0;3992;3988;3987;3990;3984;3988;3990;3988;3991;0;0;0;21
$1;1;2022000;2;0;1498;47686;36159;8410;396;0;3992;3988;3987;3990;3984;3989;3990;3988;3991;0;0;0;18
$1;1;2023000;2;0;1500;47684;36160;8414;396;0;3992;3988;3987;3990;3984;3989;3990;3988;3991;0;0;0;31
$1;1;2024000;2;0;1500;47685;36160;8418;396;0;3992;3988;3987;3990;3984;3989;3990;3988;3991;0;0;0;21
$1;1;2025000;2;0;1500;47683;36161;8423;396;0;3992;3988;3987;3990;3984;3989;3990;3988;3991;0;0;0;27
$1;1;2026000;2;0;1501;47684;36161;8427;396;0;3992;3988;3987;3990;3984;3989;3991;3988;3991;0;0;0;27
$1;1;2027000;2;0;1499;47685;36161;8431;396;0;3992;3988;3988;3990;3984;3989;3990;3988;3991;0;0;0;18
$1;1;2028000;2;0;1499;47684;36162;8435;396;0;3992;3988;3988;3991;3985;3989;3991;3988;3991;0;0;0;26
$1;1;2029000;2;0;1500;47684;36163;8439;396;0;3992;3988;3988;3991;3984;3989;3991;3989;3991;0;0;0;23
$1;1;2030000;2;0;1498;47684;36163;8443;396;0;3992;3988;3988;3991;3984;3989;3990;3989;3991;0;0;0;19
$1;1;2031000;2;0;1501;47682;36163;8448;396;0;3992;3989;3988;3991;3984;3989;3991;3989;3991;0;0;0;30
$1;1;2032000;2;0;1499;47685;36163;8452;396;0;3992;3988;3988;3991;3984;3989;3990;3989;3991;0;0;0;17
$1;1;2033000;2;0;1501;47682;36164;8456;396;0;3992;3989;3988;3991;3985;3989;3991;3989;3991;0;0;0;21
$1;1;2034000;2;0;1499;47684;36165;8460;395;0;3992;3989;3988;3991;3985;3989;3991;3989;3991;0;0;0;19
$1;1;2035000;2;0;1500;47682;36166;8464;396;0;3992;3989;3988;3991;3985;3989;3991;3989;3991;0;0;0;17
$1;1;2036000;2;0;1501;47682;36166;8468;395;0;3992;3989;3988;3991;3985;3989;3991;3989;3991;0;0;0;28
$1;1;2037000;2;0;1499;47683;36166;8473;395;0;3992;3989;3988;3991;3985;3989;3991;3989;3991;0;0;0;22
$1;1;2038000;2;0;1499;47683;36166;8477;395;0;3992;3989;3988;3991;3985;3989;3991;3989;3992;0;0;0;30
$1;1;2039000;2;0;1501;47682;36167;8481;395;0;3992;3989;3988;3991;3985;3989;3991;3989;3991;0;0;0;21
$1;1;2040000;2;0;1498;47681;36167;8485;395;0;3992;3989;3988;3991;3985;3989;3991;3989;3991;0;0;0;29
$1;1;2041000;2;0;1500;47680;36168;8489;396;0;3992;3989;3988;3991;3985;3990;3991;3989;3992;0;0;0;22
$1;1;2042000;2;0;1501;47680;36169;8494;396;0;3993;3989;3988;3991;3985;3990;3991;3989;3992;0;0;0;24
$1;1;2043000;2;0;1498;47681;36169;8498;396;0;3993;3989;3988;3991;3985;3989;3991;3989;3992;0;0;0;29
$1;1;2044000;2;0;1498;47681;36169;8502;396;0;3993;3989;3988;3991;3985;3990;3991;3990;3992;0;0;0;24
$1;1;2045000;2;0;1501;47679;36171;8506;396;0;3993;3989;3988;3992;3985;3990;3991;3990;3992;0;0;0;17
$1;1;2046000;2;0;1499;47680;36171;8510;396;0;3993;3989;3989;3992;3985;3990;3991;3990;3992;0;0;0;18
$1;128;2046000;303;114;15;12;11;13;10;12;14;13;14;0;0;0;20
$1;1;2047000;2;0;1500;47678;36172;8514;396;0;3993;3989;3989;3992;3985;3990;3992;3990;3992;0;0;0;17
$1;1;2048000;2;0;1501;47679;36172;8518;395;0;3993;3990;3989;3992;3985;3990;3991;3990;3992;0;0;0;26
$1;1;2049000;2;0;1501;47678;36173;8523;395;0;3993;3989;3989;3992;3986;3990;3991;3990;3992;0;0;0;24
$1;1;2050000;2;0;1499;47679;36172;8527;395;0;3993;3989;3989;3991;3986;3990;3992;3990;3992;0;0;0;20
$1;1;2051000;2;0;1500;47679;36174;8531;395;0;3993;3989;3989;3992;3985;3990;3992;3990;3992;0;0;0;21
$1;1;2052000;2;0;1499;47679;36173;8535;395;0;3993;3989;3989;3992;3986;3990;3992;3990;3992;0;0;0;23
$1;1;2053000;2;0;1499;47680;36174;8539;395;0;3993;3990;3989;3992;3986;3990;3992;3990;3992;0;0;0;19
$1;1;2054000;2;0;1501;47677;36175;8543;394;0;3993;3990;3989;3992;3986;3990;3992;3990;3992;0;0;0;17
$1;1;2055000;2;0;1500;47678;36175;8548;394;0;3993;3990;3989;3992;3986;3990;3992;3990;3993;0;0;0;20
$1;1;2056000;2;0;1499;47679;36175;8552;394;0;3993;3990;3989;3992;3986;3990;3992;3990;3993;0;0;0;28
$1;1;2057000;2;0;1499;47678;36176;8556;394;0;3993;3990;3989;3992;3986;3990;3992;3990;3993;0;0;0;27
$1;1;2058000;2;0;1500;47677;36177;8560;394;0;3993;3990;3989;3992;3986;3990;3992;3990;3992;0;0;0;31
$1;1;2059000;2;0;1500;47676;36178;8564;395;0;3994;3990;3989;3992;3986;3991;3992;3990;3992;0;0;0;19
$1;1;2060000;2;0;1501;47676;36179;8569;395;0;3994;3990;3989;3992;3986;3991;3992;3991;3993;0;0;0;20
$1;1;2061000;2;0;1500;47676;36178;8573;395;0;3994;3990;3989;3992;3986;3991;3992;3990;3993;0;0;0;31
$1;1;2062000;2;0;1501;47674;36180;8577;394;0;3994;3990;3989;3992;3986;3991;3992;3991;3993;0;0;0;28
$1;1;2063000;2;0;1501;47675;36181;8581;394;0;3994;3990;3990;3992;3986;3991;3992;3991;3993;0;0;0;28
$1;1;2064000;2;0;1501;47676;36181;8585;394;0;3994;3990;3990;3993;3986;3991;3993;3991;3993;0;0;0;28
$1;1;2065000;2;0;1500;47675;36180;8590;394;0;3994;3990;3990;3993;3986;3991;3993;3991;3993;0;0;0;26
$1;1;2066000;2;0;1500;47675;36182;8594;394;0;3994;3991;3990;3993;3986;3991;3993;3991;3993;0;0;0;30
$1;1;2067000;2;0;1500;47676;36182;8598;394;0;3994;3990;3990;3993;3986;3991;3993;3991;3993;0;0;0;17
$1;1;2068000;2;0;1499;47676;36182;8602;394;0;3994;3991;3990;3993;3986;3991;3992;3991;3993;0;0;0;31
$1;1;2069000;2;0;1501;47676;36183;8606;394;0;3994;3991;3990;3993;3986;3991;3993;3991;3993;0;0;0;26
$1;1;2070000;2;0;1499;47675;36183;8610;394;0;3994;3991;3990;3993;3987;3991;3993;3991;3993;0;0;0;23
$1;1;2071000;2;0;1499;47677;36184;8614;394;0;3994;3991;3990;3993;3986;3991;3993;3991;3994;0;0;0;17
$1;1;2072000;2;0;1500;47676;36185;8619;394;0;3994;3991;3990;3993;3986;3991;3993;3991;3993;0;0;0;25
$1;1;2073000;2;0;1499;47677;36185;8623;394;0;3994;3991;3990;3993;3987;3991;3993;3991;3994;0;0;0;23
$1;1;2074000;2;0;1501;47675;36186;8627;395;0;3994;3991;3990;3993;3987;3991;3993;3991;3994;0;0;0;20
$1;1;2075000;2;0;1498;47677;36185;8631;395;0;3994;3991;3990;3993;3986;3992;3993;3991;3994;0;0;0;16
$1;1;2076000;2;0;1499;47677;36187;8635;395;0;3995;3991;3990;3993;3987;3992;3993;3991;3994;0;0;0;20
$1;1;2077000;2;0;1500;47673;36187;8639;396;0;3995;3991;3990;3994;3987;3992;3993;3991;3994;0;0;0;24
$1;1;2078000;2;0;1500;47674;36187;8644;397;0;3995;3991;3990;3994;3987;3992;3993;3991;3994;0;0;0;27
$1;1;2079000;2;0;1499;47673;36187;8648;397;0;3995;3991;3990;3993;3987;3992;3993;3992;3994;0;0;0;20
$1;1;2080000;2;0;1500;47672;36188;8652;398;0;3995;3991;3990;3994;3987;3992;3994;3991;3994;0;0;0;26
$1;1;2081000;2;0;1499;47673;36188;8656;398;0;3995;3991;3991;3994;3987;3992;3994;3992;3994;0;0;0;29
$1;1;2082000;2;0;1500;47672;36189;8660;398;0;3995;3991;3991;3994;3987;3992;3994;3992;3994;0;0;0;26
$1;1;2083000;2;0;1499;47673;36189;8664;399;0;3995;3991;3991;3994;3987;3992;3994;3992;3994;0;0;0;30
$1;1;2084000;2;0;1489;47680;36187;8669;399;0;3995;3992;3991;3994;3987;3992;3994;3992;3994;0;0;0;20
$1;1;2085000;2;0;1497;47674;36190;8673;399;0;3995;3992;3991;3994;3987;3992;3994;3992;3994;0;0;0;28
$1;1;2086000;2;0;1500;47672;36192;8677;400;0;3995;3992;3991;3994;3987;3992;3994;3992;3994;0;0;0;23
$1;1;2087000;2;0;1501;47671;36193;8681;400;0;3995;3992;3991;3994;3987;3992;3994;3992;3995;0;0;0;29
$1;1;2088000;2;0;1498;47672;36192;8685;400;0;3995;3992;3991;3994;3987;3992;3994;3992;3994;0;0;0;20
$1;1;2089000;2;0;1499;47672;36193;8689;401;0;3995;3992;3991;3994;3988;3992;3994;3992;3994;0;0;0;23
$1;1;2090000;2;0;1499;47672;36194;8694;402;0;3995;3992;3991;3994;3987;3992;3994;3992;3995;0;0;0;25
$1;1;2091000;2;0;1499;47672;36194;8698;402;0;3996;3992;3991;3994;3988;3993;3994;3992;3994;0;0;0;24
$1;1;2092000;2;0;1499;47672;36195;8702;403;0;3996;3992;3991;3994;3988;3992;3994;3992;3995;0;0;0;25
$1;1;2093000;2;0;1501;47672;36196;8706;403;0;3996;3992;3991;3995;3988;3993;3994;3992;3994;0;0;0;30
$1;1;2094000;2;0;1500;47668;36196;8710;405;0;3996;3992;3991;3995;3988;3993;3994;3992;3995;0;0;0;19
$1;1;2095000;2;0;1501;47668;36198;8714;405;0;3996;3992;3991;3995;3988;3993;3995;3992;3995;0;0;0;24
$1;1;2096000;2;0;1498;47668;36197;8718;406;0;3996;3993;3991;3995;3988;3993;3995;3992;3995;0;0;0;27
$1;1;2097000;2;0;1499;47668;36198;8723;407;0;3996;3993;3992;3995;3988;3993;3995;3992;3995;0;0;0;30
$1;1;2098000;2;0;1499;47667;36198;8727;407;0;3996;3993;3991;3995;3988;3993;3995;3993;3995;0;0;0;24
$1;1;2099000;2;0;1500;47666;36199;8731;407;0;3996;3993;3992;3995;3988;3993;3995;3993;3995;0;0;0;28
$1;1;2100000;2;0;1499;47668;36200;8735;408;0;3996;3993;3992;3995;3988;3993;3995;3993;3995;0;0;0;26
$1;1;2101000;2;0;1499;47668;36200;8739;408;0;3996;3993;3992;3995;3988;3993;3995;3993;3995;0;0;0;23
$1;1;2102000;2;0;1499;47668;36200;8744;408;0;3996;3993;3992;3995;3988;3993;3995;3993;3995;0;0;0;30
$1;1;2103000;2;0;1498;47668;36200;8748;409;0;3996;3993;3992;3995;3988;3993;3995;3993;3996;0;0;0;16
$1;1;2104000;2;0;1499;47668;36201;8752;409;0;3996;3993;3992;3995;3988;3993;3995;3993;3996;0;0;0;28
$1;1;2105000;2;0;1500;47668;36202;8756;409;0;3996;3993;3992;3995;3988;3993;3995;3993;3996;0;0;0;27
$1;1;2106000;2;0;1499;47670;36202;8760;410;0;3997;3993;3992;3995;3988;3993;3995;3993;3996;0;0;0;28
$1;128;2106000;302;113;14;12;12;13;10;12;14;12;14;0;0;0;20
$1;1;2107000;2;0;1498;47670;36202;8764;410;0;3997;3993;3992;3995;3988;3993;3995;3993;3995;0;0;0;27
$1;1;2108000;2;0;1500;47668;36203;8769;410;0;3997;3993;3992;3995;3989;3993;3996;3993;3996;0;0;0;16
$1;1;2109000;2;0;1501;47668;36205;8773;410;0;3997;3993;3992;3995;3989;3993;3996;3993;3996;0;0;0;29
$1;1;2110000;2;0;1500;47669;36205;8777;411;0;3997;3993;3992;3996;3989;3994;3996;3993;3996;0;0;0;20
$1;1;2111000;2;0;1499;47665;36205;8781;412;0;3997;3993;3992;3996;3989;3993;3996;3993;3996;0;0;0;21
$1;1;2112000;2;0;1499;47665;36206;8785;412;0;3997;3994;3992;3996;3989;3994;3996;3993;3996;0;0;0;17
$1;1;2113000;2;0;1501;47664;36206;8790;413;0;3997;3993;3992;3996;3989;3994;3996;3993;3996;0;0;0;19
$1;1;2114000;2;0;1501;47664;36206;8794;413;0;3997;3993;3992;3996;3989;3994;3996;3993;3996;0;0;0;16
$1;1;2115000;2;0;1499;47665;36207;8798;413;0;3997;3993;3992;3996;3989;3994;3996;3993;3996;0;0;0;29
$1;1;2116000;2;0;1501;47663;36209;8802;413;0;3997;3994;3993;3996;3989;3994;3996;3994;3996;0;0;0;27
$1;1;2117000;2;0;1500;47665;36209;8806;413;0;3997;3994;3993;3996;3989;3994;3996;3994;3996;0;0;0;25
$1;1;2118000;2;0;1488;47672;36206;8810;413;0;3997;3994;3993;3996;3989;3994;3996;3994;3996;0;0;0;25
$1;1;2119000;2;0;1499;47666;36209;8814;413;0;3997;3994;3993;3996;3989;3994;3996;3994;3996;0;0;0;22
$1;1;2120000;2;0;1500;47664;36210;8819;413;0;3997;3994;3993;3996;3989;3994;3996;3994;3996;0;0;0;26
$1;1;2121000;2;0;1499;47666;36211;8823;413;0;3997;3994;3993;3996;3989;3994;3996;3994;3996;0;0;0;16
$1;1;2122000;2;0;1500;47665;36211;8827;413;0;3997;3994;3993;3996;3989;3994;3996;3994;3996;0;0;0;21
$1;1;2123000;2;0;1499;47664;36212;8831;413;0;3997;3994;3993;3996;3989;3994;3996;3994;3996;0;0;0;16
$1;1;2124000;2;0;1500;47665;36212;8835;413;0;3998;3994;3993;3996;3989;3994;3996;3994;3996;0;0;0;28
$1;1;2125000;2;0;1499;47666;36212;8839;413;0;3998;3994;3993;3996;3989;3994;3996;3994;3996;0;0;0;19
$1;1;2126000;2;0;1500;47663;36213;8844;413;0;3998;3994;3993;3996;3990;3994;3997;3994;3997;0;0;0;23
$1;1;2127000;2;0;1500;47661;36214;8848;414;0;3998;3994;3993;3997;3990;3995;3996;3994;3997;0;0;0;25
$1;1;2128000;2;0;1498;47663;36213;8852;414;0;3998;3994;3993;3996;3990;3994;3997;3994;3997;0;0;0;25
$1;1;2129000;2;0;1498;47663;36214;8856;414;0;3998;3994;3993;3997;3990;3995;3997;3994;3997;0;0;0;27
$1;1;2130000;2;0;1500;47662;36215;8860;413;0;3998;3994;3993;3997;3990;3995;3997;3994;3997;0;0;0;17
$1;1;2131000;2;0;1500;47662;36216;8864;413;0;3998;3995;3993;3996;3990;3995;3997;3994;3997;0;0;0;23
$1;1;2132000;2;0;1500;47662;36216;8868;413;0;3998;3995;3993;3997;3990;3995;3997;3994;3997;0;0;0;25
$1;1;2133000;2;0;1500;47661;36217;8873;413;0;3998;3995;3994;3997;3990;3995;3997;3995;3997;0;0;0;22
$1;1;2134000;2;0;1502;47659;36217;8877;413;0;3998;3995;3994;3997;3990;3995;3997;3995;3997;0;0;0;28
$1;1;2135000;2;0;1501;47660;36217;8881;412;0;3998;3995;3994;3997;3990;3995;3997;3995;3997;0;0;0;28
$1;1;2136000;2;0;1499;47662;36218;8885;412;0;3998;3995;3994;3997;3990;3995;3997;3995;3997;0;0;0;22
$1;1;2137000;2;0;1499;47661;36218;8889;412;0;3998;3995;3994;3997;3990;3995;3997;3995;3997;0;0;0;24
$1;1;2138000;2;0;1501;47661;36220;8894;412;0;3998;3995;3994;3997;3990;3995;3997;3995;3997;0;0;0;16
$1;1;2139000;2;0;1501;47661;36220;8898;411;0;3998;3995;3994;3997;3990;3995;3997;3995;3997;0;0;0;30
$1;1;2140000;2;0;1500;47661;36220;8902;411;0;3998;3995;3994;3997;3990;3995;3997;3995;3997;0;0;0;19
$1;1;2141000;2;0;1501;47659;36220;8906;411;0;3998;3995;3994;3997;3991;3995;3997;3995;3997;0;0;0;29
$1;1;2142000;2;0;1500;47657;36221;8910;412;0;3998;3995;3994;3997;3991;3995;3997;3995;3997;0;0;0;20
$1;1;2143000;2;0;1501;47658;36221;8914;412;0;3998;3995;3994;3997;3991;3995;3997;3995;3998;0;0;0;16
$1;1;2144000;2;0;1500;47657;36222;8918;412;0;3998;3995;3994;3997;3991;3995;3997;3995;3998;0;0;0;22
$1;1;2145000;2;0;1498;47658;36222;8922;412;0;3998;3995;3994;3997;3991;3995;3997;3995;3998;0;0;0;17
$1;1;2146000;2;0;1498;47658;36222;8927;411;0;3999;3995;3994;3997;3991;3995;3997;3995;3998;0;0;0;21
$1;1;2147000;2;0;1500;47657;36223;8931;411;0;3999;3995;3994;3997;3991;3996;3997;3995;3997;0;0;0;17
$1;1;2148000;2;0;1499;47657;36223;8935;411;0;3999;3995;3994;3997;3991;3996;3997;3995;3998;0;0;0;20
$1;1;2149000;2;0;1499;47657;36224;8939;411;0;3999;3995;3994;3997;3991;3996;3997;3995;3998;0;0;0;30
$1;1;2150000;2;0;1500;47656;36224;8943;410;0;3999;3995;3994;3997;3991;3996;3998;3995;3998;0;0;0;21
$1;1;2151000;2;0;1498;47657;36224;8947;410;0;3999;3995;3994;3997;3991;3996;3997;3995;3998;0;0;0;30
$1;1;2152000;2;0;1498;47657;36224;8952;410;0;3999;3995;3995;3998;3991;3996;3998;3996;3998;0;0;0;27
$1;1;2153000;2;0;1500;47657;36225;8956;409;0;3999;3996;3995;3998;3991;3996;3998;3996;3998;0;0;0;20
$1;1;2154000;2;0;1498;47658;36225;8960;409;0;3999;3995;3995;3998;3991;3996;3998;3996;3998;0;0;0;26
$1;1;2155000;2;0;1500;47656;36226;8964;409;0;3999;3995;3995;3997;3991;3996;3998;3996;3998;0;0;0;29
$1;1;2156000;2;0;1499;47656;36226;8968;409;0;3999;3995;3995;3997;3991;3996;3998;3996;3998;0;0;0;19
$1;1;2157000;2;0;1498;47656;36226;8972;409;0;3999;3995;3995;3997;3991;3996;3998;3996;3998;0;0;0;24
$1;1;2158000;2;0;1499;47654;36227;8977;409;0;3999;3995;3995;3997;3991;3996;3998;3996;3998;0;0;0;16
$1;1;2159000;2;0;1501;47653;36228;8981;409;0;3999;3996;3995;3998;3992;3996;3998;3996;3998;0;0;0;31
$1;1;2160000;2;0;1499;47654;36228;8985;409;0;3999;3996;3995;3998;3991;3996;3998;3996;3998;0;0;0;21
$1;1;2161000;2;0;1499;47653;36229;8989;409;0;3999;3996;3995;3998;3992;3996;3998;3996;3999;0;0;0;28
$1;1;2162000;2;0;1499;47654;36230;8993;408;0;3999;3996;3995;3998;3992;3996;3998;3996;3999;0;0;0;26
$1;1;2163000;2;0;1499;47654;36230;8997;408;0;3999;3996;3995;3998;3992;3996;3998;3996;3999;0;0;0;31
$1;1;2164000;2;0;1499;47653;36230;9002;408;0;3999;3996;3995;3998;3992;3996;3998;3996;3999;0;0;0;27
$1;1;2165000;2;0;1500;47653;36231;9006;408;0;3999;3996;3995;3998;3992;3996;3998;3996;3999;0;0;0;30
$1;1;2166000;2;0;1502;47652;36232;9010;407;0;3999;3996;3995;3998;3992;3996;3998;3996;3999;0;0;0;21
$1;128;2166000;301;115;15;12;11;14;10;12;14;13;14;0;0;0;19
$1;1;2167000;2;0;1499;47654;36232;9014;407;0;4000;3996;3995;3998;3992;3996;3998;3996;3999;0;0;0;27
$1;1;2168000;2;0;1498;47654;36232;9018;407;0;4000;3996;3995;3998;3992;3996;3998;3996;3999;0;0;0;25
$1;1;2169000;2;0;1499;47654;36233;9023;406;0;4000;3996;3995;3998;3992;3997;3999;3996;3999;0;0;0;17
$1;1;2170000;2;0;1500;47652;36234;9027;406;0;4000;3996;3996;3998;3992;3997;3999;3996;3999;0;0;0;30
$1;1;2171000;2;0;1500;47653;36235;9031;406;0;4000;3997;3996;3998;3992;3997;3999;3997;3999;0;0;0;24
$1;1;2172000;2;0;1500;47653;36235;9035;406;0;4000;3996;3995;3998;3992;3997;3999;3997;3999;0;0;0;29
$1;1;2173000;2;0;1500;47652;36236;9039;405;0;4000;3996;3995;3998;3992;3997;3999;3997;3999;0;0;0;17
$1;1;2174000;2;0;1499;47650;36236;9043;406;0;4000;3996;3996;3998;3992;3997;3999;3997;3999;0;0;0;24
$1;1;2175000;2;0;1499;47650;36236;9047;406;0;4000;3997;3996;3999;3993;3997;3999;3997;3999;0;0;0;28
$1;1;2176000;2;0;1500;47649;36236;9052;406;0;4000;3996;3996;3999;3992;3997;3999;3997;3999;0;0;0;18
$1;1;2177000;2;0;1500;47650;36237;9056;406;0;4000;3996;3996;3999;3993;3997;3999;3997;3999;0;0;0;31
$1;1;2178000;2;0;1500;47648;36237;9060;406;0;4000;3997;3996;3999;3993;3997;3999;3997;4000;0;0;0;19
$1;1;2179000;2;0;1499;47649;36237;9064;406;0;4000;3997;3996;3999;3993;3997;3999;3997;3999;0;0;0;24
$1;1;2180000;2;0;1500;47648;36238;9068;406;0;4000;3997;3996;3999;3993;3997;3999;3997;4000;0;0;0;19
$1;1;2181000;2;0;1500;47648;36239;9073;405;0;4000;3997;3996;3999;3993;3997;3999;3997;3999;0;0;0;20
$1;1;2182000;2;0;1499;47648;36238;9077;405;0;4000;3997;3996;3999;3993;3997;3999;3997;3999;0;0;0;19
$1;1;2183000;2;0;1499;47648;36239;9081;405;0;4000;3997;3996;3999;3993;3997;3999;3997;4000;0;0;0;20
$1;1;2184000;2;0;1500;47648;36241;9085;405;0;4000;3997;3996;3999;3993;3998;3999;3997;3999;0;0;0;24
$1;1;2185000;2;0;1502;47647;36242;9089;404;0;4001;3997;3996;3999;3993;3998;3999;3997;4000;0;0;0;21
$1;1;2186000;2;0;1499;47649;36242;9093;404;0;4001;3997;3996;3999;3993;3998;3999;3998;4000;0;0;0;31
$1;1;2187000;2;0;1499;47650;36243;9097;404;0;4001;3997;3996;3999;3993;3998;3999;3998;4000;0;0;0;19
$1;1;2188000;2;0;1500;47648;36244;9102;404;0;4001;3997;3997;3999;3993;3998;4000;3998;4000;0;0;0;17
$1;1;2189000;2;0;1499;47648;36244;9106;404;0;4001;3997;3997;4000;3993;3998;4000;3998;4000;0;0;0;27
$1;1;2190000;2;0;1501;47645;36245;9110;404;0;4001;3997;3997;4000;3993;3998;4000;3998;4000;0;0;0;24
$1;1;2191000;2;0;1499;47646;36245;9114;404;0;4001;3997;3997;4000;3993;3998;4000;3998;4000;0;0;0;30
$1;1;2192000;2;0;1501;47643;36246;9118;404;0;4001;3998;3997;4000;3993;3998;4000;3998;4000;0;0;0;24
$1;1;2193000;2;0;1498;47646;36246;9123;404;0;4001;3998;3997;4000;3993;3998;4000;3998;4000;0;0;0;21
$1;1;2194000;2;0;1501;47643;36248;9127;404;0;4001;3998;3997;4000;3993;3998;4000;3998;4000;0;0;0;28
$1;1;2195000;2;0;1500;47644;36248;9131;404;0;4001;3998;3997;4000;3994;3998;4000;3998;4000;0;0;0;27
$1;1;2196000;2;0;1500;47644;36248;9135;404;0;4001;3998;3997;4000;3994;3998;4000;3998;4001;0;0;0;29
$1;1;2197000;2;0;1498;47647;36248;9139;404;0;4001;3998;3997;4000;3993;3998;4000;3998;4000;0;0;0;21
$1;1;2198000;2;0;1500;47644;36249;9143;403;0;4002;3998;3997;4000;3994;3998;4000;3998;4001;0;0;0;23
$1;1;2199000;2;0;1501;47643;36250;9148;403;0;4002;3998;3997;4000;3994;3998;4000;3998;4001;0;0;0;19
$1;1;2200000;2;0;1500;47644;36250;9152;403;0;4002;3998;3997;4001;3994;3999;4000;3998;4000;0;0;0;28
$1;1;2201000;2;0;1500;47643;36251;9156;403;0;4002;3998;3997;4001;3994;3999;4000;3998;4000;0;0;0;31
$1;1;2202000;2;0;1499;47645;36251;9160;402;0;4002;3998;3997;4001;3994;3999;4000;3998;4001;0;0;0;30
$1;1;2203000;2;0;1498;47647;36250;9164;402;0;4002;3998;3997;4001;3994;3999;4000;3998;4001;0;0;0;25
$1;1;2204000;2;0;1500;47644;36252;9168;402;0;4002;3999;3997;4001;3994;3998;4000;3998;4000;0;0;0;18
$1;1;2205000;2;0;1499;47644;36253;9173;402;0;4002;3999;3997;4001;3994;3999;4000;3998;4001;0;0;0;25
$1;1;2206000;2;0;1499;47643;36254;9177;402;0;4002;3999;3997;4001;3994;3999;4000;3999;4001;0;0;0;31
$1;1;2207000;2;0;1499;47642;36253;9181;403;0;4002;3999;3997;4001;3994;3999;4001;3998;4001;0;0;0;16
$1;1;2208000;2;0;1499;47641;36254;9185;403;0;4002;3999;3998;4001;3994;3999;4000;3998;4001;0;0;0;17
$1;1;2209000;2;0;1499;47641;36255;9189;403;0;4002;3999;3997;4001;3994;3999;4001;3999;4001;0;0;0;18
$1;1;2210000;2;0;1501;47640;36255;9193;403;0;4002;3999;3998;4001;3994;3999;4001;3999;4001;0;0;0;31
$1;1;2211000;2;0;1501;47640;36256;9198;402;0;4002;3999;3998;4001;3994;3999;4001;3999;4001;0;0;0;23
$1;1;2212000;2;0;1499;47642;36256;9202;402;0;4002;3999;3998;4001;3994;3999;4001;3999;4002;0;0;0;21
$1;1;2213000;2;0;1501;47639;36257;9206;402;0;4003;3999;3998;4001;3995;3999;4001;3999;4001;0;0;0;30
$1;1;2214000;2;0;1499;47640;36258;9210;402;0;4003;3999;3998;4001;3995;3999;4001;3999;4002;0;0;0;28
$1;1;2215000;2;0;1498;47640;36258;9214;402;0;4003;3999;3998;4001;3995;3999;4001;3999;4002;0;0;0;24
$1;1;2216000;2;0;1499;47640;36258;9218;402;0;4003;3999;3998;4001;3995;3999;4001;3999;4002;0;0;0;22
$1;1;2217000;2;0;1499;47640;36259;9223;402;0;4003;3999;3998;4002;3995;3999;4001;3999;4002;0;0;0;29
$1;1;2218000;2;0;1501;47639;36260;9227;401;0;4003;3999;3998;4002;3995;3999;4001;3999;4002;0;0;0;17
$1;1;2219000;2;0;1500;47639;36260;9231;401;0;4003;3999;3998;4002;3995;3999;4001;3999;4002;0;0;0;22
$1;1;2220000;2;0;1499;47640;36260;9235;401;0;4003;3999;3998;4002;3995;3999;4001;3999;4002;0;0;0;23
$1;1;2221000;2;0;1500;47639;36261;9239;401;0;4003;4000;3998;4002;3995;3999;4001;3999;4002;0;0;0;26
$1;1;2222000;2;0;1500;47639;36261;9243;400;0;4003;3999;3998;4002;3995;4000;4001;4000;4002;0;0;0;27
$1;1;2223000;2;0;1498;47640;36262;9248;400;0;4003;4000;3998;4002;3995;4000;4001;3999;4002;0;0;0;28
$1;1;2224000;2;0;1501;47636;36262;9252;401;0;4003;3999;3998;4002;3995;4000;4002;3999;4002;0;0;0;28
$1;1;2225000;2;0;1498;47637;36262;9256;401;0;4003;4000;3999;4002;3995;4000;4002;4000;4002;0;0;0;24
$1;1;2226000;2;0;1500;47636;36263;9260;401;0;4003;4000;3998;4002;3995;4000;4002;3999;4002;0;0;0;17
$1;128;2226000;300;112;14;12;11;14;9;12;14;13;13;0;0;0;44
$1;1;2227000;2;0;1498;47638;36264;9264;401;0;4003;4000;3999;4002;3995;4000;4002;4000;4002;0;0;0;18
$1;1;2228000;2;0;1501;47635;36264;9268;401;0;4003;4000;3998;4002;3995;4000;4002;4000;4002;0;0;0;28
$1;1;2229000;2;0;1499;47637;36265;9272;401;0;4003;4000;3999;4002;3995;4000;4002;4000;4002;0;0;0;20
$1;1;2230000;2;0;1501;47634;36265;9277;401;0;4003;4000;3999;4002;3996;4000;4002;4000;4003;0;0;0;24
$1;1;2231000;2;0;1501;47635;36266;9281;401;0;4004;4000;3999;4002;3995;4000;4002;4000;4002;0;0;0;23
$1;1;2232000;2;0;1500;47634;36266;9285;401;0;4004;4000;3999;4002;3996;4000;4002;4000;4003;0;0;0;18
$1;1;2233000;2;0;1501;47635;36268;9289;400;0;4004;4000;3999;4003;3995;4000;4002;4000;4002;0;0;0;19
$1;1;2234000;2;0;1500;47636;36268;9293;400;0;4004;4000;3999;4003;3996;4000;4002;4000;4003;0;0;0;31
$1;1;2235000;2;0;1500;47635;36268;9297;400;0;4004;4000;3999;4002;3996;4000;4002;4000;4002;0;0;0;25
$1;1;2236000;2;0;1499;47635;36268;9302;400;0;4004;4000;3999;4002;3996;4000;4002;4000;4003;0;0;0;23
$1;1;2237000;2;0;1499;47636;36268;9306;400;0;4004;4000;3999;4003;3996;4000;4002;4000;4003;0;0;0;16
$1;1;2238000;2;0;1499;47634;36269;9310;400;0;4004;4000;3999;4003;3996;4000;4002;4000;4003;0;0;0;27
$1;1;2239000;2;0;1499;47634;36269;9314;399;0;4004;4000;3999;4002;3996;4000;4002;4000;4003;0;0;0;24
$1;1;2240000;2;0;1499;47635;36270;9318;399;0;4004;4000;3999;4003;3996;4001;4002;4000;4003;0;0;0;19
$1;1;2241000;2;0;1501;47631;36271;9323;400;0;4004;4001;3999;4003;3996;4001;4002;4000;4003;0;0;0;25
$1;1;2242000;2;0;1501;47631;36272;9327;400;0;4004;4001;3999;4003;3996;4001;4002;4000;4003;0;0;0;29
$1;1;2243000;2;0;1500;47631;36272;9331;400;0;4004;4001;3999;4003;3996;4001;4003;4001;4003;0;0;0;26
$1;1;2244000;2;0;1498;47632;36272;9335;400;0;4004;4001;3999;4003;3996;4001;4002;4001;4003;0;0;0;27
$1;1;2245000;2;0;1500;47632;36272;9339;400;0;4004;4001;4000;4003;3996;4001;4003;4001;4003;0;0;0;25
$1;1;2246000;2;0;1501;47630;36272;9343;400;0;4004;4001;4000;4003;3996;4001;4003;4001;4003;0;0;0;20
$1;1;2247000;2;0;1499;47632;36273;9347;400;0;4004;4001;4000;4003;3996;4001;4003;4001;4003;0;0;0;18
$1;1;2248000;2;0;1499;47631;36273;9352;400;0;4004;4001;4000;4003;3996;4001;4003;4001;4003;0;0;0;26
$1;1;2249000;2;0;1500;47631;36274;9356;400;0;4004;4001;4000;4003;3997;4001;4003;4001;4003;0;0;0;24
$1;1;2250000;2;0;1500;47631;36274;9360;399;0;4005;4001;4000;4003;3997;4001;4003;4001;4003;0;0;0;19
$1;1;2251000;2;0;1500;47631;36275;9364;399;0;4005;4001;4000;4003;3997;4001;4003;4001;4004;0;0;0;16
$1;1;2252000;2;0;1500;47631;36275;9368;399;0;4005;4001;4000;4003;3997;4001;4003;4001;4003;0;0;0;24
$1;1;2253000;2;0;1498;47631;36275;9373;399;0;4005;4001;4000;4003;3997;4001;4003;4001;4004;0;0;0;20
$1;1;2254000;2;0;1499;47630;36276;9377;399;0;4005;4001;4000;4003;3997;4001;4003;4001;4004;0;0;0;20
$1;1;2255000;2;0;1498;47631;36276;9381;399;0;4005;4001;4000;4003;3997;4001;4003;4001;4004;0;0;0;28
$1;1;2256000;2;0;1500;47628;36278;9385;399;0;4005;4001;4000;4003;3997;4002;4003;4001;4004;0;0;0;30
$1;1;2257000;2;0;1500;47628;36277;9389;398;0;4005;4002;4000;4003;3997;4002;4003;4001;4004;0;0;0;30
$1;1;2258000;2;0;1500;47628;36277;9393;398;0;4005;4001;4000;4003;3997;4002;4003;4002;4004;0;0;0;26
$1;1;2259000;2;0;1499;47626;36277;9397;399;0;4005;4002;4000;4003;3997;4002;4003;4001;4004;0;0;0;17
$1;1;2260000;2;0;1500;47626;36279;9402;399;0;4005;4002;4000;4003;3997;4002;4004;4002;4004;0;0;0;27
$1;1;2261000;2;0;1501;47625;36279;9406;399;0;4005;4002;4001;4004;3997;4002;4004;4002;4004;0;0;0;26
$1;1;2262000;2;0;1498;47627;36279;9410;399;0;4005;4002;4001;4004;3997;4002;4004;4002;4004;0;0;0;29
$1;1;2263000;2;0;1499;47626;36280;9414;399;0;4005;4002;4001;4004;3997;4002;4004;4002;4004;0;0;0;30
$1;1;2264000;2;0;1499;47626;36280;9418;399;0;4005;4002;4001;4004;3998;4002;4004;4002;4005;0;0;0;27
$1;1;2265000;2;0;1500;47625;36281;9422;399;0;4005;4002;4001;4004;3998;4002;4004;4002;4004;0;0;0;17
$1;1;2266000;2;0;1499;47624;36281;9427;399;0;4005;4002;4001;4004;3998;4002;4004;4002;4004;0;0;0;23
$1;1;2267000;2;0;1499;47625;36282;9431;398;0;4005;4002;4001;4004;3998;4002;4004;4002;4004;0;0;0;18
$1;1;2268000;2;0;1500;47625;36282;9435;398;0;4005;4002;4001;4004;3998;4002;4004;4002;4004;0;0;0;24
$1;1;2269000;2;0;1501;47625;36283;9439;398;0;4005;4002;4001;4004;3998;4002;4004;4002;4004;0;0;0;21
$1;1;2270000;2;0;1501;47626;36284;9443;398;0;4005;4002;4001;4004;3998;4002;4004;4002;4005;0;0;0;21
$1;1;2271000;2;0;1499;47625;36284;9447;398;0;4006;4002;4001;4004;3998;4002;4004;4002;4005;0;0;0;16
$1;1;2272000;2;0;1501;47626;36284;9452;397;0;4006;4002;4001;4004;3998;4002;4004;4002;4005;0;0;0;27
$1;1;2273000;2;0;1498;47626;36284;9456;397;0;4006;4002;4002;4004;3998;4003;4004;4002;4005;0;0;0;29
$1;1;2274000;2;0;1499;47626;36285;9460;397;0;4006;4002;4002;4004;3998;4003;4004;4002;4005;0;0;0;31
$1;1;2275000;2;0;1501;47625;36286;9464;397;0;4006;4003;4002;4004;3998;4003;4004;4003;4005;0;0;0;26
$1;1;2276000;2;0;1498;47624;36286;9468;398;0;4006;4002;4001;4004;3998;4003;4004;4003;4005;0;0;0;24
$1;1;2277000;2;0;1500;47624;36286;9473;398;0;4006;4002;4001;4004;3998;4003;4005;4002;4005;0;0;0;19
$1;1;2278000;2;0;1500;47623;36288;9477;398;0;4006;4003;4002;4004;3999;4003;4005;4003;4005;0;0;0;19
$1;1;2279000;2;0;1498;47624;36287;9481;398;0;4006;4002;4002;4004;3998;4003;4005;4003;4005;0;0;0;19
$1;1;2280000;2;0;1499;47623;36288;9485;398;0;4006;4003;4002;4005;3999;4003;4005;4003;4005;0;0;0;25
$1;1;2281000;2;0;1499;47623;36288;9489;398;0;4006;4003;4002;4004;3998;4003;4005;4003;4005;0;0;0;20
$1;1;2282000;2;0;1501;47622;36290;9493;398;0;4006;4003;4002;4004;3999;4003;4005;4003;4006;0;0;0;22
$1;1;2283000;2;0;1498;47623;36289;9498;398;0;4006;4003;4002;4005;3999;4003;4005;4003;4005;0;0;0;22
$1;1;2284000;2;0;1499;47622;36290;9502;398;0;4006;4003;4002;4005;3999;4003;4005;4003;4005;0;0;0;27
$1;1;2285000;2;0;1498;47622;36291;9506;397;0;4006;4003;4002;4005;3999;4003;4005;4003;4006;0;0;0;18
$1;1;2286000;2;0;1501;47622;36292;9510;397;0;4006;4003;4002;4005;3999;4003;4005;4003;4005;0;0;0;23
$1;128;2286000;300;115;15;12;11;14;10;12;14;13;14;0;0;0;31
$1;1;2287000;2;0;1501;47622;36292;9514;397;0;4006;4003;4002;4005;3999;4004;4005;4003;4006;0;0;0;22
$1;1;2288000;2;0;1500;47621;36293;9519;397;0;4006;4003;4002;4005;3999;4003;4005;4003;4006;0;0;0;16
$1;1;2289000;2;0;1501;47620;36293;9523;397;0;4006;4003;4002;4005;3999;4004;4005;4003;4006;0;0;0;31
$1;1;2290000;2;0;1498;47622;36293;9527;396;0;4006;4003;4002;4005;3999;4004;4005;4003;4006;0;0;0;17
$1;1;2291000;2;0;1500;47622;36294;9531;396;0;4006;4003;4002;4005;3999;4003;4005;4003;4006;0;0;0;23
$1;1;2292000;2;0;1500;47622;36295;9535;396;0;4007;4003;4002;4005;3999;4004;4005;4004;4006;0;0;0;16
$1;1;2293000;2;0;1500;47619;36295;9539;397;0;4007;4003;4002;4005;3999;4004;4005;4004;4006;0;0;0;20
$1;1;2294000;2;0;1499;47618;36295;9543;397;0;4006;4003;4003;4005;3999;4004;4005;4004;4006;0;0;0;30
$1;1;2295000;2;0;1500;47618;36295;9548;397;0;4007;4003;4002;4005;3999;4004;4005;4004;4006;0;0;0;21
$1;1;2296000;2;0;1500;47619;36296;9552;397;0;4007;4004;4002;4005;3999;4004;4005;4004;4006;0;0;0;24
$1;1;2297000;2;0;1499;47618;36296;9556;397;0;4007;4003;4003;4005;3999;4004;4006;4004;4006;0;0;0;24
$1;1;2298000;2;0;1500;47619;36298;9560;397;0;4007;4004;4003;4005;3999;4004;4005;4004;4006;0;0;0;24
$1;1;2299000;2;0;1499;47618;36298;9564;397;0;4007;4004;4003;4005;4000;4004;4006;4004;4006;0;0;0;16
$1;1;2300000;2;0;1500;47618;36299;9568;397;0;4007;4004;4003;4006;4000;4004;4006;4004;4006;0;0;0;30
$1;1;2301000;2;0;1499;47619;36299;9573;396;0;4007;4004;4003;4006;4000;4004;4006;4004;4006;0;0;0;20
$1;1;2302000;2;0;1500;47617;36300;9577;396;0;4007;4004;4003;4006;4000;4004;4006;4004;4006;0;0;0;29
$1;1;2303000;2;0;1498;47618;36300;9581;396;0;4007;4004;4003;4006;4000;4004;4006;4004;4006;0;0;0;26
$1;1;2304000;2;0;1500;47617;36301;9585;396;0;4007;4004;4003;4006;4000;4004;4006;4004;4007;0;0;0;22
$1;1;2305000;2;0;1500;47617;36302;9589;396;0;4007;4004;4003;4006;4000;4004;4006;4004;4006;0;0;0;25
$1;1;2306000;2;0;1498;47618;36302;9593;396;0;4008;4004;4003;4006;4000;4004;4006;4004;4007;0;0;0;16
$1;1;2307000;2;0;1501;47616;36304;9598;396;0;4008;4004;4003;4006;4000;4004;4006;4004;4006;0;0;0;18
$1;1;2308000;2;0;1499;47617;36303;9602;395;0;4008;4004;4003;4006;4000;4005;4006;4004;4007;0;0;0;24
$1;1;2309000;2;0;1500;47617;36305;9606;395;0;4008;4004;4003;4006;4000;4005;4006;4004;4007;0;0;0;26
$1;1;2310000;2;0;1499;47617;36305;9610;395;0;4008;4005;4003;4007;4000;4004;4006;4005;4007;0;0;0;20
$1;1;2311000;2;0;1498;47618;36306;9614;395;0;4008;4005;4004;4007;4000;4005;4006;4005;4007;0;0;0;26
$1;1;2312000;2;0;1500;47615;36307;9618;396;0;4008;4005;4003;4007;4000;4005;4006;4004;4007;0;0;0;28
$1;1;2313000;2;0;1499;47614;36307;9623;396;0;4008;4005;4004;4007;4000;4005;4006;4005;4007;0;0;0;19
$1;1;2314000;2;0;1500;47614;36308;9627;396;0;4008;4005;4004;4007;4000;4005;4007;4005;4007;0;0;0;31
$1;1;2315000;2;0;1501;47614;36308;9631;396;0;4008;4005;4004;4007;4000;4005;4006;4005;4007;0;0;0;25
$1;1;2316000;2;0;1499;47614;36308;9635;396;0;4008;4005;4004;4007;4000;4005;4007;4005;4007;0;0;0;31
$1;1;2317000;2;0;1501;47612;36309;9639;396;0;4008;4005;4004;4007;4001;4005;4007;4005;4007;0;0;0;20
$1;1;2318000;2;0;1500;47613;36310;9644;396;0;4009;4005;4004;4007;4000;4005;4007;4005;4007;0;0;0;25
$1;1;2319000;2;0;1500;47612;36309;9648;396;0;4009;4005;4004;4007;4001;4005;4007;4005;4007;0;0;0;28
$1;1;2320000;2;0;1500;47613;36310;9652;395;0;4009;4005;4004;4007;4001;4005;4007;4005;4007;0;0;0;23
$1;1;2321000;2;0;1499;47613;36311;9656;395;0;4009;4005;4004;4007;4001;4005;4007;4005;4008;0;0;0;29
$1;1;2322000;2;0;1499;47613;36311;9660;395;0;4009;4005;4004;4007;4001;4005;4007;4005;4007;0;0;0;20
$1;1;2323000;2;0;1499;47615;36312;9664;395;0;4009;4005;4004;4007;4001;4005;4007;4005;4007;0;0;0;20
$1;1;2324000;2;0;1501;47613;36313;9668;395;0;4009;4006;4004;4008;4001;4005;4007;4005;4008;0;0;0;27
$1;1;2325000;2;0;1498;47615;36313;9673;395;0;4009;4006;4004;4008;4001;4005;4007;4005;4008;0;0;0;23
$1;1;2326000;2;0;1500;47613;36314;9677;395;0;4009;4006;4004;4008;4001;4005;4007;4006;4008;0;0;0;18
$1;1;2327000;2;0;1498;47614;36314;9681;395;0;4009;4006;4004;4008;4001;4005;4007;4005;4008;0;0;0;30
$1;1;2328000;2;0;1499;47613;36315;9685;395;0;4009;4006;4004;4008;4001;4006;4007;4006;4008;0;0;0;18
$1;1;2329000;2;0;1501;47612;36316;9689;395;0;4009;4006;4004;4008;4001;4006;4007;4006;4008;0;0;0;29
$1;1;2330000;2;0;1498;47612;36315;9693;395;0;4009;4006;4004;4008;4001;4006;4007;4005;4008;0;0;0;31
$1;1;2331000;2;0;1500;47610;36317;9698;395;0;4009;4006;4005;4008;4001;4006;4007;4006;4008;0;0;0;23
$1;1;2332000;2;0;1501;47608;36318;9702;395;0;4009;4006;4005;4008;4002;4006;4007;4006;4008;0;0;0;18
$1;1;2333000;2;0;1499;47610;36317;9706;395;0;4009;4006;4004;4008;4002;4006;4007;4006;4008;0;0;0;16
$1;1;2334000;2;0;1500;47609;36319;9710;395;0;4009;4006;4005;4008;4002;4006;4008;4006;4008;0;0;0;25
$1;1;2335000;2;0;1499;47610;36319;9714;396;0;4009;4006;4005;4008;4001;4006;4008;4006;4008;0;0;0;21
$1;1;2336000;2;0;1500;47609;36319;9718;396;0;4009;4006;4005;4008;4002;4006;4008;4006;4008;0;0;0;16
$1;1;2337000;2;0;1500;47609;36320;9723;395;0;4010;4006;4005;4008;4002;4006;4008;4006;4008;0;0;0;24
$1;1;2338000;2;0;1501;47608;36320;9727;395;0;4010;4006;4005;4008;4002;4006;4008;4006;4008;0;0;0;19
$1;1;2339000;2;0;1499;47610;36320;9731;395;0;4010;4006;4005;4008;4002;4006;4008;4006;4009;0;0;0;29
$1;1;2340000;2;0;1499;47610;36321;9735;395;0;4010;4007;4005;4008;4002;4006;4008;4006;4009;0;0;0;23
$1;1;2341000;2;0;1499;47608;36321;9739;395;0;4010;4007;4005;4008;4002;4006;4008;4006;4009;0;0;0;19
$1;1;2342000;2;0;1499;47609;36322;9743;395;0;4010;4006;4005;4008;4002;4007;4008;4006;4009;0;0;0;31
$1;1;2343000;2;0;1500;47609;36322;9747;394;0;4010;4007;4005;4009;4002;4006;4008;4006;4009;0;0;0;27
$1;1;2344000;2;0;1500;47608;36323;9752;394;0;4010;4007;4005;4009;4002;4007;4008;4006;4009;0;0;0;25
$1;1;2345000;2;0;1499;47608;36324;9756;394;0;4010;4006;4005;4009;4002;4006;4008;4006;4009;0;0;0;26
$1;1;2346000;2;0;1499;47609;36324;9760;394;0;4010;4007;4005;4009;4002;4007;4008;4006;4009;0;0;0;29
$1;128;2346000;300;114;15;12;12;13;10;12;14;12;14;0;0;0;22
$1;1;2347000;2;0;1501;47608;36325;9764;394;0;4010;4007;4005;4009;4002;4007;4008;4006;4009;0;0;0;24
$1;1;2348000;2;0;1497;47607;36324;9768;395;0;4010;4007;4005;4009;4002;4007;4008;4006;4009;0;0;0;26
$1;1;2349000;2;0;1499;47607;36326;9772;395;0;4010;4007;4006;4009;4002;4007;4008;4007;4009;0;0;0;30
$1;1;2350000;2;0;1500;47606;36326;9777;395;0;4010;4007;4006;4009;4002;4007;4008;4007;4009;0;0;0;19
$1;1;2351000;2;0;1499;47605;36326;9781;395;0;4010;4007;4006;4009;4002;4007;4009;4007;4009;0;0;0;24
$1;1;2352000;2;0;1499;47606;36327;9785;395;0;4010;4007;4006;4009;4003;4007;4009;4007;4009;0;0;0;28
$1;1;2353000;2;0;1499;47605;36327;9789;395;0;4010;4007;4006;4009;4003;4007;4009;4007;4009;0;0;0;18
$1;1;2354000;2;0;1500;47605;36328;9793;395;0;4010;4007;4006;4009;4003;4007;4009;4007;4009;0;0;0;16
$1;1;2355000;2;0;1499;47605;36329;9798;395;0;4010;4007;4006;4009;4003;4007;4009;4007;4010;0;0;0;18
$1;1;2356000;2;0;1501;47603;36330;9802;395;0;4011;4007;4006;4009;4003;4007;4009;4007;4010;0;0;0;18
$1;1;2357000;2;0;1500;47604;36330;9806;395;0;4011;4007;4006;4009;4003;4007;4009;4007;4010;0;0;0;17
$1;1;2358000;2;0;1499;47604;36330;9810;394;0;4011;4008;4006;4009;4003;4007;4009;4007;4010;0;0;0;22
$1;1;2359000;2;0;1499;47605;36331;9814;394;0;4011;4008;4006;4009;4003;4007;4009;4007;4010;0;0;0;19
$1;1;2360000;2;0;1500;47603;36332;9819;394;0;4011;4008;4006;4009;4003;4008;4009;4007;4009;0;0;0;23
$1;1;2361000;2;0;1498;47606;36332;9823;394;0;4011;4007;4006;4009;4003;4008;4009;4007;4010;0;0;0;29
$1;1;2362000;2;0;1500;47603;36332;9827;394;0;4011;4008;4007;4009;4003;4008;4009;4007;4010;0;0;0;17
$1;1;2363000;2;0;1499;47604;36332;9831;394;0;4011;4008;4007;4009;4004;4008;4009;4007;4010;0;0;0;22
$1;1;2364000;2;0;1499;47604;36332;9835;394;0;4011;4008;4007;4010;4003;4008;4009;4008;4010;0;0;0;21
$1;1;2365000;2;0;1488;47610;36330;9839;393;0;4011;4008;4007;4009;4003;4008;4009;4007;4010;0;0;0;31
$1;1;2366000;2;0;1499;47601;36333;9844;394;0;4011;4008;4007;4009;4004;4008;4009;4007;4010;0;0;0;21
$1;1;2367000;2;0;1500;47601;36334;9848;394;0;4011;4008;4007;4010;4003;4008;4009;4008;4010;0;0;0;30
$1;1;2368000;2;0;1498;47601;36334;9852;395;0;4011;4008;4007;4009;4004;4008;4010;4008;4010;0;0;0;28
$1;1;2369000;2;0;1499;47599;36335;9856;395;0;4011;4008;4007;4010;4004;4008;4009;4008;4010;0;0;0;27
$1;1;2370000;2;0;1500;47600;36335;9860;394;0;4011;4008;4007;4010;4004;4008;4010;4008;4011;0;0;0;28
$1;1;2371000;2;0;1499;47601;36335;9864;394;0;4011;4008;4007;4009;4004;4008;4010;4008;4010;0;0;0;16
$1;1;2372000;2;0;1501;47600;36337;9869;394;0;4011;4008;4007;4010;4004;4008;4010;4008;4011;0;0;0;20
$1;1;2373000;2;0;1501;47601;36337;9873;394;0;4011;4008;4007;4010;4004;4008;4010;4008;4011;0;0;0;31
$1;1;2374000;2;0;1500;47600;36337;9877;393;0;4011;4008;4007;4010;4004;4008;4010;4008;4011;0;0;0;27
$1;1;2375000;2;0;1501;47600;36338;9881;393;0;4012;4008;4007;4010;4004;4008;4010;4008;4011;0;0;0;30
$1;1;2376000;2;0;1501;47601;36339;9885;393;0;4012;4008;4007;4010;4004;4009;4010;4008;4011;0;0;0;24
$1;1;2377000;2;0;1500;47601;36340;9889;393;0;4012;4008;4007;4010;4004;4008;4010;4008;4011;0;0;0;27
$1;1;2378000;2;0;1500;47601;36340;9894;393;0;4012;4008;4007;4010;4004;4009;4010;4008;4011;0;0;0;25
$1;1;2379000;2;0;1499;47601;36340;9898;392;0;4012;4009;4007;4010;4004;4009;4010;4008;4011;0;0;0;21
$1;1;2380000;2;0;1500;47601;36342;9902;393;0;4012;4009;4008;4010;4004;4009;4010;4009;4011;0;0;0;29
$1;1;2381000;2;0;1500;47600;36342;9906;392;0;4012;4009;4008;4010;4004;4009;4010;4009;4011;0;0;0;24
$1;1;2382000;2;0;1500;47600;36342;9910;393;0;4012;4009;4008;4010;4005;4009;4011;4009;4011;0;0;0;29
$1;1;2383000;2;0;1499;47601;36342;9914;392;0;4012;4009;4008;4010;4004;4009;4010;4009;4011;0;0;0;25
$1;1;2384000;2;0;1500;47600;36343;9919;392;0;4012;4009;4008;4010;4005;4009;4011;4009;4011;0;0;0;18
$1;1;2385000;2;0;1500;47598;36343;9923;393;0;4012;4009;4008;4010;4004;4009;4010;4009;4011;0;0;0;25
$1;1;2386000;2;0;1500;47599;36344;9927;394;0;4012;4009;4008;4010;4005;4009;4011;4009;4011;0;0;0;31
$1;1;2387000;2;0;1500;47598;36344;9931;394;0;4012;4009;4008;4011;4004;4009;4011;4009;4011;0;0;0;24
$1;1;2388000;2;0;1498;47598;36344;9935;394;0;4012;4009;4008;4011;4005;4009;4011;4009;4011;0;0;0;18
$1;1;2389000;2;0;1500;47596;36345;9939;394;0;4012;4009;4008;4011;4005;4009;4011;4009;4012;0;0;0;19
$1;1;2390000;2;0;1500;47597;36345;9944;394;0;4012;4009;4008;4011;4005;4009;4011;4009;4011;0;0;0;19
$1;1;2391000;2;0;1500;47597;36346;9948;395;0;4012;4009;4008;4011;4005;4009;4011;4009;4012;0;0;0;31
$1;1;2392000;2;0;1499;47597;36346;9952;395;0;4012;4009;4008;4011;4005;4010;4011;4009;4012;0;0;0;30
$1;1;2393000;2;0;1499;47598;36347;9956;395;0;4013;4009;4008;4011;4005;4010;4011;4009;4012;0;0;0;20
$1;1;2394000;2;0;1499;47598;36347;9960;395;0;4013;4010;4008;4011;4005;4010;4011;4009;4011;0;0;0;29
$1;1;2395000;2;0;1499;47597;36347;9964;396;0;4013;4010;4008;4011;4005;4010;4011;4009;4012;0;0;0;23
$1;1;2396000;2;0;1499;47597;36348;9969;396;0;4013;4009;4008;4011;4005;4010;4011;4009;4012;0;0;0;30
$1;1;2397000;2;0;1501;47596;36349;9973;396;0;4013;4010;4009;4011;4005;4010;4012;4010;4012;0;0;0;22
$1;1;2398000;2;0;1501;47597;36350;9977;397;0;4013;4009;4009;4011;4005;4010;4012;4010;4012;0;0;0;29
$1;1;2399000;2;0;1500;47598;36350;9981;397;0;4013;4010;4009;4012;4005;4010;4012;4010;4012;0;0;0;16
$1;1;2400000;2;0;1501;47597;36351;9985;397;0;4013;4010;4009;4012;4005;4010;4012;4010;4012;0;0;0;28
$1;1;2401000;2;0;1501;47597;36352;9989;397;0;4013;4010;4009;4011;4005;4010;4012;4010;4012;0;0;0;17
$1;1;2402000;2;0;1499;47599;36352;9994;398;0;4013;4010;4009;4012;4005;4010;4012;4010;4012;0;0;0;28
$1;1;2403000;2;0;1500;47594;36352;9998;399;0;4013;4010;4009;4012;4005;4010;4012;4010;4012;0;0;0;28
$1;1;2404000;2;0;1499;47594;36353;10002;399;0;4013;4010;4009;4012;4005;4010;4012;4010;4012;0;0;0;41
$1;1;2405000;2;0;1501;47592;36354;10006;400;0;4013;4010;4009;4012;4005;4010;4012;4010;4013;0;0;0;43
$1;1;2406000;2;0;1501;47592;36354;10010;400;0;4013;4010;4009;4012;4005;4010;4012;4010;4012;0;0;0;46
$1;128;2406000;303;113;14;12;11;14;10;12;14;13;13;0;0;0;18
$1;1;2407000;2;0;1500;47592;36355;10014;401;0;4013;4010;4009;4012;4005;4011;4012;4010;4012;0;0;0;43
$1;1;2408000;2;0;1500;47593;36356;10019;401;0;4013;4010;4009;4012;4006;4011;4013;4010;4012;0;0;0;41
$1;1;2409000;2;0;1499;47593;36356;10023;402;0;4013;4010;4009;4012;4006;4011;4012;4010;4012;0;0;0;34
$1;1;2410000;2;0;1499;47592;36356;10027;403;0;4013;4010;4009;4012;4006;4011;4013;4010;4013;0;0;0;46
$1;1;2411000;2;0;1501;47593;36356;10031;403;0;4014;4010;4009;4012;4006;4011;4013;4010;4012;0;0;0;47
$1;1;2412000;2;0;1502;47591;36357;10035;404;0;4014;4010;4009;4013;4006;4011;4013;4011;4013;0;0;0;46
$1;1;2413000;2;0;1499;47594;36357;10039;404;0;4014;4010;4009;4012;4006;4011;4013;4011;4013;0;0;0;36
$1;1;2414000;2;0;1500;47592;36359;10044;405;0;4014;4011;4010;4013;4006;4011;4013;4011;4013;0;0;0;41
$1;1;2415000;2;0;1501;47591;36359;10048;405;0;4014;4011;4010;4013;4006;4011;4013;4011;4013;0;0;0;38
$1;1;2416000;2;0;1499;47594;36359;10052;405;0;4014;4011;4010;4013;4006;4011;4013;4011;4013;0;0;0;43
$1;1;2417000;2;0;1500;47594;36360;10056;405;0;4014;4011;4010;4013;4006;4011;4013;4011;4013;0;0;0;37
$1;1;2418000;2;0;1501;47593;36360;10060;406;0;4014;4011;4010;4013;4006;4011;4013;4011;4013;0;0;0;42
$1;1;2419000;2;0;1501;47592;36361;10064;406;0;4014;4011;4010;4013;4006;4011;4013;4011;4013;0;0;0;47
$1;1;2420000;2;0;1500;47591;36361;10069;407;0;4014;4011;4010;4013;4006;4011;4013;4011;4013;0;0;0;43
$1;1;2421000;2;0;1501;47589;36362;10073;407;0;4014;4011;4010;4013;4006;4011;4013;4011;4013;0;0;0;42
$1;1;2422000;2;0;1501;47589;36362;10077;408;0;4014;4011;4010;4013;4006;4011;4013;4011;4013;0;0;0;34
$1;1;2423000;2;0;1499;47591;36363;10081;409;0;4014;4011;4010;4013;4006;4011;4013;4011;4013;0;0;0;35
$1;1;2424000;2;0;1500;47590;36364;10085;409;0;4014;4011;4010;4013;4007;4011;4014;4011;4014;0;0;0;38
$1;1;2425000;2;0;1500;47590;36365;10090;409;0;4014;4011;4010;4013;4007;4012;4014;4011;4013;0;0;0;38
$1;1;2426000;2;0;1498;47591;36365;10094;409;0;4015;4011;4010;4013;4007;4012;4014;4011;4014;0;0;0;38
$1;1;2427000;2;0;1500;47590;36366;10098;409;0;4015;4012;4010;4013;4007;4012;4014;4012;4013;0;0;0;46
$1;1;2428000;2;0;1500;47589;36366;10102;409;0;4015;4012;4010;4013;4007;4012;4014;4012;4014;0;0;0;44
$1;1;2429000;2;0;1499;47591;36366;10106;409;0;4015;4011;4011;4013;4007;4012;4014;4012;4014;0;0;0;35
$1;1;2430000;2;0;1500;47590;36367;10110;409;0;4015;4012;4011;4014;4007;4012;4014;4012;4014;0;0;0;41
$1;1;2431000;2;0;1499;47591;36368;10115;409;0;4015;4012;4011;4013;4007;4012;4014;4012;4014;0;0;0;37
$1;1;2432000;2;0;1499;47591;36368;10119;409;0;4015;4012;4011;4014;4007;4012;4014;4012;4014;0;0;0;45
$1;1;2433000;2;0;1499;47591;36368;10123;409;0;4015;4012;4011;4014;4007;4012;4014;4012;4014;0;0;0;37
$1;1;2434000;2;0;1499;47591;36368;10127;409;0;4015;4012;4011;4014;4007;4012;4014;4012;4014;0;0;0;38
$1;1;2435000;2;0;1500;47590;36369;10131;409;0;4015;4012;4011;4014;4007;4012;4014;4012;4014;0;0;0;33
$1;1;2436000;2;0;1499;47588;36371;10136;410;0;4015;4012;4011;4014;4007;4012;4014;4012;4014;0;0;0;44
$1;1;2437000;2;0;1500;47586;36372;10140;410;0;4015;4012;4011;4014;4008;4012;4014;4012;4014;0;0;0;47
$1;1;2438000;2;0;1500;47587;36372;10144;410;0;4015;4012;4011;4014;4007;4012;4014;4012;4014;0;0;0;42
$1;1;2439000;2;0;1499;47586;36373;10148;410;0;4015;4012;4011;4015;4007;4012;4014;4012;4014;0;0;0;39
$1;1;2440000;2;0;1499;47588;36375;10152;410;0;4016;4012;4011;4015;4008;4012;4015;4012;4014;0;0;0;39
$1;1;2441000;2;0;1499;47588;36375;10156;410;0;4016;4012;4011;4015;4008;4012;4015;4012;4015;0;0;0;35
$1;1;2442000;2;0;1500;47587;36375;10161;410;0;4016;4013;4011;4015;4008;4013;4015;4012;4014;0;0;0;43
$1;1;2443000;2;0;1500;47587;36376;10165;410;0;4016;4013;4011;4015;4008;4013;4015;4012;4015;0;0;0;44
$1;1;2444000;2;0;1500;47587;36377;10169;410;0;4016;4013;4011;4015;4008;4013;4015;4013;4015;0;0;0;39
$1;1;2445000;2;0;1500;47588;36377;10173;410;0;4016;4013;4011;4015;4008;4013;4015;4013;4015;0;0;0;34
$1;1;2446000;2;0;1499;47588;36378;10177;410;0;4016;4013;4012;4015;4008;4013;4015;4013;4015;0;0;0;40
$1;1;2447000;2;0;1500;47587;36379;10181;410;0;4016;4013;4012;4015;4008;4013;4015;4012;4015;0;0;0;46
$1;1;2448000;2;0;1499;47588;36379;10186;409;0;4016;4013;4011;4015;4008;4013;4015;4012;4015;0;0;0;35
$1;1;2449000;2;0;1498;47589;36379;10190;409;0;4016;4013;4011;4015;4008;4013;4015;4013;4015;0;0;0;36
$1;1;2450000;2;0;1498;47588;36379;10194;409;0;4016;4013;4012;4015;4008;4013;4015;4013;4015;0;0;0;42
$1;1;2451000;2;0;1498;47587;36380;10198;409;0;4016;4013;4012;4015;4008;4013;4015;4013;4015;0;0;0;46
$1;1;2452000;2;0;1499;47583;36380;10202;409;0;4017;4013;4012;4015;4008;4013;4015;4013;4015;0;0;0;41
$1;1;2453000;2;0;1500;47583;36380;10206;410;0;4017;4013;4012;4016;4008;4013;4015;4013;4015;0;0;0;38
$1;1;2454000;2;0;1498;47584;36381;10211;410;0;4017;4013;4012;4015;4008;4013;4015;4013;4015;0;0;0;34
$1;1;2455000;2;0;1499;47584;36382;10215;410;0;4017;4013;4012;4016;4008;4013;4015;4013;4015;0;0;0;38
$1;1;2456000;2;0;1500;47583;36383;10219;410;0;4017;4013;4012;4016;4008;4013;4015;4013;4016;0;0;0;45
$1;1;2457000;2;0;1472;47598;36375;10223;409;0;4016;4013;4012;4015;4008;4013;4015;4013;4015;0;0;0;43
$1;1;2458000;2;0;1497;47585;36383;10227;409;0;4017;4014;4012;4016;4009;4013;4015;4013;4015;0;0;0;42
$1;1;2459000;2;0;1500;47583;36384;10231;409;0;4017;4014;4012;4016;4008;4014;4015;4013;4015;0;0;0;36
$1;1;2460000;2;0;1500;47584;36384;10235;409;0;4017;4013;4012;4016;4009;4014;4015;4013;4016;0;0;0;40
$1;1;2461000;2;0;1500;47583;36386;10239;409;0;4017;4014;4012;4016;4009;4014;4015;4014;4015;0;0;0;35
$1;1;2462000;2;0;1500;47583;36386;10243;409;0;4017;4014;4012;4016;4009;4013;4015;4013;4016;0;0;0;46
$1;1;2463000;2;0;1501;47583;36387;10248;408;0;4017;4014;4012;4016;4009;4014;4016;4013;4016;0;0;0;33
$1;1;2464000;2;0;1498;47584;36387;10252;408;0;4017;4014;4012;4016;4009;4014;4015;4013;4016;0;0;0;40
$1;1;2465000;2;0;1498;47584;36388;10256;408;0;4017;4014;4013;4016;4009;4014;4016;4014;4016;0;0;0;39
$1;1;2466000;2;0;1498;47585;36388;10260;408;0;4017;4014;4013;4016;4009;4014;4016;4014;4016;0;0;0;32
$1;128;2466000;304;111;15;11;11;13;10;12;14;12;13;0;0;0;21
$1;1;2467000;2;0;1478;47597;36382;10264;407;0;4017;4014;4012;4016;4009;4014;4016;4013;4015;0;0;0;40
$1;1;2468000;2;0;1498;47583;36389;10268;408;0;4017;4014;4013;4016;4009;4014;4016;4014;4016;0;0;0;33
$1;1;2469000;2;0;1501;47581;36390;10272;408;0;4017;4014;4013;4016;4009;4014;4016;4014;4016;0;0;0;32
$1;1;2470000;2;0;1501;47579;36391;10277;408;0;4017;4014;4013;4016;4009;4015;4016;4014;4016;0;0;0;42
$1;1;2471000;2;0;1500;47581;36391;10281;408;0;4018;4014;4013;4016;4009;4014;4016;4014;4016;0;0;0;42
$1;1;2472000;2;0;1500;47581;36392;10285;408;0;4018;4014;4013;4016;4009;4014;4016;4014;4016;0;0;0;46
$1;1;2473000;2;0;1498;47581;36392;10289;408;0;4018;4014;4013;4016;4010;4014;4016;4014;4016;0;0;0;43
$1;1;2474000;2;0;1500;47580;36392;10293;407;0;4018;4014;4013;4016;4010;4014;4016;4014;4016;0;0;0;41
$1;1;2475000;2;0;1498;47581;36392;10297;407;0;4018;4014;4013;4017;4010;4015;4016;4014;4016;0;0;0;45
$1;1;2476000;2;0;1500;47579;36392;10302;407;0;4018;4014;4013;4017;4009;4015;4016;4014;4017;0;0;0;45
$1;1;2477000;2;0;1499;47580;36393;10306;407;0;4018;4014;4013;4016;4010;4015;4016;4014;4017;0;0;0;39
$1;1;2478000;2;0;1499;47579;36394;10310;407;0;4018;4014;4013;4016;4010;4015;4017;4015;4017;0;0;0;46
$1;1;2479000;2;0;1499;47580;36393;10314;407;0;4018;4014;4013;4017;4010;4015;4017;4015;4017;0;0;0;43
$1;1;2480000;2;0;1499;47580;36394;10318;407;0;4018;4014;4013;4017;4010;4015;4017;4015;4017;0;0;0;38
$1;1;2481000;2;0;1499;47581;36395;10322;407;0;4018;4014;4014;4017;4010;4015;4017;4015;4017;0;0;0;41
$1;1;2482000;2;0;1500;47580;36396;10327;407;0;4018;4015;4014;4017;4010;4015;4016;4015;4017;0;0;0;44
$1;1;2483000;2;0;1500;47580;36397;10331;407;0;4018;4015;4014;4017;4010;4015;4017;4015;4017;0;0;0;42
$1;1;2484000;2;0;1501;47576;36397;10335;407;0;4018;4015;4013;4017;4010;4015;4017;4015;4017;0;0;0;38
$1;1;2485000;2;0;1499;47579;36397;10339;408;0;4018;4014;4014;4017;4010;4015;4017;4015;4017;0;0;0;45
$1;1;2486000;2;0;1501;47576;36397;10343;408;0;4018;4015;4014;4017;4010;4015;4017;4015;4017;0;0;0;45
$1;1;2487000;2;0;1498;47577;36398;10347;408;0;4018;4015;4014;4017;4010;4015;4017;4015;4017;0;0;0;39
$1;1;2488000;2;0;1499;47577;36398;10352;408;0;4018;4015;4014;4017;4010;4015;4017;4015;4017;0;0;0;45
$1;1;2489000;2;0;1499;47576;36399;10356;408;0;4019;4015;4014;4017;4010;4016;4017;4015;4017;0;0;0;42
$1;1;2490000;2;0;1499;47577;36400;10360;409;0;4019;4015;4014;4017;4010;4015;4017;4015;4017;0;0;0;35
$1;1;2491000;2;0;1498;47577;36400;10364;409;0;4019;4015;4014;4017;4011;4016;4017;4015;4017;0;0;0;37
$1;1;2492000;2;0;1500;47576;36401;10368;408;0;4019;4015;4014;4017;4011;4016;4017;4015;4017;0;0;0;43
$1;1;2493000;2;0;1501;47576;36402;10372;408;0;4019;4015;4014;4017;4011;4015;4017;4015;4018;0;0;0;47
$1;1;2494000;2;0;1489;47583;36398;10377;408;0;4019;4015;4014;4017;4011;4016;4017;4015;4017;0;0;0;46
$1;1;2495000;2;0;1498;47579;36402;10381;408;0;4019;4015;4014;4017;4011;4016;4017;4016;4018;0;0;0;43
$1;1;2496000;2;0;1501;47577;36404;10385;408;0;4019;4015;4015;4018;4011;4016;4017;4016;4018;0;0;0;43
$1;1;2497000;2;0;1501;47575;36404;10389;408;0;4019;4015;4015;4018;4011;4016;4017;4016;4018;0;0;0;36
$1;1;2498000;2;0;1498;47578;36403;10393;408;0;4019;4015;4015;4018;4011;4016;4017;4016;4018;0;0;0;43
$1;1;2499000;2;0;1500;47576;36404;10397;408;0;4019;4015;4015;4018;4011;4016;4018;4016;4018;0;0;0;40
$1;1;2500000;2;0;1499;47575;36404;10402;408;0;4019;4015;4015;4018;4011;4016;4018;4016;4018;0;0;0;32
$1;1;2501000;2;0;1501;47573;36405;10406;409;0;4019;4016;4015;4018;4011;4016;4018;4016;4018;0;0;0;32
$1;1;2502000;2;0;1501;47573;36406;10410;409;0;4019;4015;4015;4018;4011;4016;4018;4016;4018;0;0;0;36
$1;1;2503000;2;0;1500;47573;36406;10414;409;0;4019;4016;4015;4018;4011;4016;4018;4016;4018;0;0;0;35
$1;1;2504000;2;0;1497;47574;36406;10418;409;0;4019;4016;4015;4018;4012;4016;4018;4016;4018;0;0;0;35
$1;1;2505000;2;0;1501;47572;36408;10423;409;0;4020;4016;4015;4018;4012;4016;4018;4016;4018;0;0;0;38
$1;1;2506000;2;0;1500;47573;36408;10427;409;0;4020;4016;4015;4018;4012;4017;4018;4016;4018;0;0;0;32
$1;1;2507000;2;0;1499;47575;36408;10431;408;0;4020;4016;4015;4018;4012;4017;4018;4016;4018;0;0;0;32
$1;1;2508000;2;0;1499;47574;36409;10435;408;0;4020;4016;4015;4018;4012;4016;4019;4016;4019;0;0;0;42
$1;1;2509000;2;0;1499;47574;36409;10439;408;0;4020;4016;4015;4018;4012;4017;4018;4016;4019;0;0;0;39
$1;1;2510000;2;0;1499;47573;36410;10443;408;0;4020;4016;4015;4018;4012;4017;4018;4016;4019;0;0;0;45
$1;1;2511000;2;0;1499;47574;36410;10448;407;0;4020;4016;4015;4018;4012;4017;4018;4016;4019;0;0;0;47
$1;1;2512000;2;0;1499;47574;36411;10452;407;0;4020;4017;4016;4018;4012;4017;4018;4016;4019;0;0;0;36
$1;1;2513000;2;0;1501;47572;36413;10456;407;0;4020;4016;4016;4018;4012;4017;4018;4017;4019;0;0;0;37
$1;1;2514000;2;0;1499;47574;36412;10460;406;0;4020;4016;4016;4018;4012;4017;4019;4017;4019;0;0;0;32
$1;1;2515000;2;0;1499;47574;36413;10464;406;0;4020;4016;4016;4018;4012;4017;4019;4017;4019;0;0;0;36
$1;1;2516000;2;0;1499;47573;36413;10468;406;0;4020;4016;4016;4018;4012;4017;4019;4017;4019;0;0;0;44
$1;1;2517000;2;0;1500;47570;36414;10473;407;0;4020;4016;4016;4018;4012;4017;4019;4017;4019;0;0;0;35
$1;1;2518000;2;0;1501;47568;36416;10477;407;0;4020;4017;4016;4018;4012;4017;4019;4017;4019;0;0;0;35
$1;1;2519000;2;0;1499;47570;36415;10481;406;0;4020;4016;4016;4019;4012;4017;4019;4017;4019;0;0;0;32
$1;1;2520000;2;0;1500;47569;36416;10485;406;0;4020;4017;4016;4019;4012;4017;4019;4017;4020;0;0;0;47
$1;1;2521000;2;0;1499;47570;36415;10489;406;0;4020;4017;4016;4019;4013;4017;4019;4017;4020;0;0;0;41
$1;1;2522000;2;0;1500;47568;36416;10493;406;0;4020;4017;4016;4019;4012;4017;4019;4017;4019;0;0;0;33
$1;1;2523000;2;0;1500;47569;36416;10498;406;0;4020;4017;4016;4019;4013;4018;4019;4017;4019;0;0;0;36
$1;1;2524000;2;0;1501;47567;36417;10502;405;0;4020;4017;4016;4019;4013;4017;4019;4017;4020;0;0;0;41
$1;1;2525000;2;0;1499;47568;36417;10506;405;0;4021;4017;4016;4019;4013;4018;4019;4017;4019;0;0;0;39
$1;1;2526000;2;0;1500;47568;36417;10510;405;0;4021;4017;4016;4019;4013;4018;4019;4017;4020;0;0;0;40
$1;128;2526000;300;113;14;12;12;14;10;12;14;12;13;0;0;0;16
$1;1;2527000;2;0;1501;47567;36419;10514;405;0;4021;4017;4017;4019;4013;4018;4019;4018;4020;0;0;0;35
$1;1;2528000;2;0;1500;47569;36420;10518;404;0;4021;4017;4016;4019;4013;4018;4019;4017;4020;0;0;0;42
$1;1;2529000;2;0;1499;47569;36420;10523;404;0;4021;4017;4017;4019;4013;4018;4019;4017;4020;0;0;0;35
$1;1;2530000;2;0;1498;47571;36421;10527;404;0;4021;4017;4017;4019;4013;4018;4019;4018;4020;0;0;0;41
$1;1;2531000;2;0;1501;47568;36422;10531;403;0;4021;4017;4017;4019;4013;4018;4020;4018;4020;0;0;0;40
$1;1;2532000;2;0;1500;47569;36422;10535;403;0;4021;4017;4017;4019;4013;4018;4020;4018;4020;0;0;0;47
$1;1;2533000;2;0;1500;47566;36422;10539;404;0;4021;4018;4017;4019;4013;4018;4020;4018;4020;0;0;0;37
$1;1;2534000;2;0;1500;47565;36422;10543;404;0;4021;4017;4017;4020;4013;4018;4020;4018;4020;0;0;0;41
$1;1;2535000;2;0;1501;47565;36423;10548;404;0;4021;4017;4017;4020;4014;4018;4020;4018;4020;0;0;0;36
$1;1;2536000;2;0;1498;47567;36423;10552;404;0;4021;4017;4017;4020;4013;4018;4020;4018;4020;0;0;0;40
$1;1;2537000;2;0;1499;47567;36424;10556;404;0;4021;4017;4017;4020;4014;4018;4020;4018;4020;0;0;0;44
$1;1;2538000;2;0;1499;47566;36425;10560;404;0;4021;4018;4017;4020;4014;4018;4020;4018;4020;0;0;0;41
$1;1;2539000;2;0;1500;47566;36426;10564;403;0;4021;4018;4017;4020;4014;4018;4020;4018;4021;0;0;0;40
$1;1;2540000;2;0;1499;47566;36427;10568;403;0;4021;4018;4017;4020;4014;4018;4020;4018;4020;0;0;0;43
$1;1;2541000;2;0;1498;47567;36427;10573;403;0;4022;4018;4017;4020;4014;4018;4020;4018;4021;0;0;0;34
$1;1;2542000;2;0;1501;47565;36428;10577;403;0;4022;4018;4017;4020;4014;4018;4020;4018;4020;0;0;0;40
$1;1;2543000;2;0;1501;47565;36428;10581;402;0;4022;4018;4017;4020;4014;4019;4020;4018;4021;0;0;0;33
$1;1;2544000;2;0;1499;47566;36428;10585;402;0;4022;4018;4017;4020;4014;4019;4020;4018;4021;0;0;0;33
$1;1;2545000;2;0;1498;47567;36428;10589;402;0;4022;4018;4017;4020;4014;4019;4020;4018;4021;0;0;0;44
$1;1;2546000;2;0;1500;47565;36430;10593;402;0;4022;4018;4017;4020;4014;4019;4020;4019;4021;0;0;0;46
$1;1;2547000;2;0;1499;47566;36431;10597;401;0;4022;4018;4017;4021;4014;4019;4020;4019;4021;0;0;0;42
$1;1;2548000;2;0;1500;47566;36432;10602;401;0;4022;4019;4017;4021;4014;4019;4021;4019;4021;0;0;0;40
$1;1;2549000;2;0;1500;47565;36434;10606;401;0;4022;4018;4018;4021;4014;4019;4021;4019;4021;0;0;0;38
$1;1;2550000;2;0;1501;47562;36434;10610;402;0;4022;4019;4018;4021;4014;4019;4021;4019;4021;0;0;0;45
$1;1;2551000;2;0;1499;47562;36433;10614;402;0;4022;4019;4018;4021;4014;4019;4020;4019;4021;0;0;0;46
$1;1;2552000;2;0;1491;47568;36431;10618;402;0;4022;4019;4018;4021;4014;4019;4020;4019;4020;0;0;0;32
$1;1;2553000;2;0;1499;47563;36434;10623;402;0;4022;4019;4018;4021;4014;4019;4020;4019;4021;0;0;0;46
$1;1;2554000;2;0;1498;47563;36435;10627;402;0;4023;4019;4018;4021;4015;4019;4021;4019;4021;0;0;0;44
$1;1;2555000;2;0;1498;47563;36436;10631;401;0;4023;4019;4018;4021;4014;4019;4021;4019;4021;0;0;0;43
$1;1;2556000;2;0;1499;47562;36437;10635;401;0;4023;4019;4018;4021;4015;4019;4021;4019;4021;0;0;0;44
$1;1;2557000;2;0;1499;47562;36438;10639;401;0;4023;4019;4018;4021;4015;4019;4021;4019;4021;0;0;0;46
$1;1;2558000;2;0;1499;47562;36438;10643;401;0;4023;4019;4018;4021;4015;4019;4021;4019;4021;0;0;0;44
$1;1;2559000;2;0;1500;47561;36439;10648;400;0;4023;4019;4018;4022;4015;4019;4021;4019;4021;0;0;0;39
$1;1;2560000;2;0;1500;47560;36439;10652;400;0;4023;4019;4018;4022;4015;4020;4021;4019;4021;0;0;0;45
$1;1;2561000;2;0;1499;47561;36440;10656;400;0;4023;4019;4018;4022;4015;4019;4021;4019;4021;0;0;0;44
$1;1;2562000;2;0;1498;47563;36440;10660;400;0;4023;4020;4018;4022;4015;4020;4021;4019;4021;0;0;0;41
$1;1;2563000;2;0;1501;47560;36440;10664;400;0;4023;4019;4018;4022;4015;4020;4021;4019;4022;0;0;0;39
$1;1;2564000;2;0;1501;47561;36440;10668;399;0;4023;4020;4018;4022;4015;4020;4021;4019;4022;0;0;0;32
$1;1;2565000;2;0;1501;47560;36442;10673;399;0;4023;4020;4018;4022;4015;4020;4021;4019;4022;0;0;0;40
$1;1;2566000;2;0;1499;47562;36441;10677;399;0;4023;4019;4019;4022;4015;4020;4021;4020;4021;0;0;0;44
$1;1;2567000;2;0;1499;47559;36441;10681;400;0;4023;4020;4019;4022;4015;4020;4022;4020;4022;0;0;0;33
$1;1;2568000;2;0;1499;47559;36441;10685;400;0;4023;4020;4019;4022;4015;4020;4021;4020;4022;0;0;0;41
$1;1;2569000;2;0;1499;47559;36443;10689;400;0;4023;4020;4019;4022;4015;4020;4021;4020;4022;0;0;0;38
$1;1;2570000;2;0;1501;47559;36444;10693;400;0;4024;4020;4019;4022;4015;4020;4022;4020;4022;0;0;0;38
$1;1;2571000;2;0;1499;47559;36444;10698;400;0;4024;4020;4019;4022;4015;4020;4022;4020;4022;0;0;0;44
$1;1;2572000;2;0;1499;47558;36445;10702;400;0;4024;4020;4019;4022;4016;4020;4022;4020;4022;0;0;0;46
$1;1;2573000;2;0;1499;47558;36446;10706;400;0;4024;4020;4019;4022;4016;4020;4022;4020;4022;0;0;0;40
$1;1;2574000;2;0;1500;47558;36446;10710;400;0;4024;4020;4019;4022;4016;4020;4022;4020;4022;0;0;0;41
$1;1;2575000;2;0;1500;47558;36447;10714;400;0;4024;4020;4019;4023;4016;4020;4022;4020;4022;0;0;0;44
$1;1;2576000;2;0;1500;47557;36447;10718;400;0;4024;4020;4019;4023;4016;4021;4022;4020;4022;0;0;0;45
$1;1;2577000;2;0;1499;47557;36448;10723;399;0;4024;4020;4019;4023;4016;4020;4022;4020;4022;0;0;0;44
$1;1;2578000;2;0;1501;47557;36449;10727;399;0;4024;4020;4019;4023;4016;4020;4022;4020;4022;0;0;0;38
$1;1;2579000;2;0;1498;47558;36449;10731;399;0;4024;4020;4019;4023;4016;4021;4022;4020;4022;0;0;0;47
$1;1;2580000;2;0;1500;47558;36450;10735;399;0;4024;4020;4019;4023;4016;4021;4022;4020;4023;0;0;0;36
$1;1;2581000;2;0;1498;47559;36450;10739;399;0;4024;4021;4019;4023;4016;4021;4022;4021;4022;0;0;0;41
$1;1;2582000;2;0;1500;47558;36451;10743;399;0;4024;4021;4020;4023;4016;4021;4022;4020;4023;0;0;0;45
$1;1;2583000;2;0;1501;47556;36452;10748;399;0;4024;4021;4020;4023;4016;4021;4022;4021;4023;0;0;0;42
$1;1;2584000;2;0;1500;47555;36452;10752;399;0;4024;4021;4020;4023;4017;4021;4022;4021;4023;0;0;0;37
$1;1;2585000;2;0;1500;47555;36452;10756;399;0;4024;4021;4020;4023;4016;4021;4022;4021;4023;0;0;0;33
$1;1;2586000;2;0;1499;47556;36452;10760;399;0;4024;4021;4020;4023;4016;4021;4022;4021;4023;0;0;0;37
$1;1;2587000;2;0;1499;47555;36453;10764;399;0;4025;4021;4020;4023;4016;4021;4023;4021;4023;0;0;0;34
$1;128;2587000;302;111;14;12;11;13;10;12;13;13;13;0;0;0;25
$1;1;2588000;2;0;1499;47554;36453;10768;399;0;4025;4021;4020;4023;4017;4021;4023;4021;4023;0;0;0;33
$1;1;2589000;2;0;1498;47556;36453;10773;399;0;4025;4021;4020;4023;4017;4021;4022;4021;4023;0;0;0;40
$1;1;2590000;2;0;1500;47553;36455;10777;399;0;4025;4021;4020;4023;4017;4021;4023;4021;4023;0;0;0;38
$1;1;2591000;2;0;1499;47554;36454;10781;399;0;4025;4021;4020;4023;4017;4021;4023;4021;4023;0;0;0;41
$1;1;2592000;2;0;1499;47556;36455;10785;399;0;4025;4021;4020;4023;4017;4021;4023;4021;4023;0;0;0;45
$1;1;2593000;2;0;1498;47554;36455;10789;399;0;4025;4021;4020;4023;4017;4021;4023;4021;4023;0;0;0;35
$1;1;2594000;2;0;1499;47554;36456;10793;398;0;4025;4021;4020;4023;4017;4021;4023;4021;4024;0;0;0;43
$1;1;2595000;2;0;1499;47555;36457;10798;398;0;4025;4022;4020;4023;4017;4022;4023;4021;4023;0;0;0;38
$1;1;2596000;2;0;1499;47554;36458;10802;398;0;4025;4021;4020;4024;4017;4021;4023;4021;4024;0;0;0;39
$1;1;2597000;2;0;1499;47555;36459;10806;398;0;4025;4022;4020;4024;4017;4022;4023;4021;4023;0;0;0;37
$1;1;2598000;2;0;1500;47553;36459;10810;398;0;4025;4022;4021;4024;4017;4022;4023;4021;4024;0;0;0;44
$1;1;2599000;2;0;1501;47553;36460;10814;398;0;4025;4022;4021;4024;4017;4022;4023;4022;4024;0;0;0;33
$1;1;2600000;2;0;1501;47553;36460;10818;398;0;4025;4022;4021;4024;4017;4022;4023;4022;4024;0;0;0;46
$1;1;2601000;2;0;1501;47553;36461;10823;398;0;4025;4022;4021;4024;4018;4022;4023;4022;4024;0;0;0;41
$1;1;2602000;2;0;1501;47550;36461;10827;398;0;4025;4022;4021;4024;4017;4022;4023;4022;4024;0;0;0;34
$1;1;2603000;2;0;1501;47550;36461;10831;398;0;4025;4022;4021;4024;4018;4022;4023;4022;4024;0;0;0;43
$1;1;2604000;2;0;1500;47551;36462;10835;398;0;4025;4022;4021;4024;4018;4022;4023;4022;4024;0;0;0;43
$1;1;2605000;2;0;1499;47552;36463;10839;398;0;4025;4022;4021;4024;4018;4022;4024;4022;4024;0;0;0;34
$1;1;2606000;2;0;1501;47550;36464;10843;398;0;4026;4022;4021;4024;4018;4022;4024;4022;4024;0;0;0;42
$1;1;2607000;2;0;1500;47550;36464;10848;398;0;4026;4022;4021;4024;4018;4022;4024;4022;4024;0;0;0;33
$1;1;2608000;2;0;1499;47550;36464;10852;398;0;4026;4022;4021;4024;4018;4022;4024;4022;4024;0;0;0;36
$1;1;2609000;2;0;1498;47551;36464;10856;398;0;4026;4022;4021;4024;4018;4022;4024;4022;4024;0;0;0;33
$1;1;2610000;2;0;1498;47551;36465;10860;398;0;4026;4022;4021;4024;4018;4022;4024;4022;4024;0;0;0;45
$1;1;2611000;2;0;1499;47551;36465;10864;398;0;4026;4022;4021;4024;4018;4022;4024;4022;4025;0;0;0;40
$1;1;2612000;2;0;1499;47551;36465;10868;398;0;4026;4023;4021;4024;4018;4022;4024;4022;4025;0;0;0;38
$1;1;2613000;2;0;1499;47551;36466;10872;397;0;4026;4022;4021;4024;4018;4023;4024;4022;4025;0;0;0;32
$1;1;2614000;2;0;1499;47550;36466;10877;397;0;4026;4023;4022;4024;4018;4023;4024;4023;4025;0;0;0;32
$1;1;2615000;2;0;1500;47549;36466;10881;397;0;4026;4023;4022;4024;4018;4023;4024;4023;4024;0;0;0;32
$1;1;2616000;2;0;1500;47549;36468;10885;397;0;4026;4023;4022;4025;4019;4023;4024;4023;4025;0;0;0;40
$1;1;2617000;2;0;1500;47550;36468;10889;397;0;4026;4023;4022;4024;4018;4023;4024;4023;4025;0;0;0;45
$1;1;2618000;2;0;1500;47549;36468;10893;397;0;4026;4023;4022;4024;4019;4023;4024;4023;4025;0;0;0;32
$1;1;2619000;2;0;1498;47548;36468;10897;397;0;4026;4023;4022;4025;4018;4023;4024;4023;4025;0;0;0;36
$1;1;2620000;2;0;1498;47548;36469;10902;397;0;4026;4023;4022;4025;4019;4023;4024;4023;4025;0;0;0;35
$1;1;2621000;2;0;1499;47548;36470;10906;397;0;4026;4023;4022;4025;4019;4023;4025;4023;4025;0;0;0;46
$1;1;2622000;2;0;1499;47548;36471;10910;397;0;4027;4023;4022;4025;4019;4023;4024;4023;4026;0;0;0;40
$1;1;2623000;2;0;1500;47547;36472;10914;397;0;4027;4023;4022;4025;4019;4023;4025;4023;4025;0;0;0;34
$1;1;2624000;2;0;1499;47549;36472;10918;396;0;4027;4023;4022;4025;4019;4023;4025;4023;4025;0;0;0;39
$1;1;2625000;2;0;1500;47548;36473;10922;396;0;4027;4023;4022;4025;4019;4023;4025;4023;4025;0;0;0;46
$1;1;2626000;2;0;1498;47549;36473;10927;396;0;4027;4023;4022;4025;4019;4024;4025;4023;4025;0;0;0;46
$1;1;2627000;2;0;1499;47548;36474;10931;396;0;4027;4024;4022;4025;4019;4024;4025;4023;4026;0;0;0;43
$1;1;2628000;2;0;1500;47544;36474;10935;397;0;4027;4023;4022;4025;4019;4024;4025;4023;4026;0;0;0;43
$1;1;2629000;2;0;1499;47545;36474;10939;397;0;4027;4023;4022;4025;4019;4024;4025;4024;4025;0;0;0;34
$1;1;2630000;2;0;1499;47546;36475;10943;397;0;4027;4023;4023;4025;4019;4024;4025;4024;4026;0;0;0;39
$1;1;2631000;2;0;1501;47544;36476;10947;397;0;4027;4023;4022;4025;4019;4024;4025;4024;4026;0;0;0;34
$1;1;2632000;2;0;1499;47545;36477;10952;397;0;4027;4024;4023;4025;4019;4024;4025;4024;4026;0;0;0;35
$1;1;2633000;2;0;1498;47545;36477;10956;397;0;4027;4024;4023;4025;4019;4024;4025;4024;4026;0;0;0;39
$1;1;2634000;2;0;1499;47544;36477;10960;397;0;4027;4024;4023;4025;4020;4024;4025;4024;4026;0;0;0;47
$1;1;2635000;2;0;1499;47543;36477;10964;397;0;4027;4024;4023;4025;4020;4024;4025;4024;4026;0;0;0;45
$1;1;2636000;2;0;1500;47543;36478;10968;397;0;4027;4024;4023;4025;4020;4024;4026;4024;4026;0;0;0;47
$1;1;2637000;2;0;1500;47543;36479;10972;396;0;4027;4024;4023;4025;4020;4024;4026;4024;4026;0;0;0;37
$1;1;2638000;2;0;1501;47543;36480;10977;396;0;4027;4024;4023;4026;4020;4024;4025;4024;4026;0;0;0;40
$1;1;2639000;2;0;1500;47543;36480;10981;396;0;4028;4024;4023;4026;4020;4024;4026;4024;4026;0;0;0;45
$1;1;2640000;2;0;1499;47544;36480;10985;396;0;4028;4024;4023;4026;4020;4024;4026;4024;4026;0;0;0;33
$1;1;2641000;2;0;1500;47543;36481;10989;396;0;4028;4024;4023;4026;4020;4024;4026;4024;4026;0;0;0;43
$1;1;2642000;2;0;1499;47543;36481;10993;396;0;4028;4024;4023;4026;4020;4025;4026;4024;4026;0;0;0;35
$1;1;2643000;2;0;1501;47543;36483;10997;396;0;4028;4024;4023;4026;4020;4025;4026;4024;4027;0;0;0;37
$1;1;2644000;2;0;1498;47544;36482;11002;395;0;4028;4024;4023;4026;4020;4024;4026;4024;4027;0;0;0;35
$1;1;2645000;2;0;1499;47543;36483;11006;396;0;4028;4024;4023;4026;4020;4025;4026;4024;4027;0;0;0;35
$1;1;2646000;2;0;1499;47542;36484;11010;396;0;4028;4025;4023;4026;4020;4025;4026;4024;4027;0;0;0;32
$1;1;2647000;2;0;1499;47541;36484;11014;396;0;4028;4025;4024;4026;4020;4025;4026;4024;4027;0;0;0;33
$1;128;2647000;303;112;14;11;11;14;10;12;14;13;13;0;0;0;23
$1;1;2648000;2;0;1502;47541;36486;11018;396;0;4028;4025;4023;4026;4020;4025;4026;4025;4027;0;0;0;37
$1;1;2649000;2;0;1499;47541;36486;11022;396;0;4028;4025;4024;4026;4020;4025;4026;4025;4027;0;0;0;41
$1;1;2650000;2;0;1500;47541;36487;11027;396;0;4028;4024;4024;4027;4021;4025;4026;4025;4027;0;0;0;37
$1;1;2651000;2;0;1498;47542;36487;11031;396;0;4028;4024;4024;4027;4021;4025;4026;4025;4027;0;0;0;32
$1;1;2652000;2;0;1501;47540;36489;11035;396;0;4028;4025;4023;4027;4021;4025;4027;4025;4027;0;0;0;45
$1;1;2653000;2;0;1501;47541;36489;11039;396;0;4029;4025;4023;4027;4020;4025;4026;4025;4027;0;0;0;32
$1;1;2654000;2;0;1500;47541;36489;11043;396;0;4029;4025;4024;4027;4021;4025;4027;4025;4027;0;0;0;44
$1;1;2655000;2;0;1498;47542;36489;11047;396;0;4029;4025;4024;4027;4021;4025;4027;4025;4027;0;0;0;42
$1;1;2656000;2;0;1501;47539;36490;11052;395;0;4029;4024;4024;4027;4021;4025;4026;4025;4027;0;0;0;43
$1;1;2657000;2;0;1499;47541;36489;11056;395;0;4029;4024;4024;4027;4021;4025;4027;4025;4027;0;0;0;40
$1;1;2658000;2;0;1500;47541;36491;11060;396;0;4029;4024;4024;4027;4021;4025;4027;4025;4027;0;0;0;41
$1;1;2659000;2;0;1501;47541;36492;11064;396;0;4029;4025;4024;4027;4021;4026;4027;4025;4027;0;0;0;44
$1;1;2660000;2;0;1498;47542;36491;11068;396;0;4029;4025;4024;4027;4021;4025;4027;4025;4027;0;0;0;40
$1;1;2661000;2;0;1501;47541;36492;11073;396;0;4029;4025;4024;4027;4021;4026;4027;4025;4027;0;0;0;33
$1;1;2662000;2;0;1500;47541;36492;11077;396;0;4029;4025;4024;4027;4021;4026;4027;4025;4027;0;0;0;39
$1;1;2663000;2;0;1500;47539;36493;11081;397;0;4029;4025;4024;4027;4021;4026;4027;4025;4028;0;0;0;47
$1;1;2664000;2;0;1499;47539;36494;11085;398;0;4029;4025;4024;4027;4021;4026;4027;4026;4027;0;0;0;41
$1;1;2665000;2;0;1501;47537;36495;11089;398;0;4029;4025;4024;4028;4021;4026;4027;4026;4028;0;0;0;43
$1;1;2666000;2;0;1501;47538;36497;11093;398;0;4030;4025;4025;4028;4021;4026;4027;4026;4027;0;0;0;40
$1;1;2667000;2;0;1498;47539;36496;11098;399;0;4030;4025;4025;4028;4021;4026;4028;4026;4028;0;0;0;34
$1;1;2668000;2;0;1500;47539;36497;11102;399;0;4030;4025;4024;4028;4021;4026;4027;4026;4028;0;0;0;32
$1;1;2669000;2;0;1498;47539;36498;11106;399;0;4030;4025;4025;4028;4022;4026;4028;4026;4028;0;0;0;39
$1;1;2670000;2;0;1499;47538;36498;11110;400;0;4030;4025;4025;4028;4021;4026;4028;4026;4028;0;0;0;44
$1;1;2671000;2;0;1499;47539;36499;11114;400;0;4030;4025;4025;4028;4022;4026;4028;4026;4028;0;0;0;42
$1;1;2672000;2;0;1500;47537;36500;11118;400;0;4030;4025;4025;4028;4022;4026;4028;4026;4028;0;0;0;43
$1;1;2673000;2;0;1500;47538;36500;11123;400;0;4030;4025;4025;4028;4022;4026;4028;4026;4028;0;0;0;45
$1;1;2674000;2;0;1499;47538;36501;11127;400;0;4030;4026;4025;4029;4022;4026;4028;4026;4028;0;0;0;44
$1;1;2675000;2;0;1498;47539;36501;11131;401;0;4030;4025;4025;4029;4022;4026;4028;4026;4028;0;0;0;40
$1;1;2676000;2;0;1498;47539;36501;11135;401;0;4030;4025;4025;4029;4022;4027;4028;4026;4028;0;0;0;46
$1;1;2677000;2;0;1501;47538;36502;11139;401;0;4030;4026;4025;4029;4022;4027;4028;4026;4028;0;0;0;35
$1;1;2678000;2;0;1499;47539;36502;11143;402;0;4030;4026;4025;4029;4022;4026;4028;4026;4029;0;0;0;35
$1;1;2679000;2;0;1500;47539;36503;11148;402;0;4030;4026;4025;4029;4022;4027;4028;4027;4028;0;0;0;40
$1;1;2680000;2;0;1499;47538;36503;11152;402;0;4030;4026;4025;4029;4022;4027;4028;4026;4029;0;0;0;37
$1;1;2681000;2;0;1501;47535;36504;11156;403;0;4030;4026;4025;4029;4022;4027;4029;4027;4028;0;0;0;42
$1;1;2682000;2;0;1500;47535;36505;11160;404;0;4030;4026;4026;4029;4023;4027;4029;4027;4029;0;0;0;40
$1;1;2683000;2;0;1500;47535;36504;11164;405;0;4030;4026;4025;4029;4022;4027;4029;4027;4029;0;0;0;47
$1;1;2684000;2;0;1499;47535;36506;11168;405;0;4030;4026;4026;4029;4023;4027;4029;4027;4029;0;0;0;37
$1;1;2685000;2;0;1500;47535;36507;11173;405;0;4030;4026;4026;4029;4023;4027;4029;4027;4029;0;0;0;46
$1;1;2686000;2;0;1499;47536;36507;11177;405;0;4031;4026;4026;4029;4023;4027;4029;4027;4029;0;0;0;42
$1;1;2687000;2;0;1501;47535;36508;11181;405;0;4031;4026;4026;4029;4023;4027;4029;4027;4029;0;0;0;46
$1;1;2688000;2;0;1498;47535;36507;11185;406;0;4031;4026;4026;4030;4023;4027;4029;4027;4029;0;0;0;32
$1;1;2689000;2;0;1500;47535;36509;11189;406;0;4031;4026;4026;4030;4023;4027;4029;4027;4029;0;0;0;35
$1;1;2690000;2;0;1501;47535;36510;11193;406;0;4031;4027;4026;4030;4023;4027;4029;4027;4029;0;0;0;40
$1;1;2691000;2;0;1500;47536;36510;11198;406;0;4031;4026;4026;4030;4023;4027;4029;4027;4029;0;0;0;33
$1;1;2692000;2;0;1498;47537;36510;11202;406;0;4031;4027;4026;4030;4023;4028;4029;4027;4029;0;0;0;45
$1;1;2693000;2;0;1499;47536;36511;11206;406;0;4031;4027;4026;4030;4023;4027;4029;4027;4029;0;0;0;38
$1;1;2694000;2;0;1499;47536;36512;11210;406;0;4031;4027;4026;4030;4023;4028;4029;4027;4029;0;0;0;42
$1;1;2695000;2;0;1500;47536;36513;11214;407;0;4031;4027;4026;4030;4023;4028;4029;4027;4030;0;0;0;38
$1;1;2696000;2;0;1501;47535;36513;11218;407;0;4031;4027;4026;4030;4023;4028;4029;4028;4030;0;0;0;36
$1;1;2697000;2;0;1501;47533;36514;11223;408;0;4031;4027;4026;4030;4023;4028;4030;4028;4030;0;0;0;43
$1;1;2698000;2;0;1500;47534;36514;11227;408;0;4031;4027;4026;4030;4023;4028;4029;4028;4030;0;0;0;46
$1;1;2699000;2;0;1501;47532;36516;11231;408;0;4031;4027;4027;4030;4024;4028;4030;4028;4030;0;0;0;35
$1;1;2700000;2;0;1499;47533;36516;11235;408;0;4032;4027;4027;4030;4024;4028;4030;4028;4030;0;0;0;36
$1;1;2701000;2;0;1501;47531;36517;11239;407;0;4032;4028;4027;4030;4024;4028;4030;4028;4030;0;0;0;42
$1;1;2702000;2;0;1501;47532;36517;11243;407;0;4032;4027;4027;4030;4024;4028;4030;4028;4030;0;0;0;40
$1;1;2703000;2;0;1500;47533;36518;11248;407;0;4032;4027;4027;4030;4024;4028;4030;4028;4030;0;0;0;45
$1;1;2704000;2;0;1500;47533;36518;11252;407;0;4032;4028;4027;4030;4024;4028;4030;4028;4030;0;0;0;46
$1;1;2705000;2;0;1499;47533;36518;11256;407;0;4032;4028;4027;4030;4024;4028;4030;4028;4030;0;0;0;42
$1;1;2706000;2;0;1500;47531;36519;11260;406;0;4032;4028;4027;4031;4024;4028;4030;4028;4030;0;0;0;46
$1;1;2707000;2;0;1499;47534;36519;11264;406;0;4032;4028;4027;4031;4024;4028;4030;4028;4030;0;0;0;47
$1;128;2707000;302;111;14;12;11;13;10;11;14;12;14;0;0;0;17
$1;1;2708000;2;0;1499;47534;36520;11268;406;0;4032;4028;4027;4031;4024;4029;4030;4028;4030;0;0;0;39
$1;1;2709000;2;0;1499;47532;36520;11273;406;0;4032;4028;4027;4031;4024;4029;4030;4028;4030;0;0;0;42
$1;1;2710000;2;0;1501;47531;36521;11277;405;0;4032;4028;4027;4031;4024;4028;4030;4029;4031;0;0;0;38
$1;1;2711000;2;0;1498;47533;36522;11281;405;0;4032;4028;4027;4031;4024;4029;4030;4029;4031;0;0;0;47
$1;1;2712000;2;0;1499;47532;36522;11285;405;0;4032;4028;4027;4031;4024;4029;4030;4029;4031;0;0;0;40
$1;1;2713000;2;0;1500;47528;36522;11289;405;0;4032;4028;4027;4031;4024;4029;4030;4029;4031;0;0;0;47
$1;1;2714000;2;0;1499;47529;36522;11294;405;0;4032;4028;4027;4031;4024;4029;4030;4029;4031;0;0;0;36
$1;1;2715000;2;0;1500;47528;36523;11298;405;0;4032;4029;4028;4031;4024;4029;4031;4029;4031;0;0;0;39
$1;1;2716000;2;0;1499;47529;36523;11302;405;0;4032;4028;4028;4031;4025;4028;4031;4029;4031;0;0;0;39
$1;1;2717000;2;0;1501;47528;36523;11306;405;0;4032;4029;4028;4031;4025;4028;4031;4029;4031;0;0;0;34
$1;1;2718000;2;0;1499;47528;36524;11310;405;0;4033;4029;4028;4031;4025;4028;4031;4029;4031;0;0;0;44
$1;1;2719000;2;0;1500;47528;36524;11314;404;0;4033;4029;4028;4031;4025;4028;4031;4029;4031;0;0;0;41
$1;1;2720000;2;0;1501;47527;36525;11319;404;0;4033;4029;4028;4031;4025;4029;4031;4029;4031;0;0;0;32
$1;1;2721000;2;0;1498;47529;36525;11323;404;0;4033;4029;4028;4031;4025;4029;4031;4029;4031;0;0;0;39
$1;1;2722000;2;0;1500;47528;36525;11327;404;0;4033;4029;4028;4031;4025;4028;4031;4029;4031;0;0;0;32
$1;1;2723000;2;0;1501;47527;36526;11331;404;0;4033;4029;4028;4031;4025;4029;4031;4029;4032;0;0;0;41
$1;1;2724000;2;0;1500;47527;36526;11335;404;0;4033;4029;4028;4031;4025;4029;4031;4029;4031;0;0;0;40
$1;1;2725000;2;0;1498;47528;36526;11339;403;0;4033;4029;4028;4031;4025;4029;4031;4029;4032;0;0;0;46
$1;1;2726000;2;0;1498;47528;36527;11344;403;0;4033;4029;4028;4031;4025;4029;4032;4030;4032;0;0;0;45
$1;1;2727000;2;0;1500;47527;36528;11348;403;0;4033;4029;4029;4032;4026;4029;4032;4030;4032;0;0;0;33
$1;1;2728000;2;0;1499;47528;36528;11352;403;0;4033;4029;4028;4032;4025;4029;4032;4030;4032;0;0;0;41
$1;1;2729000;2;0;1499;47528;36528;11356;403;0;4033;4029;4029;4032;4025;4029;4032;4030;4032;0;0;0;45
$1;1;2730000;2;0;1500;47526;36530;11360;404;0;4033;4030;4029;4032;4026;4029;4032;4030;4032;0;0;0;42
$1;1;2731000;2;0;1500;47524;36530;11364;404;0;4033;4030;4029;4032;4026;4029;4032;4030;4032;0;0;0;45
$1;1;2732000;2;0;1501;47524;36532;11369;404;0;4033;4030;4029;4032;4026;4029;4032;4030;4032;0;0;0;32
$1;1;2733000;2;0;1501;47524;36532;11373;404;0;4033;4030;4029;4032;4026;4029;4032;4030;4032;0;0;0;42
$1;1;2734000;2;0;1498;47526;36532;11377;404;0;4033;4030;4029;4032;4026;4029;4032;4030;4032;0;0;0;42
$1;1;2735000;2;0;1501;47523;36533;11381;404;0;4034;4030;4029;4032;4026;4029;4032;4030;4032;0;0;0;32
$1;1;2736000;2;0;1501;47523;36533;11385;404;0;4034;4030;4029;4032;4026;4030;4032;4030;4032;0;0;0;47
$1;1;2737000;2;0;1499;47525;36534;11389;404;0;4034;4030;4029;4032;4026;4030;4032;4030;4032;0;0;0;35
$1;1;2738000;2;0;1499;47525;36534;11394;404;0;4034;4030;4029;4032;4026;4030;4032;4030;4032;0;0;0;32
$1;1;2739000;2;0;1500;47524;36535;11398;404;0;4034;4030;4029;4032;4026;4030;4033;4030;4033;0;0;0;44
$1;1;2740000;2;0;1500;47525;36536;11402;404;0;4034;4030;4029;4032;4026;4030;4032;4030;4033;0;0;0;37
$1;1;2741000;2;0;1499;47525;36537;11406;404;0;4034;4030;4029;4032;4026;4030;4033;4030;4033;0;0;0;33
$1;1;2742000;2;0;1499;47526;36537;11410;404;0;4034;4030;4029;4032;4026;4030;4032;4031;4033;0;0;0;38
$1;1;2743000;2;0;1500;47525;36538;11414;404;0;4034;4030;4030;4032;4026;4030;4033;4031;4033;0;0;0;39
$1;1;2744000;2;0;1499;47525;36537;11419;403;0;4034;4030;4030;4033;4026;4030;4033;4031;4033;0;0;0;37
$1;1;2745000;2;0;1499;47525;36537;11423;403;0;4034;4030;4030;4032;4026;4030;4033;4031;4033;0;0;0;44
$1;1;2746000;2;0;1499;47525;36539;11427;403;0;4034;4031;4030;4033;4026;4030;4033;4031;4033;0;0;0;37
$1;1;2747000;2;0;1499;47522;36539;11431;404;0;4034;4031;4030;4033;4027;4030;4033;4031;4033;0;0;0;34
$1;1;2748000;2;0;1498;47522;36540;11435;404;0;4034;4031;4030;4033;4027;4031;4033;4031;4033;0;0;0;39
$1;1;2749000;2;0;1500;47521;36541;11439;404;0;4034;4031;4030;4033;4027;4031;4033;4031;4033;0;0;0;40
$1;1;2750000;2;0;1498;47522;36541;11444;405;0;4034;4031;4030;4033;4027;4031;4033;4031;4033;0;0;0;40
$1;1;2751000;2;0;1500;47521;36542;11448;404;0;4035;4031;4030;4033;4027;4031;4033;4031;4033;0;0;0;37
$1;1;2752000;2;0;1498;47521;36542;11452;404;0;4035;4031;4030;4033;4027;4031;4033;4031;4033;0;0;0;45
$1;1;2753000;2;0;1499;47521;36543;11456;404;0;4035;4031;4030;4033;4027;4031;4033;4031;4033;0;0;0;40
$1;1;2754000;2;0;1499;47521;36543;11460;404;0;4035;4031;4030;4033;4027;4031;4033;4031;4033;0;0;0;42
$1;1;2755000;2;0;1501;47519;36544;11465;404;0;4035;4031;4030;4033;4027;4031;4033;4031;4033;0;0;0;34
$1;1;2756000;2;0;1500;47519;36545;11469;404;0;4035;4032;4030;4033;4027;4031;4033;4032;4034;0;0;0;42
$1;1;2757000;2;0;1500;47520;36546;11473;403;0;4035;4031;4030;4033;4027;4031;4033;4032;4033;0;0;0;42
$1;1;2758000;2;0;1499;47522;36546;11477;403;0;4035;4031;4031;4033;4027;4031;4034;4032;4034;0;0;0;35
$1;1;2759000;2;0;1499;47522;36547;11481;403;0;4035;4032;4031;4034;4027;4031;4034;4032;4034;0;0;0;46
$1;1;2760000;2;0;1500;47521;36548;11485;403;0;4035;4032;4031;4034;4028;4031;4034;4032;4034;0;0;0;34
$1;1;2761000;2;0;1499;47522;36549;11490;403;0;4035;4032;4031;4034;4027;4031;4034;4032;4034;0;0;0;43
$1;1;2762000;2;0;1501;47520;36549;11494;402;0;4035;4032;4031;4034;4028;4031;4034;4032;4034;0;0;0;32
$1;1;2763000;2;0;1498;47520;36548;11498;403;0;4035;4032;4031;4034;4028;4031;4034;4032;4034;0;0;0;44
$1;1;2764000;2;0;1499;47519;36549;11502;403;0;4035;4032;4031;4034;4028;4032;4034;4032;4034;0;0;0;32
$1;1;2765000;2;0;1501;47518;36550;11506;403;0;4035;4032;4031;4034;4028;4031;4034;4032;4034;0;0;0;47
$1;1;2766000;2;0;1500;47518;36551;11511;403;0;4035;4032;4031;4034;4028;4032;4034;4032;4034;0;0;0;41
$1;1;2767000;2;0;1500;47519;36551;11515;403;0;4035;4032;4031;4034;4028;4032;4034;4032;4034;0;0;0;45
$1;128;2767000;303;112;14;12;11;14;10;12;14;12;13;0;0;0;22
$1;1;2768000;2;0;1500;47517;36551;11519;403;0;4035;4032;4031;4034;4028;4032;4034;4032;4034;0;0;0;32
$1;1;2769000;2;0;1498;47519;36552;11523;403;0;4036;4032;4031;4034;4028;4032;4034;4032;4035;0;0;0;39
$1;1;2770000;2;0;1500;47518;36553;11527;402;0;4036;4032;4031;4034;4028;4032;4034;4032;4034;0;0;0;43
$1;1;2771000;2;0;1499;47519;36553;11531;403;0;4036;4032;4031;4034;4028;4032;4034;4032;4035;0;0;0;45
$1;1;2772000;2;0;1499;47519;36554;11535;402;0;4036;4032;4031;4034;4028;4032;4034;4033;4034;0;0;0;44
$1;1;2773000;2;0;1499;47519;36555;11540;402;0;4036;4032;4031;4034;4028;4032;4034;4033;4035;0;0;0;47
$1;1;2774000;2;0;1501;47516;36557;11544;402;0;4036;4033;4031;4035;4028;4032;4035;4033;4035;0;0;0;32
$1;1;2775000;2;0;1501;47517;36558;11548;402;0;4036;4033;4031;4035;4029;4032;4035;4033;4035;0;0;0;34
$1;1;2776000;2;0;1500;47518;36558;11552;402;0;4036;4032;4032;4035;4028;4033;4035;4033;4034;0;0;0;39
$1;1;2777000;2;0;1501;47517;36558;11556;401;0;4036;4033;4031;4035;4028;4032;4035;4033;4035;0;0;0;45
$1;1;2778000;2;0;1498;47519;36558;11561;401;0;4036;4033;4031;4035;4029;4032;4035;4033;4035;0;0;0;40
$1;1;2779000;2;0;1499;47519;36559;11565;401;0;4037;4033;4032;4035;4029;4032;4035;4033;4035;0;0;0;47
$1;1;2780000;2;0;1499;47517;36560;11569;401;0;4037;4033;4032;4035;4029;4033;4035;4033;4035;0;0;0;32
$1;1;2781000;2;0;1499;47515;36561;11573;402;0;4037;4033;4032;4035;4029;4033;4035;4033;4035;0;0;0;42
$1;1;2782000;2;0;1499;47515;36561;11577;402;0;4037;4033;4032;4035;4029;4033;4035;4033;4035;0;0;0;45
$1;1;2783000;2;0;1500;47515;36561;11581;401;0;4037;4033;4032;4035;4029;4033;4035;4033;4035;0;0;0;39
$1;1;2784000;2;0;1500;47514;36562;11586;401;0;4037;4033;4032;4035;4029;4033;4035;4033;4035;0;0;0;37
$1;1;2785000;2;0;1500;47515;36563;11590;401;0;4037;4033;4032;4035;4029;4033;4035;4033;4035;0;0;0;35
$1;1;2786000;2;0;1500;47514;36564;11594;401;0;4037;4033;4032;4035;4029;4033;4035;4033;4035;0;0;0;34
$1;1;2787000;2;0;1499;47515;36564;11598;401;0;4037;4033;4032;4035;4029;4033;4035;4033;4035;0;0;0;47
$1;1;2788000;2;0;1498;47515;36564;11602;400;0;4037;4033;4032;4035;4029;4033;4035;4033;4035;0;0;0;32
$1;1;2789000;2;0;1500;47515;36566;11606;400;0;4037;4034;4032;4036;4029;4033;4035;4033;4035;0;0;0;35
$1;1;2790000;2;0;1500;47513;36566;11611;400;0;4037;4034;4032;4036;4029;4033;4035;4033;4035;0;0;0;43
$1;1;2791000;2;0;1499;47514;36566;11615;400;0;4037;4034;4032;4036;4029;4033;4035;4034;4035;0;0;0;47
$1;1;2792000;2;0;1499;47515;36566;11619;400;0;4037;4034;4032;4036;4029;4033;4035;4033;4035;0;0;0;38
$1;1;2793000;2;0;1499;47514;36566;11623;400;0;4037;4034;4032;4036;4030;4033;4035;4034;4035;0;0;0;32
$1;1;2794000;2;0;1501;47515;36568;11627;400;0;4037;4034;4032;4036;4029;4034;4035;4034;4035;0;0;0;35
$1;1;2795000;2;0;1500;47514;36569;11631;400;0;4037;4034;4032;4036;4030;4034;4035;4034;4035;0;0;0;44
$1;1;2796000;2;0;1498;47516;36570;11636;400;0;4037;4034;4033;4036;4030;4034;4036;4034;4036;0;0;0;35
$1;1;2797000;2;0;1500;47514;36571;11640;400;0;4037;4034;4033;4036;4030;4034;4036;4034;4036;0;0;0;32
$1;1;2798000;2;0;1499;47511;36570;11644;401;0;4037;4034;4033;4036;4030;4034;4036;4034;4036;0;0;0;47
$1;1;2799000;2;0;1501;47511;36572;11648;401;0;4038;4034;4033;4036;4030;4034;4036;4034;4036;0;0;0;47
$1;1;2800000;2;0;1499;47511;36572;11652;401;0;4038;4034;4033;4036;4030;4034;4036;4034;4036;0;0;0;43
$1;1;2801000;2;0;1500;47511;36573;11656;401;0;4038;4034;4033;4036;4030;4034;4036;4034;4036;0;0;0;46
$1;1;2802000;2;0;1499;47511;36573;11661;401;0;4038;4034;4033;4036;4030;4034;4036;4034;4036;0;0;0;40
$1;1;2803000;2;0;1498;47511;36573;11665;401;0;4038;4034;4033;4036;4030;4034;4036;4034;4036;0;0;0;44
$1;1;2804000;2;0;1499;47511;36574;11669;401;0;4038;4034;4033;4037;4030;4034;4036;4034;4036;0;0;0;32
$1;1;2805000;2;0;1501;47510;36575;11673;402;0;4038;4035;4033;4037;4030;4034;4036;4035;4036;0;0;0;41
$1;1;2806000;2;0;1499;47511;36575;11677;401;0;4038;4035;4033;4037;4030;4034;4036;4035;4036;0;0;0;44
$1;1;2807000;2;0;1499;47511;36576;11681;401;0;4038;4035;4033;4037;4030;4034;4036;4034;4036;0;0;0;38
$1;1;2808000;2;0;1500;47510;36577;11686;401;0;4038;4035;4033;4037;4031;4034;4036;4035;4036;0;0;0;47
$1;1;2809000;2;0;1499;47512;36577;11690;401;0;4038;4035;4034;4037;4030;4034;4036;4035;4037;0;0;0;45
$1;1;2810000;2;0;1474;47526;36570;11694;401;0;4038;4035;4033;4037;4031;4034;4036;4034;4036;0;0;0;36
$1;1;2811000;2;0;1498;47511;36578;11698;401;0;4038;4035;4033;4037;4031;4035;4036;4035;4037;0;0;0;38
$1;1;2812000;2;0;1498;47512;36578;11702;401;0;4039;4035;4034;4037;4030;4035;4036;4035;4037;0;0;0;35
$1;1;2813000;2;0;1500;47511;36580;11706;401;0;4039;4035;4034;4037;4030;4035;4036;4035;4037;0;0;0;34
$1;1;2814000;2;0;1500;47510;36580;11710;401;0;4039;4035;4034;4037;4031;4035;4037;4035;4037;0;0;0;35
$1;1;2815000;2;0;1501;47508;36581;11714;401;0;4039;4035;4034;4037;4031;4035;4037;4035;4037;0;0;0;47
$1;1;2816000;2;0;1500;47507;36581;11719;401;0;4039;4035;4034;4037;4031;4035;4036;4035;4037;0;0;0;46
$1;1;2817000;2;0;1500;47507;36582;11723;401;0;4039;4035;4034;4037;4031;4035;4037;4035;4037;0;0;0;36
$1;1;2818000;2;0;1499;47507;36583;11727;401;0;4039;4035;4034;4037;4031;4035;4037;4035;4037;0;0;0;47
$1;1;2819000;2;0;1499;47508;36583;11731;401;0;4039;4035;4034;4038;4031;4035;4037;4035;4037;0;0;0;41
$1;1;2820000;2;0;1500;47507;36584;11735;401;0;4039;4036;4034;4038;4031;4035;4037;4035;4037;0;0;0;45
$1;1;2821000;2;0;1500;47506;36584;11739;400;0;4039;4035;4034;4037;4031;4035;4037;4035;4037;0;0;0;44
$1;1;2822000;2;0;1500;47506;36584;11744;400;0;4039;4036;4034;4038;4031;4035;4037;4035;4037;0;0;0;41
$1;1;2823000;2;0;1499;47507;36585;11748;400;0;4039;4036;4034;4037;4031;4035;4037;4035;4038;0;0;0;37
$1;1;2824000;2;0;1499;47509;36585;11752;400;0;4039;4036;4034;4038;4031;4036;4037;4036;4037;0;0;0;39
$1;1;2825000;2;0;1499;47507;36585;11756;400;0;4039;4036;4034;4038;4031;4035;4037;4036;4038;0;0;0;32
$1;1;2826000;2;0;1501;47506;36587;11760;400;0;4039;4036;4034;4038;4031;4036;4037;4036;4037;0;0;0;41
$1;1;2827000;2;0;1500;47507;36587;11764;399;0;4039;4036;4035;4038;4032;4036;4037;4036;4038;0;0;0;38
$1;128;2827000;302;110;14;11;10;13;10;12;14;13;13;0;0;0;26
$1;1;2828000;2;0;1499;47508;36587;11769;399;0;4039;4036;4035;4038;4032;4036;4037;4036;4038;0;0;0;42
$1;1;2829000;2;0;1500;47506;36588;11773;399;0;4039;4036;4035;4038;4032;4036;4038;4036;4038;0;0;0;47
$1;1;2830000;2;0;1499;47507;36588;11777;399;0;4040;4036;4035;4038;4032;4036;4037;4036;4038;0;0;0;34
$1;1;2831000;2;0;1500;47505;36589;11781;398;0;4040;4036;4035;4038;4032;4036;4038;4036;4038;0;0;0;38
$1;1;2832000;2;0;1500;47504;36588;11785;399;0;4040;4036;4035;4038;4032;4036;4038;4036;4038;0;0;0;32
$1;1;2833000;2;0;1499;47504;36589;11789;399;0;4040;4036;4034;4038;4032;4036;4038;4036;4038;0;0;0;44
$1;1;2834000;2;0;1499;47503;36590;11793;399;0;4040;4036;4035;4038;4032;4036;4038;4036;4038;0;0;0;46
$1;1;2835000;2;0;1498;47504;36590;11798;399;0;4040;4036;4035;4038;4032;4036;4038;4036;4038;0;0;0;34
$1;1;2836000;2;0;1501;47502;36591;11802;399;0;4040;4036;4035;4038;4032;4036;4038;4036;4038;0;0;0;43
$1;1;2837000;2;0;1499;47503;36591;11806;399;0;4040;4036;4035;4038;4032;4036;4038;4036;4038;0;0;0;47
$1;1;2838000;2;0;1499;47503;36591;11810;399;0;4040;4036;4035;4038;4032;4036;4038;4036;4038;0;0;0;39
$1;1;2839000;2;0;1498;47504;36591;11814;399;0;4040;4036;4035;4038;4032;4036;4038;4037;4038;0;0;0;37
$1;1;2840000;2;0;1500;47503;36593;11818;399;0;4040;4037;4035;4038;4032;4037;4038;4037;4038;0;0;0;34
$1;1;2841000;2;0;1500;47503;36592;11823;399;0;4040;4036;4035;4039;4032;4037;4038;4037;4039;0;0;0;43
$1;1;2842000;2;0;1501;47503;36593;11827;400;0;4040;4036;4035;4038;4033;4037;4038;4037;4039;0;0;0;43
$1;1;2843000;2;0;1498;47504;36593;11831;400;0;4040;4036;4035;4039;4033;4037;4038;4037;4039;0;0;0;42
$1;1;2844000;2;0;1498;47503;36594;11835;400;0;4040;4037;4035;4038;4033;4037;4038;4037;4039;0;0;0;41
$1;1;2845000;2;0;1501;47502;36596;11839;400;0;4041;4037;4035;4039;4033;4037;4038;4037;4039;0;0;0;38
$1;1;2846000;2;0;1500;47503;36596;11843;400;0;4041;4036;4035;4039;4033;4037;4038;4037;4039;0;0;0;41
$1;1;2847000;2;0;1501;47503;36597;11848;401;0;4041;4037;4035;4039;4033;4037;4039;4037;4039;0;0;0;34
$1;1;2848000;2;0;1499;47505;36596;11852;401;0;4041;4037;4035;4039;4033;4037;4039;4037;4039;0;0;0;33
$1;1;2849000;2;0;1499;47502;36597;11856;402;0;4041;4037;4035;4039;4033;4037;4039;4037;4039;0;0;0;33
$1;1;2850000;2;0;1499;47501;36597;11860;403;0;4041;4037;4035;4039;4033;4037;4039;4037;4039;0;0;0;46
$1;1;2851000;2;0;1498;47502;36597;11864;404;0;4041;4037;4035;4039;4033;4037;4039;4037;4039;0;0;0;46
$1;1;2852000;2;0;1500;47501;36598;11868;404;0;4041;4037;4036;4039;4033;4037;4039;4038;4039;0;0;0;33
$1;1;2853000;2;0;1500;47501;36599;11873;405;0;4041;4037;4035;4039;4033;4037;4039;4038;4040;0;0;0;39
$1;1;2854000;2;0;1500;47501;36599;11877;405;0;4041;4037;4036;4039;4033;4038;4039;4038;4040;0;0;0;40
$1;1;2855000;2;0;1501;47501;36600;11881;405;0;4041;4037;4036;4039;4033;4038;4039;4038;4040;0;0;0;34
$1;1;2856000;2;0;1498;47502;36599;11885;406;0;4041;4037;4036;4039;4033;4038;4039;4038;4039;0;0;0;41
$1;1;2857000;2;0;1500;47501;36600;11889;406;0;4041;4037;4036;4039;4034;4038;4039;4038;4040;0;0;0;45
$1;1;2858000;2;0;1501;47500;36601;11893;406;0;4041;4037;4036;4040;4034;4038;4039;4038;4040;0;0;0;38
$1;1;2859000;2;0;1499;47503;36602;11897;406;0;4041;4037;4036;4039;4033;4038;4040;4038;4040;0;0;0;36
$1;1;2860000;2;0;1500;47502;36603;11902;407;0;4041;4038;4036;4040;4034;4038;4040;4038;4040;0;0;0;37
$1;1;2861000;2;0;1501;47502;36603;11906;407;0;4042;4038;4036;4040;4034;4038;4040;4038;4040;0;0;0;34
$1;1;2862000;2;0;1500;47502;36604;11910;407;0;4042;4038;4036;4040;4034;4038;4040;4038;4040;0;0;0;32
$1;1;2863000;2;0;1499;47503;36604;11914;408;0;4042;4038;4036;4040;4034;4038;4040;4038;4040;0;0;0;42
$1;1;2864000;2;0;1501;47501;36606;11918;408;0;4042;4038;4037;4040;4034;4038;4040;4038;4040;0;0;0;32
$1;1;2865000;2;0;1499;47502;36605;11923;408;0;4042;4038;4037;4040;4034;4038;4040;4039;4040;0;0;0;40
$1;1;2866000;2;0;1500;47498;36607;11927;409;0;4042;4038;4036;4040;4034;4038;4040;4039;4040;0;0;0;46
$1;1;2867000;2;0;1499;47499;36606;11931;409;0;4042;4038;4037;4040;4034;4039;4040;4038;4040;0;0;0;40
$1;1;2868000;2;0;1499;47498;36607;11935;410;0;4042;4038;4037;4040;4034;4038;4040;4039;4041;0;0;0;42
$1;1;2869000;2;0;1500;47498;36608;11939;410;0;4042;4038;4037;4040;4034;4039;4040;4039;4040;0;0;0;41
$1;1;2870000;2;0;1499;47499;36609;11943;410;0;4042;4038;4037;4040;4034;4039;4040;4039;4041;0;0;0;44
$1;1;2871000;2;0;1499;47498;36609;11948;410;0;4042;4039;4037;4040;4034;4039;4040;4039;4041;0;0;0;38
$1;1;2872000;2;0;1500;47497;36609;11952;409;0;4042;4039;4037;4040;4035;4039;4040;4039;4041;0;0;0;41
$1;1;2873000;2;0;1501;47497;36611;11956;409;0;4042;4038;4037;4040;4035;4039;4041;4039;4041;0;0;0;36
$1;1;2874000;2;0;1500;47498;36611;11960;409;0;4042;4039;4037;4041;4034;4039;4040;4039;4041;0;0;0;40
$1;1;2875000;2;0;1499;47497;36612;11964;409;0;4043;4039;4037;4041;4035;4039;4041;4039;4041;0;0;0;33
$1;1;2876000;2;0;1500;47498;36612;11969;409;0;4042;4039;4037;4041;4035;4039;4041;4039;4041;0;0;0;32
$1;1;2877000;2;0;1500;47496;36612;11973;408;0;4043;4039;4037;4041;4035;4039;4041;4039;4041;0;0;0;36
$1;1;2878000;2;0;1500;47497;36613;11977;408;0;4043;4039;4037;4041;4035;4039;4041;4039;4041;0;0;0;47
$1;1;2879000;2;0;1500;47498;36613;11981;407;0;4043;4039;4037;4041;4035;4039;4041;4039;4041;0;0;0;39
$1;1;2880000;2;0;1498;47498;36613;11985;407;0;4043;4039;4038;4041;4035;4039;4041;4039;4041;0;0;0;42
$1;1;2881000;2;0;1499;47495;36613;11989;408;0;4043;4039;4038;4041;4035;4039;4041;4039;4041;0;0;0;36
$1;1;2882000;2;0;1499;47495;36614;11993;408;0;4043;4039;4038;4041;4035;4039;4041;4039;4041;0;0;0;43
$1;1;2883000;2;0;1499;47494;36616;11998;408;0;4043;4039;4038;4041;4035;4039;4041;4039;4041;0;0;0;34
$1;1;2884000;2;0;1499;47494;36617;12002;407;0;4043;4039;4038;4041;4035;4040;4041;4040;4041;0;0;0;34
$1;1;2885000;2;0;1499;47495;36617;12006;407;0;4043;4039;4038;4041;4035;4040;4041;4040;4041;0;0;0;38
$1;1;2886000;2;0;1499;47494;36618;12010;407;0;4043;4039;4038;4041;4035;4039;4041;4039;4042;0;0;0;47
$1;1;2887000;2;0;1500;47494;36618;12014;406;0;4043;4039;4038;4041;4036;4039;4041;4040;4042;0;0;0;39
$1;128;2887000;301;110;14;11;11;14;9;12;14;12;13;0;0;0;44
$1;1;2888000;2;0;1499;47495;36619;12018;406;0;4043;4039;4038;4042;4036;4040;4041;4040;4042;0;0;0;40
$1;1;2889000;2;0;1500;47494;36621;12023;406;0;4044;4039;4038;4042;4035;4040;4041;4040;4042;0;0;0;46
$1;1;2890000;2;0;1498;47495;36621;12027;406;0;4043;4039;4038;4041;4036;4040;4041;4040;4042;0;0;0;36
$1;1;2891000;2;0;1500;47494;36621;12031;405;0;4044;4040;4038;4042;4036;4040;4041;4040;4042;0;0;0;42
$1;1;2892000;2;0;1499;47494;36622;12035;405;0;4044;4040;4039;4042;4036;4040;4042;4040;4042;0;0;0;45
$1;1;2893000;2;0;1499;47494;36623;12039;405;0;4044;4040;4038;4042;4036;4040;4042;4040;4042;0;0;0;32
$1;1;2894000;2;0;1499;47494;36623;12043;405;0;4044;4040;4038;4042;4036;4040;4042;4040;4042;0;0;0;42
$1;1;2895000;2;0;1500;47494;36624;12048;404;0;4044;4040;4038;4042;4036;4040;4042;4040;4042;0;0;0;39
$1;1;2896000;2;0;1500;47494;36625;12052;404;0;4044;4040;4039;4042;4036;4040;4042;4040;4042;0;0;0;47
$1;1;2897000;2;0;1499;47496;36626;12056;403;0;4044;4040;4039;4042;4036;4040;4042;4040;4042;0;0;0;45
$1;1;2898000;2;0;1499;47493;36626;12060;404;0;4044;4040;4039;4042;4036;4040;4042;4040;4042;0;0;0;37
$1;1;2899000;2;0;1501;47490;36628;12064;404;0;4045;4040;4039;4042;4036;4040;4042;4040;4042;0;0;0;44
$1;1;2900000;2;0;1500;47490;36628;12068;404;0;4045;4040;4039;4043;4036;4040;4042;4040;4042;0;0;0;33
$1;1;2901000;2;0;1499;47492;36629;12073;404;0;4045;4040;4039;4043;4036;4041;4042;4040;4042;0;0;0;41
$1;1;2902000;2;0;1500;47490;36629;12077;403;0;4045;4040;4039;4043;4036;4040;4042;4040;4043;0;0;0;42
$1;1;2903000;2;0;1500;47490;36630;12081;403;0;4045;4040;4039;4043;4036;4041;4042;4040;4042;0;0;0;42
$1;1;2904000;2;0;1499;47490;36630;12085;403;0;4045;4040;4039;4043;4036;4041;4042;4040;4042;0;0;0;40
$1;1;2905000;2;0;1499;47490;36630;12089;402;0;4045;4040;4039;4043;4036;4041;4042;4041;4042;0;0;0;37
$1;1;2906000;2;0;1499;47491;36630;12093;402;0;4045;4040;4039;4043;4037;4041;4042;4041;4043;0;0;0;44
$1;1;2907000;2;0;1499;47491;36631;12098;402;0;4045;4040;4039;4043;4037;4041;4042;4041;4043;0;0;0;39
$1;1;2908000;2;0;1501;47490;36632;12102;401;0;4045;4041;4039;4043;4037;4041;4042;4041;4043;0;0;0;42
$1;1;2909000;2;0;1501;47489;36633;12106;401;0;4045;4041;4039;4043;4037;4041;4042;4041;4043;0;0;0;38
$1;1;2910000;2;0;1499;47490;36633;12110;401;0;4045;4041;4039;4043;4037;4041;4042;4041;4043;0;0;0;33
$1;1;2911000;2;0;1498;47491;36633;12114;401;0;4045;4041;4039;4043;4037;4041;4042;4041;4043;0;0;0;36
$1;1;2912000;2;0;1500;47490;36634;12118;401;0;4045;4041;4040;4043;4037;4041;4043;4041;4043;0;0;0;34
$1;1;2913000;2;0;1501;47491;36635;12123;401;0;4045;4041;4040;4043;4037;4041;4043;4041;4043;0;0;0;42
$1;1;2914000;2;0;1498;47489;36635;12127;402;0;4045;4041;4040;4044;4037;4041;4043;4041;4043;0;0;0;37
$1;1;2915000;2;0;1499;47488;36636;12131;402;0;4045;4041;4040;4043;4037;4041;4043;4041;4043;0;0;0;39
$1;1;2916000;2;0;1500;47488;36637;12135;402;0;4045;4041;4040;4044;4037;4042;4043;4041;4043;0;0;0;36
$1;1;2917000;2;0;1500;47486;36637;12139;402;0;4045;4041;4040;4044;4037;4042;4043;4041;4043;0;0;0;39
$1;1;2918000;2;0;1500;47487;36638;12143;402;0;4045;4041;4040;4044;4037;4042;4043;4041;4043;0;0;0;43
$1;1;2919000;2;0;1499;47487;36638;12148;402;0;4045;4041;4040;4044;4037;4042;4043;4041;4043;0;0;0;32
$1;1;2920000;2;0;1501;47486;36640;12152;402;0;4046;4041;4040;4044;4037;4042;4043;4042;4043;0;0;0;47
$1;1;2921000;2;0;1499;47487;36640;12156;402;0;4046;4041;4040;4044;4037;4042;4043;4042;4044;0;0;0;44
$1;1;2922000;2;0;1501;47486;36641;12160;403;0;4046;4041;4040;4044;4038;4042;4043;4042;4044;0;0;0;36
$1;1;2923000;2;0;1499;47487;36641;12164;403;0;4046;4041;4041;4044;4037;4042;4043;4042;4044;0;0;0;46
$1;1;2924000;2;0;1499;47488;36641;12168;403;0;4046;4041;4040;4044;4038;4042;4043;4042;4044;0;0;0;36
$1;1;2925000;2;0;1498;47489;36642;12173;403;0;4046;4042;4041;4044;4038;4042;4043;4042;4044;0;0;0;46
$1;1;2926000;2;0;1501;47486;36644;12177;403;0;4046;4041;4041;4044;4038;4042;4044;4042;4044;0;0;0;37
$1;1;2927000;2;0;1500;47487;36644;12181;403;0;4046;4042;4041;4044;4038;4042;4044;4042;4044;0;0;0;46
$1;1;2928000;2;0;1501;47487;36645;12185;403;0;4046;4042;4041;4044;4038;4042;4044;4042;4044;0;0;0;37
$1;1;2929000;2;0;1499;47487;36645;12189;402;0;4046;4042;4041;4045;4038;4042;4043;4042;4044;0;0;0;47
$1;1;2930000;2;0;1499;47487;36645;12194;403;0;4046;4042;4041;4044;4038;4042;4044;4042;4044;0;0;0;44
$1;1;2931000;2;0;1499;47485;36645;12198;404;0;4046;4042;4041;4044;4038;4042;4044;4042;4044;0;0;0;36
$1;1;2932000;2;0;1499;47485;36645;12202;404;0;4046;4042;4041;4045;4038;4043;4044;4042;4044;0;0;0;39
$1;1;2933000;2;0;1500;47485;36646;12206;404;0;4046;4042;4041;4044;4038;4042;4044;4042;4044;0;0;0;32
$1;1;2934000;2;0;1498;47484;36646;12210;403;0;4046;4042;4041;4045;4038;4043;4044;4042;4044;0;0;0;38
$1;1;2935000;2;0;1499;47485;36647;12214;403;0;4046;4042;4041;4045;4038;4043;4044;4042;4045;0;0;0;35
$1;1;2936000;2;0;1499;47484;36648;12219;403;0;4046;4042;4041;4045;4038;4043;4044;4043;4044;0;0;0;35
$1;1;2937000;2;0;1499;47484;36649;12223;403;0;4047;4042;4041;4045;4039;4043;4044;4043;4044;0;0;0;42
$1;1;2938000;2;0;1499;47484;36650;12227;403;0;4047;4042;4041;4045;4038;4043;4044;4043;4045;0;0;0;41
$1;1;2939000;2;0;1499;47484;36649;12231;403;0;4047;4042;4041;4045;4039;4043;4044;4043;4045;0;0;0;38
$1;1;2940000;2;0;1499;47484;36650;12235;402;0;4047;4043;4041;4045;4039;4043;4044;4043;4045;0;0;0;36
$1;1;2941000;2;0;1499;47485;36651;12239;402;0;4047;4043;4041;4045;4039;4043;4044;4043;4045;0;0;0;41
$1;1;2942000;2;0;1500;47484;36652;12244;402;0;4047;4043;4042;4045;4039;4043;4045;4043;4045;0;0;0;33
$1;1;2943000;2;0;1499;47484;36652;12248;401;0;4047;4043;4042;4045;4039;4043;4045;4043;4045;0;0;0;46
$1;1;2944000;2;0;1498;47484;36652;12252;401;0;4047;4043;4042;4045;4039;4043;4045;4043;4045;0;0;0;35
$1;1;2945000;2;0;1499;47484;36653;12256;401;0;4047;4043;4042;4045;4039;4043;4045;4043;4045;0;0;0;38
$1;1;2946000;2;0;1499;47484;36654;12260;400;0;4047;4043;4042;4045;4039;4043;4045;4043;4045;0;0;0;38
$1;1;2947000;2;0;1499;47482;36653;12264;401;0;4047;4043;4042;4045;4039;4043;4045;4043;4045;0;0;0;35
$1;128;2947000;300;109;14;12;11;13;9;12;13;12;13;0;0;0;43
$1;1;2948000;2;0;1499;47482;36654;12269;401;0;4047;4043;4042;4045;4039;4043;4045;4043;4045;0;0;0;38
$1;1;2949000;2;0;1500;47481;36655;12273;401;0;4047;4043;4042;4045;4039;4044;4045;4043;4045;0;0;0;40
$1;1;2950000;2;0;1500;47479;36656;12277;401;0;4047;4043;4042;4045;4039;4044;4045;4043;4046;0;0;0;35
$1;1;2951000;2;0;1501;47478;36656;12281;401;0;4047;4043;4042;4045;4039;4044;4045;4044;4046;0;0;0;44
$1;1;2952000;2;0;1500;47480;36657;12285;401;0;4047;4043;4042;4046;4039;4044;4045;4044;4046;0;0;0;47
$1;1;2953000;2;0;1498;47481;36657;12289;401;0;4047;4043;4042;4046;4039;4044;4045;4044;4046;0;0;0;35
$1;1;2954000;2;0;1498;47481;36657;12294;400;0;4048;4043;4042;4046;4039;4044;4045;4044;4046;0;0;0;38
$1;1;2955000;2;0;1500;47480;36658;12298;400;0;4048;4044;4042;4046;4039;4044;4045;4044;4046;0;0;0;34
$1;1;2956000;2;0;1500;47479;36659;12302;400;0;4048;4044;4043;4046;4040;4044;4045;4044;4046;0;0;0;43
$1;1;2957000;2;0;1500;47479;36659;12306;400;0;4048;4044;4043;4045;4040;4044;4046;4044;4046;0;0;0;46
$1;1;2958000;2;0;1497;47481;36659;12310;400;0;4048;4044;4043;4046;4040;4044;4046;4044;4046;0;0;0;45
$1;1;2959000;2;0;1499;47480;36660;12314;399;0;4048;4044;4043;4046;4040;4044;4046;4044;4046;0;0;0;42
$1;1;2960000;2;0;1500;47479;36661;12319;399;0;4048;4044;4043;4046;4040;4044;4046;4044;4046;0;0;0;43
$1;1;2961000;2;0;1500;47479;36661;12323;398;0;4048;4044;4043;4046;4040;4044;4046;4044;4046;0;0;0;34
$1;1;2962000;2;0;1499;47480;36662;12327;398;0;4048;4044;4043;4046;4040;4044;4046;4044;4046;0;0;0;33
$1;1;2963000;2;0;1498;47480;36663;12331;398;0;4048;4044;4043;4046;4040;4044;4046;4044;4047;0;0;0;38
$1;1;2964000;2;0;1499;47478;36664;12335;398;0;4048;4044;4043;4046;4040;4045;4046;4045;4046;0;0;0;37
$1;1;2965000;2;0;1501;47477;36665;12339;398;0;4048;4044;4043;4046;4040;4045;4046;4045;4047;0;0;0;39
$1;1;2966000;2;0;1499;47477;36665;12344;398;0;4048;4044;4043;4046;4041;4045;4046;4045;4047;0;0;0;47
$1;1;2967000;2;0;1498;47478;36665;12348;398;0;4048;4044;4043;4046;4040;4045;4046;4045;4047;0;0;0;45
$1;1;2968000;2;0;1501;47477;36667;12352;398;0;4048;4045;4043;4046;4040;4045;4046;4045;4047;0;0;0;36
$1;1;2969000;2;0;1500;47478;36666;12356;398;0;4048;4045;4043;4046;4041;4045;4046;4045;4047;0;0;0;47
$1;1;2970000;2;0;1499;47476;36667;12360;398;0;4048;4045;4043;4046;4041;4045;4046;4045;4047;0;0;0;44
$1;1;2971000;2;0;1499;47477;36668;12365;397;0;4049;4045;4043;4046;4040;4045;4046;4045;4047;0;0;0;41
$1;1;2972000;2;0;1499;47477;36669;12369;397;0;4049;4045;4044;4046;4041;4045;4046;4045;4047;0;0;0;33
$1;1;2973000;2;0;1501;47475;36669;12373;397;0;4049;4045;4044;4046;4041;4045;4046;4045;4047;0;0;0;41
$1;1;2974000;2;0;1501;47475;36670;12377;397;0;4049;4045;4044;4047;4041;4045;4046;4045;4047;0;0;0;35
$1;1;2975000;2;0;1500;47475;36670;12381;396;0;4049;4045;4044;4047;4041;4045;4047;4045;4047;0;0;0;42
$1;1;2976000;2;0;1500;47475;36670;12385;396;0;4049;4045;4044;4047;4041;4045;4047;4045;4047;0;0;0;45
$1;1;2977000;2;0;1500;47474;36671;12390;396;0;4049;4045;4044;4047;4041;4045;4047;4045;4047;0;0;0;40
$1;1;2978000;2;0;1501;47475;36672;12394;395;0;4049;4045;4044;4047;4041;4046;4047;4045;4047;0;0;0;32
$1;1;2979000;2;0;1501;47473;36672;12398;395;0;4049;4045;4044;4047;4041;4045;4047;4045;4048;0;0;0;39
$1;1;2980000;2;0;1501;47474;36674;12402;395;0;4049;4045;4044;4047;4041;4046;4047;4046;4047;0;0;0;43
$1;1;2981000;2;0;1501;47474;36674;12406;395;0;4049;4045;4044;4047;4042;4045;4047;4046;4048;0;0;0;33
$1;1;2982000;2;0;1499;47475;36674;12411;395;0;4049;4045;4044;4047;4041;4046;4047;4046;4048;0;0;0;37
$1;1;2983000;2;0;1499;47472;36674;12415;395;0;4049;4045;4044;4047;4042;4045;4047;4046;4048;0;0;0;39
$1;1;2984000;2;0;1500;47472;36675;12419;395;0;4049;4046;4044;4047;4041;4046;4047;4046;4048;0;0;0;47
$1;1;2985000;2;0;1500;47472;36676;12423;395;0;4049;4046;4045;4047;4042;4046;4047;4046;4048;0;0;0;38
$1;1;2986000;2;0;1499;47473;36676;12427;395;0;4049;4046;4045;4047;4042;4046;4047;4046;4048;0;0;0;33
$1;1;2987000;2;0;1499;47472;36677;12431;395;0;4049;4046;4045;4048;4042;4046;4048;4046;4048;0;0;0;39
$1;1;2988000;2;0;1501;47471;36679;12435;395;0;4050;4046;4045;4047;4042;4046;4047;4046;4048;0;0;0;41
$1;1;2989000;2;0;1498;47474;36678;12440;394;0;4050;4046;4045;4047;4042;4046;4047;4046;4048;0;0;0;46
$1;1;2990000;2;0;1501;47472;36680;12444;394;0;4050;4046;4045;4048;4042;4046;4047;4046;4048;0;0;0;45
$1;1;2991000;2;0;1498;47473;36680;12448;394;0;4050;4046;4045;4048;4042;4046;4047;4046;4048;0;0;0;32
$1;1;2992000;2;0;1501;47471;36681;12452;394;0;4050;4046;4045;4048;4042;4046;4048;4046;4048;0;0;0;37
$1;1;2993000;2;0;1501;47470;36681;12456;393;0;4050;4046;4045;4048;4042;4046;4048;4046;4048;0;0;0;38
$1;1;2994000;2;0;1498;47472;36681;12461;393;0;4050;4046;4045;4048;4042;4046;4048;4046;4048;0;0;0;38
$1;1;2995000;2;0;1500;47471;36683;12465;393;0;4050;4046;4045;4048;4042;4046;4048;4046;4048;0;0;0;34
$1;1;2996000;2;0;1500;47470;36683;12469;393;0;4050;4046;4045;4048;4043;4046;4048;4046;4049;0;0;0;44
$1;1;2997000;2;0;1498;47471;36683;12473;392;0;4050;4046;4045;4048;4042;4047;4048;4046;4048;0;0;0;39
$1;1;2998000;2;0;1499;47472;36684;12477;392;0;4051;4046;4045;4048;4042;4047;4048;4047;4048;0;0;0;41
$1;1;2999000;2;0;1499;47472;36685;12481;392;0;4051;4046;4045;4048;4043;4047;4048;4047;4049;0;0;0;32
$1;1;3000000;2;0;1500;47470;36686;12486;392;0;4051;4046;4045;4049;4043;4047;4048;4047;4049;0;0;0;46
$1;1;3001000;2;0;1499;47470;36686;12490;393;0;4051;4047;4046;4049;4042;4047;4048;4047;4049;0;0;0;43
$1;1;3002000;2;0;1500;47469;36687;12494;393;0;4051;4047;4046;4049;4043;4047;4048;4047;4049;0;0;0;37
$1;1;3003000;2;0;1500;47468;36688;12498;393;0;4051;4047;4045;4049;4043;4047;4048;4047;4049;0;0;0;37
$1;1;3004000;2;0;1500;47467;36689;12502;392;0;4051;4047;4046;4049;4043;4047;4048;4047;4049;0;0;0;44
$1;1;3005000;2;0;1501;47467;36690;12506;392;0;4051;4047;4046;4049;4043;4047;4048;4047;4049;0;0;0;32
$1;1;3006000;2;0;1500;47469;36691;12511;392;0;4051;4047;4046;4049;4043;4047;4048;4047;4049;0;0;0;43
$1;1;3007000;2;0;1500;47469;36691;12515;392;0;4051;4047;4046;4049;4043;4047;4048;4047;4049;0;0;0;46
$1;128;3007000;299;110;14;11;11;13;10;12;14;12;13;0;0;0;18
$1;1;3008000;2;0;1498;47469;36690;12519;392;0;4051;4047;4046;4049;4043;4047;4049;4047;4049;0;0;0;45
$1;1;3009000;2;0;1499;47469;36691;12523;392;0;4051;4047;4046;4049;4043;4047;4049;4047;4049;0;0;0;37
$1;1;3010000;2;0;1500;47468;36692;12527;392;0;4051;4047;4046;4049;4043;4047;4049;4047;4049;0;0;0;42
$1;1;3011000;2;0;1500;47468;36692;12531;392;0;4051;4047;4046;4049;4043;4047;4048;4047;4049;0;0;0;45
$1;1;3012000;2;0;1501;47467;36693;12536;392;0;4051;4047;4046;4049;4043;4048;4049;4047;4049;0;0;0;40
$1;1;3013000;2;0;1500;47467;36693;12540;392;0;4051;4047;4046;4049;4043;4048;4049;4047;4049;0;0;0;41
$1;1;3014000;2;0;1498;47468;36693;12544;392;0;4051;4047;4046;4049;4043;4048;4049;4047;4049;0;0;0;37
$1;1;3015000;2;0;1499;47467;36694;12548;392;0;4051;4047;4046;4050;4044;4048;4049;4047;4049;0;0;0;46
$1;1;3016000;2;0;1499;47468;36695;12552;392;0;4052;4047;4046;4050;4043;4048;4049;4048;4049;0;0;0;35
$1;1;3017000;2;0;1498;47468;36695;12556;392;0;4052;4047;4046;4050;4044;4048;4049;4048;4050;0;0;0;40
$1;1;3018000;2;0;1501;47467;36696;12560;392;0;4052;4047;4047;4050;4044;4048;4049;4048;4050;0;0;0;46
$1;1;3019000;2;0;1499;47466;36696;12565;392;0;4052;4047;4047;4050;4044;4048;4049;4048;4050;0;0;0;43
$1;1;3020000;2;0;1500;47464;36697;12569;393;0;4052;4048;4046;4050;4044;4048;4049;4048;4050;0;0;0;32
$1;1;3021000;2;0;1498;47465;36697;12573;394;0;4052;4047;4046;4050;4044;4048;4049;4048;4050;0;0;0;35
$1;1;3022000;2;0;1500;47465;36699;12577;394;0;4052;4047;4047;4050;4044;4048;4049;4048;4050;0;0;0;43
$1;1;3023000;2;0;1501;47464;36699;12581;394;0;4052;4048;4047;4050;4044;4048;4049;4048;4050;0;0;0;44
$1;1;3024000;2;0;1498;47465;36700;12585;394;0;4052;4048;4047;4050;4044;4048;4050;4048;4050;0;0;0;38
$1;1;3025000;2;0;1499;47464;36700;12590;395;0;4052;4048;4047;4050;4044;4048;4049;4048;4050;0;0;0;42
$1;1;3026000;2;0;1499;47464;36701;12594;395;0;4052;4048;4047;4050;4044;4049;4050;4048;4050;0;0;0;37
$1;1;3027000;2;0;1500;47463;36702;12598;395;0;4052;4048;4047;4051;4044;4049;4050;4048;4050;0;0;0;44
$1;1;3028000;2;0;1501;47463;36704;12602;395;0;4052;4048;4047;4051;4044;4049;4050;4048;4050;0;0;0;36
$1;1;3029000;2;0;1498;47465;36703;12606;396;0;4052;4048;4047;4050;4044;4049;4050;4048;4050;0;0;0;35
$1;1;3030000;2;0;1499;47464;36703;12610;396;0;4052;4048;4047;4051;4044;4049;4050;4048;4050;0;0;0;45
$1;1;3031000;2;0;1500;47464;36705;12615;396;0;4052;4048;4047;4051;4044;4049;4050;4049;4050;0;0;0;47
$1;1;3032000;2;0;1499;47464;36705;12619;396;0;4053;4048;4048;4051;4044;4049;4050;4049;4051;0;0;0;46
$1;1;3033000;2;0;1500;47463;36706;12623;396;0;4053;4049;4047;4051;4045;4049;4050;4049;4051;0;0;0;44
$1;1;3034000;2;0;1500;47465;36706;12627;396;0;4053;4048;4048;4051;4045;4049;4050;4049;4051;0;0;0;39
$1;1;3035000;2;0;1500;47463;36707;12631;396;0;4053;4049;4048;4051;4045;4049;4050;4049;4051;0;0;0;39
$1;1;3036000;2;0;1500;47464;36709;12636;396;0;4053;4049;4048;4051;4045;4049;4050;4049;4051;0;0;0;42
$1;1;3037000;2;0;1501;47462;36708;12640;396;0;4053;4049;4048;4051;4045;4049;4050;4049;4051;0;0;0;44
$1;1;3038000;2;0;1499;47462;36708;12644;396;0;4053;4049;4048;4051;4045;4049;4051;4049;4051;0;0;0;38
$1;1;3039000;2;0;1500;47461;36709;12648;397;0;4053;4049;4048;4051;4045;4049;4051;4049;4051;0;0;0;41
$1;1;3040000;2;0;1500;47461;36709;12652;397;0;4053;4049;4048;4051;4045;4049;4051;4049;4051;0;0;0;44
$1;1;3041000;2;0;1501;47459;36711;12656;397;0;4053;4049;4048;4051;4045;4049;4051;4049;4051;0;0;0;42
$1;1;3042000;2;0;1500;47462;36711;12661;397;0;4053;4049;4048;4051;4045;4049;4051;4049;4051;0;0;0;36
$1;1;3043000;2;0;1500;47462;36712;12665;397;0;4053;4049;4048;4051;4046;4049;4051;4049;4052;0;0;0;34
$1;1;3044000;2;0;1501;47461;36713;12669;396;0;4054;4049;4048;4052;4045;4050;4051;4050;4052;0;0;0;44
$1;1;3045000;2;0;1500;47461;36713;12673;396;0;4054;4049;4048;4051;4046;4050;4051;4049;4051;0;0;0;44
$1;1;3046000;2;0;1499;47462;36713;12677;396;0;4054;4049;4048;4052;4046;4050;4051;4049;4052;0;0;0;41
$1;1;3047000;2;0;1500;47461;36714;12681;396;0;4054;4049;4048;4052;4046;4050;4051;4050;4052;0;0;0;44
$1;1;3048000;2;0;1499;47461;36714;12685;396;0;4054;4049;4049;4052;4046;4050;4051;4050;4052;0;0;0;39
$1;1;3049000;2;0;1498;47462;36714;12690;396;0;4054;4049;4049;4052;4046;4050;4051;4050;4052;0;0;0;32
$1;1;3050000;2;0;1499;47461;36715;12694;395;0;4054;4049;4049;4052;4046;4050;4051;4050;4052;0;0;0;44
$1;1;3051000;2;0;1500;47460;36716;12698;395;0;4054;4050;4049;4052;4046;4050;4051;4050;4052;0;0;0;42
$1;1;3052000;2;0;1500;47460;36717;12702;395;0;4054;4050;4049;4052;4046;4050;4051;4050;4052;0;0;0;42
$1;1;3053000;2;0;1500;47459;36717;12706;395;0;4054;4050;4049;4052;4046;4050;4051;4050;4052;0;0;0;37
$1;1;3054000;2;0;1500;47461;36718;12710;395;0;4054;4050;4049;4052;4046;4050;4052;4050;4052;0;0;0;34
$1;1;3055000;2;0;1500;47461;36718;12714;394;0;4054;4050;4049;4052;4046;4050;4052;4050;4052;0;0;0;38
$1;1;3056000;2;0;1500;47458;36718;12719;395;0;4054;4050;4049;4052;4046;4050;4052;4050;4052;0;0;0;35
$1;1;3057000;2;0;1487;47466;36715;12723;395;0;4054;4050;4049;4052;4046;4050;4052;4050;4052;0;0;0;37
$1;1;3058000;2;0;1499;47458;36719;12727;395;0;4054;4050;4049;4052;4047;4050;4052;4050;4052;0;0;0;33
$1;1;3059000;2;0;1499;47458;36719;12731;395;0;4054;4050;4049;4052;4046;4051;4052;4050;4052;0;0;0;39
$1;1;3060000;2;0;1499;47456;36720;12735;395;0;4054;4050;4049;4052;4047;4051;4052;4050;4053;0;0;0;45
$1;1;3061000;2;0;1499;47458;36720;12740;395;0;4055;4050;4049;4052;4047;4051;4052;4051;4053;0;0;0;32
$1;1;3062000;2;0;1501;47456;36722;12744;395;0;4055;4050;4050;4052;4047;4051;4052;4051;4053;0;0;0;35
$1;1;3063000;2;0;1499;47457;36722;12748;395;0;4055;4051;4049;4053;4047;4051;4052;4051;4053;0;0;0;39
$1;1;3064000;2;0;1499;47457;36722;12752;395;0;4055;4051;4050;4052;4047;4051;4052;4051;4053;0;0;0;34
$1;1;3065000;2;0;1501;47456;36723;12756;395;0;4055;4050;4050;4052;4047;4051;4052;4051;4053;0;0;0;38
$1;1;3066000;2;0;1500;47455;36723;12760;395;0;4055;4051;4050;4052;4047;4051;4052;4051;4053;0;0;0;35
$1;1;3067000;2;0;1500;47457;36724;12765;394;0;4055;4051;4050;4052;4047;4051;4052;4051;4053;0;0;0;35
$1;128;3067000;302;109;14;11;11;13;10;11;13;13;13;0;0;0;26
$1;1;3068000;2;0;1498;47459;36724;12769;394;0;4055;4050;4050;4053;4047;4051;4053;4051;4053;0;0;0;47
$1;1;3069000;2;0;1499;47457;36725;12773;394;0;4055;4051;4050;4053;4047;4051;4052;4051;4053;0;0;0;43
$1;1;3070000;2;0;1501;47455;36726;12777;394;0;4055;4051;4050;4053;4047;4051;4053;4051;4053;0;0;0;39
$1;1;3071000;2;0;1499;47451;36726;12781;394;0;4055;4051;4050;4053;4047;4051;4053;4051;4053;0;0;0;43
$1;1;3072000;2;0;1499;47447;36727;12785;394;0;4055;4051;4050;4053;4047;4051;4053;4051;4053;0;0;0;42
$1;1;3073000;2;0;1499;47447;36728;12790;394;0;4055;4051;4050;4053;4047;4051;4053;4051;4053;0;0;0;32
$1;1;3074000;2;0;1500;47444;36728;12794;395;0;4055;4051;4050;4053;4047;4052;4053;4052;4053;0;0;0;32
$1;1;3075000;2;0;1501;47436;36730;12798;395;0;4055;4051;4050;4053;4047;4052;4053;4052;4053;0;0;0;32
$1;1;3076000;2;0;1498;47438;36729;12802;395;0;4055;4051;4050;4053;4047;4052;4053;4052;4053;0;0;0;40
$1;1;3077000;2;0;1500;47438;36730;12806;395;0;4055;4051;4051;4053;4048;4051;4053;4052;4054;0;0;0;47
$1;1;3078000;2;0;1500;47438;36730;12810;395;0;4055;4052;4051;4053;4048;4052;4053;4052;4054;0;0;0;39
$1;1;3079000;2;0;1498;47439;36730;12815;395;0;4055;4052;4051;4053;4048;4052;4053;4052;4054;0;0;0;34
$1;1;3080000;2;0;1500;47439;36730;12819;394;0;4056;4052;4050;4053;4048;4052;4053;4052;4054;0;0;0;43
$1;1;3081000;2;0;1500;47440;36732;12823;394;0;4056;4052;4051;4053;4048;4052;4053;4052;4054;0;0;0;46
$1;1;3082000;2;0;1499;47440;36732;12827;394;0;4056;4052;4051;4053;4048;4052;4053;4052;4054;0;0;0;40
$1;1;3083000;2;0;1500;47440;36732;12831;394;0;4056;4052;4051;4054;4048;4052;4054;4052;4054;0;0;0;47
$1;1;3084000;2;0;1500;47440;36733;12835;393;0;4056;4052;4051;4054;4048;4052;4053;4052;4054;0;0;0;45
$1;1;3085000;2;0;1499;47441;36734;12840;393;0;4056;4052;4051;4054;4048;4052;4054;4052;4054;0;0;0;46
$1;1;3086000;2;0;1498;47440;36734;12844;393;0;4056;4052;4051;4054;4048;4052;4054;4052;4054;0;0;0;41
$1;1;3087000;2;0;1500;47439;36736;12848;393;0;4056;4052;4051;4054;4048;4052;4054;4052;4054;0;0;0;40
$1;1;3088000;2;0;1498;47441;36735;12852;393;0;4056;4052;4051;4054;4049;4052;4054;4052;4054;0;0;0;33
$1;1;3089000;2;0;1499;47441;36737;12856;393;0;4056;4052;4051;4054;4049;4052;4054;4053;4054;0;0;0;38
$1;1;3090000;2;0;1499;47442;36737;12860;393;0;4056;4052;4052;4054;4049;4052;4054;4053;4054;0;0;0;43
$1;1;3091000;2;0;1500;47441;36738;12865;393;0;4056;4052;4051;4054;4049;4053;4054;4053;4055;0;0;0;33
$1;1;3092000;2;0;1499;47439;36738;12869;393;0;4056;4052;4051;4054;4049;4053;4054;4053;4055;0;0;0;32
$1;1;3093000;2;0;1500;47438;36740;12873;394;0;4057;4053;4051;4055;4048;4053;4054;4053;4055;0;0;0;34
$1;1;3094000;2;0;1502;47437;36741;12877;394;0;4057;4053;4052;4055;4049;4053;4054;4053;4055;0;0;0;47
$1;1;3095000;2;0;1499;47438;36740;12881;394;0;4057;4053;4052;4055;4049;4053;4054;4053;4055;0;0;0;42
$1;1;3096000;2;0;1498;47438;36741;12885;395;0;4057;4053;4052;4055;4049;4053;4055;4053;4055;0;0;0;45
$1;1;3097000;2;0;1499;47438;36741;12890;395;0;4057;4053;4052;4055;4049;4053;4055;4053;4055;0;0;0;41
$1;1;3098000;2;0;1501;47438;36742;12894;395;0;4057;4053;4052;4055;4049;4053;4055;4053;4055;0;0;0;33
$1;1;3099000;2;0;1498;47438;36742;12898;395;0;4057;4053;4052;4055;4049;4053;4055;4053;4055;0;0;0;45
$1;1;3100000;2;0;1499;47438;36743;12902;396;0;4057;4053;4052;4055;4049;4053;4055;4053;4055;0;0;0;45
$1;1;3101000;2;0;1500;47437;36743;12906;396;0;4057;4053;4052;4055;4049;4053;4055;4053;4055;0;0;0;38
$1;1;3102000;2;0;1499;47438;36744;12910;396;0;4057;4053;4052;4055;4049;4053;4055;4053;4055;0;0;0;43
$1;1;3103000;2;0;1499;47438;36744;12915;396;0;4057;4053;4052;4055;4049;4053;4055;4053;4055;0;0;0;47
$1;1;3104000;2;0;1498;47439;36744;12919;396;0;4057;4053;4052;4055;4049;4053;4055;4054;4055;0;0;0;35
$1;1;3105000;2;0;1500;47438;36747;12923;397;0;4058;4053;4052;4056;4049;4054;4055;4054;4055;0;0;0;35
$1;1;3106000;2;0;1501;47438;36748;12927;397;0;4058;4054;4052;4055;4049;4054;4055;4054;4055;0;0;0;46
$1;1;3107000;2;0;1500;47438;36746;12931;397;0;4058;4054;4052;4055;4049;4053;4055;4054;4056;0;0;0;35
$1;1;3108000;2;0;1499;47438;36747;12935;398;0;4058;4053;4052;4056;4049;4054;4056;4054;4055;0;0;0;36
$1;1;3109000;2;0;1501;47438;36749;12940;398;0;4058;4053;4052;4056;4049;4054;4056;4054;4056;0;0;0;42
$1;1;3110000;2;0;1500;47436;36750;12944;399;0;4058;4054;4053;4056;4049;4054;4056;4054;4056;0;0;0;38
$1;1;3111000;2;0;1500;47435;36752;12948;399;0;4058;4054;4053;4056;4050;4054;4056;4054;4056;0;0;0;34
$1;1;3112000;2;0;1500;47434;36753;12952;400;0;4058;4054;4053;4056;4050;4054;4056;4054;4056;0;0;0;45
$1;1;3113000;2;0;1499;47434;36753;12956;400;0;4058;4054;4053;4056;4050;4054;4056;4054;4056;0;0;0;41
$1;1;3114000;2;0;1498;47434;36753;12960;401;0;4058;4054;4053;4056;4050;4054;4056;4054;4056;0;0;0;43
$1;1;3115000;2;0;1501;47432;36754;12965;402;0;4059;4054;4053;4057;4050;4054;4057;4054;4056;0;0;0;45
$1;1;3116000;2;0;1499;47436;36754;12969;402;0;4059;4054;4053;4057;4050;4054;4056;4054;4056;0;0;0;39
$1;1;3117000;2;0;1500;47434;36754;12973;403;0;4059;4054;4053;4057;4050;4054;4057;4054;4056;0;0;0;46
$1;1;3118000;2;0;1500;47434;36756;12977;403;0;4059;4054;4053;4057;4050;4055;4057;4054;4056;0;0;0;38
$1;1;3119000;2;0;1499;47436;36755;12981;403;0;4059;4054;4053;4057;4050;4055;4057;4054;4056;0;0;0;46
$1;1;3120000;2;0;1500;47435;36756;12985;404;0;4059;4054;4053;4057;4050;4055;4057;4055;4056;0;0;0;39
$1;1;3121000;2;0;1500;47436;36757;12990;404;0;4059;4055;4053;4057;4050;4055;4057;4055;4056;0;0;0;33
$1;1;3122000;2;0;1501;47434;36758;12994;405;0;4059;4054;4053;4057;4050;4055;4057;4055;4056;0;0;0;42
$1;1;3123000;2;0;1501;47434;36759;12998;405;0;4059;4055;4053;4057;4050;4055;4057;4055;4056;0;0;0;39
$1;1;3124000;2;0;1499;47435;36759;13002;405;0;4059;4055;4053;4057;4050;4055;4057;4055;4056;0;0;0;42
$1;1;3125000;2;0;1500;47435;36760;13006;405;0;4059;4055;4053;4057;4050;4055;4057;4055;4057;0;0;0;37
$1;1;3126000;2;0;1500;47434;36760;13010;406;0;4059;4054;4053;4058;4050;4055;4057;4055;4057;0;0;0;45
$1;1;3127000;2;0;1500;47432;36761;13015;407;0;4059;4055;4054;4058;4050;4055;4057;4055;4057;0;0;0;41
$1;128;3127000;302;112;14;12;11;13;10;12;14;13;13;0;0;0;18
$1;1;3128000;2;0;1498;47432;36761;13019;407;0;4059;4055;4054;4057;4050;4055;4057;4055;4057;0;0;0;37
$1;1;3129000;2;0;1500;47432;36762;13023;408;0;4059;4055;4054;4057;4051;4055;4057;4055;4057;0;0;0;32
$1;1;3130000;2;0;1499;47432;36762;13027;408;0;4059;4055;4054;4058;4051;4055;4057;4055;4057;0;0;0;34
$1;1;3131000;2;0;1500;47432;36762;13031;408;0;4059;4055;4054;4058;4051;4055;4057;4055;4057;0;0;0;37
$1;1;3132000;2;0;1499;47433;36762;13035;408;0;4059;4055;4054;4058;4051;4055;4058;4055;4057;0;0;0;45
$1;1;3133000;2;0;1500;47431;36764;13040;408;0;4059;4055;4054;4058;4051;4055;4058;4055;4057;0;0;0;43
$1;1;3134000;2;0;1501;47431;36764;13044;409;0;4059;4055;4054;4058;4051;4056;4058;4055;4057;0;0;0;43
$1;1;3135000;2;0;1500;47432;36764;13048;409;0;4059;4055;4054;4058;4051;4056;4058;4056;4057;0;0;0;39
$1;1;3136000;2;0;1498;47432;36765;13052;409;0;4059;4055;4054;4058;4051;4056;4058;4056;4057;0;0;0;46
$1;1;3137000;2;0;1500;47432;36766;13056;409;0;4059;4055;4054;4058;4051;4056;4058;4056;4057;0;0;0;40
$1;1;3138000;2;0;1501;47431;36766;13060;409;0;4059;4056;4054;4058;4051;4056;4058;4056;4057;0;0;0;35
$1;1;3139000;2;0;1499;47432;36767;13065;409;0;4060;4056;4055;4058;4052;4056;4058;4056;4058;0;0;0;34
$1;1;3140000;2;0;1500;47432;36767;13069;410;0;4060;4056;4055;4058;4051;4056;4058;4056;4058;0;0;0;42
$1;1;3141000;2;0;1499;47433;36767;13073;410;0;4060;4056;4055;4058;4052;4056;4058;4056;4058;0;0;0;35
$1;1;3142000;2;0;1499;47434;36768;13077;410;0;4060;4056;4055;4058;4051;4056;4058;4056;4058;0;0;0;47
$1;1;3143000;2;0;1499;47429;36768;13081;411;0;4060;4056;4055;4058;4052;4056;4058;4056;4058;0;0;0;41
$1;1;3144000;2;0;1499;47431;36769;13085;412;0;4060;4056;4055;4058;4052;4056;4058;4056;4058;0;0;0;33
$1;1;3145000;2;0;1501;47429;36771;13090;412;0;4060;4056;4055;4059;4052;4057;4058;4056;4058;0;0;0;36
$1;1;3146000;2;0;1499;47431;36770;13094;412;0;4060;4056;4055;4059;4052;4057;4058;4056;4058;0;0;0;43
$1;1;3147000;2;0;1501;47429;36772;13098;413;0;4060;4056;4055;4059;4052;4057;4059;4056;4058;0;0;0;45
$1;1;3148000;2;0;1500;47430;36773;13102;413;0;4060;4056;4055;4059;4052;4057;4058;4057;4058;0;0;0;40
$1;1;3149000;2;0;1501;47430;36774;13106;413;0;4060;4056;4055;4059;4052;4057;4059;4057;4058;0;0;0;42
$1;1;3150000;2;0;1500;47430;36774;13110;413;0;4060;4056;4055;4059;4052;4057;4059;4057;4058;0;0;0;36
$1;1;3151000;2;0;1500;47430;36774;13115;413;0;4060;4057;4055;4059;4052;4057;4059;4057;4059;0;0;0;32
$1;1;3152000;2;0;1498;47431;36775;13119;413;0;4060;4057;4055;4059;4052;4057;4059;4057;4059;0;0;0;47
$1;1;3153000;2;0;1500;47429;36776;13123;413;0;4061;4057;4055;4059;4052;4057;4059;4057;4059;0;0;0;44
$1;1;3154000;2;0;1501;47429;36777;13127;413;0;4061;4057;4055;4059;4052;4057;4059;4057;4059;0;0;0;47
$1;1;3155000;2;0;1499;47430;36777;13131;413;0;4061;4057;4056;4059;4052;4057;4059;4057;4059;0;0;0;34
$1;1;3156000;2;0;1500;47429;36778;13135;413;0;4061;4057;4056;4059;4053;4057;4059;4057;4059;0;0;0;34
$1;1;3157000;2;0;1499;47430;36778;13139;413;0;4061;4057;4056;4060;4053;4057;4059;4057;4059;0;0;0;44
$1;1;3158000;2;0;1500;47428;36778;13144;413;0;4061;4057;4056;4059;4053;4057;4059;4057;4059;0;0;0;43
$1;1;3159000;2;0;1500;47427;36778;13148;414;0;4061;4057;4056;4059;4053;4058;4059;4057;4059;0;0;0;33
$1;1;3160000;2;0;1501;47426;36779;13152;414;0;4061;4057;4056;4059;4053;4057;4059;4057;4059;0;0;0;46
$1;1;3161000;2;0;1499;47428;36780;13156;414;0;4061;4057;4056;4060;4053;4058;4059;4057;4059;0;0;0;38
$1;1;3162000;2;0;1498;47426;36780;13160;413;0;4061;4057;4056;4060;4053;4058;4059;4058;4059;0;0;0;39
$1;1;3163000;2;0;1499;47428;36781;13164;413;0;4061;4058;4056;4060;4053;4058;4059;4058;4059;0;0;0;35
$1;1;3164000;2;0;1500;47426;36782;13169;413;0;4061;4058;4056;4060;4053;4058;4059;4058;4059;0;0;0;37
$1;1;3165000;2;0;1501;47426;36782;13173;413;0;4061;4058;4056;4059;4053;4058;4059;4058;4059;0;0;0;36
$1;1;3166000;2;0;1500;47426;36782;13177;413;0;4061;4058;4056;4060;4053;4058;4060;4058;4059;0;0;0;34
$1;1;3167000;2;0;1500;47425;36783;13181;413;0;4061;4058;4056;4060;4053;4058;4060;4058;4060;0;0;0;34
$1;1;3168000;2;0;1500;47426;36783;13185;412;0;4061;4058;4056;4060;4053;4058;4060;4058;4060;0;0;0;43
$1;1;3169000;2;0;1499;47426;36784;13189;412;0;4062;4058;4057;4060;4053;4058;4059;4058;4059;0;0;0;34
$1;1;3170000;2;0;1499;47426;36784;13194;412;0;4062;4058;4056;4060;4053;4058;4060;4058;4060;0;0;0;39
$1;1;3171000;2;0;1499;47425;36785;13198;411;0;4062;4058;4057;4060;4054;4058;4060;4058;4060;0;0;0;45
$1;1;3172000;2;0;1500;47424;36786;13202;411;0;4062;4058;4057;4060;4054;4058;4060;4058;4060;0;0;0;45
$1;1;3173000;2;0;1500;47427;36787;13206;410;0;4062;4058;4057;4060;4054;4058;4060;4058;4060;0;0;0;43
$1;1;3174000;2;0;1500;47422;36786;13210;411;0;4062;4058;4057;4060;4054;4058;4060;4058;4060;0;0;0;46
$1;1;3175000;2;0;1501;47421;36788;13214;411;0;4062;4059;4057;4060;4054;4058;4060;4058;4060;0;0;0;38
$1;1;3176000;2;0;1500;47422;36788;13219;411;0;4062;4058;4057;4060;4054;4059;4060;4058;4060;0;0;0;42
$1;1;3177000;2;0;1500;47420;36788;13223;411;0;4062;4058;4057;4060;4054;4059;4060;4058;4060;0;0;0;32
$1;1;3178000;2;0;1499;47422;36789;13227;410;0;4062;4058;4057;4060;4054;4059;4060;4058;4060;0;0;0;40
$1;1;3179000;2;0;1498;47421;36790;13231;410;0;4062;4058;4057;4060;4054;4059;4060;4059;4060;0;0;0;37
$1;1;3180000;2;0;1501;47421;36790;13235;410;0;4062;4059;4057;4060;4054;4059;4060;4059;4060;0;0;0;39
$1;1;3181000;2;0;1499;47422;36790;13239;409;0;4062;4059;4057;4060;4054;4059;4060;4059;4061;0;0;0;32
$1;1;3182000;2;0;1501;47419;36791;13244;409;0;4062;4059;4057;4061;4054;4059;4061;4059;4061;0;0;0;32
$1;1;3183000;2;0;1498;47422;36791;13248;409;0;4062;4059;4057;4061;4055;4059;4061;4059;4061;0;0;0;37
$1;1;3184000;2;0;1500;47420;36792;13252;408;0;4063;4059;4058;4060;4055;4059;4060;4059;4061;0;0;0;39
$1;1;3185000;2;0;1498;47422;36793;13256;408;0;4063;4059;4058;4061;4055;4059;4061;4059;4061;0;0;0;33
$1;1;3186000;2;0;1501;47420;36794;13260;407;0;4063;4059;4058;4061;4055;4059;4061;4059;4061;0;0;0;44
$1;1;3187000;2;0;1499;47422;36794;13264;407;0;4063;4059;4058;4061;4055;4059;4061;4059;4061;0;0;0;43
$1;128;3187000;299;109;14;11;11;13;9;12;14;12;13;0;0;0;43
$1;1;3188000;2;0;1501;47420;36795;13269;407;0;4063;4059;4058;4061;4055;4059;4061;4059;4061;0;0;0;42
$1;1;3189000;2;0;1498;47422;36795;13273;406;0;4063;4059;4058;4061;4055;4059;4061;4059;4061;0;0;0;34
$1;1;3190000;2;0;1500;47416;36796;13277;407;0;4063;4059;4058;4061;4055;4059;4061;4059;4061;0;0;0;43
$1;1;3191000;2;0;1500;47418;36797;13281;407;0;4063;4059;4058;4061;4055;4060;4061;4060;4061;0;0;0;44
$1;1;3192000;2;0;1498;47418;36796;13285;407;0;4063;4059;4058;4061;4055;4059;4061;4059;4061;0;0;0;42
$1;1;3193000;2;0;1501;47416;36798;13289;406;0;4063;4059;4058;4061;4055;4060;4061;4059;4061;0;0;0;45
$1;1;3194000;2;0;1500;47416;36798;13294;406;0;4063;4059;4058;4061;4055;4060;4061;4060;4061;0;0;0;45
$1;1;3195000;2;0;1501;47416;36800;13298;406;0;4063;4059;4058;4061;4055;4060;4061;4060;4061;0;0;0;47
$1;1;3196000;2;0;1499;47416;36799;13302;406;0;4063;4059;4058;4061;4055;4060;4061;4060;4061;0;0;0;33
$1;1;3197000;2;0;1499;47416;36801;13306;405;0;4063;4059;4058;4061;4055;4060;4061;4060;4061;0;0;0;41
$1;1;3198000;2;0;1500;47417;36801;13310;405;0;4063;4060;4058;4061;4056;4060;4061;4060;4061;0;0;0;40
$1;1;3199000;2;0;1500;47416;36802;13314;405;0;4064;4059;4059;4062;4056;4060;4061;4060;4062;0;0;0;35
$1;1;3200000;2;0;1498;47417;36802;13319;404;0;4064;4060;4058;4061;4056;4060;4061;4060;4062;0;0;0;37
$1;1;3201000;2;0;1500;47415;36802;13323;404;0;4064;4060;4059;4061;4056;4060;4062;4060;4062;0;0;0;45
$1;1;3202000;2;0;1499;47417;36802;13327;404;0;4064;4060;4059;4062;4056;4060;4062;4060;4062;0;0;0;42
$1;1;3203000;2;0;1499;47417;36803;13331;404;0;4064;4060;4059;4062;4056;4060;4062;4060;4062;0;0;0;45
$1;1;3204000;2;0;1499;47417;36803;13335;403;0;4064;4060;4059;4062;4056;4060;4062;4060;4062;0;0;0;41
$1;1;3205000;2;0;1499;47418;36805;13339;403;0;4064;4060;4059;4062;4056;4060;4062;4060;4062;0;0;0;45
$1;1;3206000;2;0;1500;47414;36805;13344;404;0;4064;4060;4059;4062;4056;4060;4062;4060;4062;0;0;0;46
$1;1;3207000;2;0;1500;47414;36806;13348;404;0;4064;4060;4059;4062;4056;4061;4062;4060;4062;0;0;0;33
$1;1;3208000;2;0;1501;47413;36807;13352;404;0;4064;4060;4059;4062;4056;4061;4062;4060;4062;0;0;0;34
$1;1;3209000;2;0;1500;47414;36808;13356;404;0;4064;4060;4059;4062;4056;4061;4062;4061;4062;0;0;0;47
$1;1;3210000;2;0;1499;47412;36808;13360;404;0;4064;4060;4059;4063;4056;4061;4062;4061;4062;0;0;0;36
$1;1;3211000;2;0;1498;47414;36808;13364;404;0;4064;4060;4059;4062;4056;4061;4062;4061;4062;0;0;0;39
$1;1;3212000;2;0;1499;47414;36810;13369;404;0;4065;4060;4059;4063;4056;4061;4062;4061;4062;0;0;0;33
$1;1;3213000;2;0;1500;47413;36811;13373;404;0;4065;4060;4060;4063;4057;4061;4062;4061;4063;0;0;0;38
$1;1;3214000;2;0;1498;47414;36811;13377;404;0;4065;4061;4059;4063;4057;4061;4062;4061;4063;0;0;0;41
$1;1;3215000;2;0;1500;47414;36813;13381;403;0;4065;4061;4059;4063;4057;4061;4062;4061;4063;0;0;0;36
$1;1;3216000;2;0;1499;47414;36812;13385;403;0;4065;4061;4060;4063;4057;4061;4062;4061;4063;0;0;0;41
$1;1;3217000;2;0;1498;47415;36812;13389;403;0;4065;4061;4060;4063;4057;4061;4063;4061;4063;0;0;0;37
$1;1;3218000;2;0;1500;47414;36814;13394;402;0;4065;4061;4060;4063;4057;4061;4062;4061;4063;0;0;0;33
$1;1;3219000;2;0;1500;47413;36814;13398;402;0;4065;4061;4060;4063;4057;4061;4063;4061;4063;0;0;0;42
$1;1;3220000;2;0;1501;47414;36815;13402;402;0;4065;4061;4060;4064;4057;4062;4063;4061;4063;0;0;0;39
$1;1;3221000;2;0;1499;47414;36815;13406;402;0;4065;4061;4060;4063;4057;4061;4063;4061;4063;0;0;0;38
$1;1;3222000;2;0;1499;47412;36816;13410;402;0;4065;4061;4060;4063;4057;4062;4063;4061;4063;0;0;0;36
$1;1;3223000;2;0;1500;47409;36817;13414;403;0;4066;4061;4060;4064;4057;4062;4063;4061;4063;0;0;0;46
$1;1;3224000;2;0;1499;47410;36817;13419;403;0;4066;4061;4060;4064;4057;4062;4063;4061;4063;0;0;0;45
$1;1;3225000;2;0;1498;47412;36817;13423;402;0;4066;4061;4060;4064;4057;4062;4063;4062;4063;0;0;0;36
$1;1;3226000;2;0;1501;47409;36818;13427;402;0;4066;4061;4060;4064;4057;4062;4063;4061;4063;0;0;0;36
$1;1;3227000;2;0;1501;47409;36819;13431;402;0;4066;4061;4060;4064;4057;4062;4063;4062;4063;0;0;0;32
$1;1;3228000;2;0;1499;47412;36819;13435;402;0;4066;4062;4060;4064;4057;4062;4063;4062;4063;0;0;0;34
$1;1;3229000;2;0;1501;47407;36820;13439;402;0;4066;4062;4060;4064;4057;4062;4063;4062;4063;0;0;0;33
$1;1;3230000;2;0;1501;47410;36821;13443;402;0;4066;4061;4061;4064;4058;4062;4063;4062;4064;0;0;0;41
$1;1;3231000;2;0;1500;47408;36822;13448;402;0;4066;4062;4061;4064;4058;4062;4063;4062;4064;0;0;0;43
$1;1;3232000;2;0;1500;47408;36823;13452;401;0;4066;4062;4061;4064;4058;4062;4063;4062;4064;0;0;0;33
$1;1;3233000;2;0;1499;47408;36824;13456;401;0;4066;4062;4061;4064;4058;4062;4064;4062;4064;0;0;0;37
$1;1;3234000;2;0;1500;47409;36824;13460;401;0;4066;4062;4061;4064;4058;4062;4063;4062;4064;0;0;0;32
$1;1;3235000;2;0;1499;47409;36824;13464;401;0;4066;4062;4061;4065;4058;4062;4064;4062;4064;0;0;0;34
$1;1;3236000;2;0;1499;47408;36825;13468;400;0;4066;4062;4061;4065;4058;4062;4064;4062;4064;0;0;0;44
$1;1;3237000;2;0;1501;47409;36826;13473;400;0;4066;4062;4061;4065;4058;4063;4064;4062;4064;0;0;0;36
$1;1;3238000;2;0;1500;47409;36826;13477;400;0;4067;4062;4061;4065;4058;4063;4064;4062;4064;0;0;0;47
$1;1;3239000;2;0;1500;47406;36826;13481;401;0;4066;4062;4061;4065;4058;4063;4064;4062;4064;0;0;0;40
$1;1;3240000;2;0;1499;47406;36826;13485;401;0;4066;4062;4061;4065;4058;4063;4064;4062;4064;0;0;0;35
$1;1;3241000;2;0;1499;47406;36827;13489;401;0;4067;4062;4061;4065;4058;4063;4064;4062;4064;0;0;0;46
$1;1;3242000;2;0;1499;47405;36828;13493;401;0;4067;4062;4061;4065;4058;4063;4064;4063;4065;0;0;0;42
$1;1;3243000;2;0;1498;47406;36827;13498;400;0;4067;4062;4061;4065;4058;4063;4064;4063;4064;0;0;0;45
$1;1;3244000;2;0;1498;47406;36829;13502;400;0;4067;4062;4061;4065;4059;4063;4064;4063;4065;0;0;0;38
$1;1;3245000;2;0;1501;47404;36830;13506;400;0;4067;4063;4062;4065;4059;4063;4064;4063;4065;0;0;0;42
$1;1;3246000;2;0;1500;47404;36831;13510;400;0;4067;4063;4062;4065;4059;4063;4064;4063;4065;0;0;0;46
$1;1;3247000;2;0;1500;47406;36831;13514;400;0;4067;4063;4062;4065;4059;4063;4064;4063;4065;0;0;0;41
$1;128;3247000;300;112;15;12;11;13;10;11;14;13;13;0;0;0;23
$1;1;3248000;2;0;1501;47405;36831;13518;400;0;4067;4063;4062;4065;4059;4063;4064;4063;4065;0;0;0;40
$1;1;3249000;2;0;1498;47406;36831;13523;400;0;4067;4063;4062;4065;4059;4063;4064;4063;4065;0;0;0;35
$1;1;3250000;2;0;1499;47406;36832;13527;399;0;4067;4063;4062;4065;4059;4063;4064;4063;4065;0;0;0;42
$1;1;3251000;2;0;1499;47406;36832;13531;399;0;4067;4063;4062;4065;4059;4063;4064;4063;4065;0;0;0;44
$1;1;3252000;2;0;1498;47406;36833;13535;399;0;4067;4063;4062;4065;4059;4063;4065;4063;4065;0;0;0;42
$1;1;3253000;2;0;1501;47404;36834;13539;399;0;4067;4063;4062;4065;4059;4063;4065;4063;4065;0;0;0;35
$1;1;3254000;2;0;1498;47405;36833;13543;398;0;4067;4063;4062;4065;4060;4063;4065;4064;4065;0;0;0;34
$1;1;3255000;2;0;1499;47405;36835;13548;398;0;4068;4063;4062;4066;4059;4063;4065;4064;4065;0;0;0;41
$1;1;3256000;2;0;1501;47399;36834;13552;399;0;4067;4063;4062;4066;4059;4063;4065;4063;4065;0;0;0;43
$1;1;3257000;2;0;1499;47400;36835;13556;399;0;4068;4063;4062;4065;4060;4063;4065;4064;4065;0;0;0;41
$1;1;3258000;2;0;1500;47398;36836;13560;399;0;4068;4063;4062;4066;4060;4063;4065;4064;4065;0;0;0;36
$1;1;3259000;2;0;1500;47400;36836;13564;399;0;4068;4063;4063;4065;4060;4063;4065;4064;4066;0;0;0;38
$1;1;3260000;2;0;1499;47401;36837;13568;399;0;4068;4064;4062;4066;4060;4063;4065;4064;4066;0;0;0;36
$1;1;3261000;2;0;1500;47400;36837;13573;399;0;4068;4064;4063;4066;4060;4063;4066;4064;4066;0;0;0;45
$1;1;3262000;2;0;1499;47401;36838;13577;399;0;4068;4064;4063;4066;4060;4063;4066;4064;4066;0;0;0;37
$1;1;3263000;2;0;1500;47399;36838;13581;399;0;4068;4064;4063;4066;4060;4063;4066;4064;4066;0;0;0;42
$1;1;3264000;2;0;1501;47399;36838;13585;399;0;4068;4064;4063;4066;4060;4063;4066;4064;4066;0;0;0;40
$1;1;3265000;2;0;1500;47400;36838;13589;399;0;4068;4064;4063;4066;4060;4063;4066;4064;4066;0;0;0;35
$1;1;3266000;2;0;1501;47399;36839;13593;399;0;4068;4064;4063;4066;4060;4063;4066;4064;4066;0;0;0;44
$1;1;3267000;2;0;1501;47399;36840;13598;399;0;4068;4064;4063;4066;4060;4063;4066;4064;4066;0;0;0;40
$1;1;3268000;2;0;1500;47399;36840;13602;398;0;4068;4064;4063;4066;4060;4064;4066;4064;4066;0;0;0;32
$1;1;3269000;2;0;1501;47398;36841;13606;399;0;4068;4064;4063;4066;4061;4063;4066;4064;4066;0;0;0;35
$1;1;3270000;2;0;1500;47399;36842;13610;399;0;4068;4064;4063;4066;4061;4064;4066;4065;4066;0;0;0;41
$1;1;3271000;2;0;1499;47399;36842;13614;398;0;4068;4064;4063;4066;4060;4064;4066;4065;4066;0;0;0;45
$1;1;3272000;2;0;1498;47400;36843;13618;399;0;4069;4064;4063;4067;4060;4064;4066;4065;4066;0;0;0;36
$1;1;3273000;2;0;1499;47399;36843;13623;398;0;4069;4064;4064;4067;4061;4064;4066;4065;4067;0;0;0;45
$1;1;3274000;2;0;1499;47397;36844;13627;399;0;4069;4064;4063;4067;4061;4064;4066;4065;4066;0;0;0;32
$1;1;3275000;2;0;1501;47394;36845;13631;400;0;4069;4064;4064;4067;4061;4064;4066;4065;4066;0;0;0;36
$1;1;3276000;2;0;1499;47395;36845;13635;400;0;4069;4065;4063;4067;4061;4064;4066;4065;4067;0;0;0;37
$1;1;3277000;2;0;1498;47397;36846;13639;400;0;4069;4065;4064;4067;4061;4064;4067;4065;4067;0;0;0;46
$1;1;3278000;2;0;1500;47395;36847;13643;400;0;4069;4065;4064;4067;4061;4064;4067;4065;4067;0;0;0;47
$1;1;3279000;2;0;1499;47396;36847;13648;400;0;4069;4065;4064;4067;4061;4064;4067;4065;4067;0;0;0;39
$1;1;3280000;2;0;1499;47394;36848;13652;400;0;4069;4065;4064;4067;4061;4064;4067;4065;4067;0;0;0;39
$1;1;3281000;2;0;1500;47393;36849;13656;400;0;4069;4065;4064;4067;4061;4064;4067;4065;4067;0;0;0;37
$1;1;3282000;2;0;1499;47396;36848;13660;400;0;4069;4065;4064;4067;4061;4065;4067;4065;4067;0;0;0;39
$1;1;3283000;2;0;1499;47394;36850;13664;400;0;4069;4065;4064;4067;4061;4064;4067;4065;4067;0;0;0;40
$1;1;3284000;2;0;1499;47396;36850;13668;400;0;4069;4065;4064;4067;4061;4065;4067;4065;4067;0;0;0;32
$1;1;3285000;2;0;1499;47396;36850;13673;400;0;4069;4065;4064;4067;4061;4065;4067;4066;4067;0;0;0;40
$1;1;3286000;2;0;1499;47396;36851;13677;400;0;4070;4066;4064;4067;4061;4065;4067;4066;4067;0;0;0;37
$1;1;3287000;2;0;1501;47393;36852;13681;400;0;4070;4065;4064;4068;4061;4065;4067;4066;4068;0;0;0;40
$1;1;3288000;2;0;1498;47395;36852;13685;400;0;4070;4066;4064;4067;4061;4065;4067;4066;4068;0;0;0;40
$1;1;3289000;2;0;1498;47396;36853;13689;399;0;4070;4066;4064;4068;4062;4065;4067;4066;4068;0;0;0;44
$1;1;3290000;2;0;1498;47396;36853;13693;399;0;4070;4066;4064;4068;4062;4065;4068;4066;4068;0;0;0;32
$1;1;3291000;2;0;1501;47391;36854;13698;400;0;4070;4066;4064;4067;4062;4065;4068;4066;4068;0;0;0;35
$1;1;3292000;2;0;1501;47389;36855;13702;400;0;4070;4066;4065;4068;4062;4065;4068;4066;4068;0;0;0;36
$1;1;3293000;2;0;1499;47390;36855;13706;401;0;4070;4066;4065;4068;4062;4065;4068;4066;4068;0;0;0;40
$1;1;3294000;2;0;1501;47388;36857;13710;400;0;4070;4066;4065;4068;4062;4065;4068;4066;4068;0;0;0;34
$1;1;3295000;2;0;1499;47389;36857;13714;400;0;4070;4066;4065;4068;4062;4065;4068;4066;4068;0;0;0;38
$1;1;3296000;2;0;1500;47389;36858;13718;400;0;4070;4066;4065;4068;4062;4065;4068;4066;4068;0;0;0;39
$1;1;3297000;2;0;1500;47389;36858;13723;400;0;4070;4066;4065;4068;4062;4065;4068;4066;4068;0;0;0;46
$1;1;3298000;2;0;1501;47386;36859;13727;400;0;4070;4066;4065;4068;4062;4065;4068;4066;4068;0;0;0;42
$1;1;3299000;2;0;1498;47391;36859;13731;400;0;4070;4066;4065;4068;4062;4066;4068;4066;4068;0;0;0;40
$1;1;3300000;2;0;1499;47390;36860;13735;400;0;4070;4066;4065;4068;4063;4066;4068;4067;4068;0;0;0;39
$1;1;3301000;2;0;1500;47389;36861;13739;400;0;4071;4067;4065;4068;4063;4066;4068;4067;4068;0;0;0;34
$1;1;3302000;2;0;1499;47389;36862;13743;399;0;4071;4066;4065;4068;4063;4066;4068;4067;4068;0;0;0;40
$1;1;3303000;2;0;1499;47389;36862;13748;399;0;4071;4066;4065;4068;4063;4066;4068;4067;4068;0;0;0;34
$1;1;3304000;2;0;1499;47389;36862;13752;399;0;4071;4066;4066;4068;4063;4066;4068;4067;4068;0;0;0;45
$1;1;3305000;2;0;1499;47391;36862;13756;399;0;4071;4067;4066;4068;4063;4066;4068;4067;4069;0;0;0;33
$1;1;3306000;2;0;1499;47389;36863;13760;399;0;4071;4067;4066;4068;4063;4066;4068;4067;4069;0;0;0;47
$1;1;3307000;2;0;1499;47392;36863;13764;399;0;4071;4066;4066;4069;4063;4066;4069;4067;4069;0;0;0;33
$1;128;3307000;302;111;14;12;11;13;9;12;14;13;13;0;0;0;41
$1;1;3308000;2;0;1500;47389;36864;13768;399;0;4071;4067;4066;4068;4063;4066;4069;4067;4069;0;0;0;46
$1;1;3309000;2;0;1498;47387;36864;13773;400;0;4071;4067;4066;4069;4063;4066;4069;4067;4069;0;0;0;45
$1;1;3310000;2;0;1499;47385;36865;13777;400;0;4071;4067;4066;4069;4063;4066;4069;4067;4069;0;0;0;35
$1;1;3311000;2;0;1500;47384;36867;13781;400;0;4071;4067;4066;4069;4063;4067;4069;4067;4069;0;0;0;40
$1;1;3312000;2;0;1501;47384;36868;13785;400;0;4071;4067;4066;4069;4063;4067;4069;4067;4069;0;0;0;33
$1;1;3313000;2;0;1499;47387;36868;13789;399;0;4071;4067;4066;4069;4063;4067;4069;4067;4069;0;0;0;40
$1;1;3314000;2;0;1499;47385;36869;13793;399;0;4071;4067;4066;4069;4063;4067;4069;4067;4069;0;0;0;39
$1;1;3315000;2;0;1499;47387;36869;13798;399;0;4071;4067;4066;4069;4063;4067;4069;4068;4069;0;0;0;32
$1;1;3316000;2;0;1500;47385;36870;13802;399;0;4071;4067;4066;4070;4063;4067;4069;4068;4069;0;0;0;44
$1;1;3317000;2;0;1501;47384;36872;13806;399;0;4071;4067;4066;4070;4063;4067;4069;4068;4070;0;0;0;35
$1;1;3318000;2;0;1499;47385;36872;13810;399;0;4072;4068;4066;4070;4064;4067;4069;4068;4070;0;0;0;33
$1;1;3319000;2;0;1501;47383;36873;13814;399;0;4072;4068;4066;4070;4064;4067;4069;4068;4069;0;0;0;43
$1;1;3320000;2;0;1501;47384;36874;13818;399;0;4072;4068;4066;4070;4064;4067;4069;4068;4069;0;0;0;45
$1;1;3321000;2;0;1500;47387;36874;13823;399;0;4072;4068;4067;4070;4064;4067;4070;4068;4070;0;0;0;39
$1;1;3322000;2;0;1499;47387;36874;13827;399;0;4072;4068;4067;4070;4064;4067;4070;4068;4070;0;0;0;33
$1;1;3323000;2;0;1500;47387;36875;13831;399;0;4072;4068;4066;4070;4064;4068;4070;4068;4070;0;0;0;41
$1;1;3324000;2;0;1499;47388;36875;13835;399;0;4072;4068;4067;4070;4064;4067;4070;4068;4070;0;0;0;42
$1;1;3325000;2;0;1500;47387;36876;13839;399;0;4072;4068;4067;4070;4064;4068;4070;4068;4070;0;0;0;37
$1;1;3326000;2;0;1500;47381;36877;13843;400;0;4072;4068;4067;4070;4064;4068;4070;4068;4070;0;0;0;43
$1;1;3327000;2;0;1501;47381;36878;13848;400;0;4072;4068;4067;4070;4064;4068;4070;4068;4070;0;0;0;47
$1;1;3328000;2;0;1500;47381;36879;13852;400;0;4072;4068;4067;4071;4064;4068;4070;4068;4070;0;0;0;42
$1;1;3329000;2;0;1499;47381;36880;13856;400;0;4072;4068;4067;4070;4064;4068;4070;4068;4070;0;0;0;41
$1;1;3330000;2;0;1499;47381;36880;13860;400;0;4072;4068;4067;4071;4064;4068;4070;4068;4070;0;0;0;37
$1;1;3331000;2;0;1499;47382;36880;13864;400;0;4072;4068;4067;4071;4064;4068;4070;4068;4070;0;0;0;35
$1;1;3332000;2;0;1500;47381;36881;13868;400;0;4072;4069;4067;4071;4064;4068;4070;4069;4070;0;0;0;47
$1;1;3333000;2;0;1499;47383;36882;13873;400;0;4072;4069;4068;4071;4065;4068;4070;4069;4070;0;0;0;42
$1;1;3334000;2;0;1499;47381;36883;13877;400;0;4072;4069;4068;4071;4064;4068;4070;4069;4070;0;0;0;43
$1;1;3335000;2;0;1499;47383;36883;13881;400;0;4072;4069;4067;4071;4065;4068;4070;4069;4071;0;0;0;46
$1;1;3336000;2;0;1501;47380;36884;13885;400;0;4073;4069;4067;4071;4065;4068;4070;4069;4071;0;0;0;44
$1;1;3337000;2;0;1498;47384;36884;13889;400;0;4073;4069;4068;4071;4065;4069;4070;4069;4071;0;0;0;42
$1;1;3338000;2;0;1499;47381;36885;13893;400;0;4073;4069;4068;4071;4065;4069;4070;4069;4071;0;0;0;43
$1;1;3339000;2;0;1498;47383;36886;13898;400;0;4073;4069;4068;4071;4065;4069;4070;4069;4071;0;0;0;33
$1;1;3340000;2;0;1501;47381;36887;13902;400;0;4073;4069;4068;4071;4065;4069;4071;4069;4071;0;0;0;46
$1;1;3341000;2;0;1500;47380;36887;13906;400;0;4073;4069;4068;4072;4065;4069;4071;4069;4071;0;0;0;40
$1;1;3342000;2;0;1499;47381;36887;13910;399;0;4073;4069;4068;4072;4065;4069;4071;4069;4071;0;0;0;43
$1;1;3343000;2;0;1499;47376;36888;13914;400;0;4073;4069;4068;4072;4065;4069;4071;4069;4071;0;0;0;46
$1;1;3344000;2;0;1500;47375;36888;13918;401;0;4073;4069;4068;4071;4065;4069;4071;4069;4071;0;0;0;37
$1;1;3345000;2;0;1499;47375;36889;13923;401;0;4073;4070;4068;4072;4065;4069;4071;4070;4071;0;0;0;47
$1;1;3346000;2;0;1501;47373;36890;13927;400;0;4073;4070;4068;4072;4065;4069;4071;4070;4071;0;0;0;39
$1;1;3347000;2;0;1499;47376;36890;13931;400;0;4073;4070;4068;4072;4065;4070;4071;4070;4071;0;0;0;44
$1;1;3348000;2;0;1501;47373;36892;13935;400;0;4074;4070;4068;4072;4066;4069;4071;4070;4072;0;0;0;47
$1;1;3349000;2;0;1500;47375;36892;13939;400;0;4074;4070;4068;4072;4065;4069;4071;4070;4072;0;0;0;38
$1;1;3350000;2;0;1501;47373;36893;13943;400;0;4074;4070;4069;4072;4066;4069;4071;4070;4072;0;0;0;39
$1;1;3351000;2;0;1498;47376;36893;13948;400;0;4074;4070;4068;4072;4066;4069;4071;4070;4072;0;0;0;40
$1;1;3352000;2;0;1499;47377;36894;13952;400;0;4074;4070;4069;4072;4066;4070;4072;4070;4072;0;0;0;45
$1;1;3353000;2;0;1498;47375;36894;13956;400;0;4074;4070;4069;4072;4066;4070;4072;4070;4072;0;0;0;43
$1;1;3354000;2;0;1500;47374;36896;13960;399;0;4074;4070;4069;4072;4066;4070;4072;4070;4072;0;0;0;45
$1;1;3355000;2;0;1500;47374;36897;13964;399;0;4074;4070;4069;4072;4066;4070;4072;4070;4072;0;0;0;41
$1;1;3356000;2;0;1499;47373;36897;13968;399;0;4074;4070;4069;4072;4066;4070;4072;4070;4072;0;0;0;32
$1;1;3357000;2;0;1500;47375;36897;13973;399;0;4074;4070;4069;4072;4066;4070;4072;4070;4072;0;0;0;44
$1;1;3358000;2;0;1499;47375;36898;13977;399;0;4074;4070;4069;4072;4066;4070;4072;4070;4072;0;0;0;41
$1;1;3359000;2;0;1499;47375;36898;13981;398;0;4074;4070;4069;4072;4066;4070;4072;4070;4072;0;0;0;32
$1;1;3360000;2;0;1501;47373;36898;13985;398;0;4074;4070;4069;4072;4066;4070;4072;4070;4072;0;0;0;40
$1;1;3361000;2;0;1498;47372;36898;13989;399;0;4074;4070;4069;4072;4066;4070;4072;4071;4072;0;0;0;37
$1;1;3362000;2;0;1501;47368;36899;13993;399;0;4074;4070;4069;4073;4066;4070;4072;4071;4072;0;0;0;39
$1;1;3363000;2;0;1500;47369;36900;13998;399;0;4074;4071;4069;4073;4067;4070;4072;4071;4072;0;0;0;44
$1;1;3364000;2;0;1500;47368;36900;14002;399;0;4074;4071;4069;4073;4066;4071;4072;4071;4072;0;0;0;39
$1;1;3365000;2;0;1499;47372;36901;14006;398;0;4074;4071;4069;4073;4067;4071;4072;4071;4072;0;0;0;41
$1;1;3366000;2;0;1499;47371;36902;14010;398;0;4075;4071;4070;4073;4067;4071;4072;4071;4073;0;0;0;37
$1;1;3367000;2;0;1500;47370;36902;14014;398;0;4075;4071;4070;4073;4067;4071;4072;4071;4073;0;0;0;32
$1;128;3367000;300;111;14;11;11;13;9;12;14;13;14;0;0;0;41
$1;1;3368000;2;0;1499;47372;36902;14018;398;0;4075;4071;4070;4073;4067;4071;4072;4071;4073;0;0;0;32
$1;1;3369000;2;0;1498;47371;36903;14023;398;0;4075;4071;4070;4073;4067;4071;4072;4071;4073;0;0;0;42
$1;1;3370000;2;0;1500;47369;36903;14027;398;0;4075;4071;4070;4073;4067;4071;4072;4071;4073;0;0;0;47
$1;1;3371000;2;0;1499;47371;36903;14031;398;0;4075;4071;4070;4073;4067;4071;4073;4071;4073;0;0;0;32
$1;1;3372000;2;0;1501;47369;36905;14035;398;0;4075;4071;4070;4073;4067;4071;4073;4071;4073;0;0;0;40
$1;1;3373000;2;0;1500;47369;36905;14039;398;0;4075;4071;4070;4073;4067;4071;4073;4071;4073;0;0;0;36
$1;1;3374000;2;0;1498;47371;36905;14043;398;0;4075;4071;4070;4073;4067;4071;4073;4071;4073;0;0;0;39
$1;1;3375000;2;0;1500;47369;36906;14048;397;0;4075;4071;4070;4073;4067;4071;4073;4071;4073;0;0;0;40
$1;1;3376000;2;0;1457;47397;36893;14052;398;0;4075;4070;4070;4073;4067;4071;4072;4071;4073;0;0;0;32
$1;1;3377000;2;0;1495;47367;36905;14056;398;0;4075;4071;4070;4073;4067;4071;4073;4071;4073;0;0;0;42
$1;1;3378000;2;0;1501;47364;36908;14060;399;0;4075;4071;4070;4073;4067;4072;4073;4072;4073;0;0;0;35
$1;1;3379000;2;0;1500;47365;36908;14064;399;0;4075;4071;4070;4073;4067;4071;4073;4072;4073;0;0;0;37
$1;1;3380000;2;0;1500;47363;36908;14068;399;0;4075;4071;4070;4073;4068;4072;4073;4072;4073;0;0;0;37
$1;1;3381000;2;0;1500;47365;36909;14073;399;0;4076;4071;4071;4074;4068;4072;4073;4072;4073;0;0;0;44
$1;1;3382000;2;0;1500;47363;36910;14077;399;0;4076;4071;4071;4074;4068;4072;4073;4072;4074;0;0;0;34
$1;1;3383000;2;0;1499;47365;36910;14081;399;0;4076;4071;4071;4073;4068;4072;4073;4072;4074;0;0;0;42
$1;1;3384000;2;0;1500;47364;36910;14085;399;0;4076;4071;4071;4074;4068;4072;4074;4072;4074;0;0;0;41
$1;1;3385000;2;0;1500;47365;36911;14089;399;0;4076;4072;4071;4074;4068;4072;4074;4072;4074;0;0;0;39
$1;1;3386000;2;0;1500;47363;36911;14093;399;0;4076;4071;4071;4074;4068;4072;4074;4072;4074;0;0;0;42
$1;1;3387000;2;0;1500;47363;36912;14098;399;0;4076;4072;4071;4074;4068;4072;4074;4072;4074;0;0;0;32
$1;1;3388000;2;0;1499;47365;36912;14102;399;0;4076;4072;4071;4074;4068;4072;4074;4072;4074;0;0;0;42
$1;1;3389000;2;0;1498;47367;36912;14106;399;0;4076;4072;4071;4074;4068;4072;4074;4072;4074;0;0;0;44
$1;1;3390000;2;0;1499;47365;36913;14110;399;0;4076;4072;4071;4074;4068;4072;4074;4072;4074;0;0;0;33
$1;1;3391000;2;0;1501;47365;36914;14114;400;0;4076;4072;4071;4074;4068;4072;4074;4072;4074;0;0;0;36
$1;1;3392000;2;0;1500;47365;36915;14118;400;0;4076;4072;4071;4074;4068;4072;4074;4072;4074;0;0;0;43
$1;1;3393000;2;0;1499;47366;36915;14123;400;0;4076;4072;4072;4074;4068;4072;4074;4073;4075;0;0;0;35
$1;1;3394000;2;0;1501;47358;36916;14127;401;0;4076;4072;4072;4074;4068;4073;4074;4073;4075;0;0;0;46
$1;1;3395000;2;0;1500;47358;36916;14131;401;0;4076;4072;4071;4074;4069;4072;4074;4073;4075;0;0;0;42
$1;1;3396000;2;0;1500;47359;36917;14135;402;0;4076;4072;4071;4075;4068;4072;4074;4073;4075;0;0;0;46
$1;1;3397000;2;0;1499;47358;36918;14139;402;0;4077;4072;4072;4074;4069;4073;4074;4073;4075;0;0;0;47
$1;1;3398000;2;0;1500;47357;36919;14144;402;0;4077;4072;4072;4075;4069;4073;4074;4073;4075;0;0;0;36
$1;1;3399000;2;0;1501;47357;36919;14148;402;0;4077;4072;4072;4075;4069;4073;4074;4073;4075;0;0;0;40
$1;1;3400000;2;0;1501;47357;36920;14152;402;0;4077;4072;4072;4075;4069;4073;4074;4073;4075;0;0;0;46
$1;1;3401000;2;0;1499;47360;36920;14156;402;0;4077;4073;4072;4075;4069;4073;4075;4073;4075;0;0;0;47
$1;1;3402000;2;0;1501;47357;36922;14160;402;0;4077;4073;4072;4075;4069;4073;4075;4073;4075;0;0;0;47
$1;1;3403000;2;0;1500;47358;36922;14164;402;0;4077;4073;4072;4075;4069;4073;4075;4073;4075;0;0;0;36
$1;1;3404000;2;0;1498;47361;36922;14168;402;0;4077;4073;4072;4075;4069;4073;4075;4073;4075;0;0;0;37
$1;1;3405000;2;0;1499;47360;36922;14173;402;0;4077;4073;4072;4075;4069;4073;4075;4073;4075;0;0;0;46
$1;1;3406000;2;0;1501;47359;36923;14177;402;0;4077;4073;4072;4075;4069;4073;4075;4073;4075;0;0;0;34
$1;1;3407000;2;0;1501;47360;36924;14181;402;0;4077;4073;4072;4075;4069;4073;4075;4074;4075;0;0;0;32
$1;1;3408000;2;0;1499;47360;36924;14185;401;0;4077;4073;4072;4075;4070;4073;4075;4073;4076;0;0;0;36
$1;1;3409000;2;0;1500;47362;36925;14189;401;0;4077;4073;4072;4075;4070;4073;4075;4074;4076;0;0;0;44
$1;1;3410000;2;0;1501;47359;36925;14193;401;0;4077;4073;4073;4075;4070;4073;4075;4074;4076;0;0;0;39
$1;1;3411000;2;0;1501;47354;36926;14198;402;0;4077;4073;4073;4075;4070;4074;4075;4074;4076;0;0;0;39
$1;1;3412000;2;0;1499;47352;36925;14202;403;0;4077;4073;4073;4075;4070;4074;4075;4074;4076;0;0;0;32
$1;1;3413000;2;0;1500;47354;36926;14206;403;0;4078;4073;4073;4076;4070;4074;4075;4074;4076;0;0;0;45
$1;1;3414000;2;0;1500;47353;36927;14210;403;0;4078;4073;4073;4076;4070;4074;4075;4074;4076;0;0;0;43
$1;1;3415000;2;0;1500;47353;36928;14214;403;0;4078;4073;4073;4076;4070;4074;4076;4074;4076;0;0;0;34
$1;1;3416000;2;0;1499;47354;36928;14218;403;0;4078;4073;4073;4076;4070;4074;4076;4074;4076;0;0;0;43
$1;1;3417000;2;0;1499;47353;36928;14223;403;0;4078;4073;4073;4076;4070;4074;4076;4074;4076;0;0;0;37
$1;1;3418000;2;0;1501;47351;36930;14227;403;0;4078;4073;4073;4076;4070;4074;4076;4074;4076;0;0;0;37
$1;1;3419000;2;0;1501;47353;36932;14231;403;0;4078;4074;4073;4076;4070;4074;4076;4074;4076;0;0;0;36
$1;1;3420000;2;0;1498;47356;36931;14235;403;0;4078;4074;4073;4076;4070;4074;4076;4074;4076;0;0;0;45
$1;1;3421000;2;0;1500;47355;36933;14239;403;0;4078;4074;4073;4076;4070;4074;4076;4075;4076;0;0;0;32
$1;1;3422000;2;0;1498;47356;36932;14243;403;0;4078;4074;4073;4076;4070;4074;4076;4075;4076;0;0;0;44
$1;1;3423000;2;0;1498;47358;36933;14248;403;0;4078;4074;4073;4076;4070;4074;4076;4075;4076;0;0;0;41
$1;1;3424000;2;0;1498;47356;36934;14252;403;0;4078;4074;4073;4076;4070;4075;4076;4075;4076;0;0;0;45
$1;1;3425000;2;0;1500;47356;36934;14256;403;0;4079;4074;4073;4077;4071;4075;4076;4075;4077;0;0;0;40
$1;1;3426000;2;0;1501;47355;36936;14260;403;0;4079;4074;4074;4077;4071;4075;4076;4075;4077;0;0;0;41
$1;1;3427000;2;0;1501;47355;36936;14264;403;0;4079;4074;4074;4077;4071;4075;4076;4075;4077;0;0;0;44
$1;128;3427000;299;112;15;11;11;13;10;12;14;13;13;0;0;0;22
$1;1;3428000;2;0;1499;47350;36936;14268;403;0;4079;4074;4074;4077;4071;4075;4076;4075;4077;0;0;0;42
$1;1;3429000;2;0;1500;47346;36938;14273;404;0;4079;4075;4074;4077;4071;4075;4076;4075;4077;0;0;0;47
$1;1;3430000;2;0;1499;47349;36938;14277;404;0;4079;4075;4074;4077;4071;4075;4077;4075;4077;0;0;0;44
$1;1;3431000;2;0;1501;47347;36939;14281;404;0;4079;4075;4074;4077;4071;4075;4077;4075;4077;0;0;0;43
$1;1;3432000;2;0;1501;47349;36940;14285;404;0;4079;4075;4074;4077;4071;4075;4076;4075;4077;0;0;0;45
$1;1;3433000;2;0;1500;47346;36941;14289;404;0;4079;4075;4074;4077;4071;4075;4077;4075;4077;0;0;0;46
$1;1;3434000;2;0;1499;47349;36941;14294;403;0;4079;4075;4074;4077;4071;4075;4077;4075;4077;0;0;0;44
$1;1;3435000;2;0;1498;47351;36941;14298;403;0;4079;4075;4074;4078;4071;4075;4077;4075;4077;0;0;0;38
$1;1;3436000;2;0;1499;47349;36942;14302;403;0;4079;4075;4074;4078;4071;4075;4077;4075;4077;0;0;0;44
$1;1;3437000;2;0;1499;47349;36943;14306;403;0;4079;4075;4074;4078;4071;4075;4077;4075;4077;0;0;0;40
$1;1;3438000;2;0;1500;47349;36945;14310;402;0;4080;4075;4074;4078;4072;4076;4077;4076;4077;0;0;0;35
$1;1;3439000;2;0;1500;47349;36945;14314;402;0;4080;4075;4074;4078;4072;4076;4077;4076;4077;0;0;0;38
$1;1;3440000;2;0;1500;47349;36945;14319;402;0;4080;4075;4074;4078;4072;4076;4077;4076;4077;0;0;0;37
$1;1;3441000;2;0;1499;47350;36946;14323;401;0;4080;4075;4075;4078;4072;4076;4077;4076;4077;0;0;0;37
$1;1;3442000;2;0;1499;47350;36946;14327;401;0;4080;4075;4075;4078;4072;4076;4077;4076;4078;0;0;0;45
$1;1;3443000;2;0;1500;47349;36947;14331;401;0;4080;4075;4075;4078;4072;4076;4077;4076;4078;0;0;0;35
$1;1;3444000;2;0;1498;47350;36947;14335;401;0;4080;4076;4075;4078;4072;4076;4078;4076;4078;0;0;0;36
$1;1;3445000;2;0;1500;47341;36948;14339;402;0;4080;4075;4075;4078;4072;4076;4078;4076;4078;0;0;0;38
$1;1;3446000;2;0;1500;47341;36949;14344;402;0;4080;4076;4075;4078;4072;4076;4078;4076;4078;0;0;0;45
$1;1;3447000;2;0;1500;47340;36950;14348;402;0;4080;4076;4075;4079;4072;4076;4078;4076;4078;0;0;0;40
$1;1;3448000;2;0;1499;47341;36950;14352;401;0;4080;4076;4075;4079;4072;4076;4078;4076;4078;0;0;0;47
$1;1;3449000;2;0;1500;47341;36951;14356;401;0;4080;4075;4075;4079;4072;4076;4078;4076;4078;0;0;0;41
$1;1;3450000;2;0;1499;47341;36951;14360;401;0;4080;4076;4075;4079;4072;4076;4078;4076;4078;0;0;0;38
$1;1;3451000;2;0;1500;47341;36953;14364;401;0;4080;4076;4075;4079;4072;4076;4078;4076;4078;0;0;0;32
$1;1;3452000;2;0;1499;47341;36952;14369;401;0;4080;4076;4075;4079;4072;4076;4078;4076;4078;0;0;0;46
$1;1;3453000;2;0;1500;47342;36952;14373;401;0;4080;4076;4075;4079;4072;4076;4078;4076;4078;0;0;0;38
$1;1;3454000;2;0;1501;47340;36954;14377;400;0;4081;4076;4075;4079;4073;4077;4078;4076;4078;0;0;0;32
$1;1;3455000;2;0;1499;47343;36954;14381;400;0;4081;4076;4075;4079;4073;4077;4078;4076;4078;0;0;0;43
$1;1;3456000;2;0;1500;47341;36955;14385;400;0;4081;4076;4076;4079;4073;4077;4078;4077;4078;0;0;0;44
$1;1;3457000;2;0;1498;47344;36955;14389;400;0;4081;4076;4076;4079;4073;4077;4078;4077;4079;0;0;0;37
$1;1;3458000;2;0;1499;47343;36957;14394;400;0;4081;4076;4076;4079;4073;4077;4078;4077;4079;0;0;0;34
$1;1;3459000;2;0;1500;47342;36958;14398;399;0;4081;4076;4076;4079;4073;4077;4079;4077;4079;0;0;0;38
$1;1;3460000;2;0;1489;47352;36954;14402;399;0;4081;4076;4076;4079;4073;4077;4078;4077;4078;0;0;0;37
$1;1;3461000;2;0;1497;47346;36957;14406;399;0;4081;4076;4076;4079;4073;4077;4079;4077;4079;0;0;0;41
$1;1;3462000;2;0;1500;47332;36958;14410;400;0;4081;4076;4076;4079;4073;4077;4079;4077;4079;0;0;0;41
$1;1;3463000;2;0;1499;47333;36958;14414;400;0;4081;4076;4076;4079;4073;4077;4079;4077;4079;0;0;0;44
$1;1;3464000;2;0;1498;47335;36958;14419;400;0;4081;4077;4076;4079;4073;4077;4079;4077;4079;0;0;0;32
$1;1;3465000;2;0;1499;47335;36959;14423;400;0;4081;4077;4076;4079;4073;4077;4079;4077;4079;0;0;0;40
$1;1;3466000;2;0;1499;47333;36960;14427;399;0;4081;4077;4076;4079;4073;4077;4079;4077;4079;0;0;0;36
$1;1;3467000;2;0;1498;47335;36960;14431;399;0;4081;4077;4076;4080;4073;4077;4079;4077;4079;0;0;0;35
$1;1;3468000;2;0;1499;47334;36961;14435;399;0;4081;4077;4076;4080;4074;4077;4079;4077;4079;0;0;0;46
$1;1;3469000;2;0;1498;47335;36962;14439;399;0;4082;4077;4076;4080;4073;4078;4079;4078;4079;0;0;0;36
$1;1;3470000;2;0;1499;47334;36962;14444;399;0;4082;4077;4076;4080;4074;4078;4079;4078;4079;0;0;0;33
$1;1;3471000;2;0;1498;47336;36963;14448;399;0;4082;4077;4077;4080;4074;4078;4079;4078;4079;0;0;0;47
$1;1;3472000;2;0;1500;47333;36964;14452;398;0;4082;4077;4077;4080;4074;4078;4079;4078;4079;0;0;0;36
$1;1;3473000;2;0;1500;47335;36965;14456;398;0;4082;4077;4077;4080;4074;4078;4079;4078;4079;0;0;0;38
$1;1;3474000;2;0;1499;47335;36964;14460;398;0;4082;4077;4077;4080;4074;4078;4079;4078;4080;0;0;0;34
$1;1;3475000;2;0;1499;47335;36965;14464;398;0;4082;4077;4077;4080;4074;4078;4079;4078;4080;0;0;0;38
$1;1;3476000;2;0;1499;47334;36966;14469;398;0;4082;4077;4077;4080;4074;4078;4079;4078;4080;0;0;0;42
$1;1;3477000;2;0;1499;47334;36966;14473;398;0;4082;4077;4077;4080;4074;4078;4079;4078;4080;0;0;0;32
$1;1;3478000;2;0;1498;47336;36967;14477;397;0;4082;4077;4077;4080;4074;4078;4080;4078;4080;0;0;0;32
$1;1;3479000;2;0;1499;47331;36967;14481;398;0;4082;4077;4077;4080;4074;4078;4079;4078;4080;0;0;0;39
$1;1;3480000;2;0;1501;47324;36969;14485;398;0;4082;4078;4077;4080;4074;4078;4080;4078;4080;0;0;0;38
$1;1;3481000;2;0;1500;47324;36969;14490;398;0;4082;4078;4077;4080;4074;4078;4080;4078;4080;0;0;0;34
$1;1;3482000;2;0;1499;47324;36970;14494;398;0;4082;4078;4077;4080;4074;4079;4080;4078;4080;0;0;0;45
$1;1;3483000;2;0;1501;47322;36970;14498;398;0;4082;4078;4077;4080;4074;4078;4080;4078;4080;0;0;0;39
$1;1;3484000;2;0;1499;47325;36970;14502;398;0;4082;4078;4077;4080;4074;4079;4080;4078;4080;0;0;0;36
$1;1;3485000;2;0;1501;47323;36971;14506;398;0;4083;4078;4077;4080;4074;4079;4080;4079;4080;0;0;0;38
$1;1;3486000;2;0;1499;47324;36971;14510;398;0;4083;4078;4078;4080;4075;4079;4080;4079;4080;0;0;0;43
$1;1;3487000;2;0;1500;47324;36971;14515;398;0;4083;4078;4078;4080;4075;4079;4080;4079;4080;0;0;0;46
$1;128;3487000;299;111;14;12;11;13;9;12;14;13;13;0;0;0;37
$1;1;3488000;2;0;1499;47325;36972;14519;398;0;4083;4078;4078;4080;4075;4079;4080;4079;4081;0;0;0;47
$1;1;3489000;2;0;1500;47326;36973;14523;398;0;4083;4078;4078;4080;4075;4079;4080;4079;4081;0;0;0;36
$1;1;3490000;2;0;1500;47322;36974;14527;397;0;4083;4079;4078;4081;4075;4079;4080;4079;4081;0;0;0;36
$1;1;3491000;2;0;1499;47323;36975;14531;397;0;4083;4079;4078;4081;4075;4079;4081;4079;4081;0;0;0;34
$1;1;3492000;2;0;1499;47324;36975;14535;397;0;4083;4079;4078;4081;4075;4079;4080;4079;4081;0;0;0;35
$1;1;3493000;2;0;1499;47325;36975;14540;397;0;4083;4079;4078;4081;4075;4079;4080;4079;4081;0;0;0;33
$1;1;3494000;2;0;1499;47327;36976;14544;397;0;4083;4079;4078;4081;4075;4079;4081;4079;4081;0;0;0;34
$1;1;3495000;2;0;1500;47325;36977;14548;397;0;4083;4079;4078;4081;4075;4079;4081;4079;4081;0;0;0;45
$1;1;3496000;2;0;1500;47325;36977;14552;396;0;4083;4079;4078;4081;4075;4079;4081;4079;4081;0;0;0;36
$1;1;3497000;2;0;1498;47321;36977;14556;397;0;4083;4079;4078;4081;4075;4079;4081;4079;4081;0;0;0;36
$1;1;3498000;2;0;1500;47317;36979;14560;397;0;4083;4079;4078;4081;4075;4079;4081;4079;4081;0;0;0;37
$1;1;3499000;2;0;1499;47316;36978;14565;397;0;4083;4079;4078;4081;4076;4080;4081;4079;4081;0;0;0;37
$1;1;3500000;2;0;1501;47315;36981;14569;397;0;4084;4079;4079;4081;4076;4080;4081;4080;4081;0;0;0;45
$1;1;3501000;2;0;1500;47315;36981;14573;397;0;4084;4079;4079;4081;4076;4080;4081;4080;4082;0;0;0;37
$1;1;3502000;2;0;1500;47315;36981;14577;397;0;4084;4079;4079;4081;4076;4080;4081;4080;4081;0;0;0;33
$1;1;3503000;2;0;1499;47316;36982;14581;397;0;4084;4079;4079;4081;4076;4080;4081;4080;4082;0;0;0;43
$1;1;3504000;2;0;1500;47317;36982;14586;397;0;4084;4079;4079;4081;4076;4080;4081;4080;4082;0;0;0;43
$1;1;3505000;2;0;1500;47317;36983;14590;397;0;4084;4079;4079;4081;4076;4080;4081;4080;4082;0;0;0;44
$1;1;3506000;2;0;1499;47318;36983;14594;397;0;4084;4079;4079;4082;4076;4080;4081;4080;4082;0;0;0;38
$1;1;3507000;2;0;1500;47316;36983;14598;397;0;4084;4080;4079;4081;4076;4080;4081;4080;4082;0;0;0;33
$1;1;3508000;2;0;1500;47316;36984;14602;397;0;4084;4080;4079;4082;4076;4080;4082;4080;4082;0;0;0;41
$1;1;3509000;2;0;1500;47315;36985;14606;397;0;4084;4080;4079;4082;4076;4080;4082;4080;4082;0;0;0;46
$1;1;3510000;2;0;1500;47317;36985;14611;396;0;4084;4080;4079;4082;4076;4080;4082;4080;4082;0;0;0;35
$1;1;3511000;2;0;1499;47317;36986;14615;396;0;4084;4080;4079;4082;4076;4080;4082;4080;4082;0;0;0;36
$1;1;3512000;2;0;1499;47317;36986;14619;396;0;4084;4080;4079;4082;4076;4080;4082;4080;4082;0;0;0;43
$1;1;3513000;2;0;1500;47317;36987;14623;396;0;4084;4080;4079;4082;4077;4080;4082;4080;4082;0;0;0;34
$1;1;3514000;2;0;1500;47317;36988;14627;396;0;4085;4080;4079;4082;4076;4081;4082;4080;4082;0;0;0;47
$1;1;3515000;2;0;1500;47311;36988;14631;397;0;4085;4080;4079;4082;4077;4080;4082;4081;4082;0;0;0;47
$1;1;3516000;2;0;1498;47310;36989;14636;397;0;4085;4080;4079;4082;4077;4081;4082;4081;4082;0;0;0;42
$1;1;3517000;2;0;1500;47307;36990;14640;397;0;4085;4080;4079;4082;4077;4081;4082;4081;4082;0;0;0;36
$1;1;3518000;2;0;1499;47307;36990;14644;397;0;4085;4080;4080;4082;4077;4081;4082;4081;4083;0;0;0;41
$1;1;3519000;2;0;1499;47309;36991;14648;397;0;4085;4080;4080;4082;4077;4081;4082;4081;4082;0;0;0;42
$1;1;3520000;2;0;1499;47309;36992;14652;397;0;4085;4080;4080;4082;4077;4081;4082;4081;4083;0;0;0;41
$1;1;3521000;2;0;1499;47309;36993;14656;397;0;4085;4080;4080;4083;4077;4081;4082;4081;4083;0;0;0;44
$1;1;3522000;2;0;1500;47309;36994;14661;397;0;4085;4081;4080;4083;4077;4081;4083;4081;4083;0;0;0;45
$1;1;3523000;2;0;1501;47309;36995;14665;397;0;4085;4081;4080;4083;4077;4081;4083;4081;4083;0;0;0;40
$1;1;3524000;2;0;1499;47309;36995;14669;397;0;4085;4081;4080;4083;4077;4081;4083;4081;4083;0;0;0;35
$1;1;3525000;2;0;1499;47309;36995;14673;397;0;4085;4081;4080;4083;4077;4081;4083;4081;4083;0;0;0;41
$1;1;3526000;2;0;1499;47309;36995;14677;397;0;4085;4081;4080;4083;4077;4081;4083;4081;4083;0;0;0;46
$1;1;3527000;2;0;1501;47307;36998;14681;397;0;4085;4081;4080;4083;4077;4081;4083;4081;4083;0;0;0;37
$1;1;3528000;2;0;1499;47310;36998;14686;397;0;4085;4081;4080;4083;4077;4082;4083;4082;4083;0;0;0;43
$1;1;3529000;2;0;1498;47311;36998;14690;397;0;4085;4081;4080;4083;4077;4081;4083;4081;4084;0;0;0;42
$1;1;3530000;2;0;1499;47313;36999;14694;397;0;4085;4081;4080;4084;4077;4082;4083;4082;4084;0;0;0;35
$1;1;3531000;2;0;1500;47310;37000;14698;397;0;4086;4081;4081;4084;4078;4082;4083;4082;4084;0;0;0;41
$1;1;3532000;2;0;1501;47309;37001;14702;397;0;4086;4081;4080;4084;4077;4082;4083;4082;4083;0;0;0;41
$1;1;3533000;2;0;1500;47303;37001;14706;398;0;4086;4081;4080;4084;4078;4082;4083;4082;4083;0;0;0;39
$1;1;3534000;2;0;1499;47302;37001;14711;398;0;4086;4082;4081;4084;4078;4082;4083;4082;4083;0;0;0;36
$1;1;3535000;2;0;1501;47300;37003;14715;398;0;4086;4082;4081;4084;4078;4082;4084;4082;4084;0;0;0;33
$1;1;3536000;2;0;1500;47301;37003;14719;398;0;4086;4081;4081;4084;4078;4082;4083;4082;4084;0;0;0;42
$1;1;3537000;2;0;1499;47302;37003;14723;398;0;4086;4082;4081;4084;4078;4082;4083;4082;4084;0;0;0;35
$1;1;3538000;2;0;1462;47332;36993;14727;397;0;4085;4082;4081;4084;4078;4082;4083;4082;4084;0;0;0;34
$1;1;3539000;2;0;1493;47310;37003;14731;397;0;4086;4082;4081;4084;4078;4082;4084;4082;4084;0;0;0;47
$1;1;3540000;2;0;1499;47302;37006;14736;397;0;4086;4082;4081;4084;4078;4082;4084;4082;4084;0;0;0;42
$1;1;3541000;2;0;1500;47303;37006;14740;397;0;4086;4082;4081;4085;4078;4082;4084;4082;4084;0;0;0;43
$1;1;3542000;2;0;1499;47302;37007;14744;397;0;4086;4082;4081;4084;4078;4082;4084;4082;4084;0;0;0;44
$1;1;3543000;2;0;1498;47304;37007;14748;397;0;4086;4082;4081;4085;4078;4082;4084;4082;4084;0;0;0;39
$1;1;3544000;2;0;1487;47316;37004;14752;396;0;4086;4082;4081;4085;4078;4082;4084;4082;4084;0;0;0;36
$1;1;3545000;2;0;1499;47304;37008;14756;396;0;4086;4082;4081;4085;4078;4082;4084;4082;4085;0;0;0;32
$1;1;3546000;2;0;1499;47304;37009;14761;396;0;4086;4082;4081;4085;4079;4083;4084;4083;4085;0;0;0;39
$1;1;3547000;2;0;1501;47301;37010;14765;396;0;4087;4082;4081;4085;4079;4083;4084;4083;4085;0;0;0;46
$1;128;3547000;300;115;16;12;11;14;10;12;14;12;14;0;0;0;22
$1;1;3548000;2;0;1500;47304;37010;14769;396;0;4087;4082;4081;4085;4079;4083;4084;4083;4085;0;0;0;41
$1;1;3549000;2;0;1485;47319;37006;14773;395;0;4086;4082;4081;4085;4079;4083;4084;4082;4084;0;0;0;38
$1;1;3550000;2;0;1497;47309;37011;14777;395;0;4087;4083;4082;4085;4079;4083;4084;4083;4085;0;0;0;45
$1;1;3551000;2;0;1500;47295;37012;14781;396;0;4087;4083;4082;4085;4079;4083;4085;4083;4085;0;0;0;47
$1;1;3552000;2;0;1498;47297;37012;14786;396;0;4087;4083;4082;4085;4079;4083;4085;4083;4085;0;0;0;41
$1;1;3553000;2;0;1500;47293;37013;14790;396;0;4087;4083;4082;4085;4079;4083;4085;4083;4085;0;0;0;42
$1;1;3554000;2;0;1499;47295;37013;14794;396;0;4087;4083;4082;4085;4079;4083;4085;4083;4085;0;0;0;46
$1;1;3555000;2;0;1501;47293;37014;14798;396;0;4087;4083;4082;4085;4079;4083;4085;4083;4085;0;0;0;34
$1;1;3556000;2;0;1498;47296;37014;14802;396;0;4087;4083;4082;4086;4079;4083;4085;4083;4085;0;0;0;42
$1;1;3557000;2;0;1500;47294;37016;14806;396;0;4087;4083;4082;4085;4079;4083;4085;4083;4085;0;0;0;44
$1;1;3558000;2;0;1500;47294;37016;14811;395;0;4087;4083;4082;4086;4079;4083;4085;4083;4085;0;0;0;37
$1;1;3559000;2;0;1500;47294;37017;14815;395;0;4087;4083;4082;4086;4079;4084;4085;4083;4085;0;0;0;38
$1;1;3560000;2;0;1500;47293;37018;14819;395;0;4087;4083;4082;4086;4080;4083;4085;4084;4085;0;0;0;46
$1;1;3561000;2;0;1499;47295;37018;14823;395;0;4088;4083;4082;4086;4079;4084;4085;4084;4085;0;0;0;47
$1;1;3562000;2;0;1501;47293;37019;14827;395;0;4088;4083;4082;4086;4079;4084;4085;4084;4086;0;0;0;44
$1;1;3563000;2;0;1499;47294;37019;14831;394;0;4088;4083;4082;4086;4080;4084;4085;4084;4086;0;0;0;42
$1;1;3564000;2;0;1499;47293;37019;14836;394;0;4088;4084;4082;4086;4080;4084;4085;4084;4086;0;0;0;42
$1;1;3565000;2;0;1500;47293;37019;14840;394;0;4088;4084;4082;4086;4080;4084;4085;4084;4086;0;0;0;43
$1;1;3566000;2;0;1499;47294;37020;14844;394;0;4088;4084;4082;4087;4080;4084;4085;4084;4086;0;0;0;33
$1;1;3567000;2;0;1498;47296;37020;14848;394;0;4088;4084;4082;4086;4080;4084;4085;4084;4086;0;0;0;46
$1;1;3568000;2;0;1498;47287;37021;14852;395;0;4088;4084;4082;4086;4080;4084;4086;4084;4086;0;0;0;41
$1;1;3569000;2;0;1501;47284;37022;14857;395;0;4088;4084;4083;4086;4080;4084;4086;4084;4086;0;0;0;45
$1;1;3570000;2;0;1499;47284;37023;14861;395;0;4088;4084;4083;4086;4080;4084;4086;4084;4086;0;0;0;33
$1;1;3571000;2;0;1499;47285;37023;14865;395;0;4088;4084;4083;4087;4080;4084;4086;4084;4086;0;0;0;36
$1;1;3572000;2;0;1499;47286;37024;14869;395;0;4088;4084;4083;4087;4080;4084;4086;4084;4086;0;0;0;47
$1;1;3573000;2;0;1501;47284;37025;14873;395;0;4088;4084;4083;4087;4080;4084;4086;4084;4086;0;0;0;38
$1;1;3574000;2;0;1499;47284;37026;14877;395;0;4088;4084;4083;4087;4080;4085;4086;4084;4086;0;0;0;39
$1;1;3575000;2;0;1501;47285;37027;14881;395;0;4089;4084;4083;4087;4080;4085;4086;4084;4086;0;0;0;46
$1;1;3576000;2;0;1501;47285;37027;14886;394;0;4089;4084;4083;4086;4081;4085;4086;4084;4087;0;0;0;42
$1;1;3577000;2;0;1498;47290;37027;14890;394;0;4089;4085;4083;4087;4081;4085;4086;4085;4086;0;0;0;41
$1;1;3578000;2;0;1499;47287;37027;14894;394;0;4089;4085;4083;4087;4081;4085;4086;4085;4087;0;0;0;36
$1;1;3579000;2;0;1498;47287;37028;14898;394;0;4089;4084;4084;4087;4081;4085;4086;4085;4086;0;0;0;32
$1;1;3580000;2;0;1498;47290;37028;14902;394;0;4089;4085;4083;4087;4081;4085;4086;4085;4087;0;0;0;37
$1;1;3581000;2;0;1498;47290;37029;14906;394;0;4089;4085;4084;4087;4081;4085;4086;4085;4087;0;0;0;38
$1;1;3582000;2;0;1499;47286;37029;14911;394;0;4089;4085;4084;4087;4081;4085;4086;4085;4087;0;0;0;37
$1;1;3583000;2;0;1501;47284;37031;14915;393;0;4089;4085;4084;4087;4081;4085;4086;4085;4087;0;0;0;44
$1;1;3584000;2;0;1499;47285;37031;14919;393;0;4089;4085;4084;4087;4081;4085;4087;4085;4087;0;0;0;39
$1;1;3585000;2;0;1500;47284;37031;14923;393;0;4089;4085;4084;4087;4081;4085;4087;4085;4087;0;0;0;47
$1;1;3586000;2;0;1501;47284;37031;14927;393;0;4089;4085;4084;4087;4081;4085;4087;4085;4087;0;0;0;41
$1;1;3587000;2;0;1499;47280;37031;14932;394;0;4089;4085;4084;4087;4081;4085;4087;4085;4087;0;0;0;47
$1;1;3588000;2;0;1501;47279;37032;14936;393;0;4089;4085;4084;4087;4081;4085;4087;4085;4087;0;0;0;38
$1;1;3589000;2;0;1498;47281;37032;14940;393;0;4089;4085;4084;4087;4081;4085;4087;4085;4087;0;0;0;32
$1;1;3590000;2;0;1499;47281;37033;14944;393;0;4089;4085;4084;4087;4081;4086;4087;4086;4087;0;0;0;44
$1;1;3591000;2;0;1499;47281;37034;14948;393;0;4090;4086;4084;4087;4081;4086;4087;4086;4087;0;0;0;45
$1;1;3592000;2;0;1499;47281;37034;14952;393;0;4090;4086;4084;4087;4082;4086;4087;4086;4087;0;0;0;38
$1;1;3593000;2;0;1499;47280;37035;14957;393;0;4090;4085;4084;4087;4082;4086;4087;4086;4088;0;0;0;46
$1;1;3594000;2;0;1500;47281;37035;14961;393;0;4090;4085;4085;4088;4082;4086;4087;4086;4088;0;0;0;34
$1;1;3595000;2;0;1500;47281;37037;14965;393;0;4090;4086;4085;4087;4082;4086;4087;4086;4088;0;0;0;41
$1;1;3596000;2;0;1499;47282;37037;14969;393;0;4090;4086;4085;4088;4082;4086;4087;4086;4088;0;0;0;43
$1;1;3597000;2;0;1499;47280;37038;14973;393;0;4090;4086;4085;4088;4082;4086;4088;4086;4088;0;0;0;35
$1;1;3598000;2;0;1499;47280;37038;14977;393;0;4090;4086;4085;4088;4082;4086;4088;4086;4088;0;0;0;40
$1;1;3599000;2;0;1499;47280;37039;14982;393;0;4090;4086;4085;4088;4082;4086;4088;4086;4088;0;0;0;34
$1;1;3600000;2;0;1499;47282;37040;14986;393;0;4090;4086;4085;4088;4082;4086;4088;4086;4088;0;0;0;41
$1;1;3601000;2;0;1499;47280;37040;14990;393;0;4090;4086;4085;4088;4082;4086;4088;4086;4088;0;0;0;45
$1;1;3602000;2;0;1499;47284;37040;14994;393;0;4090;4086;4085;4088;4082;4086;4088;4086;4088;0;0;0;46
$1;1;3603000;2;0;1499;47282;37041;14998;393;0;4090;4086;4085;4088;4082;4086;4088;4086;4088;0;0;0;36
$1;1;3604000;2;0;1499;47284;37042;15002;393;0;4090;4086;4085;4088;4082;4087;4088;4087;4088;0;0;0;45
$1;1;3605000;2;0;1499;47276;37042;15007;394;0;4090;4086;4085;4088;4082;4087;4088;4086;4088;0;0;0;34
$1;1;3606000;2;0;1501;47272;37043;15011;395;0;4091;4086;4085;4088;4082;4087;4088;4086;4088;0;0;0;35
$1;1;3607000;2;0;1499;47274;37043;15015;396;0;4091;4086;4085;4088;4082;4087;4088;4087;4088;0;0;0;34
$1;1;3608000;2;0;1499;47275;37043;15019;396;0;4091;4087;4086;4089;4082;4087;4089;4087;4089;0;0;0;35
$1;128;3608000;299;109;14;11;11;13;10;11;14;12;13;0;0;0;16
$1;1;3609000;2;0;1500;47275;37045;15023;396;0;4091;4087;4086;4089;4082;4087;4089;4087;4089;0;0;0;44
$1;1;3610000;2;0;1499;47274;37045;15027;396;0;4091;4087;4086;4089;4083;4087;4089;4087;4089;0;0;0;33
$1;1;3611000;2;0;1498;47278;37045;15032;397;0;4091;4087;4086;4089;4082;4087;4089;4087;4089;0;0;0;41
$1;1;3612000;2;0;1499;47275;37046;15036;397;0;4091;4087;4086;4089;4082;4087;4089;4087;4089;0;0;0;33
$1;1;3613000;2;0;1498;47275;37047;15040;397;0;4091;4087;4086;4089;4083;4087;4089;4087;4089;0;0;0;32
$1;1;3614000;2;0;1499;47277;37048;15044;398;0;4091;4087;4086;4089;4083;4087;4089;4087;4089;0;0;0;32
$1;1;3615000;2;0;1499;47275;37048;15048;398;0;4091;4087;4086;4089;4083;4087;4089;4087;4089;0;0;0;47
$1;1;3616000;2;0;1499;47276;37049;15052;398;0;4091;4087;4086;4089;4083;4087;4089;4087;4089;0;0;0;37
$1;1;3617000;2;0;1500;47275;37049;15057;398;0;4091;4087;4086;4089;4083;4087;4089;4087;4089;0;0;0;35
$1;1;3618000;2;0;1500;47277;37050;15061;399;0;4091;4087;4086;4090;4083;4087;4089;4088;4089;0;0;0;37
$1;1;3619000;2;0;1500;47277;37051;15065;399;0;4092;4088;4086;4090;4083;4087;4090;4088;4089;0;0;0;37
$1;1;3620000;2;0;1501;47272;37052;15069;399;0;4092;4088;4086;4090;4083;4087;4090;4088;4089;0;0;0;36
$1;1;3621000;2;0;1500;47277;37053;15073;400;0;4092;4087;4086;4090;4083;4087;4090;4088;4089;0;0;0;35
$1;1;3622000;2;0;1498;47277;37053;15077;400;0;4092;4087;4086;4090;4083;4088;4090;4088;4090;0;0;0;35
$1;1;3623000;2;0;1499;47270;37053;15082;402;0;4092;4088;4086;4090;4084;4087;4090;4088;4089;0;0;0;35
$1;1;3624000;2;0;1499;47269;37054;15086;403;0;4092;4088;4086;4090;4083;4088;4090;4088;4090;0;0;0;46
$1;1;3625000;2;0;1501;47267;37055;15090;403;0;4092;4088;4087;4090;4083;4088;4090;4088;4090;0;0;0;38
$1;1;3626000;2;0;1498;47269;37055;15094;404;0;4092;4088;4087;4090;4084;4088;4090;4088;4090;0;0;0;46
$1;1;3627000;2;0;1501;47268;37056;15098;405;0;4092;4088;4087;4090;4084;4088;4090;4088;4090;0;0;0;33
$1;1;3628000;2;0;1499;47269;37056;15102;405;0;4092;4088;4087;4090;4084;4088;4091;4088;4090;0;0;0;44
$1;1;3629000;2;0;1501;47267;37058;15107;406;0;4092;4088;4087;4091;4084;4088;4091;4088;4090;0;0;0;42
$1;1;3630000;2;0;1498;47269;37057;15111;406;0;4092;4088;4087;4090;4084;4088;4091;4088;4090;0;0;0;36
$1;1;3631000;2;0;1499;47268;37058;15115;407;0;4092;4088;4087;4090;4084;4088;4091;4088;4090;0;0;0;47
$1;1;3632000;2;0;1498;47270;37059;15119;407;0;4092;4089;4087;4091;4084;4088;4091;4088;4090;0;0;0;41
$1;1;3633000;2;0;1499;47268;37060;15123;407;0;4093;4088;4087;4091;4084;4088;4090;4089;4090;0;0;0;35
$1;1;3634000;2;0;1499;47269;37060;15127;408;0;4093;4088;4087;4090;4084;4088;4091;4089;4090;0;0;0;46
$1;1;3635000;2;0;1500;47269;37061;15132;408;0;4093;4089;4087;4091;4084;4089;4091;4089;4090;0;0;0;42
$1;1;3636000;2;0;1499;47269;37062;15136;409;0;4093;4089;4088;4091;4084;4089;4091;4089;4090;0;0;0;33
$1;1;3637000;2;0;1500;47269;37063;15140;409;0;4093;4089;4087;4091;4084;4089;4091;4089;4091;0;0;0;47
$1;1;3638000;2;0;1499;47269;37063;15144;409;0;4093;4089;4088;4091;4084;4089;4091;4089;4090;0;0;0;43
$1;1;3639000;2;0;1499;47268;37063;15148;409;0;4093;4089;4087;4091;4084;4089;4091;4089;4091;0;0;0;41
$1;1;3640000;2;0;1500;47262;37065;15152;410;0;4093;4089;4088;4091;4085;4089;4091;4089;4091;0;0;0;39
$1;1;3641000;2;0;1501;47260;37066;15157;411;0;4093;4089;4088;4091;4085;4089;4091;4089;4091;0;0;0;34
$1;1;3642000;2;0;1499;47261;37066;15161;411;0;4093;4089;4088;4091;4085;4089;4091;4089;4091;0;0;0;37
$1;1;3643000;2;0;1499;47261;37067;15165;411;0;4093;4089;4088;4091;4085;4089;4091;4089;4091;0;0;0;33
$1;1;3644000;2;0;1499;47263;37067;15169;411;0;4093;4089;4088;4092;4085;4089;4091;4089;4091;0;0;0;43
$1;1;3645000;2;0;1500;47261;37068;15173;411;0;4093;4089;4088;4092;4085;4089;4091;4089;4091;0;0;0;45
$1;1;3646000;2;0;1499;47264;37069;15177;412;0;4093;4089;4088;4092;4085;4089;4092;4089;4091;0;0;0;47
$1;1;3647000;2;0;1501;47261;37070;15182;412;0;4093;4089;4088;4092;4085;4089;4092;4090;4091;0;0;0;33
$1;1;3648000;2;0;1499;47265;37070;15186;412;0;4094;4089;4088;4092;4085;4089;4092;4090;4092;0;0;0;42
$1;1;3649000;2;0;1500;47264;37071;15190;412;0;4094;4090;4088;4092;4085;4090;4092;4090;4091;0;0;0;46
$1;1;3650000;2;0;1501;47263;37072;15194;411;0;4094;4089;4088;4092;4085;4089;4092;4090;4092;0;0;0;39
$1;1;3651000;2;0;1499;47264;37072;15198;411;0;4094;4090;4088;4092;4085;4090;4092;4090;4092;0;0;0;45
$1;1;3652000;2;0;1499;47265;37073;15202;411;0;4094;4090;4088;4092;4085;4090;4092;4090;4092;0;0;0;46
$1;1;3653000;2;0;1501;47263;37075;15207;411;0;4094;4090;4089;4092;4086;4090;4092;4090;4092;0;0;0;40
$1;1;3654000;2;0;1499;47268;37074;15211;411;0;4094;4090;4088;4092;4086;4090;4092;4090;4092;0;0;0;35
$1;1;3655000;2;0;1499;47263;37075;15215;411;0;4094;4090;4089;4093;4086;4090;4092;4090;4092;0;0;0;44
$1;1;3656000;2;0;1500;47256;37076;15219;412;0;4094;4090;4089;4093;4086;4090;4092;4090;4092;0;0;0;36
$1;1;3657000;2;0;1500;47256;37077;15223;412;0;4094;4090;4089;4093;4086;4090;4092;4090;4092;0;0;0;45
$1;1;3658000;2;0;1499;47255;37077;15228;412;0;4094;4090;4089;4093;4086;4090;4092;4090;4092;0;0;0;43
$1;1;3659000;2;0;1501;47256;37078;15232;412;0;4094;4090;4089;4093;4086;4090;4092;4090;4092;0;0;0;45
$1;1;3660000;2;0;1499;47259;37079;15236;412;0;4094;4090;4089;4093;4086;4090;4092;4090;4092;0;0;0;45
$1;1;3661000;2;0;1499;47256;37079;15240;412;0;4094;4090;4089;4093;4086;4090;4093;4090;4092;0;0;0;35
$1;1;3662000;2;0;1500;47257;37079;15244;412;0;4094;4090;4089;4093;4086;4090;4092;4090;4092;0;0;0;37
$1;1;3663000;2;0;1500;47255;37080;15249;411;0;4094;4090;4089;4093;4086;4090;4093;4091;4093;0;0;0;47
$1;1;3664000;2;0;1498;47260;37081;15253;411;0;4094;4090;4089;4093;4086;4090;4093;4091;4092;0;0;0;37
$1;1;3665000;2;0;1500;47257;37081;15257;411;0;4095;4090;4089;4093;4086;4090;4093;4091;4093;0;0;0;36
$1;1;3666000;2;0;1499;47258;37082;15261;411;0;4095;4090;4089;4093;4087;4090;4093;4091;4093;0;0;0;46
$1;1;3667000;2;0;1500;47260;37084;15265;411;0;4095;4090;4090;4094;4087;4090;4093;4091;4093;0;0;0;40
$1;1;3668000;2;0;1499;47261;37084;15269;411;0;4095;4091;4090;4094;4086;4091;4093;4091;4093;0;0;0;42
$1;128;3668000;302;112;15;12;11;13;10;12;13;12;14;0;0;0;30
$1;1;3669000;2;0;1499;47262;37084;15274;410;0;4095;4090;4090;4094;4087;4091;4093;4091;4093;0;0;0;37
$1;1;3670000;2;0;1499;47259;37085;15278;410;0;4095;4091;4090;4093;4087;4091;4093;4091;4093;0;0;0;46
$1;1;3671000;2;0;1500;47253;37086;15282;411;0;4095;4091;4090;4094;4087;4091;4093;4091;4093;0;0;0;36
$1;1;3672000;2;0;1501;47251;37086;15286;411;0;4095;4091;4090;4094;4087;4091;4093;4091;4093;0;0;0;32
$1;1;3673000;2;0;1501;47249;37087;15290;411;0;4095;4091;4090;4094;4087;4091;4093;4091;4093;0;0;0;46
$1;1;3674000;2;0;1501;47248;37088;15294;411;0;4095;4091;4090;4094;4087;4091;4093;4091;4093;0;0;0;35
$1;1;3675000;2;0;1499;47251;37088;15299;410;0;4095;4091;4090;4094;4087;4091;4093;4091;4093;0;0;0;38
$1;1;3676000;2;0;1500;47251;37089;15303;410;0;4095;4091;4090;4094;4087;4091;4093;4091;4093;0;0;0;39
$1;1;3677000;2;0;1501;47249;37089;15307;410;0;4095;4091;4090;4094;4087;4091;4094;4091;4093;0;0;0;45
$1;1;3678000;2;0;1500;47251;37090;15311;410;0;4096;4092;4090;4094;4087;4091;4093;4091;4093;0;0;0;34
$1;1;3679000;2;0;1499;47253;37090;15315;409;0;4096;4091;4090;4094;4087;4091;4094;4091;4094;0;0;0;47
$1;1;3680000;2;0;1499;47252;37091;15319;409;0;4096;4092;4090;4094;4087;4092;4094;4092;4093;0;0;0;33
$1;1;3681000;2;0;1498;47251;37091;15324;409;0;4096;4092;4091;4094;4088;4091;4094;4092;4094;0;0;0;38
$1;1;3682000;2;0;1500;47251;37091;15328;408;0;4096;4092;4091;4094;4087;4092;4094;4092;4094;0;0;0;36
$1;1;3683000;2;0;1499;47252;37092;15332;408;0;4096;4091;4091;4094;4088;4092;4094;4092;4094;0;0;0;35
$1;1;3684000;2;0;1501;47251;37093;15336;408;0;4096;4092;4091;4094;4088;4092;4094;4092;4094;0;0;0;33
$1;1;3685000;2;0;1500;47253;37093;15340;407;0;4096;4092;4091;4094;4088;4092;4094;4092;4094;0;0;0;45
$1;1;3686000;2;0;1498;47253;37093;15344;407;0;4096;4092;4091;4094;4088;4092;4094;4092;4094;0;0;0;42
$1;1;3687000;2;0;1501;47245;37094;15349;408;0;4096;4092;4091;4094;4088;4092;4094;4092;4094;0;0;0;40
$1;1;3688000;2;0;1499;47245;37094;15353;408;0;4096;4092;4091;4094;4088;4092;4094;4092;4094;0;0;0;44
$1;1;3689000;2;0;1499;47243;37094;15357;408;0;4096;4092;4091;4094;4088;4092;4094;4092;4094;0;0;0;47
$1;1;3690000;2;0;1499;47244;37095;15361;407;0;4096;4092;4091;4094;4088;4092;4094;4092;4094;0;0;0;43
$1;1;3691000;2;0;1500;47244;37096;15365;407;0;4096;4092;4091;4094;4088;4092;4094;4092;4094;0;0;0;44
$1;1;3692000;2;0;1500;47244;37096;15370;407;0;4096;4092;4091;4094;4088;4092;4094;4092;4094;0;0;0;43
$1;1;3693000;2;0;1499;47246;37096;15374;407;0;4096;4092;4091;4094;4088;4092;4094;4092;4094;0;0;0;45
$1;1;3694000;2;0;1499;47245;37097;15378;406;0;4097;4092;4091;4094;4088;4092;4094;4092;4094;0;0;0;36
$1;1;3695000;2;0;1498;47246;37097;15382;406;0;4097;4092;4091;4095;4088;4092;4094;4092;4094;0;0;0;35
$1;1;3696000;2;0;1499;47244;37098;15386;406;0;4097;4092;4091;4095;4088;4092;4094;4093;4095;0;0;0;40
$1;1;3697000;2;0;1500;47245;37099;15390;405;0;4097;4093;4091;4095;4088;4093;4094;4092;4094;0;0;0;44
$1;1;3698000;2;0;1500;47245;37099;15394;405;0;4097;4093;4092;4095;4089;4092;4094;4093;4095;0;0;0;36
$1;1;3699000;2;0;1498;47248;37099;15399;405;0;4097;4093;4092;4095;4089;4093;4094;4093;4095;0;0;0;36
$1;1;3700000;2;0;1500;47246;37101;15403;404;0;4097;4092;4092;4095;4089;4093;4095;4093;4095;0;0;0;46
$1;1;3701000;2;0;1499;47247;37101;15407;404;0;4097;4093;4092;4095;4089;4093;4095;4093;4095;0;0;0;42
$1;1;3702000;2;0;1500;47246;37101;15411;404;0;4097;4093;4092;4095;4089;4093;4095;4093;4095;0;0;0;46
$1;1;3703000;2;0;1499;47241;37101;15415;404;0;4097;4093;4092;4095;4089;4093;4095;4093;4095;0;0;0;45
$1;1;3704000;2;0;1499;47240;37102;15419;404;0;4097;4093;4092;4095;4089;4093;4095;4093;4095;0;0;0;36
$1;1;3705000;2;0;1501;47239;37103;15424;404;0;4097;4093;4092;4095;4089;4093;4095;4093;4095;0;0;0;36
$1;1;3706000;2;0;1499;47243;37103;15428;404;0;4097;4093;4092;4095;4089;4093;4095;4093;4095;0;0;0;38
$1;1;3707000;2;0;1500;47240;37103;15432;404;0;4097;4093;4092;4095;4089;4093;4095;4093;4095;0;0;0;46
$1;1;3708000;2;0;1499;47242;37104;15436;404;0;4098;4093;4092;4095;4089;4093;4095;4093;4095;0;0;0;46
$1;1;3709000;2;0;1499;47241;37104;15440;403;0;4098;4093;4092;4095;4089;4093;4095;4093;4095;0;0;0;42
$1;1;3710000;2;0;1499;47243;37105;15444;403;0;4098;4093;4092;4095;4089;4093;4095;4094;4095;0;0;0;34
$1;1;3711000;2;0;1501;47239;37107;15448;403;0;4098;4093;4092;4095;4090;4093;4095;4094;4096;0;0;0;43
$1;1;3712000;2;0;1499;47243;37107;15453;403;0;4098;4093;4092;4095;4090;4094;4095;4094;4096;0;0;0;40
$1;1;3713000;2;0;1501;47240;37108;15457;402;0;4098;4093;4092;4095;4090;4094;4095;4094;4096;0;0;0;32
$1;1;3714000;2;0;1500;47240;37108;15461;402;0;4098;4094;4092;4095;4090;4093;4095;4094;4096;0;0;0;35
$1;1;3715000;2;0;1500;47241;37109;15465;402;0;4098;4094;4093;4096;4090;4094;4095;4094;4096;0;0;0;35
$1;1;3716000;2;0;1501;47240;37110;15469;401;0;4098;4094;4093;4095;4090;4094;4095;4094;4096;0;0;0;36
$1;1;3717000;2;0;1499;47243;37110;15473;401;0;4098;4094;4093;4095;4090;4094;4095;4094;4096;0;0;0;45
$1;1;3718000;2;0;1501;47239;37111;15478;401;0;4098;4094;4093;4096;4090;4094;4096;4094;4096;0;0;0;37
$1;1;3719000;2;0;1501;47240;37112;15482;401;0;4098;4094;4093;4096;4090;4094;4096;4094;4096;0;0;0;44
$1;1;3720000;2;0;1499;47237;37112;15486;401;0;4098;4094;4093;4096;4090;4094;4095;4094;4096;0;0;0;33
$1;1;3721000;2;0;1498;47235;37113;15490;401;0;4098;4094;4093;4096;4090;4094;4096;4094;4096;0;0;0;38
$1;1;3722000;2;0;1499;47237;37113;15494;401;0;4098;4094;4093;4096;4090;4094;4096;4094;4096;0;0;0;34
$1;1;3723000;2;0;1500;47234;37114;15498;401;0;4099;4094;4093;4096;4090;4094;4096;4094;4096;0;0;0;43
$1;1;3724000;2;0;1498;47236;37114;15503;401;0;4099;4094;4093;4096;4090;4094;4096;4094;4096;0;0;0;45
$1;1;3725000;2;0;1501;47235;37115;15507;400;0;4099;4094;4093;4096;4090;4094;4096;4094;4096;0;0;0;42
$1;1;3726000;2;0;1498;47235;37115;15511;400;0;4099;4094;4093;4096;4091;4094;4096;4094;4096;0;0;0;46
$1;1;3727000;2;0;1499;47236;37115;15515;400;0;4099;4094;4093;4096;4090;4094;4096;4094;4097;0;0;0;41
$1;1;3728000;2;0;1501;47236;37117;15519;400;0;4099;4094;4093;4096;4091;4095;4096;4095;4097;0;0;0;41
$1;128;3728000;300;112;15;12;11;13;10;12;14;12;13;0;0;0;25
$1;1;3729000;2;0;1501;47234;37118;15523;400;0;4099;4095;4093;4096;4091;4095;4096;4095;4097;0;0;0;45
$1;1;3730000;2;0;1497;47237;37117;15528;400;0;4099;4095;4093;4097;4091;4095;4096;4095;4097;0;0;0;45
$1;1;3731000;2;0;1500;47236;37119;15532;400;0;4099;4095;4094;4097;4091;4095;4096;4095;4097;0;0;0;32
$1;1;3732000;2;0;1498;47237;37119;15536;399;0;4099;4095;4094;4097;4091;4095;4096;4095;4097;0;0;0;33
$1;1;3733000;2;0;1498;47236;37120;15540;399;0;4099;4095;4094;4097;4091;4095;4096;4095;4097;0;0;0;42
$1;1;3734000;2;0;1499;47234;37121;15544;399;0;4099;4095;4094;4097;4091;4095;4097;4095;4097;0;0;0;42
$1;1;3735000;2;0;1497;47237;37121;15548;398;0;4099;4095;4094;4097;4091;4095;4097;4095;4097;0;0;0;43
$1;1;3736000;2;0;1501;47234;37123;15553;398;0;4099;4095;4094;4097;4091;4095;4097;4095;4097;0;0;0;45
$1;1;3737000;2;0;1497;47234;37123;15557;398;0;4099;4095;4094;4097;4091;4095;4097;4095;4097;0;0;0;38
$1;1;3738000;2;0;1497;47230;37123;15561;399;0;4099;4095;4094;4097;4091;4095;4097;4095;4097;0;0;0;41
$1;1;3739000;2;0;1498;47230;37124;15565;399;0;4099;4095;4094;4097;4091;4095;4097;4095;4097;0;0;0;36
$1;1;3740000;2;0;1497;47232;37124;15569;399;0;4100;4095;4094;4097;4091;4095;4097;4095;4097;0;0;0;42
$1;1;3741000;2;0;1499;47232;37126;15573;399;0;4100;4095;4094;4097;4092;4095;4097;4096;4097;0;0;0;44
$1;1;3742000;2;0;1490;47234;37124;15578;398;0;4100;4095;4094;4097;4091;4095;4097;4095;4098;0;0;0;39
$1;1;3743000;2;0;1495;47232;37126;15582;398;0;4100;4095;4094;4098;4091;4096;4097;4095;4098;0;0;0;46
$1;1;3744000;2;0;1485;47239;37122;15586;398;0;4100;4095;4094;4097;4091;4095;4097;4095;4097;0;0;0;32
$1;1;3745000;2;0;1487;47236;37123;15590;398;0;4100;4095;4094;4097;4091;4096;4097;4095;4098;0;0;0;38
$1;1;3746000;2;0;1492;47235;37127;15594;398;0;4100;4095;4094;4098;4092;4096;4097;4095;4098;0;0;0;46
$1;1;3747000;2;0;1482;47242;37123;15598;398;0;4100;4095;4094;4098;4092;4096;4097;4095;4098;0;0;0;38
$1;1;3748000;2;0;1475;47246;37120;15602;397;0;4100;4095;4094;4097;4092;4095;4097;4095;4097;0;0;0;42
$1;1;3749000;2;0;1476;47246;37121;15606;397;0;4100;4095;4094;4097;4092;4096;4097;4095;4098;0;0;0;33
$1;1;3750000;2;0;1475;47249;37121;15610;397;0;4100;4096;4094;4097;4092;4096;4097;4096;4097;0;0;0;45
$1;1;3751000;2;0;1478;47244;37123;15614;397;0;4100;4095;4095;4097;4092;4095;4097;4096;4098;0;0;0;36
$1;1;3752000;2;0;1466;47254;37120;15619;396;0;4100;4095;4095;4097;4092;4096;4097;4096;4097;0;0;0;42
$1;1;3753000;2;0;1468;47253;37121;15623;396;0;4100;4095;4094;4097;4092;4096;4097;4096;4098;0;0;0;36
$1;1;3754000;2;0;1470;47252;37121;15627;396;0;4100;4096;4095;4097;4092;4095;4097;4096;4098;0;0;0;46
$1;1;3755000;2;0;1469;47247;37121;15631;396;0;4100;4096;4094;4097;4092;4096;4097;4096;4098;0;0;0;38
$1;1;3756000;2;0;1475;47242;37124;15635;397;0;4100;4096;4095;4097;4092;4096;4097;4096;4098;0;0;0;44
$1;1;3757000;2;0;1448;47263;37118;15639;397;0;4100;4096;4094;4098;4092;4096;4097;4096;4098;0;0;0;45
$1;1;3758000;2;0;1454;47260;37119;15643;397;0;4100;4096;4094;4097;4092;4096;4097;4096;4098;0;0;0;47
$1;1;3759000;2;0;1454;47260;37120;15647;396;0;4100;4096;4095;4098;4092;4096;4097;4096;4098;0;0;0;47
$1;1;3760000;2;0;1452;47261;37120;15651;396;0;4100;4095;4095;4098;4092;4096;4097;4096;4098;0;0;0;38
$1;1;3761000;2;0;1439;47275;37117;15655;396;0;4100;4095;4095;4098;4092;4096;4097;4096;4098;0;0;0;47
$1;1;3762000;2;0;1438;47274;37117;15659;396;0;4100;4096;4095;4098;4092;4096;4097;4096;4098;0;0;0;35
$1;1;3763000;2;0;1450;47263;37119;15663;396;0;4100;4096;4095;4098;4092;4096;4097;4096;4098;0;0;0;45
$1;1;3764000;2;0;1436;47277;37117;15667;395;0;4100;4096;4095;4098;4092;4096;4097;4096;4098;0;0;0;38
$1;1;3765000;2;0;1446;47269;37120;15671;395;0;4100;4096;4095;4098;4092;4096;4097;4096;4098;0;0;0;44
$1;1;3766000;2;0;1430;47285;37115;15675;395;0;4100;4095;4094;4098;4092;4096;4097;4096;4098;0;0;0;44
$1;1;3767000;2;0;1429;47285;37117;15679;395;0;4100;4096;4095;4098;4092;4096;4097;4096;4098;0;0;0;41
$1;1;3768000;2;0;1426;47292;37117;15683;394;0;4100;4096;4095;4098;4092;4096;4097;4096;4098;0;0;0;43
$1;1;3769000;2;0;1409;47311;37112;15687;394;0;4100;4095;4095;4098;4092;4095;4097;4096;4098;0;0;0;44
$1;1;3770000;2;0;1423;47297;37116;15691;394;0;4100;4096;4095;4098;4092;4096;4097;4096;4098;0;0;0;32
$1;1;3771000;2;0;1425;47293;37117;15695;394;0;4100;4096;4095;4098;4092;4096;4097;4096;4098;0;0;0;38
$1;1;3772000;2;0;1403;47320;37110;15699;393;0;4100;4095;4095;4098;4092;4096;4097;4096;4097;0;0;0;40
$1;1;3773000;2;0;1408;47309;37112;15703;394;0;4100;4096;4095;4098;4092;4096;4097;4096;4098;0;0;0;34
$1;1;3774000;2;0;1414;47299;37115;15707;394;0;4100;4096;4095;4098;4092;4096;4097;4096;4098;0;0;0;35
$1;1;3775000;2;0;1407;47306;37113;15710;394;0;4100;4096;4095;4098;4092;4096;4097;4096;4098;0;0;0;39
$1;1;3776000;2;0;1406;47307;37113;15714;394;0;4100;4096;4095;4098;4092;4096;4097;4096;4098;0;0;0;32
$1;1;3777000;2;0;1398;47317;37111;15718;394;0;4100;4096;4095;4098;4092;4096;4097;4096;4098;0;0;0;46
$1;1;3778000;2;0;1404;47311;37114;15722;394;0;4100;4096;4095;4098;4092;4096;4097;4096;4098;0;0;0;41
$1;1;3779000;2;0;1399;47319;37112;15726;394;0;4100;4096;4095;4098;4092;4096;4097;4096;4098;0;0;0;33
$1;1;3780000;2;0;1388;47334;37107;15730;393;0;4100;4096;4095;4097;4092;4096;4097;4096;4098;0;0;0;35
$1;1;3781000;2;0;1382;47340;37105;15734;393;0;4100;4095;4095;4097;4092;4096;4097;4096;4097;0;0;0;33
$1;1;3782000;2;0;1386;47337;37106;15738;393;0;4100;4095;4095;4097;4092;4096;4097;4096;4098;0;0;0;38
$1;1;3783000;2;0;1385;47338;37107;15741;393;0;4100;4096;4094;4097;4092;4096;4097;4096;4097;0;0;0;41
$1;1;3784000;2;0;1385;47339;37107;15745;392;0;4100;4096;4095;4097;4092;4096;4097;4096;4098;0;0;0;36
$1;1;3785000;2;0;1381;47345;37107;15749;392;0;4100;4096;4095;4097;4092;4096;4097;4096;4097;0;0;0;41
$1;1;3786000;2;0;1382;47344;37107;15753;392;0;4100;4096;4095;4097;4092;4096;4097;4096;4098;0;0;0;44
$1;1;3787000;2;0;1371;47356;37104;15757;392;0;4100;4095;4095;4097;4092;4096;4097;4096;4098;0;0;0;38
$1;1;3788000;2;0;1372;47356;37104;15761;392;0;4100;4096;4095;4097;4092;4096;4097;4096;4098;0;0;0;44
$1;128;3788000;299;110;14;12;11;13;10;12;13;12;13;0;0;0;22
$1;1;3789000;2;0;1365;47362;37103;15764;391;0;4100;4096;4095;4097;4092;4096;4097;4096;4098;0;0;0;45
$1;1;3790000;2;0;1369;47360;37104;15768;391;0;4100;4096;4095;4097;4092;4096;4097;4096;4098;0;0;0;32
$1;1;3791000;2;0;1377;47350;37107;15772;391;0;4100;4096;4095;4097;4092;4096;4097;4096;4098;0;0;0;37
$1;1;3792000;2;0;1378;47345;37108;15776;392;0;4100;4096;4095;4097;4092;4096;4097;4096;4098;0;0;0;37
$1;1;3793000;2;0;1374;47348;37106;15780;392;0;4100;4096;4095;4098;4093;4096;4097;4096;4098;0;0;0;44
$1;1;3794000;2;0;1381;47341;37109;15783;392;0;4100;4096;4095;4098;4092;4096;4097;4096;4098;0;0;0;37
$1;1;3795000;2;0;1378;47345;37108;15787;392;0;4100;4096;4095;4098;4093;4096;4097;4096;4098;0;0;0;34
$1;1;3796000;2;0;1377;47348;37108;15791;392;0;4100;4096;4095;4098;4092;4096;4097;4096;4098;0;0;0;37
$1;1;3797000;2;0;1362;47362;37104;15795;391;0;4100;4096;4095;4097;4093;4096;4097;4096;4098;0;0;0;45
$1;1;3798000;2;0;1360;47363;37104;15799;391;0;4100;4096;4095;4098;4093;4096;4097;4096;4098;0;0;0;34
$1;1;3799000;2;0;1353;47371;37103;15803;391;0;4100;4096;4095;4098;4092;4096;4097;4096;4098;0;0;0;42
$1;1;3800000;2;0;1359;47367;37104;15806;391;0;4100;4096;4095;4098;4092;4096;4097;4096;4098;0;0;0;42
$1;1;3801000;2;0;1359;47367;37105;15810;391;0;4100;4096;4095;4097;4093;4096;4097;4096;4098;0;0;0;35
$1;1;3802000;2;0;1359;47367;37105;15814;391;0;4100;4096;4095;4098;4093;4096;4097;4096;4098;0;0;0;43
$1;1;3803000;2;0;1358;47368;37105;15818;391;0;4100;4096;4095;4098;4093;4096;4097;4096;4098;0;0;0;40
$1;1;3804000;2;0;1345;47380;37103;15821;390;0;4100;4095;4095;4098;4093;4096;4097;4096;4098;0;0;0;43
$1;1;3805000;2;0;1356;47370;37105;15825;390;0;4100;4096;4095;4098;4093;4096;4097;4096;4098;0;0;0;38
$1;1;3806000;2;0;1366;47361;37108;15829;390;0;4100;4096;4095;4098;4093;4096;4097;4096;4098;0;0;0;39
$1;1;3807000;2;0;1359;47368;37106;15833;390;0;4100;4096;4095;4098;4093;4096;4097;4096;4098;0;0;0;38
$1;1;3808000;2;0;1350;47377;37105;15836;390;0;4100;4096;4095;4098;4093;4096;4097;4096;4098;0;0;0;40
$1;1;3809000;2;0;1356;47371;37107;15840;390;0;4100;4096;4095;4098;4093;4096;4097;4096;4098;0;0;0;42
$1;1;3810000;2;0;1353;47371;37105;15844;390;0;4100;4096;4095;4098;4093;4096;4097;4096;4098;0;0;0;33
$1;1;3811000;2;0;1355;47366;37106;15848;390;0;4100;4097;4095;4098;4093;4096;4097;4096;4098;0;0;0;46
$1;1;3812000;2;0;1355;47367;37106;15851;390;0;4100;4096;4095;4098;4093;4096;4098;4096;4098;0;0;0;42
$1;1;3813000;2;0;1366;47355;37111;15855;391;0;4100;4096;4096;4098;4093;4097;4098;4097;4098;0;0;0;42
$1;1;3814000;2;0;1360;47361;37109;15859;391;0;4100;4096;4096;4098;4093;4096;4098;4097;4098;0;0;0;40
$1;1;3815000;2;0;1349;47372;37107;15863;391;0;4100;4096;4095;4098;4093;4097;4098;4096;4098;0;0;0;36
$1;1;3816000;2;0;1353;47370;37108;15866;391;0;4100;4096;4096;4098;4093;4097;4098;4097;4098;0;0;0;38
$1;1;3817000;2;0;1336;47387;37104;15870;391;0;4100;4096;4095;4098;4093;4096;4098;4096;4098;0;0;0;36
$1;1;3818000;2;0;1349;47374;37107;15874;391;0;4100;4096;4095;4098;4093;4097;4098;4097;4098;0;0;0;40
$1;1;3819000;2;0;1345;47378;37107;15878;391;0;4100;4096;4096;4098;4093;4097;4098;4096;4098;0;0;0;39
$1;1;3820000;2;0;1336;47386;37106;15881;391;0;4100;4096;4096;4098;4093;4097;4098;4097;4098;0;0;0;46
$1;1;3821000;2;0;1344;47381;37108;15885;391;0;4100;4097;4096;4098;4093;4097;4098;4097;4098;0;0;0;38
$1;1;3822000;2;0;1333;47390;37105;15889;391;0;4100;4097;4096;4098;4093;4097;4098;4097;4098;0;0;0;36
$1;1;3823000;2;0;1343;47382;37107;15893;391;0;4100;4096;4096;4098;4093;4097;4098;4097;4098;0;0;0;41
$1;1;3824000;2;0;1336;47386;37106;15896;391;0;4100;4097;4096;4098;4093;4097;4098;4097;4098;0;0;0;45
$1;1;3825000;2;0;1329;47395;37104;15900;391;0;4100;4096;4095;4098;4093;4097;4098;4097;4098;0;0;0;46
$1;1;3826000;2;0;1322;47398;37103;15904;391;0;4100;4097;4095;4098;4093;4097;4098;4097;4098;0;0;0;41
$1;1;3827000;2;0;1321;47400;37103;15907;391;0;4100;4096;4096;4098;4093;4097;4098;4097;4098;0;0;0;44
$1;1;3828000;2;0;1322;47399;37104;15911;391;0;4100;4097;4095;4099;4093;4097;4097;4097;4098;0;0;0;43
$1;1;3829000;2;0;1310;47406;37101;15915;391;0;4100;4096;4096;4099;4093;4096;4098;4096;4098;0;0;0;38
$1;1;3830000;2;0;1318;47399;37103;15918;392;0;4100;4097;4096;4098;4093;4097;4098;4096;4098;0;0;0;42
$1;1;3831000;2;0;1312;47404;37102;15922;392;0;4100;4097;4096;4098;4093;4097;4097;4097;4098;0;0;0;36
$1;1;3832000;2;0;1307;47408;37101;15926;392;0;4100;4096;4096;4098;4093;4096;4098;4096;4098;0;0;0;38
$1;1;3833000;2;0;1300;47412;37098;15929;392;0;4100;4097;4095;4098;4093;4097;4097;4096;4098;0;0;0;41
$1;1;3834000;2;0;1300;47412;37098;15933;392;0;4100;4097;4096;4098;4093;4096;4097;4096;4098;0;0;0;39
$1;1;3835000;2;0;1292;47417;37095;15936;392;0;4100;4096;4095;4098;4093;4096;4097;4096;4098;0;0;0;35
$1;1;3836000;2;0;1291;47418;37095;15940;392;0;4100;4096;4095;4098;4093;4097;4097;4097;4098;0;0;0;45
$1;1;3837000;2;0;1287;47422;37094;15943;392;0;4100;4096;4095;4098;4093;4096;4097;4096;4098;0;0;0;32
$1;1;3838000;2;0;1290;47420;37094;15947;392;0;4100;4096;4095;4098;4093;4096;4097;4096;4098;0;0;0;47
$1;1;3839000;2;0;1289;47421;37095;15951;391;0;4100;4096;4095;4098;4093;4096;4097;4096;4098;0;0;0;34
$1;1;3840000;2;0;1281;47426;37092;15954;391;0;4100;4096;4095;4098;4093;4097;4097;4096;4098;0;0;0;32
$1;1;3841000;2;0;1290;47421;37095;15958;391;0;4100;4097;4095;4098;4093;4097;4097;4097;4098;0;0;0;45
$1;1;3842000;2;0;1286;47424;37095;15961;391;0;4100;4096;4096;4098;4093;4097;4097;4097;4098;0;0;0;36
$1;1;3843000;2;0;1284;47425;37094;15965;390;0;4100;4096;4095;4098;4093;4097;4097;4096;4098;0;0;0;32
$1;1;3844000;2;0;1277;47428;37092;15969;390;0;4100;4096;4095;4098;4093;4097;4097;4096;4098;0;0;0;44
$1;1;3845000;2;0;1273;47432;37092;15972;390;0;4100;4097;4095;4098;4093;4097;4097;4096;4098;0;0;0;41
$1;1;3846000;2;0;1287;47425;37096;15976;389;0;4100;4097;4096;4098;4093;4097;4097;4097;4098;0;0;0;45
$1;1;3847000;2;0;1287;47424;37096;15979;389;0;4100;4097;4096;4098;4093;4097;4097;4097;4098;0;0;0;34
$1;1;3848000;2;0;1290;47422;37098;15983;389;0;4100;4096;4096;4098;4093;4097;4097;4097;4098;0;0;0;39
$1;128;3848000;300;111;15;12;10;14;9;12;13;13;13;0;0;0;43
$1;1;3849000;2;0;1276;47429;37093;15987;390;0;4100;4096;4095;4098;4093;4097;4098;4097;4098;0;0;0;46
$1;1;3850000;2;0;1285;47425;37096;15990;390;0;4100;4097;4096;4098;4093;4097;4097;4097;4098;0;0;0;40
$1;1;3851000;2;0;1282;47425;37096;15994;389;0;4100;4096;4095;4098;4093;4097;4097;4097;4098;0;0;0;32
$1;1;3852000;2;0;1268;47435;37092;15997;389;0;4100;4096;4095;4098;4093;4097;4097;4097;4098;0;0;0;33
$1;1;3853000;2;0;1274;47432;37092;16001;389;0;4100;4096;4095;4098;4093;4097;4098;4097;4098;0;0;0;32
$1;1;3854000;2;0;1265;47439;37091;16004;389;0;4100;4097;4095;4098;4093;4097;4097;4097;4098;0;0;0;36
$1;1;3855000;2;0;1266;47438;37091;16008;388;0;4100;4097;4095;4098;4093;4097;4097;4097;4098;0;0;0;42
$1;1;3856000;2;0;1253;47447;37090;16011;388;0;4100;4097;4094;4098;4093;4097;4097;4097;4098;0;0;0;47
$1;1;3857000;2;0;1255;47446;37090;16015;388;0;4100;4097;4095;4098;4093;4097;4097;4096;4098;0;0;0;45
$1;1;3858000;2;0;1264;47441;37091;16018;388;0;4100;4097;4095;4098;4093;4097;4097;4097;4098;0;0;0;42
$1;1;3859000;2;0;1250;47451;37089;16022;388;0;4100;4096;4094;4098;4093;4097;4097;4096;4098;0;0;0;44
$1;1;3860000;2;0;1256;47446;37091;16025;388;0;4100;4097;4095;4098;4093;4097;4098;4097;4098;0;0;0;38
$1;1;3861000;2;0;1255;47447;37090;16029;388;0;4100;4097;4095;4098;4093;4097;4097;4097;4098;0;0;0;39
$1;1;3862000;2;0;1248;47452;37089;16032;388;0;4100;4097;4095;4098;4093;4097;4097;4097;4098;0;0;0;46
$1;1;3863000;2;0;1248;47453;37089;16036;388;0;4100;4096;4095;4098;4093;4097;4097;4097;4098;0;0;0;43
$1;1;3864000;2;0;1241;47456;37088;16039;388;0;4100;4097;4095;4099;4093;4097;4097;4097;4098;0;0;0;46
$1;1;3865000;2;0;1236;47461;37086;16043;389;0;4100;4096;4095;4099;4093;4097;4097;4097;4098;0;0;0;40
$1;1;3866000;2;0;1244;47456;37088;16046;389;0;4100;4096;4095;4098;4093;4096;4098;4097;4098;0;0;0;46
$1;1;3867000;2;0;1243;47456;37088;16049;390;0;4100;4096;4095;4098;4093;4097;4097;4097;4098;0;0;0;33
$1;1;3868000;2;0;1242;47455;37088;16053;391;0;4100;4097;4095;4099;4093;4097;4098;4097;4098;0;0;0;41
$1;1;3869000;2;0;1244;47455;37089;16056;392;0;4100;4097;4095;4099;4093;4097;4098;4097;4098;0;0;0;41
$1;1;3870000;2;0;1220;47469;37081;16060;392;0;4100;4096;4095;4098;4093;4096;4097;4096;4098;0;0;0;46
$1;1;3871000;2;0;1219;47470;37080;16063;392;0;4100;4097;4095;4098;4093;4097;4097;4097;4098;0;0;0;46
$1;1;3872000;2;0;1231;47463;37086;16066;393;0;4100;4097;4095;4099;4093;4097;4098;4097;4098;0;0;0;41
$1;1;3873000;2;0;1217;47472;37081;16070;393;0;4100;4097;4095;4098;4093;4097;4098;4097;4098;0;0;0;45
$1;1;3874000;2;0;1215;47473;37080;16073;393;0;4100;4096;4095;4098;4093;4097;4098;4096;4098;0;0;0;43
$1;1;3875000;2;0;1217;47472;37081;16077;394;0;4100;4096;4095;4098;4093;4097;4097;4097;4098;0;0;0;37
$1;1;3876000;2;0;1216;47473;37080;16080;394;0;4100;4096;4095;4098;4093;4097;4097;4097;4098;0;0;0;47
$1;1;3877000;2;0;1218;47472;37081;16083;394;0;4100;4096;4095;4098;4093;4097;4098;4097;4098;0;0;0;44
$1;1;3878000;2;0;1218;47472;37082;16087;394;0;4100;4097;4095;4098;4093;4097;4098;4097;4098;0;0;0;37
$1;1;3879000;2;0;1216;47474;37081;16090;395;0;4100;4097;4095;4098;4093;4097;4098;4096;4098;0;0;0;41
$1;1;3880000;2;0;1212;47479;37080;16093;395;0;4100;4096;4095;4098;4093;4097;4098;4097;4098;0;0;0;36
$1;1;3881000;2;0;1214;47477;37081;16097;395;0;4100;4096;4095;4098;4093;4097;4098;4097;4098;0;0;0;40
$1;1;3882000;2;0;1211;47479;37081;16100;395;0;4100;4097;4095;4098;4093;4097;4098;4097;4098;0;0;0;46
$1;1;3883000;2;0;1209;47481;37080;16104;395;0;4100;4097;4095;4098;4093;4097;4098;4097;4098;0;0;0;36
$1;1;3884000;2;0;1205;47484;37079;16107;396;0;4100;4097;4095;4098;4093;4097;4098;4097;4098;0;0;0;44
$1;1;3885000;2;0;1212;47479;37081;16110;397;0;4100;4097;4095;4098;4093;4097;4098;4097;4098;0;0;0;41
$1;1;3886000;2;0;1216;47473;37083;16114;397;0;4100;4097;4095;4098;4093;4097;4098;4097;4098;0;0;0;34
$1;1;3887000;2;0;1207;47480;37080;16117;398;0;4100;4097;4095;4098;4093;4097;4098;4097;4098;0;0;0;32
$1;1;3888000;2;0;1202;47483;37079;16120;398;0;4100;4097;4095;4098;4093;4097;4098;4097;4098;0;0;0;43
$1;1;3889000;2;0;1210;47479;37081;16124;398;0;4100;4097;4095;4098;4093;4097;4098;4097;4098;0;0;0;47
$1;1;3890000;2;0;1197;47488;37079;16127;398;0;4100;4097;4095;4098;4093;4097;4098;4097;4098;0;0;0;33
$1;1;3891000;2;0;1200;47486;37079;16130;398;0;4100;4097;4095;4098;4093;4097;4098;4097;4098;0;0;0;37
$1;1;3892000;2;0;1200;47487;37079;16134;399;0;4100;4097;4095;4098;4093;4097;4098;4097;4098;0;0;0;34
$1;1;3893000;2;0;1188;47494;37078;16137;399;0;4100;4097;4095;4098;4093;4097;4098;4097;4098;0;0;0;32
$1;1;3894000;2;0;1182;47498;37077;16140;399;0;4100;4097;4095;4098;4093;4097;4098;4097;4098;0;0;0;46
$1;1;3895000;2;0;1185;47497;37077;16143;399;0;4100;4097;4095;4099;4093;4097;4098;4096;4098;0;0;0;36
$1;1;3896000;2;0;1186;47497;37077;16147;399;0;4100;4097;4095;4099;4093;4097;4098;4097;4098;0;0;0;33
$1;1;3897000;2;0;1172;47504;37074;16150;399;0;4100;4096;4095;4099;4093;4097;4098;4097;4098;0;0;0;36
$1;1;3898000;2;0;1179;47501;37077;16153;400;0;4100;4097;4095;4099;4093;4097;4098;4096;4098;0;0;0;34
$1;1;3899000;2;0;1168;47507;37072;16156;400;0;4100;4096;4094;4098;4093;4096;4098;4096;4098;0;0;0;37
$1;1;3900000;2;0;1173;47505;37074;16160;400;0;4100;4097;4094;4099;4093;4097;4098;4096;4097;0;0;0;33
$1;1;3901000;2;0;1166;47510;37072;16163;400;0;4100;4097;4095;4099;4093;4097;4098;4097;4097;0;0;0;37
$1;1;3902000;2;0;1165;47511;37072;16166;401;0;4100;4096;4094;4099;4093;4097;4098;4097;4097;0;0;0;32
$1;1;3903000;2;0;1175;47503;37075;16169;402;0;4100;4097;4094;4099;4093;4097;4098;4097;4098;0;0;0;38
$1;1;3904000;2;0;1173;47503;37075;16173;403;0;4100;4097;4095;4099;4093;4097;4098;4096;4098;0;0;0;45
$1;1;3905000;2;0;1160;47512;37070;16176;403;0;4100;4096;4095;4099;4093;4097;4098;4096;4097;0;0;0;32
$1;1;3906000;2;0;1161;47511;37071;16179;404;0;4100;4097;4095;4098;4093;4097;4098;4097;4097;0;0;0;41
$1;1;3907000;2;0;1167;47508;37073;16182;404;0;4100;4096;4095;4099;4093;4097;4098;4096;4098;0;0;0;46
$1;1;3908000;2;0;1179;47501;37077;16186;405;0;4100;4097;4095;4099;4093;4097;4098;4097;4098;0;0;0;38
$1;128;3908000;302;109;15;11;10;13;9;12;14;13;12;0;0;0;39
$1;1;3909000;2;0;1161;47513;37071;16189;405;0;4100;4096;4095;4099;4093;4097;4098;4097;4098;0;0;0;37
$1;1;3910000;2;0;1158;47515;37071;16192;405;0;4100;4097;4095;4099;4092;4097;4098;4097;4098;0;0;0;43
$1;1;3911000;2;0;1156;47516;37070;16195;406;0;4100;4096;4095;4098;4093;4097;4098;4097;4098;0;0;0;35
$1;1;3912000;2;0;1155;47517;37070;16199;406;0;4100;4096;4095;4098;4093;4097;4098;4097;4097;0;0;0;33
$1;1;3913000;2;0;1159;47514;37071;16202;406;0;4100;4097;4095;4099;4093;4097;4098;4097;4098;0;0;0;32
$1;1;3914000;2;0;1154;47519;37070;16205;406;0;4100;4096;4095;4098;4093;4097;4098;4097;4097;0;0;0;46
$1;1;3915000;2;0;1154;47519;37071;16208;406;0;4100;4096;4095;4098;4093;4097;4098;4097;4098;0;0;0;44
$1;1;3916000;2;0;1152;47521;37069;16211;406;0;4100;4097;4095;4098;4093;4097;4098;4097;4098;0;0;0;34
$1;1;3917000;2;0;1149;47523;37069;16215;406;0;4100;4096;4095;4098;4093;4097;4098;4097;4097;0;0;0;33
$1;1;3918000;2;0;1142;47528;37067;16218;406;0;4100;4096;4095;4098;4093;4097;4098;4097;4097;0;0;0;45
$1;1;3919000;2;0;1146;47523;37067;16221;407;0;4100;4096;4095;4098;4093;4097;4098;4097;4097;0;0;0;40
$1;1;3920000;2;0;1148;47521;37069;16224;407;0;4100;4096;4095;4098;4093;4097;4098;4097;4098;0;0;0;42
$1;1;3921000;2;0;1151;47520;37071;16227;408;0;4100;4096;4095;4099;4093;4097;4098;4097;4098;0;0;0;38
$1;1;3922000;2;0;1141;47526;37067;16230;408;0;4100;4096;4095;4098;4093;4097;4098;4097;4098;0;0;0;34
$1;1;3923000;2;0;1150;47520;37070;16234;408;0;4100;4097;4095;4099;4093;4097;4098;4097;4098;0;0;0;39
$1;1;3924000;2;0;1146;47523;37069;16237;408;0;4100;4097;4095;4098;4093;4097;4098;4097;4098;0;0;0;46
$1;1;3925000;2;0;1141;47527;37067;16240;408;0;4100;4097;4095;4098;4093;4097;4098;4097;4097;0;0;0;45
$1;1;3926000;2;0;1141;47527;37068;16243;408;0;4100;4097;4095;4098;4093;4097;4098;4097;4098;0;0;0;45
$1;1;3927000;2;0;1142;47528;37068;16246;408;0;4100;4097;4095;4098;4093;4097;4098;4097;4098;0;0;0;37
$1;1;3928000;2;0;1145;47525;37070;16250;408;0;4100;4097;4095;4098;4093;4097;4098;4097;4098;0;0;0;46
$1;1;3929000;2;0;1139;47528;37068;16253;408;0;4100;4097;4095;4098;4093;4097;4098;4097;4098;0;0;0;35
$1;1;3930000;2;0;1138;47530;37067;16256;407;0;4100;4097;4095;4098;4093;4097;4098;4097;4098;0;0;0;38
$1;1;3931000;2;0;1138;47529;37067;16259;407;0;4100;4096;4095;4098;4093;4097;4098;4097;4098;0;0;0;33
$1;1;3932000;2;0;1138;47530;37067;16262;407;0;4100;4096;4095;4098;4093;4097;4098;4097;4098;0;0;0;34
$1;1;3933000;2;0;1135;47532;37067;16265;407;0;4100;4097;4095;4098;4093;4097;4098;4097;4098;0;0;0;42
$1;1;3934000;2;0;1127;47537;37066;16269;406;0;4100;4096;4095;4098;4093;4097;4098;4097;4098;0;0;0;38
$1;1;3935000;2;0;1133;47533;37067;16272;407;0;4100;4097;4095;4098;4093;4097;4098;4097;4098;0;0;0;45
$1;1;3936000;2;0;1130;47533;37066;16275;407;0;4100;4097;4095;4098;4093;4097;4098;4097;4098;0;0;0;43
$1;1;3937000;2;0;1129;47535;37067;16278;407;0;4100;4097;4095;4098;4093;4097;4098;4097;4098;0;0;0;40
$1;1;3938000;2;0;1122;47538;37064;16281;407;0;4100;4096;4095;4098;4093;4097;4098;4097;4098;0;0;0;37
$1;1;3939000;2;0;1122;47539;37065;16284;406;0;4100;4097;4095;4098;4093;4097;4098;4097;4098;0;0;0;33
$1;1;3940000;2;0;1125;47537;37066;16287;406;0;4100;4096;4095;4098;4093;4097;4098;4097;4098;0;0;0;39
$1;1;3941000;2;0;1126;47536;37067;16290;406;0;4100;4097;4095;4098;4093;4097;4098;4097;4098;0;0;0;34
$1;1;3942000;2;0;1123;47539;37066;16294;405;0;4100;4097;4095;4098;4093;4097;4098;4097;4098;0;0;0;45
$1;1;3943000;2;0;1122;47539;37066;16297;405;0;4100;4097;4095;4098;4094;4097;4098;4097;4098;0;0;0;41
$1;1;3944000;2;0;1127;47537;37067;16300;405;0;4100;4097;4096;4098;4093;4097;4098;4097;4098;0;0;0;47
$1;1;3945000;2;0;1115;47544;37064;16303;404;0;4100;4096;4095;4098;4093;4097;4098;4097;4098;0;0;0;40
$1;1;3946000;2;0;1123;47539;37067;16306;404;0;4100;4097;4095;4098;4093;4097;4098;4097;4098;0;0;0;35
$1;1;3947000;2;0;1117;47543;37065;16309;403;0;4100;4097;4095;4098;4093;4097;4098;4097;4098;0;0;0;34
$1;1;3948000;2;0;1113;47546;37064;16312;403;0;4100;4096;4095;4098;4093;4097;4098;4097;4098;0;0;0;38
$1;1;3949000;2;0;1119;47543;37066;16315;403;0;4100;4097;4095;4098;4093;4097;4098;4097;4098;0;0;0;44
$1;1;3950000;2;0;1115;47545;37065;16318;402;0;4100;4096;4095;4098;4093;4097;4098;4097;4098;0;0;0;32
$1;1;3951000;2;0;1112;47546;37064;16322;402;0;4100;4097;4095;4098;4093;4097;4098;4097;4098;0;0;0;44
$1;1;3952000;2;0;1116;47542;37066;16325;402;0;4100;4097;4095;4098;4094;4097;4098;4097;4098;0;0;0;45
$1;1;3953000;2;0;1113;47543;37065;16328;402;0;4100;4097;4095;4098;4094;4097;4098;4097;4098;0;0;0;38
$1;1;3954000;2;0;1106;47549;37064;16331;402;0;4100;4097;4095;4098;4093;4097;4098;4097;4098;0;0;0;33
$1;1;3955000;2;0;1110;47546;37065;16334;401;0;4100;4097;4095;4098;4094;4097;4098;4097;4098;0;0;0;40
$1;1;3956000;2;0;1114;47543;37066;16337;401;0;4100;4097;4095;4098;4094;4097;4098;4097;4098;0;0;0;42
$1;1;3957000;2;0;1111;47546;37065;16340;401;0;4100;4097;4096;4098;4093;4097;4098;4097;4098;0;0;0;44
$1;1;3958000;2;0;1108;47548;37064;16343;400;0;4100;4097;4096;4098;4094;4097;4097;4097;4098;0;0;0;46
$1;1;3959000;2;0;1115;47543;37067;16346;400;0;4100;4097;4096;4098;4094;4097;4098;4097;4098;0;0;0;33
$1;1;3960000;2;0;1092;47558;37061;16349;399;0;4100;4096;4095;4098;4093;4097;4098;4097;4097;0;0;0;43
$1;1;3961000;2;0;1080;47565;37057;16352;399;0;4100;4096;4095;4098;4093;4097;4097;4097;4097;0;0;0;39
$1;1;3962000;2;0;1099;47554;37063;16355;399;0;4100;4097;4095;4098;4094;4097;4098;4097;4098;0;0;0;40
$1;1;3963000;2;0;1093;47558;37061;16358;399;0;4100;4096;4095;4098;4094;4097;4097;4097;4098;0;0;0;46
$1;1;3964000;2;0;1098;47555;37062;16361;398;0;4100;4096;4095;4098;4094;4097;4098;4097;4098;0;0;0;40
$1;1;3965000;2;0;1088;47561;37060;16364;398;0;4100;4097;4095;4098;4093;4097;4097;4097;4098;0;0;0;33
$1;1;3966000;2;0;1080;47566;37058;16367;397;0;4100;4096;4095;4098;4094;4097;4097;4097;4098;0;0;0;44
$1;1;3967000;2;0;1086;47563;37060;16370;397;0;4100;4097;4095;4098;4094;4097;4097;4097;4098;0;0;0;34
$1;1;3968000;2;0;1087;47562;37060;16373;397;0;4100;4097;4095;4098;4094;4097;4097;4097;4098;0;0;0;46
$1;128;3968000;301;109;14;11;11;13;9;12;13;13;13;0;0;0;36
$1;1;3969000;2;0;1098;47553;37063;16376;397;0;4100;4096;4095;4098;4094;4097;4098;4097;4098;0;0;0;43
$1;1;3970000;2;0;1091;47557;37061;16379;397;0;4100;4096;4096;4098;4094;4097;4098;4097;4098;0;0;0;32
$1;1;3971000;2;0;1088;47559;37061;16382;397;0;4100;4097;4095;4098;4094;4097;4098;4097;4098;0;0;0;33
$1;1;3972000;2;0;1080;47565;37059;16385;397;0;4100;4096;4095;4098;4093;4097;4097;4097;4098;0;0;0;32
$1;1;3973000;2;0;1088;47559;37061;16388;397;0;4100;4097;4095;4098;4094;4097;4098;4097;4098;0;0;0;41
$1;1;3974000;2;0;1084;47564;37060;16391;397;0;4100;4096;4095;4098;4094;4097;4097;4097;4098;0;0;0;43
$1;1;3975000;2;0;1082;47566;37060;16394;396;0;4100;4096;4096;4098;4094;4097;4097;4097;4098;0;0;0;41
$1;1;3976000;2;0;1080;47568;37060;16397;396;0;4100;4097;4095;4098;4094;4097;4098;4097;4098;0;0;0;40
$1;1;3977000;2;0;1077;47569;37059;16400;396;0;4100;4096;4095;4098;4094;4097;4097;4097;4098;0;0;0;45
$1;1;3978000;2;0;1070;47574;37057;16403;396;0;4100;4096;4095;4098;4093;4097;4097;4097;4097;0;0;0;44
$1;1;3979000;2;0;1068;47576;37057;16406;395;0;4100;4097;4095;4098;4094;4097;4097;4097;4098;0;0;0;41
$1;1;3980000;2;0;1080;47569;37061;16409;395;0;4100;4096;4096;4098;4094;4097;4097;4097;4098;0;0;0;47
$1;1;3981000;2;0;1071;47574;37058;16412;395;0;4100;4096;4095;4098;4094;4097;4097;4097;4098;0;0;0;47
$1;1;3982000;2;0;1064;47579;37056;16415;394;0;4100;4096;4096;4098;4094;4097;4097;4097;4098;0;0;0;46
$1;1;3983000;2;0;1062;47581;37056;16418;394;0;4100;4096;4095;4098;4094;4097;4097;4097;4098;0;0;0;32
$1;1;3984000;2;0;1066;47580;37057;16421;394;0;4100;4096;4095;4098;4094;4097;4097;4097;4098;0;0;0;41
$1;1;3985000;2;0;1080;47569;37062;16424;393;0;4100;4097;4096;4098;4094;4097;4097;4097;4098;0;0;0;33
$1;1;3986000;2;0;1074;47572;37059;16427;394;0;4100;4097;4096;4098;4094;4097;4097;4097;4098;0;0;0;47
$1;1;3987000;2;0;1077;47570;37061;16430;394;0;4100;4097;4096;4098;4094;4097;4097;4097;4098;0;0;0;34
$1;1;3988000;2;0;1077;47569;37061;16433;394;0;4100;4097;4096;4098;4094;4097;4098;4097;4098;0;0;0;41
$1;1;3989000;2;0;1062;47579;37056;16436;394;0;4100;4096;4096;4098;4094;4097;4097;4097;4098;0;0;0;34
$1;1;3990000;2;0;1061;47581;37057;16439;393;0;4100;4096;4096;4099;4094;4097;4097;4097;4098;0;0;0;38
$1;1;3991000;2;0;1060;47580;37056;16442;393;0;4100;4096;4095;4098;4094;4097;4097;4097;4098;0;0;0;40
$1;1;3992000;2;0;1060;47581;37057;16445;393;0;4100;4097;4096;4098;4094;4097;4097;4097;4098;0;0;0;46
$1;1;3993000;2;0;1069;47575;37060;16448;392;0;4100;4097;4096;4098;4094;4097;4097;4097;4098;0;0;0;37
$1;1;3994000;2;0;1075;47572;37061;16451;392;0;4100;4097;4096;4098;4094;4097;4097;4097;4098;0;0;0;33
$1;1;3995000;2;0;1060;47580;37057;16454;392;0;4100;4097;4096;4098;4094;4097;4097;4097;4098;0;0;0;41
$1;1;3996000;2;0;1054;47584;37055;16457;392;0;4100;4097;4096;4098;4094;4097;4097;4097;4098;0;0;0;40
$1;1;3997000;2;0;1055;47583;37056;16460;391;0;4100;4096;4096;4098;4094;4097;4097;4097;4098;0;0;0;42
$1;1;3998000;2;0;1057;47583;37056;16462;391;0;4100;4097;4096;4098;4094;4097;4097;4097;4098;0;0;0;36
$1;1;3999000;2;0;1056;47584;37056;16465;391;0;4100;4097;4096;4098;4094;4097;4097;4097;4098;0;0;0;36
$1;1;4000000;2;0;1058;47583;37057;16468;390;0;4100;4096;4096;4098;4094;4097;4097;4097;4098;0;0;0;47
$1;1;4001000;2;0;1060;47581;37057;16471;390;0;4100;4097;4096;4098;4094;4097;4097;4097;4098;0;0;0;46
$1;1;4002000;2;0;1063;47581;37059;16474;390;0;4100;4097;4096;4098;4094;4098;4097;4097;4098;0;0;0;42
$1;1;4003000;2;0;1057;47584;37057;16477;390;0;4100;4097;4096;4098;4094;4097;4097;4097;4098;0;0;0;43
$1;1;4004000;2;0;1072;47574;37062;16480;390;0;4100;4097;4096;4098;4094;4097;4097;4097;4098;0;0;0;42
$1;1;4005000;2;0;1072;47573;37061;16483;390;0;4100;4097;4096;4098;4094;4098;4098;4097;4098;0;0;0;44
$1;1;4006000;2;0;1073;47572;37062;16486;390;0;4100;4097;4096;4098;4094;4098;4098;4097;4098;0;0;0;41
$1;1;4007000;2;0;1065;47577;37060;16489;390;0;4100;4097;4096;4098;4094;4097;4098;4097;4098;0;0;0;40
$1;1;4008000;2;0;1056;47581;37058;16492;390;0;4100;4097;4096;4098;4094;4097;4098;4097;4098;0;0;0;47
$1;1;4009000;2;0;1057;47581;37058;16495;390;0;4100;4097;4096;4098;4094;4097;4097;4097;4098;0;0;0;39
$1;1;4010000;2;0;1047;47587;37056;16498;389;0;4100;4097;4096;4098;4094;4097;4097;4097;4098;0;0;0;35
$1;1;4011000;2;0;1053;47585;37058;16501;389;0;4100;4097;4096;4098;4094;4097;4097;4097;4098;0;0;0;42
$1;1;4012000;2;0;1051;47585;37057;16504;389;0;4100;4097;4096;4098;4094;4097;4097;4097;4098;0;0;0;33
$1;1;4013000;2;0;1050;47586;37057;16507;389;0;4100;4097;4096;4098;4094;4097;4097;4097;4098;0;0;0;33
$1;1;4014000;2;0;1048;47587;37056;16510;388;0;4100;4097;4096;4098;4094;4097;4097;4097;4098;0;0;0;40
$1;1;4015000;2;0;1045;47589;37055;16512;388;0;4100;4097;4096;4098;4094;4097;4097;4097;4098;0;0;0;43
$1;1;4016000;2;0;1044;47589;37055;16515;388;0;4100;4097;4096;4098;4094;4097;4097;4097;4098;0;0;0;46
$1;1;4017000;2;0;1044;47591;37056;16518;387;0;4100;4097;4096;4098;4094;4097;4097;4097;4098;0;0;0;39
$1;1;4018000;2;0;1040;47594;37055;16521;387;0;4100;4097;4096;4098;4094;4097;4097;4097;4098;0;0;0;32
$1;1;4019000;2;0;1038;47595;37055;16524;387;0;4100;4097;4096;4098;4095;4097;4097;4097;4098;0;0;0;43
$1;1;4020000;2;0;1041;47594;37055;16527;386;0;4100;4097;4096;4098;4094;4097;4097;4097;4098;0;0;0;45
$1;1;4021000;2;0;1038;47595;37055;16530;386;0;4100;4097;4096;4098;4094;4097;4097;4097;4098;0;0;0;37
$1;1;4022000;2;0;1037;47596;37055;16533;386;0;4100;4097;4096;4098;4094;4097;4097;4097;4098;0;0;0;41
$1;1;4023000;2;0;1039;47594;37055;16536;386;0;4100;4097;4096;4098;4095;4097;4097;4097;4098;0;0;0;32
$1;1;4024000;2;0;1039;47592;37056;16538;386;0;4100;4097;4096;4098;4094;4098;4097;4097;4098;0;0;0;34
$1;1;4025000;2;0;1032;47598;37053;16541;386;0;4100;4097;4096;4098;4095;4097;4097;4097;4098;0;0;0;39
$1;1;4026000;2;0;1035;47596;37055;16544;386;0;4100;4097;4096;4098;4095;4098;4097;4097;4098;0;0;0;33
$1;1;4027000;2;0;1038;47593;37055;16547;386;0;4100;4097;4096;4098;4095;4098;4097;4097;4098;0;0;0;43
$1;1;4028000;2;0;1028;47600;37053;16550;385;0;4100;4097;4096;4098;4094;4097;4097;4097;4098;0;0;0;33
$1;128;4028000;305;107;14;11;11;13;9;12;13;12;12;0;0;0;36
$1;1;4029000;2;0;1032;47598;37055;16553;385;0;4100;4097;4096;4098;4095;4097;4098;4097;4098;0;0;0;34
$1;1;4030000;2;0;1032;47598;37055;16556;385;0;4100;4097;4096;4098;4095;4097;4098;4097;4098;0;0;0;47
$1;1;4031000;2;0;1032;47598;37055;16559;384;0;4100;4097;4096;4098;4095;4097;4098;4097;4098;0;0;0;32
$1;1;4032000;2;0;1031;47598;37055;16561;384;0;4100;4097;4096;4098;4095;4097;4098;4098;4098;0;0;0;36
$1;1;4033000;2;0;1025;47603;37053;16564;383;0;4100;4097;4096;4098;4095;4098;4097;4097;4098;0;0;0;42
$1;1;4034000;2;0;1024;47602;37053;16567;383;0;4100;4097;4096;4098;4095;4097;4097;4097;4098;0;0;0;33
$1;1;4035000;2;0;1028;47601;37054;16570;383;0;4100;4097;4096;4098;4095;4098;4097;4098;4098;0;0;0;46
$1;1;4036000;2;0;1024;47604;37053;16573;382;0;4100;4097;4096;4098;4095;4097;4097;4097;4098;0;0;0;33
$1;1;4037000;2;0;1029;47599;37055;16576;382;0;4100;4097;4096;4098;4095;4097;4097;4097;4098;0;0;0;41
$1;1;4038000;2;0;1016;47607;37051;16579;381;0;4100;4097;4096;4098;4095;4098;4097;4097;4098;0;0;0;41
$1;1;4039000;2;0;1024;47604;37054;16582;381;0;4100;4097;4096;4098;4095;4097;4097;4097;4098;0;0;0;36
$1;1;4040000;2;0;1008;47613;37049;16584;380;0;4100;4097;4096;4098;4095;4097;4097;4097;4098;0;0;0;41
$1;1;4041000;2;0;1009;47613;37049;16587;380;0;4100;4097;4096;4098;4095;4097;4097;4097;4098;0;0;0;42
$1;1;4042000;2;0;1018;47606;37051;16590;380;0;4100;4097;4096;4098;4094;4097;4097;4097;4098;0;0;0;35
$1;1;4043000;2;0;1027;47600;37054;16593;380;0;4100;4097;4096;4098;4095;4097;4097;4097;4098;0;0;0;47
$1;1;4044000;2;0;1024;47602;37054;16596;380;0;4100;4097;4096;4098;4095;4098;4097;4097;4098;0;0;0;35
$1;1;4045000;2;0;1009;47611;37050;16598;380;0;4100;4097;4096;4098;4095;4097;4097;4097;4098;0;0;0;42
$1;1;4046000;2;0;1010;47610;37049;16601;379;0;4100;4097;4096;4098;4095;4097;4097;4097;4098;0;0;0;45
$1;1;4047000;2;0;1012;47609;37051;16604;379;0;4100;4097;4096;4098;4095;4097;4097;4097;4098;0;0;0;42
$1;1;4048000;2;0;1011;47610;37051;16607;379;0;4100;4097;4096;4098;4095;4097;4097;4097;4098;0;0;0;45
$1;1;4049000;2;0;1017;47606;37053;16610;378;0;4100;4097;4096;4098;4095;4098;4097;4098;4098;0;0;0;40
$1;1;4050000;2;0;1014;47607;37052;16612;378;0;4100;4097;4096;4098;4095;4098;4097;4098;4098;0;0;0;33
$1;1;4051000;2;0;1005;47613;37049;16615;378;0;4100;4097;4096;4098;4095;4097;4097;4097;4098;0;0;0;40
$1;1;4052000;2;0;1004;47613;37049;16618;377;0;4100;4097;4096;4098;4095;4098;4097;4097;4098;0;0;0;39
$1;1;4053000;2;0;1002;47617;37049;16621;377;0;4100;4097;4096;4098;4095;4097;4097;4097;4098;0;0;0;33
$1;1;4054000;2;0;1003;47616;37049;16624;376;0;4100;4097;4096;4098;4095;4098;4097;4097;4098;0;0;0;45
$1;1;4055000;2;0;993;47623;37046;16626;376;0;4100;4097;4096;4098;4095;4097;4097;4097;4098;0;0;0;25
$1;1;4056000;2;0;983;47629;37043;16629;376;0;4100;4097;4096;4098;4095;4097;4097;4097;4098;0;0;0;27
$1;1;4057000;2;0;997;47621;37048;16632;375;0;4100;4097;4096;4098;4094;4097;4097;4097;4098;0;0;0;20
$1;1;4058000;2;0;995;47621;37048;16635;375;0;4100;4097;4096;4098;4095;4097;4097;4097;4098;0;0;0;31
$1;1;4059000;2;0;995;47621;37047;16637;375;0;4100;4097;4096;4098;4095;4097;4097;4097;4098;0;0;0;19
$1;1;4060000;2;0;999;47620;37048;16640;374;0;4100;4097;4096;4098;4095;4097;4097;4097;4098;0;0;0;26
$1;1;4061000;2;0;1003;47617;37050;16643;374;0;4100;4097;4096;4098;4095;4098;4097;4098;4098;0;0;0;46
$1;1;4062000;2;0;998;47620;37048;16646;374;0;4100;4097;4096;4098;4095;4097;4097;4098;4098;0;0;0;16
$1;1;4063000;2;0;979;47629;37043;16649;374;0;4100;4097;4096;4098;4094;4097;4097;4097;4098;0;0;0;29
$1;1;4064000;2;0;1004;47614;37050;16651;375;0;4100;4097;4096;4098;4095;4097;4097;4097;4098;0;0;0;45
$1;1;4065000;2;0;979;47629;37043;16654;375;0;4100;4097;4096;4098;4094;4097;4097;4097;4098;0;0;0;22
$1;1;4066000;2;0;993;47622;37048;16657;374;0;4100;4097;4096;4098;4095;4097;4097;4097;4098;0;0;0;18
$1;1;4067000;2;0;984;47628;37045;16660;374;0;4100;4097;4096;4098;4095;4097;4097;4097;4098;0;0;0;22
$1;1;4068000;2;0;990;47624;37048;16662;374;0;4100;4097;4096;4098;4095;4097;4097;4097;4098;0;0;0;31
$1;1;4069000;2;0;983;47629;37045;16665;374;0;4100;4097;4097;4098;4095;4097;4097;4097;4098;0;0;0;26
$1;1;4070000;2;0;975;47633;37043;16668;373;0;4100;4097;4096;4098;4095;4097;4097;4097;4098;0;0;0;29
$1;1;4071000;2;0;982;47628;37044;16671;373;0;4100;4097;4096;4098;4095;4097;4097;4097;4098;0;0;0;17
$1;1;4072000;2;0;992;47624;37048;16673;373;0;4100;4097;4096;4098;4095;4097;4097;4097;4098;0;0;0;17
$1;1;4073000;2;0;972;47635;37043;16676;373;0;4100;4097;4096;4098;4095;4097;4097;4097;4098;0;0;0;16
$1;1;4074000;2;0;971;47636;37042;16679;373;0;4100;4097;4096;4098;4095;4097;4097;4097;4098;0;0;0;25
$1;1;4075000;2;0;974;47634;37043;16682;372;0;4100;4097;4096;4098;4095;4097;4097;4097;4098;0;0;0;27
$1;1;4076000;2;0;972;47636;37043;16684;372;0;4100;4097;4096;4098;4095;4097;4097;4097;4098;0;0;0;26
$1;1;4077000;2;0;981;47629;37045;16687;372;0;4100;4097;4096;4098;4095;4097;4097;4097;4098;0;0;0;28
$1;1;4078000;2;0;965;47640;37042;16690;372;0;4100;4097;4096;4098;4095;4097;4097;4097;4098;0;0;0;23
$1;1;4079000;2;0;976;47635;37044;16692;372;0;4100;4097;4096;4098;4095;4097;4097;4097;4098;0;0;0;18
$1;1;4080000;2;0;965;47642;37041;16695;372;0;4100;4097;4096;4098;4095;4097;4097;4097;4098;0;0;0;20
$1;1;4081000;2;0;967;47640;37042;16698;371;0;4100;4097;4096;4098;4095;4097;4097;4097;4098;0;0;0;24
$1;1;4082000;2;0;980;47633;37046;16700;371;0;4100;4097;4097;4098;4095;4098;4097;4097;4098;0;0;0;28
$1;1;4083000;2;0;972;47638;37043;16703;371;0;4100;4097;4096;4098;4095;4097;4097;4097;4098;0;0;0;19
$1;1;4084000;2;0;966;47643;37042;16706;371;0;4100;4097;4096;4098;4095;4097;4097;4097;4098;0;0;0;25
$1;1;4085000;2;0;967;47640;37042;16709;372;0;4100;4097;4096;4098;4095;4097;4097;4097;4098;0;0;0;22
$1;1;4086000;2;0;990;47626;37049;16711;372;0;4100;4097;4097;4098;4095;4097;4097;4098;4098;0;0;0;17
$1;1;4087000;2;0;963;47642;37042;16714;372;0;4100;4097;4096;4098;4095;4097;4097;4097;4098;0;0;0;30
$1;1;4088000;2;0;961;47644;37041;16717;372;0;4100;4097;4096;4098;4095;4097;4097;4097;4098;0;0;0;21
$1;128;4088000;304;109;14;12;11;13;9;12;13;13;12;0;0;0;35
$1;1;4089000;2;0;963;47644;37042;16719;372;0;4100;4097;4096;4098;4095;4097;4097;4097;4098;0;0;0;27
$1;1;4090000;2;0;958;47645;37041;16722;372;0;4100;4097;4096;4098;4095;4097;4097;4097;4098;0;0;0;17
$1;1;4091000;2;0;960;47644;37041;16725;372;0;4100;4097;4096;4098;4095;4098;4097;4097;4098;0;0;0;18
$1;1;4092000;2;0;957;47648;37040;16728;372;0;4100;4097;4096;4098;4095;4097;4097;4097;4098;0;0;0;26
$1;1;4093000;2;0;961;47644;37042;16730;372;0;4100;4097;4096;4098;4095;4098;4097;4097;4098;0;0;0;22
$1;1;4094000;2;0;963;47643;37042;16733;372;0;4100;4097;4096;4098;4095;4097;4097;4097;4098;0;0;0;24
$1;1;4095000;2;0;959;47646;37042;16736;372;0;4100;4097;4096;4098;4095;4098;4097;4097;4098;0;0;0;31
$1;1;4096000;2;0;954;47650;37040;16738;372;0;4100;4097;4096;4098;4095;4098;4097;4097;4098;0;0;0;26
$1;1;4097000;2;0;960;47646;37043;16741;372;0;4100;4097;4097;4098;4095;4098;4097;4098;4098;0;0;0;24
$1;1;4098000;2;0;952;47651;37040;16744;373;0;4100;4097;4096;4098;4095;4098;4097;4098;4098;0;0;0;22
$1;1;4099000;2;0;960;47647;37043;16746;373;0;4100;4097;4096;4098;4095;4098;4097;4098;4098;0;0;0;16
$1;1;4100000;2;0;958;47647;37043;16749;373;0;4100;4097;4097;4098;4095;4098;4097;4098;4098;0;0;0;20
$1;1;4101000;2;0;958;47648;37043;16752;373;0;4100;4097;4097;4098;4095;4098;4098;4098;4098;0;0;0;31
$1;1;4102000;2;0;945;47657;37039;16754;373;0;4100;4097;4096;4098;4094;4098;4097;4098;4098;0;0;0;26
$1;1;4103000;2;0;958;47648;37043;16757;374;0;4100;4097;4097;4098;4095;4098;4098;4098;4098;0;0;0;31
$1;1;4104000;2;0;955;47651;37043;16759;374;0;4100;4097;4097;4098;4095;4098;4098;4098;4098;0;0;0;19
$1;1;4105000;2;0;957;47649;37043;16762;374;0;4100;4098;4097;4098;4095;4098;4097;4098;4098;0;0;0;17
$1;1;4106000;2;0;956;47650;37043;16765;374;0;4100;4097;4097;4098;4095;4098;4098;4098;4098;0;0;0;28
$1;1;4107000;2;0;959;47647;37043;16767;375;0;4100;4097;4097;4098;4095;4098;4098;4098;4098;0;0;0;23
$1;1;4108000;2;0;956;47648;37043;16770;376;0;4100;4097;4097;4098;4095;4098;4098;4098;4098;0;0;0;29
$1;1;4109000;2;0;956;47647;37043;16773;376;0;4100;4097;4097;4098;4095;4098;4098;4098;4098;0;0;0;16
$1;1;4110000;2;0;952;47650;37043;16775;377;0;4100;4097;4097;4098;4095;4098;4098;4098;4098;0;0;0;29
$1;1;4111000;2;0;953;47651;37043;16778;377;0;4100;4098;4097;4098;4095;4098;4098;4098;4098;0;0;0;30
$1;1;4112000;2;0;947;47654;37042;16781;377;0;4100;4097;4097;4098;4095;4098;4098;4098;4098;0;0;0;21
$1;1;4113000;2;0;947;47655;37042;16783;378;0;4100;4097;4097;4098;4095;4098;4098;4098;4098;0;0;0;24
$1;1;4114000;2;0;952;47652;37043;16786;378;0;4100;4097;4097;4099;4095;4098;4098;4098;4098;0;0;0;25
$1;1;4115000;2;0;944;47657;37041;16788;378;0;4100;4098;4097;4099;4095;4098;4098;4098;4098;0;0;0;25
$1;1;4116000;2;0;946;47657;37042;16791;378;0;4100;4098;4097;4098;4095;4098;4098;4098;4098;0;0;0;18
$1;1;4117000;2;0;950;47653;37043;16794;379;0;4100;4098;4097;4099;4095;4098;4098;4098;4098;0;0;0;20
$1;1;4118000;2;0;930;47667;37037;16796;379;0;4100;4097;4097;4098;4095;4098;4098;4098;4098;0;0;0;21
$1;1;4119000;2;0;940;47660;37041;16799;379;0;4100;4097;4097;4099;4095;4098;4098;4098;4098;0;0;0;27
$1;1;4120000;2;0;941;47660;37041;16802;379;0;4100;4097;4097;4098;4095;4098;4098;4098;4098;0;0;0;28
$1;1;4121000;2;0;928;47667;37037;16804;380;0;4100;4097;4097;4098;4095;4098;4098;4098;4098;0;0;0;20
$1;1;4122000;2;0;948;47656;37043;16807;380;0;4100;4098;4097;4099;4095;4098;4098;4098;4098;0;0;0;29
$1;1;4123000;2;0;926;47668;37036;16809;380;0;4100;4097;4097;4098;4095;4098;4098;4098;4098;0;0;0;27
$1;1;4124000;2;0;906;47682;37030;16812;380;0;4100;4097;4096;4098;4094;4097;4097;4097;4098;0;0;0;25
$1;1;4125000;2;0;914;47677;37032;16814;381;0;4100;4097;4096;4098;4094;4097;4098;4098;4098;0;0;0;20
$1;1;4126000;2;0;912;47681;37031;16817;381;0;4100;4097;4096;4098;4094;4098;4097;4097;4098;0;0;0;23
$1;1;4127000;2;0;940;47661;37041;16820;382;0;4100;4097;4097;4099;4095;4098;4098;4098;4098;0;0;0;30
$1;1;4128000;2;0;935;47663;37040;16822;382;0;4100;4098;4097;4099;4095;4098;4098;4098;4098;0;0;0;29
$1;1;4129000;2;0;915;47675;37032;16825;383;0;4100;4097;4096;4099;4095;4098;4098;4098;4098;0;0;0;20
$1;1;4130000;2;0;913;47677;37033;16827;383;0;4100;4097;4096;4099;4095;4098;4098;4098;4098;0;0;0;27
$1;1;4131000;2;0;924;47671;37036;16830;383;0;4100;4097;4097;4099;4095;4098;4098;4098;4098;0;0;0;26
$1;1;4132000;2;0;898;47688;37029;16833;384;0;4099;4097;4096;4099;4094;4098;4098;4097;4098;0;0;0;29
$1;1;4133000;2;0;913;47678;37033;16835;384;0;4100;4097;4097;4099;4094;4098;4098;4097;4098;0;0;0;28
$1;1;4134000;2;0;918;47676;37035;16838;384;0;4100;4097;4097;4099;4095;4098;4098;4098;4098;0;0;0;27
$1;1;4135000;2;0;899;47687;37030;16840;385;0;4100;4097;4097;4098;4095;4098;4098;4097;4098;0;0;0;25
$1;1;4136000;2;0;914;47680;37034;16843;385;0;4100;4097;4097;4098;4095;4098;4098;4098;4098;0;0;0;17
$1;1;4137000;2;0;904;47685;37031;16845;385;0;4100;4097;4096;4098;4094;4098;4098;4098;4098;0;0;0;23
$1;1;4138000;2;0;902;47686;37031;16848;385;0;4100;4097;4096;4098;4094;4098;4098;4098;4098;0;0;0;16
$1;1;4139000;2;0;909;47683;37033;16850;386;0;4100;4097;4097;4099;4094;4098;4098;4098;4098;0;0;0;23
$1;1;4140000;2;0;906;47685;37032;16853;386;0;4100;4097;4097;4098;4095;4098;4098;4098;4098;0;0;0;18
$1;1;4141000;2;0;905;47685;37032;16855;386;0;4100;4097;4097;4099;4095;4098;4098;4098;4098;0;0;0;23
$1;1;4142000;2;0;897;47692;37030;16858;386;0;4100;4097;4097;4098;4094;4098;4098;4098;4098;0;0;0;23
$1;1;4143000;2;0;896;47691;37030;16860;386;0;4100;4097;4096;4098;4094;4098;4098;4098;4098;0;0;0;30
$1;1;4144000;2;0;894;47695;37029;16863;387;0;4100;4097;4096;4098;4095;4098;4098;4098;4098;0;0;0;20
$1;1;4145000;2;0;893;47695;37029;16865;387;0;4100;4097;4096;4098;4094;4098;4098;4098;4098;0;0;0;21
$1;1;4146000;2;0;897;47691;37030;16868;388;0;4100;4097;4096;4098;4094;4098;4098;4098;4098;0;0;0;28
$1;1;4147000;2;0;896;47691;37030;16870;388;0;4100;4097;4096;4098;4094;4098;4098;4098;4098;0;0;0;21
$1;1;4148000;2;0;898;47691;37031;16873;389;0;4100;4097;4097;4098;4094;4098;4098;4098;4098;0;0;0;22
$1;128;4148000;301;110;14;11;11;13;10;12;13;13;13;0;0;0;25
$1;1;4149000;2;0;899;47691;37031;16875;389;0;4100;4097;4097;4099;4094;4098;4098;4098;4098;0;0;0;17
$1;1;4150000;2;0;900;47688;37031;16878;390;0;4100;4097;4097;4098;4094;4098;4098;4098;4098;0;0;0;20
$1;1;4151000;2;0;893;47692;37030;16880;390;0;4100;4098;4096;4099;4094;4098;4098;4098;4098;0;0;0;28
$1;1;4152000;2;0;887;47697;37028;16883;390;0;4100;4097;4097;4099;4094;4098;4098;4098;4098;0;0;0;27
$1;1;4153000;2;0;895;47691;37031;16885;391;0;4100;4097;4096;4099;4094;4098;4098;4098;4098;0;0;0;17
$1;1;4154000;2;0;892;47694;37030;16888;391;0;4100;4097;4097;4099;4095;4098;4098;4098;4098;0;0;0;24
$1;1;4155000;2;0;889;47697;37028;16890;391;0;4100;4097;4097;4099;4094;4098;4098;4098;4098;0;0;0;17
$1;1;4156000;2;0;877;47704;37026;16893;392;0;4099;4097;4097;4099;4094;4098;4098;4098;4098;0;0;0;23
$1;1;4157000;2;0;891;47697;37030;16895;392;0;4100;4097;4096;4099;4095;4098;4098;4098;4098;0;0;0;21
$1;1;4158000;2;0;891;47697;37031;16898;392;0;4100;4097;4097;4099;4094;4098;4098;4098;4098;0;0;0;22
$1;1;4159000;2;0;888;47699;37029;16900;393;0;4100;4097;4097;4098;4094;4098;4098;4098;4098;0;0;0;24
$1;1;4160000;2;0;891;47697;37031;16903;393;0;4100;4097;4097;4099;4094;4098;4098;4098;4098;0;0;0;31
$1;1;4161000;2;0;889;47699;37030;16905;393;0;4100;4097;4097;4099;4094;4098;4098;4098;4098;0;0;0;30
$1;1;4162000;2;0;878;47705;37027;16907;394;0;4100;4097;4097;4099;4094;4098;4098;4098;4098;0;0;0;20
$1;1;4163000;2;0;886;47701;37030;16910;394;0;4100;4097;4097;4099;4094;4098;4098;4098;4098;0;0;0;16
$1;1;4164000;2;0;877;47708;37026;16912;395;0;4100;4097;4097;4099;4094;4098;4098;4098;4098;0;0;0;20
$1;1;4165000;2;0;887;47699;37029;16915;396;0;4100;4097;4097;4099;4094;4098;4099;4098;4098;0;0;0;25
$1;1;4166000;2;0;885;47700;37029;16917;397;0;4100;4097;4097;4099;4094;4098;4098;4098;4098;0;0;0;27
$1;1;4167000;2;0;881;47703;37028;16920;398;0;4099;4097;4097;4099;4094;4098;4098;4098;4098;0;0;0;22
$1;1;4168000;2;0;877;47706;37028;16922;398;0;4100;4097;4097;4099;4095;4098;4099;4098;4098;0;0;0;22
$1;1;4169000;2;0;873;47708;37027;16924;399;0;4099;4097;4097;4099;4094;4098;4099;4098;4098;0;0;0;21
$1;1;4170000;2;0;868;47710;37025;16927;399;0;4100;4097;4097;4099;4095;4098;4098;4098;4098;0;0;0;30
$1;1;4171000;2;0;881;47704;37029;16929;400;0;4100;4097;4097;4099;4094;4098;4099;4098;4098;0;0;0;24
$1;1;4172000;2;0;855;47717;37021;16932;400;0;4099;4097;4097;4099;4094;4098;4098;4098;4098;0;0;0;18
$1;1;4173000;2;0;857;47718;37022;16934;401;0;4099;4097;4097;4099;4094;4098;4098;4098;4098;0;0;0;26
$1;1;4174000;2;0;875;47708;37028;16937;401;0;4100;4097;4097;4099;4095;4098;4099;4098;4098;0;0;0;20
$1;1;4175000;2;0;865;47713;37025;16939;402;0;4100;4097;4097;4099;4095;4098;4099;4098;4098;0;0;0;30
$1;1;4176000;2;0;848;47724;37019;16941;402;0;4099;4097;4097;4099;4094;4098;4098;4098;4098;0;0;0;23
$1;1;4177000;2;0;846;47726;37019;16943;402;0;4099;4097;4097;4098;4094;4098;4098;4098;4098;0;0;0;25
$1;1;4178000;2;0;853;47723;37022;16946;403;0;4100;4097;4097;4099;4094;4098;4098;4098;4098;0;0;0;27
$1;1;4179000;2;0;852;47723;37021;16948;403;0;4099;4097;4097;4099;4094;4098;4098;4098;4098;0;0;0;23
$1;1;4180000;2;0;841;47731;37019;16951;404;0;4099;4097;4097;4099;4094;4098;4098;4098;4098;0;0;0;20
$1;1;4181000;2;0;855;47723;37023;16953;404;0;4100;4097;4096;4099;4094;4098;4098;4098;4098;0;0;0;24
$1;1;4182000;2;0;832;47734;37016;16955;405;0;4099;4097;4097;4099;4094;4097;4098;4097;4098;0;0;0;29
$1;1;4183000;2;0;844;47728;37019;16958;405;0;4099;4097;4097;4099;4094;4098;4098;4098;4098;0;0;0;18
$1;1;4184000;2;0;846;47726;37019;16960;406;0;4099;4097;4097;4099;4094;4098;4098;4097;4098;0;0;0;30
$1;1;4185000;2;0;849;47724;37020;16962;406;0;4099;4097;4097;4099;4095;4098;4098;4098;4098;0;0;0;20
$1;1;4186000;2;0;850;47724;37021;16965;406;0;4099;4097;4096;4099;4094;4098;4098;4098;4098;0;0;0;25
$1;1;4187000;2;0;856;47721;37023;16967;406;0;4100;4097;4097;4099;4094;4098;4098;4098;4098;0;0;0;27
$1;1;4188000;2;0;842;47730;37019;16969;406;0;4099;4097;4096;4098;4095;4098;4098;4098;4098;0;0;0;22
$1;1;4189000;2;0;831;47737;37016;16972;406;0;4099;4097;4096;4099;4094;4098;4098;4098;4098;0;0;0;17
$1;1;4190000;2;0;853;47724;37022;16974;407;0;4099;4097;4097;4099;4094;4098;4098;4098;4098;0;0;0;30
$1;1;4191000;2;0;838;47732;37019;16976;406;0;4099;4097;4096;4099;4094;4098;4098;4097;4098;0;0;0;16
$1;1;4192000;2;0;838;47733;37019;16979;406;0;4099;4097;4096;4099;4094;4098;4098;4098;4098;0;0;0;18
$1;1;4193000;2;0;834;47736;37018;16981;406;0;4099;4097;4096;4099;4095;4098;4098;4098;4098;0;0;0;29
$1;1;4194000;2;0;851;47725;37023;16983;406;0;4100;4097;4097;4099;4095;4098;4098;4098;4098;0;0;0;17
$1;1;4195000;2;0;846;47729;37020;16986;406;0;4100;4097;4097;4099;4094;4098;4098;4098;4098;0;0;0;29
$1;1;4196000;2;0;842;47732;37020;16988;406;0;4100;4097;4097;4099;4095;4098;4098;4098;4098;0;0;0;31
$1;1;4197000;2;0;832;47739;37017;16990;406;0;4099;4097;4096;4098;4095;4098;4098;4098;4098;0;0;0;30
$1;1;4198000;2;0;841;47731;37019;16993;406;0;4099;4097;4097;4099;4095;4098;4098;4098;4098;0;0;0;16
$1;1;4199000;2;0;844;47728;37021;16995;406;0;4099;4097;4097;4099;4095;4098;4098;4098;4098;0;0;0;17
$1;1;4200000;2;0;851;47725;37023;16998;406;0;4100;4097;4097;4099;4095;4098;4098;4098;4098;0;0;0;21
$1;1;4201000;2;0;858;47721;37025;17000;406;0;4099;4097;4097;4099;4095;4098;4098;4098;4098;0;0;0;23
$1;1;4202000;2;0;836;47733;37019;17002;406;0;4099;4097;4097;4099;4095;4098;4098;4098;4098;0;0;0;18
$1;1;4203000;2;0;850;47725;37023;17005;406;0;4100;4097;4097;4099;4095;4098;4098;4098;4098;0;0;0;27
$1;1;4204000;2;0;851;47724;37023;17007;406;0;4100;4098;4097;4099;4095;4098;4098;4098;4098;0;0;0;17
$1;1;4205000;2;0;836;47734;37019;17009;406;0;4099;4097;4097;4099;4095;4098;4098;4098;4098;0;0;0;25
$1;1;4206000;2;0;848;47726;37022;17012;405;0;4099;4097;4097;4099;4095;4098;4098;4098;4098;0;0;0;17
$1;1;4207000;2;0;834;47736;37019;17014;405;0;4100;4097;4097;4099;4095;4098;4098;4098;4098;0;0;0;21
$1;1;4208000;2;0;820;47745;37015;17016;405;0;4099;4097;4096;4099;4095;4098;4098;4098;4098;0;0;0;21
$1;128;4208000;304;107;14;11;10;13;10;11;13;12;13;0;0;0;30
$1;1;4209000;2;0;836;47735;37019;17018;405;0;4099;4097;4097;4099;4095;4098;4098;4098;4098;0;0;0;23
$1;1;4210000;2;0;840;47733;37021;17021;404;0;4100;4097;4097;4099;4095;4098;4098;4098;4098;0;0;0;25
$1;1;4211000;2;0;830;47738;37019;17023;404;0;4100;4097;4097;4099;4095;4098;4098;4098;4098;0;0;0;29
$1;1;4212000;2;0;835;47737;37020;17025;403;0;4100;4097;4097;4099;4095;4098;4098;4098;4098;0;0;0;31
$1;1;4213000;2;0;845;47730;37022;17028;403;0;4100;4098;4097;4099;4095;4098;4098;4098;4098;0;0;0;30
$1;1;4214000;2;0;824;47741;37017;17030;403;0;4099;4097;4097;4099;4095;4098;4098;4098;4098;0;0;0;25
$1;1;4215000;2;0;830;47738;37019;17032;403;0;4100;4097;4097;4098;4095;4098;4098;4098;4098;0;0;0;31
$1;1;4216000;2;0;828;47738;37018;17035;403;0;4100;4097;4097;4099;4095;4098;4098;4098;4098;0;0;0;18
$1;1;4217000;2;0;820;47742;37016;17037;403;0;4099;4097;4097;4098;4095;4098;4098;4098;4098;0;0;0;26
$1;1;4218000;2;0;833;47737;37019;17039;402;0;4100;4097;4097;4098;4095;4098;4098;4098;4098;0;0;0;20
$1;1;4219000;2;0;842;47731;37022;17042;402;0;4100;4098;4097;4099;4095;4098;4098;4098;4098;0;0;0;31
$1;1;4220000;2;0;832;47737;37019;17044;402;0;4100;4097;4097;4099;4095;4098;4098;4098;4098;0;0;0;21
$1;1;4221000;2;0;835;47735;37020;17046;401;0;4100;4097;4097;4099;4095;4098;4098;4098;4098;0;0;0;26
$1;1;4222000;2;0;837;47734;37022;17049;401;0;4100;4097;4097;4099;4095;4098;4098;4098;4098;0;0;0;23
$1;1;4223000;2;0;828;47738;37019;17051;401;0;4100;4097;4097;4099;4095;4098;4098;4098;4098;0;0;0;21
$1;1;4224000;2;0;835;47735;37021;17053;400;0;4100;4098;4097;4099;4095;4098;4098;4098;4098;0;0;0;20
$1;1;4225000;2;0;810;47749;37015;17055;400;0;4099;4097;4097;4099;4095;4098;4098;4098;4098;0;0;0;22
$1;1;4226000;2;0;819;47745;37017;17058;399;0;4100;4097;4097;4098;4095;4098;4098;4098;4098;0;0;0;24
$1;1;4227000;2;0;827;47739;37019;17060;399;0;4100;4097;4097;4099;4095;4098;4098;4098;4098;0;0;0;27
$1;1;4228000;2;0;817;47746;37017;17062;399;0;4100;4097;4097;4098;4095;4098;4098;4098;4098;0;0;0;18
$1;1;4229000;2;0;831;47738;37020;17065;398;0;4100;4097;4097;4098;4095;4098;4098;4098;4098;0;0;0;28
$1;1;4230000;2;0;828;47738;37019;17067;399;0;4100;4097;4097;4098;4095;4098;4098;4098;4098;0;0;0;21
$1;1;4231000;2;0;815;47745;37017;17069;398;0;4099;4097;4097;4098;4095;4098;4098;4098;4098;0;0;0;16
$1;1;4232000;2;0;830;47736;37021;17071;398;0;4100;4097;4097;4099;4095;4098;4098;4098;4098;0;0;0;28
$1;1;4233000;2;0;818;47743;37018;17074;398;0;4100;4097;4097;4099;4095;4098;4098;4098;4098;0;0;0;26
$1;1;4234000;2;0;825;47739;37019;17076;397;0;4100;4097;4097;4098;4095;4098;4098;4098;4098;0;0;0;19
$1;1;4235000;2;0;825;47739;37019;17078;397;0;4100;4097;4097;4098;4095;4098;4098;4098;4098;0;0;0;28
$1;1;4236000;2;0;813;47746;37016;17081;396;0;4100;4097;4097;4099;4095;4098;4098;4098;4098;0;0;0;27
$1;1;4237000;2;0;820;47742;37018;17083;396;0;4100;4097;4097;4098;4095;4098;4098;4098;4098;0;0;0;19
$1;1;4238000;2;0;817;47744;37017;17085;396;0;4100;4097;4097;4098;4095;4098;4098;4098;4098;0;0;0;23
$1;1;4239000;2;0;809;47749;37015;17087;395;0;4099;4097;4097;4098;4095;4098;4098;4098;4098;0;0;0;22
$1;1;4240000;2;0;827;47738;37020;17090;395;0;4100;4097;4097;4099;4095;4098;4098;4098;4098;0;0;0;18
$1;1;4241000;2;0;829;47737;37021;17092;394;0;4100;4097;4097;4099;4095;4098;4098;4098;4098;0;0;0;16
$1;1;4242000;2;0;825;47739;37020;17094;394;0;4100;4098;4097;4098;4095;4098;4098;4098;4098;0;0;0;24
$1;1;4243000;2;0;807;47751;37015;17097;393;0;4100;4097;4097;4098;4095;4098;4098;4098;4098;0;0;0;26
$1;1;4244000;2;0;807;47751;37016;17099;393;0;4100;4097;4097;4098;4095;4098;4098;4098;4098;0;0;0;16
$1;1;4245000;2;0;797;47758;37012;17101;392;0;4099;4097;4097;4098;4095;4098;4098;4098;4098;0;0;0;26
$1;1;4246000;2;0;807;47753;37015;17103;392;0;4100;4097;4097;4098;4095;4098;4098;4098;4098;0;0;0;16
$1;1;4247000;2;0;810;47750;37017;17105;392;0;4100;4097;4097;4098;4095;4098;4098;4098;4098;0;0;0;16
$1;1;4248000;2;0;809;47749;37015;17108;392;0;4100;4097;4097;4098;4095;4098;4098;4098;4098;0;0;0;16
$1;1;4249000;2;0;806;47750;37015;17110;392;0;4100;4097;4097;4099;4095;4097;4098;4098;4098;0;0;0;17
$1;1;4250000;2;0;790;47760;37010;17112;391;0;4099;4097;4096;4098;4095;4097;4097;4098;4098;0;0;0;16
$1;1;4251000;2;0;799;47755;37013;17114;391;0;4099;4097;4097;4099;4095;4097;4098;4098;4098;0;0;0;20
$1;1;4252000;2;0;801;47754;37014;17117;391;0;4100;4097;4097;4098;4095;4097;4097;4098;4098;0;0;0;19
$1;1;4253000;2;0;810;47748;37017;17119;390;0;4100;4097;4097;4098;4095;4098;4098;4098;4098;0;0;0;19
$1;1;4254000;2;0;804;47751;37015;17121;390;0;4100;4097;4097;4098;4096;4097;4098;4098;4098;0;0;0;28
$1;1;4255000;2;0;805;47751;37014;17123;389;0;4100;4097;4097;4098;4095;4097;4098;4098;4098;0;0;0;20
$1;1;4256000;2;0;806;47751;37016;17125;389;0;4100;4097;4097;4099;4095;4097;4098;4098;4098;0;0;0;17
$1;1;4257000;2;0;804;47753;37015;17128;389;0;4100;4098;4097;4099;4095;4097;4098;4098;4098;0;0;0;17
$1;1;4258000;2;0;791;47761;37010;17130;388;0;4099;4097;4097;4098;4095;4097;4098;4098;4098;0;0;0;30
$1;1;4259000;2;0;803;47753;37014;17132;388;0;4100;4097;4097;4098;4095;4097;4098;4098;4098;0;0;0;29
$1;1;4260000;2;0;806;47751;37015;17134;388;0;4100;4097;4097;4098;4096;4097;4098;4098;4098;0;0;0;20
$1;1;4261000;2;0;791;47761;37010;17136;387;0;4099;4097;4097;4098;4095;4097;4097;4098;4098;0;0;0;18
$1;1;4262000;2;0;805;47753;37015;17139;387;0;4100;4097;4097;4098;4096;4097;4098;4098;4098;0;0;0;21
$1;1;4263000;2;0;805;47753;37016;17141;387;0;4100;4097;4097;4099;4096;4097;4098;4098;4098;0;0;0;25
$1;1;4264000;2;0;803;47754;37015;17143;387;0;4100;4097;4097;4098;4095;4097;4098;4098;4098;0;0;0;28
$1;1;4265000;2;0;796;47759;37013;17145;386;0;4100;4097;4097;4098;4096;4097;4098;4098;4098;0;0;0;17
$1;1;4266000;2;0;795;47760;37013;17148;386;0;4100;4097;4097;4098;4095;4097;4098;4098;4098;0;0;0;21
$1;1;4267000;2;0;796;47756;37013;17150;386;0;4100;4097;4097;4098;4096;4098;4098;4098;4098;0;0;0;23
$1;1;4268000;2;0;796;47756;37013;17152;387;0;4099;4097;4097;4099;4096;4097;4098;4098;4098;0;0;0;20
$1;128;4268000;309;105;14;10;10;12;10;11;14;12;12;0;0;0;17
$1;1;4269000;2;0;794;47758;37013;17154;387;0;4100;4097;4097;4098;4096;4097;4098;4098;4098;0;0;0;31
$1;1;4270000;2;0;807;47750;37016;17157;387;0;4100;4097;4097;4099;4096;4098;4098;4098;4098;0;0;0;18
$1;1;4271000;2;0;802;47753;37015;17159;386;0;4100;4097;4097;4099;4096;4098;4098;4098;4098;0;0;0;25
$1;1;4272000;2;0;797;47756;37014;17161;386;0;4100;4097;4097;4099;4095;4098;4098;4098;4098;0;0;0;21
$1;1;4273000;2;0;796;47757;37014;17163;386;0;4100;4097;4097;4099;4096;4098;4098;4098;4098;0;0;0;21
$1;1;4274000;2;0;797;47757;37014;17166;386;0;4100;4097;4097;4099;4095;4098;4098;4098;4098;0;0;0;21
$1;1;4275000;2;0;788;47761;37011;17168;386;0;4099;4097;4097;4098;4095;4098;4098;4098;4098;0;0;0;20
$1;1;4276000;2;0;790;47761;37012;17170;386;0;4100;4097;4097;4098;4096;4097;4098;4098;4098;0;0;0;25
$1;1;4277000;2;0;793;47759;37013;17172;386;0;4100;4097;4097;4098;4096;4098;4098;4098;4098;0;0;0;28
$1;1;4278000;2;0;796;47758;37014;17174;386;0;4100;4097;4097;4098;4096;4098;4098;4098;4098;0;0;0;22
$1;1;4279000;2;0;781;47766;37009;17177;386;0;4099;4097;4097;4098;4095;4097;4098;4098;4098;0;0;0;30
$1;1;4280000;2;0;775;47770;37008;17179;386;0;4099;4097;4097;4098;4095;4097;4098;4098;4098;0;0;0;27
$1;1;4281000;2;0;797;47757;37014;17181;386;0;4100;4097;4097;4099;4096;4098;4098;4098;4098;0;0;0;21
$1;1;4282000;2;0;791;47762;37013;17183;386;0;4100;4097;4097;4099;4095;4098;4098;4098;4098;0;0;0;16
$1;1;4283000;2;0;782;47766;37010;17185;386;0;4099;4097;4097;4099;4095;4098;4098;4098;4098;0;0;0;19
$1;1;4284000;2;0;773;47772;37007;17187;386;0;4099;4097;4097;4098;4095;4098;4097;4098;4098;0;0;0;21
$1;1;4285000;2;0;785;47766;37010;17190;386;0;4099;4097;4097;4099;4096;4098;4098;4098;4098;0;0;0;21
$1;1;4286000;2;0;783;47766;37011;17192;386;0;4099;4097;4097;4098;4096;4098;4098;4098;4098;0;0;0;18
$1;1;4287000;2;0;790;47761;37013;17194;387;0;4100;4097;4097;4099;4095;4098;4098;4098;4098;0;0;0;16
$1;1;4288000;2;0;795;47758;37015;17196;387;0;4100;4097;4097;4098;4096;4098;4098;4098;4098;0;0;0;22
$1;1;4289000;2;0;780;47767;37011;17198;388;0;4099;4097;4097;4099;4096;4098;4098;4098;4098;0;0;0;26
$1;1;4290000;2;0;788;47761;37013;17200;388;0;4100;4097;4097;4098;4096;4098;4098;4098;4098;0;0;0;28
$1;1;4291000;2;0;777;47769;37010;17202;388;0;4099;4097;4097;4099;4096;4098;4098;4098;4098;0;0;0;20
$1;1;4292000;2;0;785;47763;37012;17205;388;0;4100;4097;4097;4098;4096;4098;4098;4098;4098;0;0;0;21
$1;1;4293000;2;0;791;47761;37014;17207;388;0;4100;4097;4097;4098;4096;4098;4098;4098;4098;0;0;0;23
$1;1;4294000;2;0;773;47771;37009;17209;388;0;4100;4097;4097;4098;4096;4098;4098;4098;4098;0;0;0;31
$1;1;4295000;2;0;783;47766;37012;17211;388;0;4100;4097;4097;4098;4096;4098;4098;4098;4098;0;0;0;20
$1;1;4296000;2;0;776;47769;37011;17213;388;0;4099;4097;4097;4098;4096;4098;4098;4098;4098;0;0;0;18
$1;1;4297000;2;0;758;47782;37006;17215;389;0;4099;4097;4097;4098;4096;4098;4098;4098;4098;0;0;0;27
$1;1;4298000;2;0;771;47774;37009;17218;388;0;4099;4097;4097;4098;4096;4098;4098;4098;4099;0;0;0;20
$1;1;4299000;2;0;771;47775;37009;17220;388;0;4099;4097;4097;4098;4096;4098;4098;4098;4098;0;0;0;30
$1;1;4300000;2;0;776;47771;37011;17222;388;0;4099;4097;4097;4098;4096;4098;4098;4098;4099;0;0;0;22
$1;1;4301000;2;0;769;47776;37009;17224;388;0;4099;4097;4097;4098;4096;4098;4098;4098;4099;0;0;0;17
$1;1;4302000;2;0;775;47771;37011;17226;388;0;4100;4097;4097;4098;4096;4098;4098;4098;4099;0;0;0;18
$1;1;4303000;2;0;771;47775;37009;17228;388;0;4099;4097;4097;4098;4096;4098;4098;4098;4098;0;0;0;20
$1;1;4304000;2;0;767;47777;37009;17230;388;0;4100;4097;4097;4098;4096;4098;4098;4098;4099;0;0;0;31
$1;1;4305000;2;0;766;47776;37008;17232;388;0;4099;4097;4097;4098;4096;4098;4098;4098;4098;0;0;0;29
$1;1;4306000;2;0;768;47776;37009;17235;389;0;4099;4097;4097;4098;4096;4098;4098;4098;4099;0;0;0;22
$1;1;4307000;2;0;770;47773;37010;17237;389;0;4100;4097;4097;4098;4096;4098;4098;4098;4099;0;0;0;16
$1;1;4308000;2;0;772;47772;37011;17239;388;0;4099;4097;4097;4098;4096;4098;4098;4098;4099;0;0;0;19
$1;1;4309000;2;0;766;47776;37009;17241;388;0;4099;4097;4097;4099;4096;4098;4098;4098;4099;0;0;0;20
$1;1;4310000;2;0;765;47777;37009;17243;388;0;4099;4097;4097;4098;4096;4098;4098;4098;4099;0;0;0;29
$1;1;4311000;2;0;757;47782;37007;17245;388;0;4099;4097;4097;4098;4096;4098;4098;4098;4098;0;0;0;30
$1;1;4312000;2;0;759;47781;37007;17247;387;0;4099;4097;4097;4098;4096;4098;4098;4098;4099;0;0;0;28
$1;1;4313000;2;0;772;47774;37012;17249;387;0;4100;4097;4097;4098;4096;4098;4098;4098;4099;0;0;0;21
$1;1;4314000;2;0;761;47779;37008;17252;387;0;4100;4097;4097;4098;4096;4098;4098;4098;4098;0;0;0;29
$1;1;4315000;2;0;774;47772;37012;17254;387;0;4100;4097;4097;4098;4096;4098;4098;4098;4099;0;0;0;31
$1;1;4316000;2;0;770;47774;37011;17256;386;0;4100;4097;4097;4098;4096;4098;4098;4098;4099;0;0;0;30
$1;1;4317000;2;0;760;47780;37008;17258;386;0;4100;4097;4097;4098;4096;4098;4098;4098;4098;0;0;0;18
$1;1;4318000;2;0;759;47781;37008;17260;386;0;4100;4097;4097;4098;4096;4098;4098;4098;4098;0;0;0;29
$1;1;4319000;2;0;759;47781;37009;17262;385;0;4100;4097;4097;4098;4096;4098;4098;4098;4098;0;0;0;28
$1;1;4320000;2;0;758;47783;37008;17264;385;0;4100;4097;4097;4098;4096;4098;4098;4098;4098;0;0;0;18
$1;1;4321000;2;0;771;47775;37012;17266;385;0;4100;4097;4097;4098;4096;4098;4098;4098;4099;0;0;0;25
$1;1;4322000;2;0;747;47787;37006;17268;384;0;4100;4097;4097;4098;4096;4098;4097;4098;4098;0;0;0;22
$1;1;4323000;2;0;762;47780;37009;17270;384;0;4100;4097;4097;4098;4096;4098;4098;4098;4099;0;0;0;31
$1;1;4324000;2;0;762;47777;37009;17273;384;0;4100;4097;4097;4098;4096;4098;4098;4098;4099;0;0;0;19
$1;1;4325000;2;0;759;47778;37008;17275;384;0;4100;4097;4097;4099;4096;4098;4098;4098;4098;0;0;0;18
$1;1;4326000;2;0;767;47774;37011;17277;384;0;4100;4097;4097;4099;4096;4098;4098;4098;4098;0;0;0;26
$1;1;4327000;2;0;750;47785;37007;17279;384;0;4099;4097;4097;4099;4096;4098;4098;4098;4099;0;0;0;24
$1;1;4328000;2;0;741;47790;37004;17281;384;0;4099;4097;4097;4099;4096;4098;4097;4098;4098;0;0;0;25
$1;128;4328000;307;109;14;10;10;13;9;12;14;13;14;0;0;0;43
$1;1;4329000;2;0;752;47784;37007;17283;384;0;4099;4097;4097;4098;4096;4098;4098;4098;4098;0;0;0;16
$1;1;4330000;2;0;759;47779;37009;17285;383;0;4099;4097;4097;4098;4096;4098;4098;4098;4098;0;0;0;30
$1;1;4331000;2;0;752;47783;37007;17287;383;0;4100;4097;4097;4098;4096;4098;4098;4098;4098;0;0;0;28
$1;1;4332000;2;0;757;47781;37008;17289;383;0;4100;4097;4097;4098;4096;4098;4098;4098;4099;0;0;0;24
$1;1;4333000;2;0;753;47784;37007;17291;383;0;4100;4097;4097;4099;4096;4098;4098;4098;4098;0;0;0;30
$1;1;4334000;2;0;756;47783;37008;17293;382;0;4100;4097;4097;4098;4096;4098;4098;4098;4099;0;0;0;23
$1;1;4335000;2;0;734;47794;37002;17296;382;0;4099;4097;4097;4098;4096;4098;4097;4098;4098;0;0;0;20
$1;1;4336000;2;0;751;47786;37007;17298;382;0;4100;4097;4097;4098;4096;4098;4098;4098;4099;0;0;0;19
$1;1;4337000;2;0;742;47791;37005;17300;382;0;4100;4097;4097;4098;4096;4098;4097;4098;4098;0;0;0;26
$1;1;4338000;2;0;725;47800;36999;17302;381;0;4099;4097;4097;4098;4096;4098;4097;4098;4098;0;0;0;30
$1;1;4339000;2;0;747;47788;37007;17304;381;0;4100;4097;4097;4098;4096;4098;4098;4098;4098;0;0;0;19
$1;1;4340000;2;0;736;47795;37003;17306;381;0;4100;4097;4097;4098;4096;4098;4097;4098;4098;0;0;0;30
$1;1;4341000;2;0;732;47798;37002;17308;381;0;4099;4097;4097;4098;4096;4098;4097;4098;4098;0;0;0;24
$1;1;4342000;2;0;723;47803;36999;17310;381;0;4099;4096;4097;4098;4095;4098;4097;4098;4098;0;0;0;23
$1;1;4343000;2;0;744;47792;37006;17312;381;0;4100;4097;4097;4098;4096;4098;4097;4098;4098;0;0;0;31
$1;1;4344000;2;0;720;47803;36998;17314;381;0;4099;4097;4097;4098;4096;4098;4097;4098;4098;0;0;0;21
$1;1;4345000;2;0;749;47786;37007;17316;381;0;4099;4097;4097;4098;4096;4098;4098;4098;4099;0;0;0;27
$1;1;4346000;2;0;729;47798;37001;17318;381;0;4099;4096;4097;4098;4096;4098;4097;4098;4098;0;0;0;22
$1;1;4347000;2;0;744;47790;37005;17320;381;0;4100;4097;4097;4098;4096;4098;4098;4098;4098;0;0;0;20
$1;1;4348000;2;0;746;47789;37006;17322;381;0;4099;4097;4097;4098;4096;4098;4098;4098;4098;0;0;0;17
$1;1;4349000;2;0;732;47798;37002;17324;381;0;4099;4097;4097;4098;4096;4098;4097;4098;4098;0;0;0;30
$1;1;4350000;2;0;751;47788;37008;17326;381;0;4100;4097;4097;4098;4096;4098;4098;4098;4098;0;0;0;20
$1;1;4351000;2;0;740;47793;37006;17328;381;0;4100;4097;4097;4098;4096;4098;4098;4098;4098;0;0;0;31
$1;1;4352000;2;0;743;47792;37006;17330;381;0;4100;4097;4097;4098;4096;4098;4097;4098;4098;0;0;0;24
$1;1;4353000;2;0;724;47803;37000;17332;381;0;4099;4097;4097;4098;4096;4098;4097;4098;4098;0;0;0;26
$1;1;4354000;2;0;734;47798;37003;17334;381;0;4100;4097;4097;4099;4096;4098;4097;4098;4098;0;0;0;20
$1;1;4355000;2;0;744;47792;37007;17336;381;0;4100;4097;4097;4099;4096;4098;4098;4098;4098;0;0;0;17
$1;1;4356000;2;0;740;47795;37006;17338;381;0;4100;4097;4097;4098;4096;4098;4098;4098;4098;0;0;0;31
$1;1;4357000;2;0;732;47799;37003;17341;381;0;4099;4097;4097;4098;4096;4098;4098;4098;4098;0;0;0;29
$1;1;4358000;2;0;724;47805;37001;17343;382;0;4100;4097;4097;4098;4096;4098;4098;4098;4098;0;0;0;29
$1;1;4359000;2;0;725;47804;37001;17345;381;0;4099;4097;4097;4098;4096;4098;4098;4098;4098;0;0;0;24
$1;1;4360000;2;0;725;47805;37001;17347;382;0;4100;4097;4097;4098;4096;4098;4098;4098;4098;0;0;0;19
$1;1;4361000;2;0;731;47802;37003;17349;382;0;4100;4097;4097;4098;4096;4098;4098;4098;4098;0;0;0;28
$1;1;4362000;2;0;721;47808;37000;17351;382;0;4100;4097;4097;4098;4096;4098;4098;4098;4098;0;0;0;30
$1;1;4363000;2;0;727;47804;37003;17353;382;0;4100;4097;4097;4098;4096;4098;4098;4098;4098;0;0;0;20
$1;1;4364000;2;0;729;47800;37003;17355;382;0;4100;4097;4097;4098;4096;4098;4098;4098;4098;0;0;0;31
$1;1;4365000;2;0;720;47806;37001;17357;383;0;4100;4097;4097;4098;4096;4098;4098;4098;4098;0;0;0;16
$1;1;4366000;2;0;737;47795;37006;17359;383;0;4100;4097;4097;4099;4096;4098;4098;4098;4098;0;0;0;24
$1;1;4367000;2;0;723;47805;37002;17361;383;0;4100;4097;4097;4098;4096;4098;4098;4098;4098;0;0;0;20
$1;1;4368000;2;0;726;47803;37003;17363;384;0;4100;4097;4097;4098;4096;4098;4098;4098;4098;0;0;0;28
$1;1;4369000;2;0;720;47807;37001;17365;384;0;4100;4097;4097;4098;4096;4098;4098;4098;4098;0;0;0;27
$1;1;4370000;2;0;725;47803;37003;17367;384;0;4100;4097;4097;4099;4096;4098;4098;4098;4098;0;0;0;19
$1;1;4371000;2;0;720;47807;37001;17369;384;0;4100;4097;4097;4098;4096;4098;4098;4098;4098;0;0;0;30
$1;1;4372000;2;0;722;47807;37001;17371;384;0;4100;4097;4097;4098;4096;4098;4098;4098;4098;0;0;0;22
$1;1;4373000;2;0;717;47809;37000;17373;384;0;4100;4097;4097;4098;4096;4098;4098;4098;4098;0;0;0;28
$1;1;4374000;2;0;715;47810;37000;17375;385;0;4099;4097;4097;4098;4096;4098;4098;4098;4098;0;0;0;23
$1;1;4375000;2;0;721;47807;37002;17377;385;0;4100;4097;4097;4098;4096;4098;4098;4098;4098;0;0;0;22
$1;1;4376000;2;0;710;47815;36999;17379;385;0;4099;4097;4097;4099;4096;4098;4098;4098;4098;0;0;0;16
$1;1;4377000;2;0;708;47817;36998;17381;385;0;4099;4097;4097;4098;4096;4098;4098;4098;4099;0;0;0;28
$1;1;4378000;2;0;698;47822;36995;17383;385;0;4099;4097;4097;4098;4095;4098;4098;4098;4098;0;0;0;16
$1;1;4379000;2;0;711;47815;37000;17385;385;0;4099;4097;4097;4099;4096;4098;4098;4098;4098;0;0;0;21
$1;1;4380000;2;0;713;47814;37000;17387;386;0;4099;4097;4097;4098;4096;4098;4098;4098;4098;0;0;0;16
$1;1;4381000;2;0;705;47820;36998;17389;386;0;4099;4097;4098;4098;4096;4098;4098;4098;4098;0;0;0;25
$1;1;4382000;2;0;706;47819;36998;17391;386;0;4099;4097;4097;4098;4096;4098;4098;4098;4098;0;0;0;21
$1;1;4383000;2;0;701;47822;36997;17393;386;0;4099;4097;4097;4099;4096;4098;4098;4098;4098;0;0;0;23
$1;1;4384000;2;0;718;47809;37003;17395;387;0;4100;4097;4098;4099;4096;4098;4098;4098;4098;0;0;0;29
$1;1;4385000;2;0;705;47818;36998;17397;388;0;4099;4097;4097;4098;4095;4098;4098;4098;4098;0;0;0;27
$1;1;4386000;2;0;700;47821;36997;17398;388;0;4099;4098;4097;4098;4096;4098;4098;4098;4098;0;0;0;27
$1;1;4387000;2;0;695;47823;36996;17400;388;0;4099;4098;4097;4099;4095;4098;4098;4098;4098;0;0;0;16
$1;1;4388000;2;0;708;47817;37000;17402;389;0;4099;4097;4097;4099;4096;4098;4098;4098;4099;0;0;0;20
$1;128;4388000;307;106;14;10;10;13;9;11;14;13;12;0;0;0;43
$1;1;4389000;2;0;690;47827;36995;17404;389;0;4099;4097;4097;4098;4095;4098;4098;4098;4098;0;0;0;23
$1;1;4390000;2;0;699;47822;36997;17406;389;0;4099;4097;4097;4099;4096;4098;4098;4098;4098;0;0;0;17
$1;1;4391000;2;0;695;47824;36996;17408;389;0;4099;4097;4097;4099;4096;4098;4098;4098;4098;0;0;0;21
$1;1;4392000;2;0;695;47825;36996;17410;389;0;4099;4097;4097;4099;4095;4098;4098;4098;4098;0;0;0;29
$1;1;4393000;2;0;693;47827;36995;17412;390;0;4099;4097;4097;4098;4096;4098;4098;4098;4098;0;0;0;19
$1;1;4394000;2;0;694;47826;36996;17414;390;0;4099;4097;4097;4098;4096;4098;4098;4098;4098;0;0;0;23
$1;1;4395000;2;0;693;47826;36995;17416;390;0;4099;4097;4097;4099;4095;4098;4098;4098;4098;0;0;0;18
$1;1;4396000;2;0;684;47832;36993;17418;390;0;4099;4097;4097;4098;4095;4098;4098;4098;4098;0;0;0;27
$1;1;4397000;2;0;688;47830;36995;17420;390;0;4099;4097;4097;4099;4095;4098;4098;4098;4098;0;0;0;24
$1;1;4398000;2;0;690;47830;36995;17422;390;0;4099;4097;4097;4099;4095;4098;4098;4098;4098;0;0;0;28
$1;1;4399000;2;0;697;47825;36997;17424;391;0;4099;4097;4097;4099;4095;4098;4098;4098;4098;0;0;0;27
$1;1;4400000;2;0;689;47831;36995;17425;391;0;4099;4098;4097;4099;4095;4098;4098;4098;4098;0;0;0;26
$1;1;4401000;2;0;683;47835;36994;17427;391;0;4099;4098;4097;4099;4095;4098;4098;4098;4098;0;0;0;22
$1;1;4402000;2;0;689;47830;36995;17429;392;0;4099;4097;4097;4099;4095;4098;4098;4098;4098;0;0;0;25
$1;1;4403000;2;0;685;47832;36995;17431;392;0;4099;4097;4097;4099;4095;4098;4098;4098;4098;0;0;0;31
$1;1;4404000;2;0;699;47825;36998;17433;393;0;4099;4098;4097;4099;4095;4098;4098;4098;4098;0;0;0;18
$1;1;4405000;2;0;682;47834;36994;17435;393;0;4099;4097;4097;4099;4095;4098;4098;4098;4098;0;0;0;28
$1;1;4406000;2;0;687;47831;36995;17437;394;0;4099;4097;4097;4099;4095;4098;4098;4098;4098;0;0;0;27
$1;1;4407000;2;0;685;47832;36995;17439;394;0;4099;4097;4097;4099;4095;4098;4098;4098;4098;0;0;0;21
$1;1;4408000;2;0;682;47834;36994;17440;394;0;4099;4097;4097;4099;4095;4098;4098;4098;4098;0;0;0;20
$1;1;4409000;2;0;695;47826;36997;17442;394;0;4099;4097;4097;4099;4095;4098;4098;4098;4098;0;0;0;17
$1;1;4410000;2;0;684;47833;36995;17444;395;0;4099;4098;4097;4099;4095;4098;4098;4098;4098;0;0;0;23
$1;1;4411000;2;0;681;47835;36994;17446;395;0;4099;4097;4097;4099;4095;4098;4098;4098;4098;0;0;0;25
$1;1;4412000;2;0;668;47843;36991;17448;395;0;4099;4097;4097;4099;4095;4098;4098;4098;4098;0;0;0;23
$1;1;4413000;2;0;675;47840;36992;17450;395;0;4099;4097;4097;4099;4095;4098;4098;4098;4098;0;0;0;19
$1;1;4414000;2;0;677;47840;36993;17452;396;0;4099;4097;4097;4099;4096;4098;4098;4098;4098;0;0;0;21
$1;1;4415000;2;0;664;47847;36989;17453;396;0;4099;4097;4097;4099;4095;4098;4098;4098;4098;0;0;0;24
$1;1;4416000;2;0;675;47841;36993;17455;396;0;4099;4097;4097;4099;4096;4098;4098;4098;4098;0;0;0;19
$1;1;4417000;2;0;677;47841;36993;17457;396;0;4099;4097;4097;4099;4095;4098;4098;4098;4098;0;0;0;17
$1;1;4418000;2;0;680;47839;36994;17459;397;0;4099;4097;4097;4099;4095;4098;4099;4098;4098;0;0;0;16
$1;1;4419000;2;0;679;47840;36994;17461;397;0;4099;4097;4097;4099;4095;4098;4098;4098;4098;0;0;0;19
$1;1;4420000;2;0;682;47838;36994;17463;398;0;4099;4097;4097;4099;4095;4098;4099;4098;4098;0;0;0;30
$1;1;4421000;2;0;674;47840;36992;17464;398;0;4099;4097;4097;4099;4095;4098;4098;4098;4098;0;0;0;25
$1;1;4422000;2;0;680;47837;36995;17466;399;0;4099;4097;4097;4099;4095;4098;4099;4098;4098;0;0;0;20
$1;1;4423000;2;0;663;47848;36989;17468;399;0;4099;4097;4097;4099;4096;4098;4098;4098;4098;0;0;0;17
$1;1;4424000;2;0;671;47842;36992;17470;400;0;4099;4097;4097;4099;4095;4098;4098;4098;4098;0;0;0;24
$1;1;4425000;2;0;673;47841;36992;17472;400;0;4099;4097;4097;4099;4095;4098;4098;4098;4098;0;0;0;26
$1;1;4426000;2;0;657;47850;36988;17474;400;0;4099;4097;4097;4099;4095;4098;4098;4098;4098;0;0;0;18
$1;1;4427000;2;0;664;47847;36990;17475;400;0;4099;4097;4097;4099;4095;4098;4099;4098;4098;0;0;0;28
$1;1;4428000;2;0;669;47844;36991;17477;400;0;4099;4097;4097;4099;4095;4098;4098;4098;4098;0;0;0;31
$1;1;4429000;2;0;671;47843;36992;17479;400;0;4099;4097;4097;4099;4096;4098;4099;4098;4098;0;0;0;31
$1;1;4430000;2;0;662;47849;36989;17481;400;0;4099;4097;4097;4099;4095;4098;4098;4098;4098;0;0;0;16
$1;1;4431000;2;0;661;47850;36990;17483;401;0;4099;4097;4097;4099;4095;4098;4099;4098;4098;0;0;0;16
$1;1;4432000;2;0;659;47851;36989;17485;401;0;4099;4098;4097;4098;4095;4098;4098;4098;4098;0;0;0;24
$1;1;4433000;2;0;656;47854;36989;17486;401;0;4099;4097;4097;4099;4095;4098;4098;4098;4098;0;0;0;30
$1;1;4434000;2;0;660;47852;36989;17488;401;0;4099;4097;4097;4099;4095;4098;4098;4098;4098;0;0;0;20
$1;1;4435000;2;0;647;47858;36986;17490;401;0;4099;4097;4097;4099;4095;4098;4098;4098;4098;0;0;0;28
$1;1;4436000;2;0;653;47856;36987;17492;401;0;4099;4097;4097;4099;4095;4098;4098;4098;4098;0;0;0;23
$1;1;4437000;2;0;654;47855;36988;17494;402;0;4099;4097;4097;4099;4095;4098;4098;4098;4098;0;0;0;24
$1;1;4438000;2;0;657;47852;36989;17496;402;0;4099;4098;4097;4099;4096;4098;4099;4098;4098;0;0;0;29
$1;1;4439000;2;0;658;47851;36989;17497;402;0;4099;4097;4097;4099;4095;4098;4098;4098;4098;0;0;0;28
$1;1;4440000;2;0;650;47856;36987;17499;402;0;4099;4097;4097;4099;4095;4098;4099;4098;4098;0;0;0;28
$1;1;4441000;2;0;658;47852;36990;17501;402;0;4099;4097;4097;4099;4095;4098;4098;4098;4098;0;0;0;22
$1;1;4442000;2;0;640;47861;36984;17503;402;0;4099;4097;4097;4099;4095;4098;4098;4098;4098;0;0;0;27
$1;1;4443000;2;0;664;47849;36992;17505;402;0;4099;4097;4097;4099;4095;4098;4098;4098;4098;0;0;0;23
$1;1;4444000;2;0;650;47856;36988;17506;402;0;4099;4097;4097;4099;4096;4098;4098;4098;4098;0;0;0;18
$1;1;4445000;2;0;658;47853;36990;17508;401;0;4099;4097;4097;4099;4096;4098;4098;4098;4098;0;0;0;26
$1;1;4446000;2;0;647;47858;36987;17510;401;0;4099;4098;4097;4099;4096;4098;4098;4098;4098;0;0;0;28
$1;1;4447000;2;0;655;47856;36989;17512;401;0;4099;4097;4097;4099;4096;4098;4098;4098;4098;0;0;0;19
$1;1;4448000;2;0;656;47856;36990;17514;401;0;4100;4097;4097;4099;4096;4098;4098;4098;4098;0;0;0;16
$1;128;4448000;310;105;14;10;10;13;9;11;13;13;12;0;0;0;34
$1;1;4449000;2;0;660;47853;36991;17516;400;0;4099;4097;4097;4099;4096;4098;4098;4098;4098;0;0;0;18
$1;1;4450000;2;0;651;47858;36988;17517;400;0;4099;4097;4097;4099;4096;4098;4098;4098;4098;0;0;0;26
$1;1;4451000;2;0;648;47860;36987;17519;400;0;4099;4097;4097;4099;4096;4098;4098;4098;4098;0;0;0;25
$1;1;4452000;2;0;656;47856;36990;17521;399;0;4099;4098;4097;4099;4096;4098;4098;4098;4098;0;0;0;21
$1;1;4453000;2;0;647;47861;36988;17523;399;0;4099;4097;4097;4099;4095;4098;4098;4098;4098;0;0;0;23
$1;1;4454000;2;0;651;47855;36988;17524;400;0;4099;4097;4097;4099;4096;4098;4098;4098;4098;0;0;0;19
$1;1;4455000;2;0;659;47850;36991;17526;400;0;4099;4097;4097;4099;4096;4098;4098;4098;4098;0;0;0;21
$1;1;4456000;2;0;639;47862;36985;17528;399;0;4099;4097;4097;4098;4096;4098;4098;4098;4098;0;0;0;28
$1;1;4457000;2;0;656;47853;36991;17530;399;0;4099;4097;4097;4099;4096;4098;4098;4098;4098;0;0;0;27
$1;1;4458000;2;0;658;47852;36991;17532;399;0;4099;4097;4097;4099;4096;4098;4098;4098;4098;0;0;0;25
$1;1;4459000;2;0;649;47856;36988;17534;398;0;4099;4098;4097;4099;4096;4098;4098;4098;4098;0;0;0;28
$1;1;4460000;2;0;657;47852;36991;17535;398;0;4099;4097;4097;4099;4096;4098;4098;4098;4098;0;0;0;27
$1;1;4461000;2;0;645;47859;36987;17537;398;0;4099;4098;4097;4099;4096;4098;4098;4098;4098;0;0;0;24
$1;1;4462000;2;0;645;47860;36987;17539;397;0;4099;4097;4097;4098;4096;4098;4098;4098;4098;0;0;0;30
$1;1;4463000;2;0;642;47861;36986;17541;397;0;4099;4097;4097;4099;4096;4098;4098;4098;4098;0;0;0;22
$1;1;4464000;2;0;658;47852;36991;17543;396;0;4099;4097;4097;4099;4096;4098;4098;4098;4098;0;0;0;31
$1;1;4465000;2;0;655;47853;36990;17544;396;0;4100;4097;4097;4099;4096;4098;4098;4098;4098;0;0;0;21
$1;1;4466000;2;0;660;47851;36992;17546;395;0;4100;4097;4097;4099;4096;4098;4098;4098;4098;0;0;0;17
$1;1;4467000;2;0;638;47863;36986;17548;395;0;4099;4098;4097;4099;4096;4098;4098;4098;4098;0;0;0;25
$1;1;4468000;2;0;648;47858;36989;17550;394;0;4099;4097;4097;4099;4096;4098;4098;4098;4098;0;0;0;17
$1;1;4469000;2;0;654;47854;36991;17552;394;0;4100;4098;4097;4098;4096;4098;4098;4098;4098;0;0;0;21
$1;1;4470000;2;0;656;47854;36992;17553;393;0;4100;4098;4097;4099;4096;4098;4098;4098;4098;0;0;0;27
$1;1;4471000;2;0;651;47855;36990;17555;394;0;4099;4097;4097;4099;4096;4098;4098;4098;4098;0;0;0;17
$1;1;4472000;2;0;655;47851;36991;17557;393;0;4099;4097;4097;4098;4096;4098;4098;4098;4098;0;0;0;23
$1;1;4473000;2;0;649;47855;36990;17559;393;0;4100;4097;4097;4098;4096;4098;4098;4098;4098;0;0;0;17
$1;1;4474000;2;0;655;47851;36992;17561;393;0;4100;4097;4098;4098;4096;4098;4098;4098;4098;0;0;0;25
$1;1;4475000;2;0;637;47863;36986;17562;392;0;4099;4097;4097;4099;4096;4098;4098;4098;4098;0;0;0;21
$1;1;4476000;2;0;652;47853;36991;17564;392;0;4100;4097;4097;4099;4096;4098;4098;4098;4098;0;0;0;23
$1;1;4477000;2;0;644;47858;36988;17566;391;0;4099;4097;4097;4099;4096;4098;4098;4098;4098;0;0;0;18
$1;1;4478000;2;0;653;47853;36991;17568;391;0;4100;4098;4097;4098;4096;4098;4098;4098;4098;0;0;0;25
$1;1;4479000;2;0;650;47855;36991;17570;391;0;4100;4098;4097;4099;4096;4098;4098;4098;4098;0;0;0;21
$1;1;4480000;2;0;652;47854;36991;17571;390;0;4100;4097;4098;4099;4096;4098;4098;4098;4098;0;0;0;16
$1;1;4481000;2;0;658;47851;36994;17573;390;0;4100;4098;4098;4099;4096;4098;4098;4098;4098;0;0;0;22
$1;1;4482000;2;0;632;47865;36985;17575;389;0;4099;4097;4097;4098;4096;4098;4098;4098;4098;0;0;0;16
$1;1;4483000;2;0;632;47866;36985;17577;389;0;4099;4097;4097;4099;4096;4098;4098;4098;4098;0;0;0;17
$1;1;4484000;2;0;642;47861;36989;17579;388;0;4099;4097;4097;4098;4096;4098;4098;4098;4098;0;0;0;20
$1;1;4485000;2;0;627;47870;36985;17580;388;0;4099;4097;4097;4098;4096;4098;4098;4098;4098;0;0;0;28
$1;1;4486000;2;0;639;47863;36988;17582;387;0;4099;4097;4098;4098;4096;4098;4098;4098;4098;0;0;0;29
$1;1;4487000;2;0;613;47877;36980;17584;387;0;4099;4097;4097;4098;4096;4098;4097;4098;4098;0;0;0;31
$1;1;4488000;2;0;626;47870;36983;17586;386;0;4099;4097;4097;4098;4096;4098;4097;4098;4098;0;0;0;17
$1;1;4489000;2;0;648;47855;36990;17588;387;0;4099;4097;4098;4099;4096;4098;4098;4098;4098;0;0;0;19
$1;1;4490000;2;0;657;47850;36994;17589;386;0;4100;4098;4098;4099;4096;4098;4098;4098;4098;0;0;0;26
$1;1;4491000;2;0;658;47849;36994;17591;386;0;4100;4098;4098;4099;4096;4098;4098;4098;4098;0;0;0;21
$1;1;4492000;2;0;642;47858;36989;17593;386;0;4099;4097;4097;4099;4096;4098;4098;4098;4098;0;0;0;18
$1;1;4493000;2;0;643;47857;36989;17595;385;0;4100;4097;4097;4098;4096;4098;4098;4098;4098;0;0;0;24
$1;1;4494000;2;0;639;47860;36988;17596;385;0;4099;4097;4097;4098;4096;4098;4098;4098;4098;0;0;0;21
$1;1;4495000;2;0;629;47865;36985;17598;385;0;4099;4097;4097;4098;4096;4098;4098;4098;4098;0;0;0;19
$1;1;4496000;2;0;621;47871;36983;17600;384;0;4099;4097;4097;4098;4096;4098;4097;4098;4098;0;0;0;23
$1;1;4497000;2;0;628;47866;36985;17602;384;0;4099;4097;4097;4098;4096;4098;4098;4098;4098;0;0;0;18
$1;1;4498000;2;0;630;47866;36986;17603;383;0;4099;4097;4097;4099;4096;4098;4097;4098;4098;0;0;0;31
$1;1;4499000;2;0;628;47867;36985;17605;383;0;4099;4097;4097;4099;4096;4098;4098;4098;4098;0;0;0;28
$1;1;4500000;2;0;648;47855;36992;17607;383;0;4100;4098;4097;4099;4096;4098;4098;4098;4098;0;0;0;16
$1;1;4501000;2;0;634;47864;36987;17609;382;0;4099;4097;4097;4098;4096;4098;4098;4098;4098;0;0;0;28
$1;1;4502000;2;0;638;47862;36988;17610;382;0;4099;4098;4097;4098;4096;4098;4098;4098;4098;0;0;0;29
$1;1;4503000;2;0;647;47856;36991;17612;381;0;4099;4098;4097;4098;4096;4098;4098;4098;4098;0;0;0;26
$1;1;4504000;2;0;644;47858;36991;17614;381;0;4100;4098;4097;4099;4096;4098;4098;4098;4098;0;0;0;22
$1;1;4505000;2;0;632;47865;36987;17616;380;0;4099;4097;4097;4098;4096;4098;4097;4098;4098;0;0;0;28
$1;1;4506000;2;0;639;47863;36989;17618;380;0;4100;4097;4097;4098;4096;4098;4098;4098;4098;0;0;0;28
$1;1;4507000;2;0;625;47870;36985;17619;379;0;4099;4097;4097;4098;4096;4098;4098;4098;4098;0;0;0;24
$1;1;4508000;2;0;642;47858;36990;17621;379;0;4099;4098;4097;4098;4097;4098;4098;4098;4098;0;0;0;29
$1;128;4508000;300;106;14;10;10;13;9;11;14;12;13;0;0;0;34
$1;1;4509000;2;0;644;47856;36991;17623;379;0;4100;4097;4098;4098;4097;4098;4098;4098;4098;0;0;0;22
$1;1;4510000;2;0;647;47854;36992;17625;379;0;4100;4098;4098;4099;4096;4098;4098;4098;4098;0;0;0;21
$1;1;4511000;2;0;623;47868;36985;17627;379;0;4099;4097;4098;4099;4096;4098;4098;4098;4098;0;0;0;19
$1;1;4512000;2;0;636;47860;36988;17628;379;0;4099;4097;4098;4098;4096;4098;4098;4098;4098;0;0;0;31
$1;1;4513000;2;0;639;47859;36989;17630;378;0;4099;4097;4098;4099;4096;4098;4098;4098;4098;0;0;0;19
$1;1;4514000;2;0;632;47863;36988;17632;378;0;4099;4097;4098;4098;4096;4098;4098;4098;4098;0;0;0;20
$1;1;4515000;2;0;627;47866;36986;17634;378;0;4099;4097;4098;4098;4096;4098;4097;4098;4098;0;0;0;19
$1;1;4516000;2;0;615;47873;36983;17635;378;0;4099;4097;4098;4098;4096;4098;4098;4098;4099;0;0;0;31
$1;1;4517000;2;0;626;47868;36986;17637;377;0;4099;4097;4098;4098;4096;4098;4097;4098;4098;0;0;0;18
$1;1;4518000;2;0;627;47866;36986;17639;377;0;4099;4098;4098;4098;4096;4098;4097;4098;4098;0;0;0;19
$1;1;4519000;2;0;636;47862;36989;17641;376;0;4099;4098;4098;4098;4096;4098;4098;4098;4098;0;0;0;24
$1;1;4520000;2;0;627;47865;36986;17642;376;0;4099;4097;4098;4098;4096;4098;4098;4098;4098;0;0;0;22
$1;1;4521000;2;0;628;47865;36986;17644;376;0;4099;4098;4098;4098;4096;4098;4098;4098;4098;0;0;0;17
$1;1;4522000;2;0;626;47867;36986;17646;376;0;4099;4097;4097;4098;4096;4098;4098;4098;4098;0;0;0;28
$1;1;4523000;2;0;623;47870;36985;17648;375;0;4099;4097;4098;4098;4097;4098;4098;4098;4098;0;0;0;30
$1;1;4524000;2;0;632;47863;36988;17649;375;0;4099;4097;4098;4099;4097;4098;4098;4098;4098;0;0;0;22
$1;1;4525000;2;0;628;47866;36987;17651;374;0;4099;4098;4097;4098;4097;4098;4098;4098;4098;0;0;0;31
$1;1;4526000;2;0;614;47874;36983;17653;374;0;4099;4097;4098;4098;4096;4098;4097;4098;4098;0;0;0;24
$1;1;4527000;2;0;625;47869;36985;17654;374;0;4099;4097;4098;4098;4096;4098;4097;4098;4098;0;0;0;22
$1;1;4528000;2;0;625;47869;36986;17656;374;0;4099;4098;4098;4098;4097;4098;4098;4098;4098;0;0;0;25
$1;1;4529000;2;0;617;47871;36983;17658;374;0;4099;4098;4097;4098;4096;4098;4097;4098;4098;0;0;0;26
$1;1;4530000;2;0;623;47868;36984;17660;374;0;4099;4097;4098;4099;4096;4098;4098;4098;4098;0;0;0;31
$1;1;4531000;2;0;620;47870;36983;17661;374;0;4099;4097;4097;4099;4096;4098;4098;4098;4098;0;0;0;29
$1;1;4532000;2;0;630;47864;36988;17663;374;0;4100;4098;4098;4099;4097;4098;4098;4098;4098;0;0;0;19
$1;1;4533000;2;0;610;47874;36982;17665;374;0;4099;4097;4098;4098;4097;4098;4097;4098;4098;0;0;0;29
$1;1;4534000;2;0;619;47871;36984;17667;374;0;4099;4097;4097;4098;4096;4098;4098;4098;4098;0;0;0;19
$1;1;4535000;2;0;615;47873;36983;17668;374;0;4099;4097;4098;4098;4096;4098;4098;4098;4099;0;0;0;26
$1;1;4536000;2;0;629;47865;36987;17670;373;0;4099;4098;4098;4098;4097;4098;4098;4098;4098;0;0;0;20
$1;1;4537000;2;0;614;47874;36983;17672;373;0;4099;4097;4098;4098;4097;4098;4098;4098;4098;0;0;0;18
$1;1;4538000;2;0;617;47871;36984;17674;373;0;4099;4098;4098;4098;4097;4098;4098;4098;4098;0;0;0;21
$1;1;4539000;2;0;616;47872;36984;17675;373;0;4099;4098;4098;4099;4097;4098;4098;4098;4098;0;0;0;22
$1;1;4540000;2;0;609;47876;36982;17677;373;0;4099;4098;4098;4098;4097;4098;4098;4098;4098;0;0;0;23
$1;1;4541000;2;0;619;47871;36985;17679;373;0;4099;4098;4098;4098;4096;4098;4098;4098;4098;0;0;0;24
$1;1;4542000;2;0;609;47877;36982;17680;372;0;4099;4097;4098;4098;4097;4098;4098;4098;4099;0;0;0;19
$1;1;4543000;2;0;609;47877;36982;17682;372;0;4099;4097;4098;4098;4096;4098;4098;4098;4099;0;0;0;17
$1;1;4544000;2;0;609;47877;36983;17684;372;0;4099;4098;4098;4098;4097;4098;4098;4098;4099;0;0;0;31
$1;1;4545000;2;0;611;47876;36983;17686;372;0;4099;4097;4098;4098;4097;4098;4098;4098;4098;0;0;0;26
$1;1;4546000;2;0;609;47877;36983;17687;372;0;4099;4098;4098;4098;4097;4098;4097;4098;4098;0;0;0;16
$1;1;4547000;2;0;619;47871;36986;17689;372;0;4099;4098;4098;4098;4097;4098;4098;4098;4098;0;0;0;18
$1;1;4548000;2;0;605;47880;36982;17691;372;0;4099;4097;4098;4098;4096;4098;4098;4098;4099;0;0;0;28
$1;1;4549000;2;0;616;47874;36985;17693;371;0;4099;4097;4098;4098;4096;4098;4098;4098;4098;0;0;0;19
$1;1;4550000;2;0;607;47878;36983;17694;371;0;4099;4097;4098;4098;4096;4098;4098;4098;4099;0;0;0;23
$1;1;4551000;2;0;614;47873;36984;17696;372;0;4099;4098;4098;4098;4097;4098;4098;4098;4099;0;0;0;23
$1;1;4552000;2;0;616;47872;36985;17698;372;0;4099;4098;4098;4098;4097;4098;4098;4098;4098;0;0;0;25
$1;1;4553000;2;0;622;47869;36986;17699;372;0;4099;4098;4098;4098;4097;4098;4098;4098;4098;0;0;0;23
$1;1;4554000;2;0;612;47876;36984;17701;371;0;4099;4098;4097;4098;4097;4098;4098;4098;4098;0;0;0;19
$1;1;4555000;2;0;601;47880;36981;17703;371;0;4099;4098;4098;4098;4097;4098;4098;4098;4099;0;0;0;16
$1;1;4556000;2;0;602;47879;36982;17704;371;0;4099;4097;4098;4098;4096;4098;4097;4098;4098;0;0;0;18
$1;1;4557000;2;0;602;47880;36982;17706;371;0;4099;4097;4098;4098;4096;4098;4098;4098;4098;0;0;0;24
$1;1;4558000;2;0;607;47877;36983;17708;371;0;4099;4098;4098;4098;4097;4098;4098;4098;4098;0;0;0;27
$1;1;4559000;2;0;601;47880;36982;17710;370;0;4099;4097;4098;4098;4096;4098;4097;4098;4098;0;0;0;28
$1;1;4560000;2;0;600;47880;36982;17711;370;0;4099;4098;4098;4098;4097;4098;4098;4098;4099;0;0;0;22
$1;1;4561000;2;0;616;47872;36986;17713;370;0;4099;4098;4098;4098;4097;4098;4098;4098;4098;0;0;0;26
$1;1;4562000;2;0;608;47876;36983;17715;370;0;4099;4097;4098;4098;4097;4098;4098;4098;4099;0;0;0;31
$1;1;4563000;2;0;603;47878;36983;17716;369;0;4099;4097;4098;4098;4097;4098;4097;4098;4098;0;0;0;30
$1;1;4564000;2;0;606;47878;36983;17718;369;0;4099;4098;4098;4098;4097;4098;4098;4098;4098;0;0;0;18
$1;1;4565000;2;0;601;47881;36982;17720;368;0;4099;4098;4098;4098;4097;4098;4098;4098;4098;0;0;0;25
$1;1;4566000;2;0;602;47879;36983;17721;368;0;4099;4098;4098;4098;4097;4098;4098;4098;4099;0;0;0;31
$1;1;4567000;2;0;601;47880;36982;17723;368;0;4099;4098;4098;4098;4097;4098;4097;4098;4098;0;0;0;22
$1;1;4568000;2;0;598;47883;36981;17725;368;0;4099;4097;4098;4098;4097;4098;4097;4098;4098;0;0;0;19
$1;128;4568000;313;106;14;10;10;13;9;11;13;14;12;0;0;0;38
$1;1;4569000;2;0;588;47889;36979;17726;367;0;4099;4097;4097;4098;4097;4098;4097;4098;4098;0;0;0;29
$1;1;4570000;2;0;600;47882;36982;17728;367;0;4099;4098;4098;4098;4097;4098;4097;4098;4099;0;0;0;22
$1;1;4571000;2;0;590;47888;36979;17730;366;0;4099;4098;4097;4098;4096;4098;4097;4098;4098;0;0;0;20
$1;1;4572000;2;0;613;47876;36986;17731;366;0;4100;4098;4098;4098;4097;4098;4098;4098;4099;0;0;0;30
$1;1;4573000;2;0;599;47880;36982;17733;367;0;4099;4098;4098;4098;4097;4098;4097;4098;4098;0;0;0;31
$1;1;4574000;2;0;596;47884;36981;17735;367;0;4099;4098;4098;4098;4097;4098;4097;4098;4098;0;0;0;22
$1;1;4575000;2;0;602;47878;36983;17736;367;0;4099;4098;4097;4098;4097;4098;4097;4098;4098;0;0;0;20
$1;1;4576000;2;0;591;47885;36980;17738;367;0;4099;4097;4097;4098;4097;4098;4097;4098;4098;0;0;0;30
$1;1;4577000;2;0;601;47880;36982;17739;366;0;4099;4097;4098;4098;4097;4098;4097;4098;4098;0;0;0;29
$1;1;4578000;2;0;602;47880;36983;17741;366;0;4099;4098;4098;4098;4097;4098;4098;4098;4099;0;0;0;30
$1;1;4579000;2;0;592;47886;36981;17743;366;0;4099;4098;4098;4098;4097;4098;4097;4098;4099;0;0;0;28
$1;1;4580000;2;0;600;47882;36983;17744;366;0;4099;4097;4098;4098;4097;4098;4097;4099;4098;0;0;0;28
$1;1;4581000;2;0;593;47886;36981;17746;366;0;4099;4097;4098;4098;4096;4098;4097;4098;4099;0;0;0;17
$1;1;4582000;2;0;592;47887;36981;17748;366;0;4099;4098;4097;4098;4097;4098;4097;4098;4098;0;0;0;28
$1;1;4583000;2;0;591;47887;36980;17749;366;0;4099;4097;4098;4098;4097;4098;4097;4098;4099;0;0;0;31
$1;1;4584000;2;0;587;47890;36979;17751;366;0;4099;4097;4097;4098;4097;4098;4097;4098;4098;0;0;0;24
$1;1;4585000;2;0;588;47890;36980;17753;366;0;4099;4097;4097;4098;4097;4098;4097;4098;4098;0;0;0;18
$1;1;4586000;2;0;592;47888;36981;17754;366;0;4099;4097;4097;4098;4097;4098;4097;4098;4099;0;0;0;20
$1;1;4587000;2;0;593;47888;36981;17756;366;0;4099;4097;4097;4098;4096;4098;4097;4099;4098;0;0;0;23
$1;1;4588000;2;0;585;47893;36978;17758;366;0;4099;4098;4097;4098;4097;4098;4097;4099;4099;0;0;0;18
$1;1;4589000;2;0;589;47890;36980;17759;366;0;4099;4098;4097;4098;4096;4098;4097;4098;4098;0;0;0;27
$1;1;4590000;2;0;586;47892;36979;17761;366;0;4099;4098;4097;4098;4097;4098;4097;4098;4099;0;0;0;19
$1;1;4591000;2;0;585;47894;36978;17762;366;0;4099;4097;4097;4098;4096;4098;4097;4098;4098;0;0;0;26
$1;1;4592000;2;0;581;47895;36977;17764;366;0;4099;4097;4097;4099;4096;4098;4097;4098;4098;0;0;0;20
$1;1;4593000;2;0;579;47897;36977;17766;366;0;4099;4097;4097;4098;4096;4098;4097;4098;4098;0;0;0;19
$1;1;4594000;2;0;591;47890;36981;17767;367;0;4099;4097;4097;4098;4097;4098;4098;4099;4098;0;0;0;19
$1;1;4595000;2;0;567;47905;36973;17769;367;0;4099;4097;4097;4098;4096;4098;4097;4098;4098;0;0;0;26
$1;1;4596000;2;0;584;47894;36978;17770;368;0;4099;4097;4097;4098;4096;4098;4097;4098;4098;0;0;0;17
$1;1;4597000;2;0;586;47893;36979;17772;369;0;4099;4097;4097;4098;4097;4098;4098;4099;4098;0;0;0;24
$1;1;4598000;2;0;592;47887;36981;17774;370;0;4099;4097;4097;4098;4097;4098;4098;4099;4098;0;0;0;30
$1;1;4599000;2;0;582;47894;36977;17775;370;0;4099;4097;4097;4098;4096;4098;4098;4099;4098;0;0;0;21
$1;1;4600000;2;0;584;47893;36979;17777;371;0;4099;4097;4097;4099;4097;4098;4098;4099;4098;0;0;0;26
$1;1;4601000;2;0;572;47901;36974;17779;371;0;4099;4097;4097;4098;4097;4098;4097;4098;4098;0;0;0;20
$1;1;4602000;2;0;585;47893;36979;17780;372;0;4099;4097;4097;4098;4097;4098;4098;4099;4098;0;0;0;19
$1;1;4603000;2;0;566;47904;36972;17782;372;0;4099;4097;4097;4098;4096;4098;4097;4098;4098;0;0;0;22
$1;1;4604000;2;0;565;47906;36973;17784;373;0;4099;4097;4097;4098;4096;4098;4097;4098;4098;0;0;0;22
$1;1;4605000;2;0;566;47905;36973;17785;373;0;4099;4097;4097;4098;4097;4098;4097;4098;4098;0;0;0;23
$1;1;4606000;2;0;578;47899;36977;17787;374;0;4099;4097;4097;4098;4096;4098;4098;4099;4098;0;0;0;17
$1;1;4607000;2;0;556;47911;36971;17788;374;0;4099;4097;4097;4098;4096;4098;4098;4098;4098;0;0;0;21
$1;1;4608000;2;0;555;47912;36971;17790;375;0;4099;4097;4097;4098;4096;4098;4097;4098;4098;0;0;0;29
$1;1;4609000;2;0;576;47901;36976;17792;375;0;4099;4097;4097;4098;4096;4098;4098;4099;4098;0;0;0;20
$1;1;4610000;2;0;588;47894;36981;17793;376;0;4099;4098;4097;4099;4097;4098;4098;4099;4098;0;0;0;21
$1;1;4611000;2;0;578;47900;36978;17795;376;0;4099;4097;4097;4098;4097;4098;4098;4099;4098;0;0;0;25
$1;1;4612000;2;0;565;47909;36973;17796;376;0;4099;4097;4097;4099;4096;4098;4098;4098;4098;0;0;0;22
$1;1;4613000;2;0;570;47905;36975;17798;377;0;4099;4097;4097;4098;4096;4098;4098;4098;4098;0;0;0;23
$1;1;4614000;2;0;576;47902;36978;17800;377;0;4099;4097;4097;4098;4096;4098;4098;4098;4098;0;0;0;18
$1;1;4615000;2;0;577;47901;36978;17801;377;0;4099;4098;4097;4099;4096;4098;4098;4099;4098;0;0;0;31
$1;1;4616000;2;0;553;47915;36971;17803;377;0;4099;4097;4097;4098;4096;4098;4098;4098;4098;0;0;0;27
$1;1;4617000;2;0;562;47911;36974;17804;378;0;4099;4097;4097;4098;4096;4098;4098;4099;4098;0;0;0;16
$1;1;4618000;2;0;575;47902;36977;17806;379;0;4099;4098;4097;4098;4097;4098;4098;4098;4099;0;0;0;21
$1;1;4619000;2;0;554;47913;36971;17807;379;0;4099;4097;4097;4098;4096;4098;4098;4098;4098;0;0;0;31
$1;1;4620000;2;0;571;47903;36977;17809;380;0;4099;4098;4097;4098;4096;4098;4098;4098;4098;0;0;0;18
$1;1;4621000;2;0;580;47898;36980;17811;380;0;4099;4098;4098;4099;4096;4098;4098;4099;4098;0;0;0;16
$1;1;4622000;2;0;577;47901;36979;17812;380;0;4099;4097;4098;4099;4097;4098;4098;4099;4098;0;0;0;17
$1;1;4623000;2;0;575;47901;36978;17814;380;0;4099;4098;4097;4099;4096;4098;4098;4099;4098;0;0;0;20
$1;1;4624000;2;0;571;47904;36978;17815;380;0;4099;4098;4098;4099;4096;4098;4098;4099;4098;0;0;0;28
$1;1;4625000;2;0;548;47918;36971;17817;381;0;4099;4097;4098;4098;4097;4098;4098;4099;4098;0;0;0;31
$1;1;4626000;2;0;567;47908;36977;17818;381;0;4099;4098;4098;4099;4096;4098;4098;4099;4098;0;0;0;22
$1;1;4627000;2;0;546;47919;36970;17820;381;0;4099;4097;4097;4098;4096;4098;4098;4098;4098;0;0;0;24
$1;1;4628000;2;0;547;47920;36971;17821;381;0;4099;4097;4097;4098;4096;4098;4098;4098;4098;0;0;0;28
$1;128;4628000;307;105;14;10;10;13;9;11;13;13;12;0;0;0;32
$1;1;4629000;2;0;557;47915;36974;17823;381;0;4099;4097;4098;4098;4096;4098;4098;4098;4098;0;0;0;18
$1;1;4630000;2;0;551;47918;36972;17824;381;0;4099;4097;4098;4098;4096;4098;4098;4099;4098;0;0;0;17
$1;1;4631000;2;0;544;47922;36970;17826;381;0;4099;4097;4097;4098;4096;4098;4098;4098;4098;0;0;0;19
$1;1;4632000;2;0;544;47923;36971;17827;381;0;4099;4097;4097;4098;4096;4098;4098;4099;4098;0;0;0;16
$1;1;4633000;2;0;561;47914;36974;17829;381;0;4099;4098;4097;4098;4096;4098;4098;4099;4098;0;0;0;22
$1;1;4634000;2;0;547;47921;36971;17830;381;0;4099;4098;4097;4099;4096;4098;4098;4099;4098;0;0;0;31
$1;1;4635000;2;0;540;47926;36969;17832;381;0;4099;4097;4098;4098;4096;4098;4098;4098;4098;0;0;0;21
$1;1;4636000;2;0;542;47925;36970;17833;382;0;4099;4098;4097;4098;4096;4098;4098;4098;4098;0;0;0;29
$1;1;4637000;2;0;542;47926;36970;17835;382;0;4099;4097;4097;4099;4096;4098;4098;4098;4098;0;0;0;23
$1;1;4638000;2;0;565;47911;36976;17837;383;0;4099;4097;4098;4099;4096;4098;4098;4098;4098;0;0;0;19
$1;1;4639000;2;0;560;47913;36975;17838;383;0;4099;4098;4098;4099;4096;4098;4098;4099;4098;0;0;0;23
$1;1;4640000;2;0;540;47924;36969;17840;383;0;4099;4097;4098;4099;4096;4098;4098;4098;4098;0;0;0;19
$1;1;4641000;2;0;539;47925;36970;17841;384;0;4099;4097;4097;4099;4096;4098;4098;4099;4098;0;0;0;29
$1;1;4642000;2;0;533;47928;36968;17843;384;0;4099;4097;4097;4099;4096;4098;4098;4098;4098;0;0;0;19
$1;1;4643000;2;0;542;47924;36971;17844;384;0;4099;4097;4098;4099;4096;4098;4098;4098;4098;0;0;0;24
$1;1;4644000;2;0;544;47923;36971;17846;384;0;4099;4098;4098;4099;4096;4098;4098;4098;4098;0;0;0;19
$1;1;4645000;2;0;527;47934;36965;17847;384;0;4099;4098;4097;4098;4096;4098;4098;4098;4098;0;0;0;27
$1;1;4646000;2;0;534;47929;36969;17849;385;0;4099;4097;4098;4099;4096;4098;4098;4098;4098;0;0;0;20
$1;1;4647000;2;0;539;47926;36969;17850;385;0;4099;4097;4098;4098;4096;4098;4098;4099;4098;0;0;0;31
$1;1;4648000;2;0;544;47924;36971;17852;385;0;4099;4098;4098;4098;4096;4098;4098;4099;4098;0;0;0;28
$1;1;4649000;2;0;540;47926;36969;17853;385;0;4099;4098;4097;4099;4096;4098;4098;4099;4098;0;0;0;29
$1;1;4650000;2;0;544;47925;36971;17855;385;0;4099;4097;4097;4099;4096;4098;4098;4098;4098;0;0;0;19
$1;1;4651000;2;0;533;47931;36967;17856;385;0;4099;4097;4097;4098;4096;4098;4098;4098;4098;0;0;0;18
$1;1;4652000;2;0;531;47933;36967;17858;385;0;4099;4097;4098;4098;4096;4098;4098;4098;4098;0;0;0;16
$1;1;4653000;2;0;538;47928;36969;17859;385;0;4099;4098;4097;4099;4096;4098;4098;4098;4098;0;0;0;28
$1;1;4654000;2;0;535;47931;36968;17861;385;0;4099;4098;4097;4099;4096;4098;4098;4098;4098;0;0;0;20
$1;1;4655000;2;0;540;47928;36970;17862;385;0;4099;4098;4098;4099;4096;4098;4098;4099;4098;0;0;0;27
$1;1;4656000;2;0;539;47929;36970;17864;385;0;4099;4098;4098;4099;4096;4098;4098;4098;4098;0;0;0;16
$1;1;4657000;2;0;542;47927;36971;17865;386;0;4099;4098;4098;4099;4096;4098;4098;4099;4098;0;0;0;17
$1;1;4658000;2;0;542;47926;36971;17867;387;0;4099;4098;4098;4099;4096;4098;4098;4099;4098;0;0;0;28
$1;1;4659000;2;0;539;47927;36970;17868;387;0;4099;4097;4098;4099;4096;4098;4098;4099;4098;0;0;0;17
$1;1;4660000;2;0;529;47932;36967;17870;387;0;4099;4097;4098;4099;4096;4098;4098;4098;4098;0;0;0;16
$1;1;4661000;2;0;542;47926;36971;17871;388;0;4099;4098;4098;4099;4096;4098;4098;4098;4098;0;0;0;31
$1;1;4662000;2;0;525;47936;36966;17873;388;0;4099;4097;4097;4098;4096;4098;4098;4098;4098;0;0;0;25
$1;1;4663000;2;0;534;47931;36968;17874;388;0;4099;4098;4097;4099;4096;4098;4098;4098;4098;0;0;0;24
$1;1;4664000;2;0;536;47930;36969;17876;388;0;4099;4098;4098;4099;4096;4098;4098;4099;4098;0;0;0;17
$1;1;4665000;2;0;534;47931;36968;17877;388;0;4099;4097;4098;4099;4096;4098;4098;4098;4098;0;0;0;29
$1;1;4666000;2;0;534;47931;36969;17879;389;0;4099;4098;4098;4099;4096;4098;4098;4099;4098;0;0;0;30
$1;1;4667000;2;0;514;47944;36962;17880;389;0;4099;4097;4097;4099;4096;4098;4098;4098;4098;0;0;0;19
$1;1;4668000;2;0;528;47936;36967;17881;389;0;4099;4098;4097;4099;4096;4098;4098;4098;4098;0;0;0;29
$1;1;4669000;2;0;534;47933;36969;17883;389;0;4099;4098;4098;4099;4096;4098;4098;4099;4098;0;0;0;22
$1;1;4670000;2;0;528;47936;36967;17884;389;0;4099;4098;4098;4099;4096;4098;4098;4098;4098;0;0;0;30
$1;1;4671000;2;0;519;47942;36964;17886;390;0;4099;4097;4097;4098;4096;4098;4098;4098;4098;0;0;0;22
$1;1;4672000;2;0;522;47941;36965;17887;390;0;4099;4098;4097;4099;4096;4098;4098;4098;4098;0;0;0;16
$1;1;4673000;2;0;524;47940;36966;17889;390;0;4099;4097;4098;4099;4096;4098;4098;4098;4098;0;0;0;27
$1;1;4674000;2;0;534;47934;36969;17890;390;0;4099;4098;4098;4099;4096;4098;4098;4099;4098;0;0;0;23
$1;1;4675000;2;0;514;47947;36963;17892;391;0;4099;4097;4097;4099;4096;4098;4098;4098;4098;0;0;0;24
$1;1;4676000;2;0;515;47946;36963;17893;391;0;4099;4097;4098;4099;4096;4098;4098;4098;4098;0;0;0;21
$1;1;4677000;2;0;532;47934;36969;17895;392;0;4099;4098;4098;4099;4096;4098;4098;4098;4098;0;0;0;20
$1;1;4678000;2;0;525;47938;36967;17896;392;0;4099;4097;4098;4099;4096;4098;4098;4098;4098;0;0;0;19
$1;1;4679000;2;0;518;47942;36965;17897;393;0;4099;4098;4097;4098;4096;4098;4098;4098;4098;0;0;0;18
$1;1;4680000;2;0;528;47938;36968;17899;393;0;4099;4098;4097;4099;4096;4098;4098;4098;4098;0;0;0;24
$1;1;4681000;2;0;523;47941;36966;17900;393;0;4099;4098;4097;4099;4096;4098;4098;4098;4098;0;0;0;19
$1;1;4682000;2;0;519;47942;36964;17902;393;0;4099;4098;4098;4099;4096;4098;4098;4098;4098;0;0;0;21
$1;1;4683000;2;0;526;47939;36967;17903;394;0;4099;4098;4098;4099;4096;4098;4098;4099;4098;0;0;0;16
$1;1;4684000;2;0;529;47937;36968;17905;394;0;4099;4098;4098;4099;4096;4098;4098;4099;4098;0;0;0;31
$1;1;4685000;2;0;517;47944;36964;17906;394;0;4099;4098;4098;4099;4096;4098;4098;4098;4098;0;0;0;25
$1;1;4686000;2;0;529;47938;36968;17908;394;0;4099;4098;4098;4099;4096;4098;4098;4098;4098;0;0;0;30
$1;1;4687000;2;0;509;47950;36962;17909;394;0;4099;4097;4098;4099;4096;4098;4098;4098;4098;0;0;0;23
$1;1;4688000;2;0;512;47950;36963;17911;394;0;4099;4098;4098;4099;4096;4098;4098;4098;4098;0;0;0;21
$1;128;4688000;309;101;14;10;10;11;8;11;13;13;11;0;0;0;32
$1;1;4689000;2;0;518;47946;36965;17912;394;0;4099;4098;4098;4099;4096;4099;4098;4099;4098;0;0;0;28
$1;1;4690000;2;0;515;47948;36965;17913;395;0;4099;4098;4097;4099;4096;4098;4098;4098;4098;0;0;0;24
$1;1;4691000;2;0;521;47944;36966;17915;395;0;4099;4098;4098;4099;4096;4098;4098;4099;4098;0;0;0;25
$1;1;4692000;2;0;510;47951;36962;17916;395;0;4099;4098;4097;4099;4096;4098;4099;4098;4098;0;0;0;20
$1;1;4693000;2;0;495;47960;36958;17918;395;0;4098;4097;4097;4098;4096;4098;4098;4098;4098;0;0;0;18
$1;1;4694000;2;0;514;47949;36964;17919;395;0;4099;4098;4098;4099;4096;4098;4099;4098;4098;0;0;0;25
$1;1;4695000;2;0;503;47952;36961;17920;396;0;4099;4098;4098;4098;4096;4098;4098;4098;4098;0;0;0;24
$1;1;4696000;2;0;522;47942;36967;17922;397;0;4099;4098;4098;4099;4096;4098;4098;4098;4098;0;0;0;29
$1;1;4697000;2;0;514;47947;36965;17923;397;0;4099;4098;4098;4099;4096;4098;4099;4098;4098;0;0;0;30
$1;1;4698000;2;0;508;47950;36963;17925;398;0;4099;4098;4098;4099;4096;4098;4098;4098;4098;0;0;0;20
$1;1;4699000;2;0;506;47952;36962;17926;398;0;4099;4098;4097;4098;4096;4098;4099;4098;4098;0;0;0;20
$1;1;4700000;2;0;504;47954;36960;17928;398;0;4099;4098;4098;4099;4096;4098;4099;4098;4098;0;0;0;19
$1;1;4701000;2;0;512;47949;36964;17929;398;0;4099;4098;4097;4098;4096;4098;4099;4099;4098;0;0;0;19
$1;1;4702000;2;0;486;47963;36956;17930;398;0;4098;4098;4097;4098;4095;4098;4098;4098;4098;0;0;0;31
$1;1;4703000;2;0;502;47955;36961;17932;399;0;4099;4098;4098;4098;4096;4098;4099;4098;4098;0;0;0;29
$1;1;4704000;2;0;511;47950;36963;17933;399;0;4099;4098;4097;4098;4096;4098;4099;4099;4098;0;0;0;16
$1;1;4705000;2;0;495;47959;36959;17935;399;0;4098;4098;4098;4098;4096;4098;4099;4098;4098;0;0;0;21
$1;1;4706000;2;0;489;47964;36958;17936;399;0;4098;4098;4098;4099;4096;4098;4099;4098;4098;0;0;0;22
$1;1;4707000;2;0;491;47963;36958;17937;399;0;4098;4097;4098;4099;4096;4098;4099;4098;4098;0;0;0;23
$1;1;4708000;2;0;495;47960;36959;17939;399;0;4098;4097;4097;4099;4096;4098;4099;4098;4098;0;0;0;31
$1;1;4709000;2;0;485;47966;36958;17940;400;0;4098;4097;4097;4099;4096;4098;4099;4098;4098;0;0;0;17
$1;1;4710000;2;0;496;47960;36960;17942;400;0;4099;4097;4097;4099;4096;4098;4099;4098;4098;0;0;0;21
$1;1;4711000;2;0;492;47963;36959;17943;400;0;4099;4098;4098;4098;4096;4098;4099;4098;4098;0;0;0;25
$1;1;4712000;2;0;494;47959;36959;17944;401;0;4098;4097;4098;4099;4096;4098;4099;4098;4098;0;0;0;28
$1;1;4713000;2;0;510;47950;36964;17946;401;0;4099;4098;4098;4099;4096;4098;4099;4098;4098;0;0;0;27
$1;1;4714000;2;0;493;47959;36958;17947;402;0;4098;4098;4097;4099;4096;4098;4099;4098;4098;0;0;0;28
$1;1;4715000;2;0;493;47959;36959;17948;402;0;4098;4097;4098;4099;4096;4098;4099;4098;4098;0;0;0;19
$1;1;4716000;2;0;491;47961;36958;17950;402;0;4098;4097;4097;4098;4096;4098;4099;4098;4098;0;0;0;31
$1;1;4717000;2;0;492;47961;36959;17951;402;0;4098;4098;4098;4099;4096;4098;4099;4098;4098;0;0;0;28
$1;1;4718000;2;0;490;47963;36958;17953;402;0;4098;4098;4098;4098;4096;4098;4098;4098;4098;0;0;0;16
$1;1;4719000;2;0;482;47967;36957;17954;402;0;4098;4097;4097;4098;4096;4098;4098;4098;4098;0;0;0;30
$1;1;4720000;2;0;504;47956;36962;17955;402;0;4099;4098;4097;4098;4096;4098;4099;4098;4098;0;0;0;17
$1;1;4721000;2;0;495;47961;36960;17957;402;0;4099;4098;4098;4099;4096;4098;4098;4098;4098;0;0;0;18
$1;1;4722000;2;0;488;47965;36958;17958;403;0;4098;4098;4098;4099;4096;4098;4099;4098;4098;0;0;0;28
$1;1;4723000;2;0;488;47965;36958;17959;403;0;4098;4097;4098;4099;4096;4098;4098;4098;4098;0;0;0;18
$1;1;4724000;2;0;491;47965;36958;17961;402;0;4098;4097;4098;4099;4096;4098;4098;4098;4098;0;0;0;23
$1;1;4725000;2;0;502;47957;36962;17962;402;0;4099;4098;4097;4098;4096;4098;4098;4098;4098;0;0;0;22
$1;1;4726000;2;0;509;47955;36964;17963;402;0;4099;4098;4098;4099;4096;4098;4098;4099;4098;0;0;0;20
$1;1;4727000;2;0;498;47960;36961;17965;402;0;4099;4098;4097;4099;4096;4098;4098;4098;4098;0;0;0;23
$1;1;4728000;2;0;493;47962;36959;17966;402;0;4099;4097;4097;4099;4096;4098;4098;4098;4098;0;0;0;22
$1;1;4729000;2;0;506;47954;36964;17967;403;0;4099;4098;4098;4099;4096;4098;4098;4098;4098;0;0;0;17
$1;1;4730000;2;0;490;47962;36959;17969;403;0;4098;4098;4098;4099;4096;4098;4098;4098;4098;0;0;0;19
$1;1;4731000;2;0;501;47956;36962;17970;403;0;4099;4098;4098;4099;4096;4098;4098;4098;4098;0;0;0;29
$1;1;4732000;2;0;499;47957;36962;17972;403;0;4099;4098;4098;4099;4096;4098;4098;4098;4098;0;0;0;29
$1;1;4733000;2;0;484;47966;36958;17973;402;0;4098;4098;4098;4098;4096;4098;4098;4098;4098;0;0;0;27
$1;1;4734000;2;0;486;47965;36958;17974;402;0;4098;4097;4098;4098;4096;4098;4098;4098;4098;0;0;0;21
$1;1;4735000;2;0;485;47966;36958;17976;402;0;4098;4097;4098;4099;4096;4098;4098;4098;4098;0;0;0;23
$1;1;4736000;2;0;497;47960;36961;17977;402;0;4099;4098;4097;4098;4096;4098;4098;4098;4098;0;0;0;26
$1;1;4737000;2;0;498;47958;36962;17978;401;0;4099;4098;4098;4098;4096;4098;4099;4098;4098;0;0;0;30
$1;1;4738000;2;0;486;47966;36958;17980;401;0;4098;4098;4098;4098;4096;4098;4098;4098;4098;0;0;0;29
$1;1;4739000;2;0;484;47967;36958;17981;400;0;4098;4097;4098;4098;4096;4098;4098;4098;4098;0;0;0;16
$1;1;4740000;2;0;510;47953;36965;17982;400;0;4099;4098;4098;4099;4096;4098;4098;4098;4098;0;0;0;23
$1;1;4741000;2;0;488;47965;36959;17984;400;0;4099;4097;4097;4098;4096;4098;4098;4098;4098;0;0;0;27
$1;1;4742000;2;0;483;47968;36958;17985;400;0;4098;4098;4098;4098;4096;4098;4098;4098;4098;0;0;0;31
$1;1;4743000;2;0;496;47960;36962;17987;399;0;4099;4097;4098;4099;4096;4098;4098;4099;4098;0;0;0;16
$1;1;4744000;2;0;494;47962;36961;17988;399;0;4099;4098;4098;4098;4096;4098;4098;4098;4098;0;0;0;20
$1;1;4745000;2;0;486;47964;36958;17989;399;0;4098;4097;4098;4098;4096;4098;4098;4098;4098;0;0;0;21
$1;1;4746000;2;0;497;47957;36962;17991;399;0;4099;4097;4098;4098;4096;4098;4098;4098;4098;0;0;0;23
$1;1;4747000;2;0;501;47954;36963;17992;399;0;4099;4098;4098;4098;4096;4099;4098;4099;4098;0;0;0;22
$1;1;4748000;2;0;511;47950;36965;17994;399;0;4099;4098;4098;4098;4097;4099;4098;4098;4098;0;0;0;28
$1;128;4748000;318;100;14;10;10;11;8;11;13;12;11;0;0;0;45
$1;1;4749000;2;0;488;47963;36959;17995;398;0;4099;4098;4098;4098;4096;4098;4098;4098;4098;0;0;0;19
$1;1;4750000;2;0;483;47965;36958;17996;398;0;4098;4097;4098;4098;4096;4098;4098;4098;4098;0;0;0;26
$1;1;4751000;2;0;485;47964;36958;17998;398;0;4098;4098;4097;4098;4096;4098;4098;4098;4098;0;0;0;18
$1;1;4752000;2;0;501;47954;36963;17999;397;0;4099;4098;4098;4099;4096;4099;4098;4099;4098;0;0;0;22
$1;1;4753000;2;0;480;47967;36958;18000;397;0;4099;4097;4098;4098;4096;4098;4098;4098;4098;0;0;0;31
$1;1;4754000;2;0;498;47957;36962;18002;396;0;4099;4098;4098;4098;4096;4098;4098;4099;4098;0;0;0;22
$1;1;4755000;2;0;486;47965;36958;18003;396;0;4098;4097;4098;4099;4096;4098;4098;4098;4098;0;0;0;31
$1;1;4756000;2;0;481;47968;36958;18005;395;0;4098;4097;4097;4098;4096;4098;4098;4098;4098;0;0;0;29
$1;1;4757000;2;0;491;47962;36960;18006;395;0;4099;4098;4098;4098;4096;4098;4098;4098;4098;0;0;0;30
$1;1;4758000;2;0;494;47960;36961;18007;394;0;4099;4098;4098;4098;4096;4098;4098;4098;4098;0;0;0;23
$1;1;4759000;2;0;502;47956;36964;18009;394;0;4099;4098;4098;4098;4096;4098;4098;4098;4098;0;0;0;22
$1;1;4760000;2;0;495;47960;36961;18010;393;0;4099;4098;4098;4098;4096;4098;4098;4099;4098;0;0;0;29
$1;1;4761000;2;0;495;47959;36961;18011;393;0;4099;4098;4098;4098;4097;4098;4098;4098;4098;0;0;0;23
$1;1;4762000;2;0;501;47955;36964;18013;393;0;4099;4098;4098;4098;4096;4098;4098;4099;4098;0;0;0;19
$1;1;4763000;2;0;484;47964;36959;18014;393;0;4099;4098;4098;4098;4096;4098;4098;4098;4098;0;0;0;20
$1;1;4764000;2;0;480;47966;36958;18015;393;0;4098;4098;4098;4098;4096;4098;4098;4098;4098;0;0;0;20
$1;1;4765000;2;0;481;47965;36958;18017;392;0;4098;4097;4098;4098;4096;4098;4098;4098;4098;0;0;0;27
$1;1;4766000;2;0;484;47964;36959;18018;392;0;4098;4098;4098;4098;4096;4098;4098;4098;4098;0;0;0;29
$1;1;4767000;2;0;509;47950;36966;18020;391;0;4099;4098;4098;4098;4097;4098;4098;4099;4098;0;0;0;26
$1;1;4768000;2;0;500;47954;36964;18021;391;0;4099;4097;4098;4098;4097;4098;4098;4098;4098;0;0;0;21
$1;1;4769000;2;0;503;47953;36965;18022;390;0;4099;4098;4098;4098;4096;4098;4098;4098;4098;0;0;0;29
$1;1;4770000;2;0;501;47954;36964;18024;390;0;4099;4098;4098;4098;4097;4099;4098;4098;4098;0;0;0;23
$1;1;4771000;2;0;492;47959;36961;18025;389;0;4099;4097;4098;4098;4096;4098;4098;4098;4098;0;0;0;19
$1;1;4772000;2;0;490;47961;36961;18027;389;0;4099;4097;4098;4098;4097;4098;4098;4098;4098;0;0;0;26
$1;1;4773000;2;0;505;47951;36965;18028;388;0;4099;4098;4098;4098;4097;4098;4098;4099;4098;0;0;0;17
$1;1;4774000;2;0;483;47965;36959;18029;388;0;4099;4098;4098;4098;4096;4098;4098;4098;4098;0;0;0;16
$1;1;4775000;2;0;490;47961;36961;18031;387;0;4099;4098;4098;4098;4097;4098;4098;4098;4098;0;0;0;27
$1;1;4776000;2;0;480;47966;36958;18032;387;0;4098;4098;4098;4098;4096;4098;4098;4098;4098;0;0;0;23
$1;1;4777000;2;0;487;47963;36960;18033;387;0;4099;4097;4098;4098;4096;4098;4098;4098;4098;0;0;0;16
$1;1;4778000;2;0;483;47965;36959;18035;386;0;4099;4098;4098;4098;4097;4098;4097;4098;4098;0;0;0;17
$1;1;4779000;2;0;499;47956;36964;18036;386;0;4099;4098;4098;4098;4097;4098;4098;4098;4098;0;0;0;25
$1;1;4780000;2;0;488;47961;36960;18037;385;0;4099;4098;4098;4098;4097;4098;4098;4098;4098;0;0;0;29
$1;1;4781000;2;0;501;47952;36964;18039;385;0;4099;4098;4098;4098;4097;4098;4098;4098;4098;0;0;0;22
$1;1;4782000;2;0;492;47957;36962;18040;385;0;4099;4098;4098;4098;4097;4098;4098;4098;4098;0;0;0;19
$1;1;4783000;2;0;478;47966;36958;18041;385;0;4099;4097;4098;4098;4096;4098;4098;4098;4098;0;0;0;18
$1;1;4784000;2;0;502;47953;36965;18043;385;0;4099;4098;4098;4098;4097;4098;4098;4098;4098;0;0;0;29
$1;1;4785000;2;0;488;47960;36960;18044;384;0;4099;4098;4098;4098;4097;4098;4098;4098;4098;0;0;0;28
$1;1;4786000;2;0;485;47963;36960;18045;384;0;4099;4097;4098;4098;4097;4098;4098;4098;4098;0;0;0;31
$1;1;4787000;2;0;500;47953;36964;18047;383;0;4099;4098;4098;4098;4097;4099;4097;4099;4098;0;0;0;16
$1;1;4788000;2;0;497;47956;36963;18048;383;0;4099;4098;4098;4098;4097;4098;4098;4098;4098;0;0;0;18
$1;1;4789000;2;0;491;47957;36961;18049;383;0;4099;4098;4098;4098;4097;4098;4097;4098;4098;0;0;0;24
$1;1;4790000;2;0;474;47968;36958;18051;382;0;4098;4097;4098;4098;4096;4098;4097;4098;4098;0;0;0;26
$1;1;4791000;2;0;486;47961;36960;18052;381;0;4099;4098;4098;4098;4097;4098;4097;4098;4098;0;0;0;27
$1;1;4792000;2;0;490;47960;36960;18053;381;0;4099;4097;4098;4098;4097;4098;4097;4098;4098;0;0;0;16
$1;1;4793000;2;0;500;47953;36963;18055;381;0;4099;4098;4098;4098;4097;4098;4097;4098;4098;0;0;0;19
$1;1;4794000;2;0;481;47965;36959;18056;380;0;4099;4097;4098;4098;4097;4098;4097;4098;4098;0;0;0;29
$1;1;4795000;2;0;477;47967;36958;18057;380;0;4098;4097;4098;4098;4097;4098;4097;4098;4098;0;0;0;22
$1;1;4796000;2;0;496;47957;36963;18059;379;0;4099;4097;4098;4098;4097;4098;4097;4098;4098;0;0;0;24
$1;1;4797000;2;0;485;47963;36959;18060;379;0;4099;4097;4098;4098;4097;4098;4097;4098;4098;0;0;0;31
$1;1;4798000;2;0;500;47955;36964;18061;379;0;4099;4098;4098;4098;4097;4099;4098;4098;4098;0;0;0;23
$1;1;4799000;2;0;500;47955;36965;18063;378;0;4099;4098;4098;4098;4097;4098;4098;4098;4098;0;0;0;21
$1;1;4800000;2;0;483;47962;36959;18064;379;0;4099;4098;4098;4098;4097;4098;4098;4098;4098;0;0;0;29
$1;1;4801000;2;0;471;47969;36957;18065;379;0;4098;4097;4098;4098;4097;4098;4098;4098;4098;0;0;0;27
$1;1;4802000;2;0;493;47956;36962;18067;379;0;4099;4097;4098;4098;4097;4098;4097;4099;4098;0;0;0;19
$1;1;4803000;2;0;495;47954;36963;18068;379;0;4099;4098;4098;4098;4097;4098;4098;4099;4098;0;0;0;24
$1;1;4804000;2;0;490;47958;36962;18070;378;0;4099;4098;4098;4098;4097;4099;4098;4099;4098;0;0;0;30
$1;1;4805000;2;0;470;47970;36957;18071;378;0;4098;4098;4098;4098;4096;4098;4097;4098;4098;0;0;0;19
$1;1;4806000;2;0;468;47971;36955;18072;378;0;4098;4097;4098;4098;4096;4098;4098;4098;4098;0;0;0;25
$1;1;4807000;2;0;482;47963;36959;18074;378;0;4099;4098;4098;4098;4096;4098;4097;4098;4098;0;0;0;20
$1;1;4808000;2;0;470;47971;36957;18075;378;0;4098;4097;4097;4098;4097;4098;4097;4098;4098;0;0;0;26
$1;128;4808000;317;100;14;10;10;11;8;11;13;12;11;0;0;0;41
$1;1;4809000;2;0;479;47965;36959;18076;378;0;4099;4098;4098;4098;4097;4098;4097;4098;4098;0;0;0;27
$1;1;4810000;2;0;470;47970;36957;18078;377;0;4098;4097;4098;4098;4097;4098;4097;4098;4098;0;0;0;31
$1;1;4811000;2;0;479;47965;36958;18079;377;0;4099;4097;4097;4098;4097;4098;4097;4098;4098;0;0;0;19
$1;1;4812000;2;0;470;47971;36958;18080;377;0;4098;4097;4097;4098;4096;4098;4097;4098;4098;0;0;0;26
$1;1;4813000;2;0;476;47967;36958;18082;377;0;4099;4097;4098;4098;4097;4098;4098;4098;4098;0;0;0;24
$1;1;4814000;2;0;469;47972;36956;18083;376;0;4098;4097;4098;4098;4096;4098;4097;4098;4098;0;0;0;20
$1;1;4815000;2;0;473;47970;36958;18084;376;0;4099;4097;4098;4098;4097;4098;4097;4098;4098;0;0;0;21
$1;1;4816000;2;0;464;47974;36955;18086;376;0;4098;4097;4098;4098;4097;4098;4097;4098;4098;0;0;0;26
$1;1;4817000;2;0;492;47960;36962;18087;376;0;4099;4098;4098;4098;4097;4098;4098;4098;4099;0;0;0;18
$1;1;4818000;2;0;473;47970;36958;18088;376;0;4098;4098;4098;4098;4097;4098;4097;4098;4098;0;0;0;26
$1;1;4819000;2;0;477;47968;36958;18089;376;0;4098;4097;4098;4098;4097;4098;4097;4098;4098;0;0;0;24
$1;1;4820000;2;0;477;47968;36959;18091;375;0;4099;4097;4098;4098;4097;4098;4098;4098;4098;0;0;0;23
$1;1;4821000;2;0;489;47959;36961;18092;376;0;4099;4098;4098;4098;4097;4098;4098;4098;4098;0;0;0;17
$1;1;4822000;2;0;473;47968;36957;18094;376;0;4098;4097;4098;4098;4097;4098;4098;4098;4098;0;0;0;24
$1;1;4823000;2;0;484;47961;36960;18095;376;0;4099;4097;4098;4098;4097;4098;4098;4099;4098;0;0;0;29
$1;1;4824000;2;0;468;47971;36956;18096;376;0;4098;4097;4098;4098;4096;4098;4097;4098;4098;0;0;0;17
$1;1;4825000;2;0;470;47970;36957;18098;376;0;4098;4097;4098;4098;4097;4098;4098;4098;4098;0;0;0;25
$1;1;4826000;2;0;475;47967;36958;18099;376;0;4099;4097;4098;4098;4096;4098;4097;4098;4098;0;0;0;24
$1;1;4827000;2;0;484;47962;36960;18100;376;0;4099;4097;4098;4098;4097;4099;4098;4098;4098;0;0;0;23
$1;1;4828000;2;0;470;47970;36957;18102;376;0;4098;4097;4098;4098;4097;4098;4097;4098;4098;0;0;0;25
$1;1;4829000;2;0;468;47971;36956;18103;376;0;4098;4097;4097;4098;4096;4098;4097;4098;4098;0;0;0;30
$1;1;4830000;2;0;467;47972;36956;18104;376;0;4098;4097;4097;4098;4097;4098;4098;4098;4098;0;0;0;19
$1;1;4831000;2;0;468;47971;36957;18105;376;0;4098;4097;4098;4098;4097;4098;4098;4098;4098;0;0;0;17
$1;1;4832000;2;0;462;47975;36954;18107;376;0;4098;4097;4097;4098;4096;4098;4097;4098;4098;0;0;0;28
$1;1;4833000;2;0;484;47963;36960;18108;377;0;4099;4098;4098;4098;4096;4098;4098;4099;4098;0;0;0;20
$1;1;4834000;2;0;471;47971;36958;18109;376;0;4099;4098;4098;4098;4097;4098;4098;4099;4098;0;0;0;16
$1;1;4835000;2;0;462;47975;36955;18111;376;0;4098;4097;4098;4098;4097;4098;4098;4099;4098;0;0;0;29
$1;1;4836000;2;0;462;47975;36955;18112;377;0;4098;4097;4098;4098;4097;4098;4097;4098;4098;0;0;0;18
$1;1;4837000;2;0;461;47976;36955;18113;376;0;4098;4097;4098;4098;4097;4098;4097;4098;4098;0;0;0;19
$1;1;4838000;2;0;464;47975;36956;18114;376;0;4098;4097;4098;4098;4096;4098;4097;4098;4098;0;0;0;31
$1;1;4839000;2;0;466;47973;36957;18116;376;0;4098;4097;4098;4098;4097;4098;4097;4098;4098;0;0;0;24
$1;1;4840000;2;0;461;47977;36955;18117;376;0;4098;4097;4097;4098;4096;4099;4097;4099;4098;0;0;0;24
$1;1;4841000;2;0;458;47979;36955;18118;376;0;4098;4097;4098;4098;4097;4098;4097;4098;4098;0;0;0;28
$1;1;4842000;2;0;479;47965;36959;18120;377;0;4099;4098;4098;4098;4097;4098;4097;4099;4098;0;0;0;24
$1;1;4843000;2;0;490;47958;36963;18121;377;0;4099;4098;4098;4098;4097;4099;4098;4099;4098;0;0;0;22
$1;1;4844000;2;0;454;47979;36953;18122;377;0;4098;4098;4098;4098;4097;4098;4097;4098;4098;0;0;0;20
$1;1;4845000;2;0;466;47972;36957;18124;377;0;4098;4097;4097;4098;4097;4098;4098;4098;4098;0;0;0;18
$1;1;4846000;2;0;456;47978;36954;18125;377;0;4098;4097;4098;4098;4096;4098;4097;4098;4098;0;0;0;27
$1;1;4847000;2;0;455;47979;36954;18126;377;0;4098;4097;4098;4098;4096;4098;4097;4098;4098;0;0;0;27
$1;1;4848000;2;0;470;47970;36958;18128;376;0;4098;4097;4098;4098;4097;4099;4097;4098;4098;0;0;0;25
$1;1;4849000;2;0;465;47973;36957;18129;376;0;4098;4097;4098;4098;4097;4098;4097;4098;4098;0;0;0;16
$1;1;4850000;2;0;481;47964;36961;18130;376;0;4099;4098;4098;4098;4097;4098;4098;4098;4098;0;0;0;24
$1;1;4851000;2;0;465;47972;36957;18131;376;0;4099;4098;4098;4098;4097;4098;4098;4098;4098;0;0;0;16
$1;1;4852000;2;0;468;47972;36958;18133;375;0;4099;4097;4098;4098;4097;4098;4097;4098;4098;0;0;0;16
$1;1;4853000;2;0;463;47974;36957;18134;375;0;4099;4097;4098;4098;4097;4099;4097;4098;4098;0;0;0;21
$1;1;4854000;2;0;456;47978;36955;18135;375;0;4098;4097;4098;4098;4097;4098;4097;4098;4098;0;0;0;27
$1;1;4855000;2;0;467;47972;36958;18137;374;0;4099;4098;4098;4098;4097;4098;4097;4099;4098;0;0;0;19
$1;1;4856000;2;0;457;47978;36955;18138;374;0;4098;4097;4098;4098;4097;4098;4097;4098;4098;0;0;0;20
$1;1;4857000;2;0;456;47979;36955;18139;374;0;4099;4097;4098;4098;4097;4098;4097;4098;4098;0;0;0;21
$1;1;4858000;2;0;453;47980;36955;18140;373;0;4098;4097;4098;4098;4097;4098;4097;4098;4098;0;0;0;17
$1;1;4859000;2;0;456;47980;36956;18142;373;0;4098;4097;4098;4098;4097;4098;4097;4098;4098;0;0;0;20
$1;1;4860000;2;0;454;47980;36955;18143;373;0;4099;4097;4098;4098;4097;4098;4097;4098;4098;0;0;0;31
$1;1;4861000;2;0;455;47980;36955;18144;372;0;4098;4097;4098;4098;4097;4098;4097;4098;4098;0;0;0;24
$1;1;4862000;2;0;458;47979;36957;18145;372;0;4098;4097;4098;4098;4097;4098;4097;4098;4098;0;0;0;19
$1;1;4863000;2;0;456;47977;36955;18147;372;0;4098;4097;4098;4098;4097;4098;4097;4098;4098;0;0;0;18
$1;1;4864000;2;0;473;47967;36960;18148;372;0;4099;4098;4098;4098;4097;4099;4097;4099;4098;0;0;0;20
$1;1;4865000;2;0;455;47978;36955;18149;372;0;4098;4097;4098;4098;4097;4098;4097;4098;4098;0;0;0;22
$1;1;4866000;2;0;459;47976;36956;18150;372;0;4099;4097;4098;4098;4097;4098;4097;4099;4098;0;0;0;28
$1;1;4867000;2;0;459;47976;36957;18152;372;0;4099;4097;4098;4098;4097;4099;4097;4099;4098;0;0;0;31
$1;1;4868000;2;0;449;47982;36954;18153;371;0;4098;4098;4098;4098;4097;4098;4097;4098;4098;0;0;0;21
$1;128;4868000;308;100;14;10;10;11;8;11;13;12;11;0;0;0;33
$1;1;4869000;2;0;456;47979;36956;18154;371;0;4098;4098;4098;4098;4097;4098;4097;4098;4098;0;0;0;27
$1;1;4870000;2;0;454;47980;36955;18156;371;0;4098;4097;4098;4098;4097;4098;4097;4098;4098;0;0;0;25
$1;1;4871000;2;0;453;47981;36955;18157;370;0;4098;4097;4098;4098;4097;4098;4097;4098;4098;0;0;0;30
$1;1;4872000;2;0;452;47981;36955;18158;370;0;4098;4097;4098;4098;4097;4098;4097;4098;4098;0;0;0;19
$1;1;4873000;2;0;458;47979;36957;18159;370;0;4098;4097;4098;4098;4097;4098;4097;4098;4098;0;0;0;28
$1;1;4874000;2;0;454;47980;36956;18161;370;0;4099;4097;4098;4098;4097;4098;4097;4098;4098;0;0;0;26
$1;1;4875000;2;0;449;47983;36954;18162;370;0;4098;4097;4098;4098;4097;4098;4097;4098;4098;0;0;0;20
$1;1;4876000;2;0;457;47979;36956;18163;370;0;4099;4097;4098;4098;4097;4098;4097;4099;4098;0;0;0;30
$1;1;4877000;2;0;456;47980;36956;18165;370;0;4099;4098;4098;4098;4097;4098;4097;4099;4098;0;0;0;17
$1;1;4878000;2;0;451;47983;36955;18166;369;0;4099;4098;4098;4098;4097;4098;4097;4099;4098;0;0;0;18
$1;1;4879000;2;0;448;47985;36954;18167;369;0;4099;4097;4098;4098;4097;4098;4097;4098;4098;0;0;0;19
$1;1;4880000;2;0;444;47987;36953;18168;369;0;4098;4097;4098;4098;4097;4098;4097;4098;4098;0;0;0;18
$1;1;4881000;2;0;456;47980;36956;18170;370;0;4099;4097;4098;4098;4097;4098;4097;4099;4098;0;0;0;19
$1;1;4882000;2;0;454;47982;36956;18171;370;0;4099;4098;4098;4098;4097;4098;4097;4099;4098;0;0;0;30
$1;1;4883000;2;0;454;47981;36957;18172;369;0;4099;4098;4098;4098;4097;4098;4098;4099;4098;0;0;0;25
$1;1;4884000;2;0;448;47983;36954;18173;370;0;4099;4097;4098;4098;4097;4098;4097;4099;4098;0;0;0;27
$1;1;4885000;2;0;458;47978;36957;18174;371;0;4099;4097;4098;4098;4097;4098;4098;4099;4098;0;0;0;21
$1;1;4886000;2;0;468;47972;36959;18176;371;0;4099;4098;4098;4098;4097;4098;4098;4099;4098;0;0;0;28
$1;1;4887000;2;0;452;47981;36955;18177;371;0;4099;4098;4098;4098;4097;4098;4098;4099;4098;0;0;0;21
$1;1;4888000;2;0;448;47983;36954;18178;371;0;4099;4098;4098;4098;4097;4098;4097;4099;4098;0;0;0;18
$1;1;4889000;2;0;451;47982;36955;18180;371;0;4098;4097;4098;4098;4097;4098;4098;4099;4098;0;0;0;29
$1;1;4890000;2;0;440;47988;36951;18181;371;0;4098;4097;4098;4098;4097;4098;4097;4098;4098;0;0;0;20
$1;1;4891000;2;0;444;47987;36953;18182;371;0;4099;4097;4098;4098;4097;4098;4097;4098;4098;0;0;0;30
$1;1;4892000;2;0;452;47981;36956;18183;372;0;4099;4098;4098;4098;4097;4098;4098;4098;4098;0;0;0;27
$1;1;4893000;2;0;442;47988;36952;18184;372;0;4099;4097;4098;4098;4096;4098;4098;4098;4098;0;0;0;31
$1;1;4894000;2;0;443;47988;36953;18186;372;0;4099;4098;4098;4098;4097;4098;4098;4098;4098;0;0;0;20
$1;1;4895000;2;0;432;47995;36948;18187;372;0;4098;4097;4098;4098;4096;4098;4097;4098;4098;0;0;0;20
$1;1;4896000;2;0;444;47988;36953;18188;372;0;4099;4098;4098;4098;4097;4098;4098;4098;4098;0;0;0;31
$1;1;4897000;2;0;451;47984;36955;18189;372;0;4099;4098;4098;4098;4097;4098;4098;4099;4098;0;0;0;16
$1;1;4898000;2;0;453;47982;36956;18190;372;0;4099;4097;4098;4098;4097;4098;4098;4099;4098;0;0;0;31
$1;1;4899000;2;0;454;47982;36957;18192;373;0;4099;4098;4098;4098;4097;4098;4098;4099;4098;0;0;0;20
$1;1;4900000;2;0;449;47985;36955;18193;373;0;4099;4097;4098;4098;4096;4098;4098;4099;4098;0;0;0;19
$1;1;4901000;2;0;443;47989;36953;18194;373;0;4099;4097;4098;4098;4097;4098;4098;4099;4098;0;0;0;20
$1;1;4902000;2;0;447;47988;36955;18196;373;0;4099;4098;4098;4098;4097;4098;4098;4098;4098;0;0;0;24
$1;1;4903000;2;0;443;47990;36954;18197;373;0;4099;4098;4098;4098;4097;4098;4098;4099;4098;0;0;0;21
$1;1;4904000;2;0;443;47990;36953;18198;374;0;4099;4098;4098;4098;4097;4098;4098;4098;4098;0;0;0;28
$1;1;4905000;2;0;439;47993;36952;18199;374;0;4099;4098;4098;4098;4096;4098;4098;4098;4098;0;0;0;18
$1;1;4906000;2;0;441;47992;36953;18200;374;0;4099;4097;4098;4098;4097;4098;4098;4099;4098;0;0;0;18
$1;1;4907000;2;0;446;47987;36954;18202;375;0;4099;4097;4098;4098;4097;4098;4098;4099;4098;0;0;0;20
$1;1;4908000;2;0;428;47997;36948;18203;376;0;4098;4097;4098;4098;4096;4098;4098;4098;4097;0;0;0;19
$1;1;4909000;2;0;451;47984;36956;18204;376;0;4099;4098;4098;4098;4096;4098;4098;4099;4098;0;0;0;22
$1;1;4910000;2;0;444;47988;36953;18205;377;0;4099;4098;4098;4098;4096;4099;4098;4099;4098;0;0;0;18
$1;1;4911000;2;0;433;47995;36950;18207;377;0;4099;4098;4098;4098;4097;4098;4098;4098;4098;0;0;0;31
$1;1;4912000;2;0;437;47993;36951;18208;377;0;4099;4098;4098;4098;4096;4098;4098;4098;4098;0;0;0;17
$1;1;4913000;2;0;444;47989;36954;18209;378;0;4099;4098;4098;4098;4097;4098;4098;4099;4098;0;0;0;20
$1;1;4914000;2;0;444;47989;36954;18210;378;0;4099;4098;4098;4098;4097;4098;4098;4099;4098;0;0;0;27
$1;1;4915000;2;0;446;47988;36955;18212;378;0;4099;4098;4098;4098;4097;4099;4098;4099;4098;0;0;0;27
$1;1;4916000;2;0;437;47994;36952;18213;378;0;4099;4098;4098;4098;4097;4098;4098;4098;4098;0;0;0;21
$1;1;4917000;2;0;440;47992;36953;18214;379;0;4099;4098;4098;4098;4097;4098;4098;4099;4098;0;0;0;20
$1;1;4918000;2;0;435;47996;36952;18215;379;0;4099;4098;4098;4099;4096;4099;4098;4099;4098;0;0;0;28
$1;1;4919000;2;0;439;47993;36953;18217;379;0;4099;4098;4098;4098;4097;4099;4098;4099;4098;0;0;0;23
$1;1;4920000;2;0;438;47994;36952;18218;380;0;4099;4098;4098;4098;4096;4098;4098;4099;4098;0;0;0;19
$1;1;4921000;2;0;442;47992;36954;18219;380;0;4099;4098;4098;4098;4097;4098;4098;4099;4098;0;0;0;31
$1;1;4922000;2;0;425;48002;36949;18220;380;0;4099;4098;4098;4098;4096;4098;4098;4099;4098;0;0;0;21
$1;1;4923000;2;0;421;48003;36947;18221;380;0;4098;4098;4098;4098;4096;4098;4098;4098;4098;0;0;0;30
$1;1;4924000;2;0;444;47991;36955;18222;380;0;4099;4098;4098;4098;4097;4098;4098;4099;4098;0;0;0;22
$1;1;4925000;2;0;431;47998;36951;18224;381;0;4099;4098;4098;4099;4096;4098;4098;4098;4098;0;0;0;30
$1;1;4926000;2;0;441;47994;36954;18225;381;0;4099;4098;4098;4098;4097;4098;4098;4099;4098;0;0;0;19
$1;1;4927000;2;0;438;47996;36953;18226;381;0;4099;4098;4098;4098;4096;4098;4098;4099;4098;0;0;0;27
$1;1;4928000;2;0;429;47998;36950;18227;382;0;4099;4098;4098;4098;4096;4098;4098;4098;4098;0;0;0;26
$1;128;4928000;315;100;14;10;10;11;8;11;13;12;11;0;0;0;40
$1;1;4929000;2;0;433;47996;36951;18228;382;0;4099;4098;4098;4098;4096;4098;4098;4098;4098;0;0;0;16
$1;1;4930000;2;0;431;47997;36951;18230;383;0;4099;4098;4098;4098;4096;4098;4098;4099;4098;0;0;0;18
$1;1;4931000;2;0;440;47993;36954;18231;383;0;4099;4098;4098;4098;4097;4098;4098;4099;4098;0;0;0;20
$1;1;4932000;2;0;427;48001;36950;18232;383;0;4099;4098;4098;4098;4097;4098;4098;4099;4098;0;0;0;28
$1;1;4933000;2;0;438;47994;36954;18233;384;0;4099;4098;4098;4098;4096;4098;4098;4099;4098;0;0;0;26
$1;1;4934000;2;0;437;47995;36954;18234;384;0;4099;4098;4098;4099;4097;4099;4098;4099;4098;0;0;0;21
$1;1;4935000;2;0;440;47994;36955;18236;384;0;4099;4098;4098;4098;4097;4099;4098;4099;4098;0;0;0;23
$1;1;4936000;2;0;415;48007;36947;18237;384;0;4098;4098;4098;4098;4097;4098;4098;4099;4098;0;0;0;26
$1;1;4937000;2;0;413;48010;36947;18238;384;0;4098;4098;4098;4098;4096;4099;4098;4099;4098;0;0;0;20
$1;1;4938000;2;0;412;48010;36947;18239;385;0;4098;4097;4098;4099;4096;4098;4098;4099;4098;0;0;0;21
$1;1;4939000;2;0;433;47998;36953;18240;385;0;4099;4098;4098;4098;4096;4098;4098;4099;4098;0;0;0;21
$1;1;4940000;2;0;418;48006;36948;18241;385;0;4099;4098;4098;4098;4096;4098;4098;4099;4098;0;0;0;24
$1;1;4941000;2;0;416;48008;36948;18242;385;0;4098;4098;4098;4098;4096;4098;4098;4098;4098;0;0;0;26
$1;1;4942000;2;0;410;48012;36946;18244;385;0;4098;4098;4098;4098;4096;4098;4098;4098;4098;0;0;0;28
$1;1;4943000;2;0;417;48009;36948;18245;385;0;4098;4098;4098;4098;4096;4098;4098;4098;4098;0;0;0;31
$1;1;4944000;2;0;404;48016;36945;18246;386;0;4098;4097;4098;4098;4096;4098;4098;4098;4098;0;0;0;22
$1;1;4945000;2;0;403;48018;36944;18247;386;0;4098;4097;4098;4098;4096;4098;4098;4098;4098;0;0;0;30
$1;1;4946000;2;0;409;48014;36946;18248;386;0;4098;4098;4098;4098;4096;4098;4098;4098;4098;0;0;0;25
$1;1;4947000;2;0;405;48016;36945;18249;386;0;4098;4097;4098;4099;4096;4098;4098;4098;4097;0;0;0;21
$1;1;4948000;2;0;428;48002;36951;18251;387;0;4099;4098;4098;4099;4096;4099;4098;4098;4098;0;0;0;29
$1;1;4949000;2;0;430;48000;36952;18252;387;0;4099;4098;4098;4098;4096;4098;4098;4098;4098;0;0;0;23
$1;1;4950000;2;0;414;48008;36947;18253;387;0;4098;4098;4098;4098;4096;4098;4098;4099;4098;0;0;0;20
$1;1;4951000;2;0;431;47999;36952;18254;388;0;4099;4098;4098;4098;4096;4099;4098;4099;4098;0;0;0;16
$1;1;4952000;2;0;413;48009;36947;18255;388;0;4098;4098;4098;4098;4096;4098;4098;4098;4098;0;0;0;24
$1;1;4953000;2;0;412;48011;36947;18256;388;0;4098;4097;4098;4099;4096;4099;4098;4099;4098;0;0;0;28
$1;1;4954000;2;0;407;48014;36946;18258;389;0;4098;4098;4098;4099;4096;4099;4098;4098;4098;0;0;0;26
$1;1;4955000;2;0;411;48012;36947;18259;389;0;4098;4098;4098;4098;4096;4098;4098;4098;4098;0;0;0;26
$1;1;4956000;2;0;409;48014;36946;18260;389;0;4098;4098;4098;4099;4096;4099;4098;4098;4098;0;0;0;29
$1;1;4957000;2;0;409;48014;36946;18261;389;0;4098;4098;4098;4098;4096;4099;4098;4098;4098;0;0;0;28
$1;1;4958000;2;0;407;48015;36946;18262;389;0;4098;4098;4098;4098;4096;4098;4098;4099;4098;0;0;0;31
$1;1;4959000;2;0;410;48013;36947;18263;389;0;4098;4098;4098;4099;4096;4099;4098;4098;4098;0;0;0;31
$1;1;4960000;2;0;408;48016;36946;18264;390;0;4098;4098;4098;4098;4096;4098;4098;4098;4098;0;0;0;23
$1;1;4961000;2;0;410;48013;36947;18265;390;0;4098;4098;4098;4099;4096;4098;4098;4098;4098;0;0;0;27
$1;1;4962000;2;0;406;48016;36946;18267;390;0;4098;4098;4098;4098;4096;4098;4098;4098;4098;0;0;0;24
$1;1;4963000;2;0;401;48020;36944;18268;390;0;4098;4097;4098;4098;4096;4098;4098;4098;4098;0;0;0;25
$1;1;4964000;2;0;406;48018;36946;18269;390;0;4098;4097;4098;4098;4096;4098;4098;4098;4098;0;0;0;17
$1;1;4965000;2;0;406;48018;36946;18270;391;0;4098;4098;4098;4098;4096;4098;4099;4098;4098;0;0;0;23
$1;1;4966000;2;0;404;48018;36946;18271;391;0;4098;4098;4098;4098;4096;4098;4098;4098;4098;0;0;0;22
$1;1;4967000;2;0;406;48016;36945;18272;392;0;4098;4098;4098;4098;4096;4098;4098;4098;4098;0;0;0;24
$1;1;4968000;2;0;402;48018;36945;18274;392;0;4098;4098;4098;4099;4096;4098;4098;4098;4098;0;0;0;26
$1;1;4969000;2;0;401;48020;36945;18275;392;0;4098;4098;4098;4098;4096;4098;4098;4098;4098;0;0;0;19
$1;1;4970000;2;0;399;48020;36944;18276;393;0;4098;4098;4098;4098;4096;4098;4098;4098;4098;0;0;0;30
$1;1;4971000;2;0;406;48017;36946;18277;393;0;4098;4098;4098;4098;4096;4099;4098;4099;4098;0;0;0;25
$1;1;4972000;2;0;401;48020;36945;18278;393;0;4098;4098;4098;4098;4096;4098;4098;4098;4098;0;0;0;21
$1;1;4973000;2;0;398;48022;36943;18279;393;0;4098;4097;4098;4098;4096;4098;4098;4098;4098;0;0;0;25
$1;1;4974000;2;0;410;48016;36947;18280;394;0;4098;4098;4098;4099;4096;4098;4099;4098;4098;0;0;0;20
$1;1;4975000;2;0;405;48019;36946;18281;394;0;4098;4098;4098;4099;4096;4098;4098;4098;4098;0;0;0;31
$1;1;4976000;2;0;400;48021;36945;18282;394;0;4098;4098;4098;4099;4096;4098;4098;4098;4098;0;0;0;18
$1;1;4977000;2;0;404;48020;36946;18283;394;0;4099;4098;4098;4099;4096;4098;4098;4098;4098;0;0;0;21
$1;1;4978000;2;0;401;48022;36945;18285;394;0;4098;4097;4098;4098;4096;4098;4098;4098;4098;0;0;0;23
$1;1;4979000;2;0;394;48026;36943;18286;395;0;4098;4098;4098;4099;4096;4098;4098;4098;4098;0;0;0;19
$1;1;4980000;2;0;403;48022;36946;18287;395;0;4098;4098;4098;4099;4096;4098;4098;4098;4098;0;0;0;28
$1;1;4981000;2;0;394;48028;36942;18288;395;0;4098;4098;4098;4098;4096;4098;4098;4098;4097;0;0;0;27
$1;1;4982000;2;0;401;48024;36945;18289;395;0;4099;4098;4098;4098;4096;4098;4098;4098;4098;0;0;0;23
$1;1;4983000;2;0;398;48025;36944;18290;395;0;4098;4098;4098;4098;4096;4098;4098;4098;4098;0;0;0;24
$1;1;4984000;2;0;402;48021;36944;18291;396;0;4098;4098;4098;4099;4096;4098;4099;4098;4098;0;0;0;29
$1;1;4985000;2;0;406;48019;36946;18292;397;0;4098;4098;4098;4098;4096;4098;4099;4098;4098;0;0;0;18
$1;1;4986000;2;0;400;48021;36944;18293;397;0;4098;4098;4098;4098;4096;4098;4098;4098;4098;0;0;0;30
$1;1;4987000;2;0;395;48025;36943;18294;398;0;4098;4098;4098;4098;4096;4098;4098;4098;4098;0;0;0;31
$1;1;4988000;2;0;403;48020;36946;18295;398;0;4098;4098;4098;4099;4096;4099;4098;4098;4098;0;0;0;25
$1;1;4989000;2;0;390;48028;36941;18297;398;0;4098;4097;4098;4098;4096;4099;4098;4098;4098;0;0;0;22
$1;128;4989000;320;100;14;10;10;11;8;11;13;12;11;0;0;0;37
$1;1;4990000;2;0;393;48027;36943;18298;399;0;4098;4098;4098;4098;4096;4098;4098;4098;4098;0;0;0;16
$1;1;4991000;2;0;391;48028;36942;18299;399;0;4098;4098;4098;4099;4096;4098;4098;4098;4098;0;0;0;29
$1;1;4992000;2;0;382;48035;36939;18300;399;0;4098;4098;4098;4099;4096;4098;4098;4098;4098;0;0;0;29
$1;1;4993000;2;0;390;48031;36941;18301;399;0;4098;4098;4098;4098;4096;4098;4098;4098;4098;0;0;0;20
$1;1;4994000;2;0;401;48025;36944;18302;399;0;4098;4098;4098;4098;4096;4099;4098;4098;4098;0;0;0;30
$1;1;4995000;2;0;388;48032;36941;18304;399;0;4098;4098;4098;4098;4096;4099;4098;4098;4098;0;0;0;28
$1;1;4996000;2;0;381;48036;36939;18305;400;0;4098;4098;4098;4099;4096;4099;4098;4098;4098;0;0;0;26
$1;1;4997000;2;0;388;48032;36941;18306;400;0;4098;4098;4098;4098;4096;4098;4098;4098;4098;0;0;0;26
$1;1;4998000;2;0;377;48038;36937;18307;400;0;4098;4097;4098;4099;4096;4098;4098;4098;4098;0;0;0;17
$1;1;4999000;2;0;380;48036;36939;18308;400;0;4098;4098;4098;4099;4096;4098;4099;4098;4098;0;0;0;25
$1;1;5000000;2;0;395;48028;36944;18309;400;0;4099;4098;4098;4099;4096;4098;4098;4098;4098;0;0;0;17
$1;1;5001000;2;0;382;48036;36939;18310;400;0;4098;4097;4098;4099;4096;4098;4098;4098;4098;0;0;0;21
$1;1;5002000;2;0;396;48025;36944;18311;401;0;4099;4098;4098;4099;4096;4099;4098;4098;4098;0;0;0;20
$1;1;5003000;2;0;391;48028;36942;18312;402;0;4098;4098;4098;4098;4096;4099;4098;4098;4098;0;0;0;25
$1;1;5004000;2;0;394;48027;36943;18313;402;0;4098;4097;4098;4098;4096;4098;4098;4098;4098;0;0;0;26
$1;1;5005000;2;0;374;48037;36937;18314;402;0;4098;4097;4097;4098;4096;4098;4098;4098;4098;0;0;0;31
$1;1;5006000;2;0;380;48035;36938;18315;402;0;4098;4098;4097;4098;4096;4099;4098;4098;4097;0;0;0;26
$1;1;5007000;2;0;398;48024;36943;18316;403;0;4098;4098;4098;4099;4096;4098;4098;4098;4098;0;0;0;28
$1;1;5008000;2;0;384;48033;36940;18317;403;0;4098;4098;4098;4098;4096;4098;4098;4098;4098;0;0;0;27
$1;1;5009000;2;0;397;48026;36944;18319;403;0;4099;4098;4098;4098;4096;4098;4098;4098;4098;0;0;0;23
$1;1;5010000;2;0;386;48032;36941;18320;403;0;4098;4097;4098;4099;4096;4098;4098;4098;4098;0;0;0;26
$1;1;5011000;2;0;397;48027;36944;18321;403;0;4099;4098;4098;4099;4096;4098;4098;4098;4098;0;0;0;21
$1;1;5012000;2;0;377;48038;36938;18322;403;0;4098;4097;4098;4098;4096;4098;4098;4098;4097;0;0;0;30
$1;1;5013000;2;0;389;48032;36942;18323;403;0;4098;4098;4098;4098;4096;4098;4098;4098;4098;0;0;0;24
$1;1;5014000;2;0;394;48030;36944;18324;403;0;4099;4098;4098;4099;4096;4098;4098;4098;4098;0;0;0;16
$1;1;5015000;2;0;390;48032;36942;18325;403;0;4099;4098;4098;4098;4096;4098;4098;4098;4098;0;0;0;17
$1;1;5016000;2;0;383;48036;36940;18326;403;0;4098;4098;4098;4098;4096;4098;4098;4098;4098;0;0;0;20
$1;1;5017000;2;0;386;48035;36941;18327;403;0;4099;4098;4098;4099;4096;4098;4098;4098;4098;0;0;0;19
$1;1;5018000;2;0;372;48039;36937;18328;403;0;4098;4097;4097;4098;4096;4098;4098;4098;4097;0;0;0;26
$1;1;5019000;2;0;399;48024;36946;18329;403;0;4098;4098;4098;4099;4097;4099;4098;4099;4098;0;0;0;26
$1;1;5020000;2;0;390;48030;36943;18330;403;0;4098;4098;4097;4099;4096;4099;4098;4098;4098;0;0;0;30
$1;1;5021000;2;0;379;48036;36939;18331;403;0;4098;4097;4098;4099;4096;4098;4098;4098;4098;0;0;0;19
$1;1;5022000;2;0;386;48032;36941;18333;403;0;4098;4098;4098;4098;4096;4099;4098;4098;4098;0;0;0;22
$1;1;5023000;2;0;386;48032;36941;18334;403;0;4098;4097;4098;4098;4096;4098;4098;4098;4098;0;0;0;30
$1;1;5024000;2;0;392;48028;36944;18335;403;0;4099;4098;4098;4098;4096;4098;4098;4098;4098;0;0;0;29
$1;1;5025000;2;0;384;48034;36941;18336;402;0;4098;4098;4098;4098;4096;4098;4098;4098;4098;0;0;0;16
$1;1;5026000;2;0;389;48030;36943;18337;402;0;4098;4098;4098;4098;4097;4099;4098;4098;4098;0;0;0;25
$1;1;5027000;2;0;367;48043;36936;18338;402;0;4098;4097;4097;4098;4096;4098;4098;4098;4098;0;0;0;17
$1;1;5028000;2;0;373;48040;36938;18339;401;0;4098;4097;4097;4098;4096;4098;4098;4098;4098;0;0;0;20
$1;1;5029000;2;0;389;48033;36943;18340;401;0;4099;4098;4098;4098;4097;4098;4098;4098;4098;0;0;0;22
$1;1;5030000;2;0;377;48038;36940;18341;401;0;4098;4098;4098;4098;4096;4098;4098;4098;4098;0;0;0;22
$1;1;5031000;2;0;393;48030;36945;18342;400;0;4099;4098;4098;4098;4097;4099;4098;4099;4098;0;0;0;18
$1;1;5032000;2;0;387;48034;36943;18343;400;0;4099;4097;4098;4099;4097;4098;4098;4098;4098;0;0;0;25
$1;1;5033000;2;0;373;48042;36938;18344;400;0;4098;4097;4098;4098;4096;4098;4098;4098;4098;0;0;0;24
$1;1;5034000;2;0;395;48027;36945;18345;400;0;4098;4098;4098;4099;4097;4099;4098;4098;4098;0;0;0;17
$1;1;5035000;2;0;389;48029;36943;18346;400;0;4098;4098;4098;4098;4096;4099;4098;4098;4098;0;0;0;22
$1;1;5036000;2;0;397;48025;36946;18347;399;0;4099;4098;4098;4098;4096;4099;4098;4099;4098;0;0;0;21
$1;1;5037000;2;0;391;48028;36944;18349;399;0;4098;4098;4098;4098;4097;4099;4098;4099;4098;0;0;0;19
$1;1;5038000;2;0;379;48035;36940;18349;399;0;4098;4097;4098;4098;4096;4099;4098;4098;4098;0;0;0;29
$1;1;5039000;2;0;382;48034;36941;18351;398;0;4099;4098;4097;4098;4096;4098;4098;4098;4098;0;0;0;16
$1;1;5040000;2;0;394;48028;36945;18352;398;0;4099;4098;4098;4098;4097;4099;4098;4098;4098;0;0;0;28
$1;1;5041000;2;0;390;48029;36944;18353;397;0;4099;4098;4098;4098;4097;4098;4098;4098;4098;0;0;0;22
$1;1;5042000;2;0;393;48028;36944;18354;397;0;4099;4097;4098;4098;4097;4098;4098;4099;4098;0;0;0;30
$1;1;5043000;2;0;378;48035;36940;18355;396;0;4098;4098;4098;4098;4097;4098;4098;4098;4098;0;0;0;29
$1;1;5044000;2;0;393;48028;36944;18356;396;0;4099;4098;4098;4098;4097;4099;4098;4098;4098;0;0;0;20
$1;1;5045000;2;0;389;48030;36944;18357;395;0;4099;4098;4098;4098;4097;4098;4098;4098;4098;0;0;0;20
$1;1;5046000;2;0;386;48033;36943;18358;395;0;4099;4098;4098;4098;4097;4098;4098;4098;4098;0;0;0;19
$1;1;5047000;2;0;386;48032;36943;18359;394;0;4099;4098;4098;4098;4097;4098;4098;4098;4098;0;0;0;19
$1;1;5048000;2;0;390;48030;36944;18360;394;0;4099;4098;4098;4098;4097;4098;4098;4099;4098;0;0;0;21
$1;1;5049000;2;0;382;48035;36942;18361;393;0;4099;4098;4098;4098;4097;4098;4098;4098;4098;0;0;0;19
$1;128;5049000;317;100;14;10;10;11;8;11;13;12;11;0;0;0;37
$1;1;5050000;2;0;382;48034;36942;18362;393;0;4099;4098;4098;4098;4097;4098;4098;4098;4098;0;0;0;25
$1;1;5051000;2;0;373;48038;36939;18363;393;0;4098;4098;4097;4098;4097;4098;4098;4098;4098;0;0;0;25
$1;1;5052000;2;0;370;48039;36937;18364;393;0;4098;4098;4098;4098;4096;4098;4097;4098;4098;0;0;0;16
$1;1;5053000;2;0;387;48030;36943;18366;392;0;4098;4098;4098;4098;4097;4098;4098;4098;4098;0;0;0;30
$1;1;5054000;2;0;374;48036;36939;18367;392;0;4098;4097;4098;4098;4097;4098;4098;4098;4098;0;0;0;16
$1;1;5055000;2;0;377;48034;36940;18368;391;0;4098;4097;4098;4098;4097;4098;4098;4098;4098;0;0;0;18
$1;1;5056000;2;0;383;48031;36943;18369;391;0;4098;4098;4098;4098;4097;4099;4098;4098;4098;0;0;0;19
$1;1;5057000;2;0;389;48028;36944;18370;390;0;4098;4098;4098;4098;4097;4098;4098;4098;4098;0;0;0;31
$1;1;5058000;2;0;379;48034;36941;18371;390;0;4098;4097;4098;4098;4097;4098;4098;4098;4098;0;0;0;25
$1;1;5059000;2;0;380;48034;36942;18372;389;0;4098;4098;4098;4098;4097;4098;4098;4098;4098;0;0;0;25
$1;1;5060000;2;0;387;48030;36944;18373;389;0;4099;4098;4098;4098;4097;4099;4098;4099;4098;0;0;0;22
$1;1;5061000;2;0;382;48032;36943;18374;388;0;4099;4098;4098;4098;4097;4098;4098;4098;4098;0;0;0;17
$1;1;5062000;2;0;376;48035;36940;18375;388;0;4099;4097;4098;4098;4097;4098;4097;4098;4098;0;0;0;28
$1;1;5063000;2;0;382;48033;36942;18376;387;0;4099;4098;4098;4098;4097;4098;4097;4098;4098;0;0;0;17
$1;1;5064000;2;0;385;48031;36943;18377;387;0;4098;4098;4098;4098;4097;4098;4098;4098;4098;0;0;0;29
$1;1;5065000;2;0;377;48035;36940;18378;386;0;4098;4098;4098;4098;4097;4098;4097;4098;4098;0;0;0;23
$1;1;5066000;2;0;378;48034;36941;18379;386;0;4098;4098;4098;4098;4097;4098;4098;4098;4098;0;0;0;21
$1;1;5067000;2;0;379;48035;36941;18380;385;0;4098;4097;4098;4098;4097;4098;4097;4098;4098;0;0;0;17
$1;1;5068000;2;0;389;48029;36944;18381;385;0;4098;4098;4098;4098;4097;4098;4098;4098;4098;0;0;0;24
$1;1;5069000;2;0;384;48032;36942;18382;384;0;4098;4098;4097;4098;4097;4099;4097;4098;4098;0;0;0;27
$1;1;5070000;2;0;386;48028;36944;18383;384;0;4098;4098;4098;4098;4097;4098;4097;4098;4098;0;0;0;19
$1;1;5071000;2;0;392;48025;36946;18385;384;0;4098;4098;4098;4098;4097;4099;4098;4099;4098;0;0;0;17
$1;1;5072000;2;0;378;48032;36942;18386;384;0;4098;4097;4098;4098;4097;4098;4097;4098;4098;0;0;0;23
$1;1;5073000;2;0;371;48036;36938;18387;383;0;4098;4097;4098;4098;4097;4098;4097;4098;4098;0;0;0;16
$1;1;5074000;2;0;387;48028;36944;18388;383;0;4098;4097;4098;4098;4097;4098;4098;4098;4098;0;0;0;26
$1;1;5075000;2;0;391;48025;36946;18389;382;0;4098;4098;4098;4098;4097;4098;4098;4098;4098;0;0;0;28
$1;1;5076000;2;0;391;48025;36946;18390;382;0;4099;4098;4098;4098;4097;4098;4098;4099;4098;0;0;0;23
$1;1;5077000;2;0;370;48036;36939;18391;381;0;4098;4097;4098;4098;4097;4099;4097;4098;4098;0;0;0;16
$1;1;5078000;2;0;375;48035;36940;18392;381;0;4098;4097;4098;4098;4097;4098;4097;4098;4098;0;0;0;21
$1;1;5079000;2;0;383;48030;36943;18393;381;0;4099;4097;4098;4098;4097;4098;4097;4098;4098;0;0;0;27
$1;1;5080000;2;0;383;48030;36943;18394;380;0;4099;4098;4097;4098;4097;4098;4097;4098;4098;0;0;0;27
$1;1;5081000;2;0;385;48029;36944;18395;379;0;4098;4098;4098;4098;4097;4098;4098;4098;4098;0;0;0;21
$1;1;5082000;2;0;382;48031;36943;18396;379;0;4099;4098;4098;4098;4097;4098;4097;4098;4098;0;0;0;18
$1;1;5083000;2;0;382;48030;36943;18397;378;0;4098;4097;4098;4098;4097;4098;4098;4098;4098;0;0;0;19
$1;1;5084000;2;0;369;48038;36938;18398;378;0;4098;4097;4097;4098;4097;4098;4097;4098;4098;0;0;0;26
$1;1;5085000;2;0;384;48030;36943;18400;378;0;4099;4098;4098;4098;4097;4098;4097;4098;4098;0;0;0;27
$1;1;5086000;2;0;383;48030;36943;18401;377;0;4098;4098;4098;4098;4097;4099;4097;4098;4098;0;0;0;17
$1;1;5087000;2;0;380;48032;36942;18402;377;0;4098;4097;4097;4098;4097;4098;4097;4098;4098;0;0;0;18
$1;1;5088000;2;0;372;48036;36939;18403;376;0;4099;4098;4097;4098;4097;4098;4097;4098;4098;0;0;0;22
$1;1;5089000;2;0;380;48030;36942;18404;376;0;4098;4098;4097;4098;4097;4098;4097;4098;4098;0;0;0;22
$1;1;5090000;2;0;383;48028;36943;18405;377;0;4098;4097;4098;4098;4097;4098;4097;4098;4098;0;0;0;21
$1;1;5091000;2;0;374;48032;36939;18406;376;0;4098;4098;4098;4098;4097;4098;4097;4098;4098;0;0;0;23
$1;1;5092000;2;0;384;48028;36943;18407;376;0;4098;4097;4098;4098;4097;4098;4097;4098;4098;0;0;0;19
$1;1;5093000;2;0;388;48025;36945;18408;376;0;4098;4098;4098;4098;4097;4098;4097;4099;4098;0;0;0;20
$1;1;5094000;2;0;387;48025;36944;18409;375;0;4098;4098;4098;4098;4097;4098;4097;4099;4098;0;0;0;31
$1;1;5095000;2;0;384;48028;36944;18410;375;0;4098;4098;4098;4098;4097;4098;4097;4098;4098;0;0;0;25
$1;1;5096000;2;0;378;48030;36941;18411;374;0;4098;4097;4098;4098;4097;4098;4097;4098;4098;0;0;0;26
$1;1;5097000;2;0;378;48030;36942;18412;374;0;4098;4098;4098;4098;4097;4098;4097;4098;4098;0;0;0;20
$1;1;5098000;2;0;374;48033;36940;18413;374;0;4098;4098;4098;4098;4097;4098;4097;4098;4098;0;0;0;23
$1;1;5099000;2;0;375;48033;36941;18414;373;0;4098;4097;4098;4098;4097;4098;4097;4098;4098;0;0;0;25
$1;1;5100000;2;0;377;48032;36942;18415;373;0;4098;4097;4098;4098;4097;4098;4097;4098;4098;0;0;0;25
$1;1;5101000;2;0;376;48032;36942;18416;372;0;4098;4098;4098;4098;4097;4099;4097;4098;4098;0;0;0;21
$1;1;5102000;2;0;381;48029;36943;18418;372;0;4098;4097;4098;4098;4097;4098;4097;4098;4098;0;0;0;21
$1;1;5103000;2;0;380;48029;36943;18419;372;0;4098;4098;4098;4098;4097;4098;4097;4098;4098;0;0;0;27
$1;1;5104000;2;0;380;48029;36943;18420;371;0;4098;4097;4098;4098;4097;4098;4097;4098;4098;0;0;0;26
$1;1;5105000;2;0;374;48033;36940;18421;371;0;4098;4097;4098;4098;4097;4098;4097;4098;4098;0;0;0;25
$1;1;5106000;2;0;381;48029;36943;18422;371;0;4098;4098;4098;4098;4097;4098;4097;4098;4099;0;0;0;21
$1;1;5107000;2;0;376;48033;36941;18423;370;0;4099;4097;4098;4098;4097;4098;4097;4098;4098;0;0;0;26
$1;1;5108000;2;0;383;48028;36944;18424;370;0;4099;4098;4098;4098;4097;4098;4097;4098;4098;0;0;0;24
$1;1;5109000;2;0;375;48033;36942;18425;369;0;4098;4098;4098;4098;4097;4099;4097;4098;4098;0;0;0;21
$1;128;5109000;314;97;13;10;10;11;8;11;11;12;11;0;0;0;25
$1;1;5110000;2;0;373;48033;36940;18426;369;0;4098;4097;4098;4098;4097;4098;4097;4098;4098;0;0;0;20
$1;1;5111000;2;0;374;48031;36941;18427;369;0;4098;4097;4098;4098;4097;4098;4097;4098;4098;0;0;0;16
$1;1;5112000;2;0;382;48027;36944;18428;369;0;4098;4098;4098;4098;4097;4098;4097;4098;4098;0;0;0;24
$1;1;5113000;2;0;377;48030;36941;18429;369;0;4098;4097;4098;4098;4097;4098;4097;4098;4098;0;0;0;30
$1;1;5114000;2;0;383;48027;36944;18430;369;0;4098;4097;4098;4098;4097;4098;4097;4098;4098;0;0;0;25
$1;1;5115000;2;0;377;48030;36942;18431;368;0;4098;4098;4098;4098;4097;4098;4097;4098;4098;0;0;0;28
$1;1;5116000;2;0;373;48032;36941;18432;368;0;4098;4097;4098;4098;4097;4098;4097;4098;4098;0;0;0;22
$1;1;5117000;2;0;379;48028;36943;18433;368;0;4098;4097;4098;4098;4097;4098;4097;4098;4098;0;0;0;21
$1;1;5118000;2;0;380;48028;36943;18434;367;0;4098;4098;4098;4098;4097;4098;4097;4098;4098;0;0;0;27
$1;1;5119000;2;0;374;48032;36941;18435;367;0;4098;4097;4098;4098;4097;4098;4097;4098;4098;0;0;0;22
$1;1;5120000;2;0;370;48034;36940;18436;367;0;4098;4098;4098;4098;4097;4098;4097;4098;4098;0;0;0;19
$1;1;5121000;2;0;373;48032;36942;18437;366;0;4098;4097;4098;4098;4097;4098;4097;4098;4098;0;0;0;26
$1;1;5122000;2;0;372;48033;36941;18438;366;0;4098;4098;4098;4098;4097;4098;4097;4098;4098;0;0;0;26
$1;1;5123000;2;0;365;48036;36938;18440;365;0;4098;4097;4098;4098;4097;4098;4097;4098;4098;0;0;0;21
$1;1;5124000;2;0;376;48030;36942;18441;365;0;4098;4097;4098;4098;4098;4098;4097;4098;4098;0;0;0;21
$1;1;5125000;2;0;380;48029;36943;18442;365;0;4098;4097;4098;4098;4097;4098;4097;4098;4098;0;0;0;24
$1;1;5126000;2;0;375;48031;36942;18443;364;0;4098;4097;4098;4098;4097;4098;4097;4098;4098;0;0;0;25
$1;1;5127000;2;0;376;48031;36942;18444;364;0;4099;4097;4098;4098;4097;4098;4097;4098;4098;0;0;0;29
$1;1;5128000;2;0;373;48032;36942;18445;363;0;4098;4097;4098;4098;4097;4098;4097;4098;4098;0;0;0;19
$1;1;5129000;2;0;370;48035;36940;18446;363;0;4098;4097;4098;4098;4097;4098;4097;4098;4098;0;0;0;23
$1;1;5130000;2;0;374;48032;36943;18447;363;0;4098;4098;4098;4098;4097;4098;4097;4098;4098;0;0;0;17
$1;1;5131000;2;0;374;48033;36942;18448;362;0;4098;4097;4098;4098;4097;4099;4097;4098;4098;0;0;0;16
$1;1;5132000;2;0;363;48039;36938;18449;362;0;4098;4097;4098;4098;4097;4098;4097;4098;4098;0;0;0;18
$1;1;5133000;2;0;372;48033;36941;18450;362;0;4098;4097;4098;4098;4097;4098;4097;4098;4098;0;0;0;31
$1;1;5134000;2;0;374;48031;36941;18451;362;0;4098;4097;4098;4098;4097;4098;4097;4098;4098;0;0;0;29
$1;1;5135000;2;0;379;48027;36943;18452;362;0;4098;4098;4098;4098;4097;4098;4097;4098;4098;0;0;0;24
$1;1;5136000;2;0;374;48030;36942;18453;362;0;4099;4098;4098;4098;4097;4099;4097;4098;4098;0;0;0;16
$1;1;5137000;2;0;375;48029;36943;18454;362;0;4098;4097;4098;4098;4097;4098;4097;4099;4098;0;0;0;16
$1;1;5138000;2;0;362;48038;36939;18455;361;0;4098;4098;4098;4098;4097;4098;4097;4098;4098;0;0;0;24
$1;1;5139000;2;0;384;48026;36945;18456;361;0;4099;4098;4098;4098;4097;4098;4097;4099;4098;0;0;0;22
$1;1;5140000;2;0;363;48036;36939;18457;361;0;4098;4097;4098;4098;4097;4098;4097;4098;4098;0;0;0;21
$1;1;5141000;2;0;376;48029;36942;18458;361;0;4098;4098;4098;4098;4097;4098;4097;4098;4098;0;0;0;18
$1;1;5142000;2;0;373;48030;36942;18459;360;0;4098;4098;4098;4098;4097;4098;4097;4098;4098;0;0;0;28
$1;1;5143000;2;0;365;48035;36940;18460;360;0;4098;4097;4098;4098;4097;4098;4097;4098;4098;0;0;0;24
$1;1;5144000;2;0;366;48035;36940;18461;359;0;4098;4097;4098;4098;4097;4098;4097;4098;4098;0;0;0;23
$1;1;5145000;2;0;368;48034;36941;18462;359;0;4098;4097;4098;4098;4097;4098;4097;4098;4098;0;0;0;27
$1;1;5146000;2;0;362;48038;36939;18463;359;0;4098;4097;4098;4098;4097;4099;4097;4098;4098;0;0;0;17
$1;1;5147000;2;0;356;48043;36937;18464;359;0;4098;4097;4098;4098;4097;4098;4097;4098;4098;0;0;0;19
$1;1;5148000;2;0;360;48040;36938;18465;359;0;4098;4097;4098;4098;4097;4098;4097;4098;4098;0;0;0;20
$1;1;5149000;2;0;370;48034;36941;18466;358;0;4098;4097;4098;4098;4097;4098;4097;4098;4098;0;0;0;27
$1;1;5150000;2;0;346;48048;36934;18467;358;0;4098;4097;4098;4097;4097;4098;4097;4098;4098;0;0;0;17
$1;1;5151000;2;0;366;48036;36940;18468;358;0;4098;4097;4098;4098;4097;4098;4097;4098;4098;0;0;0;24
$1;1;5152000;2;0;371;48034;36941;18469;357;0;4098;4097;4098;4098;4097;4098;4097;4098;4098;0;0;0;16
$1;1;5153000;2;0;363;48037;36939;18470;357;0;4098;4098;4098;4098;4097;4098;4097;4098;4098;0;0;0;25
$1;1;5154000;2;0;366;48035;36940;18471;357;0;4098;4098;4098;4098;4097;4098;4097;4098;4098;0;0;0;22
$1;1;5155000;2;0;367;48035;36941;18472;356;0;4098;4098;4098;4098;4097;4098;4097;4098;4098;0;0;0;21
$1;1;5156000;2;0;367;48036;36940;18473;356;0;4098;4097;4098;4098;4097;4098;4097;4098;4098;0;0;0;26
$1;1;5157000;2;0;358;48043;36937;18474;356;0;4098;4098;4098;4098;4097;4098;4097;4098;4098;0;0;0;29
$1;1;5158000;2;0;373;48032;36941;18475;357;0;4098;4097;4098;4098;4097;4098;4097;4098;4098;0;0;0;19
$1;1;5159000;2;0;369;48034;36941;18476;357;0;4098;4097;4098;4098;4097;4099;4097;4098;4098;0;0;0;29
$1;1;5160000;2;0;360;48039;36937;18477;357;0;4098;4097;4098;4098;4097;4098;4097;4098;4098;0;0;0;18
$1;1;5161000;2;0;369;48035;36941;18478;357;0;4098;4097;4098;4098;4097;4098;4097;4098;4098;0;0;0;24
$1;1;5162000;2;0;368;48035;36940;18479;357;0;4098;4097;4098;4098;4097;4099;4097;4098;4098;0;0;0;27
$1;1;5163000;2;0;372;48032;36941;18480;357;0;4098;4097;4098;4098;4097;4098;4097;4098;4098;0;0;0;16
$1;1;5164000;2;0;391;48023;36946;18481;357;0;4099;4098;4098;4098;4097;4099;4097;4099;4098;0;0;0;18
$1;1;5165000;2;0;375;48030;36943;18482;357;0;4099;4098;4098;4098;4097;4098;4097;4099;4098;0;0;0;28
$1;1;5166000;2;0;375;48030;36943;18483;357;0;4098;4098;4098;4098;4097;4098;4097;4099;4098;0;0;0;31
$1;1;5167000;2;0;370;48033;36941;18484;357;0;4098;4097;4098;4098;4097;4099;4097;4099;4098;0;0;0;19
$1;1;5168000;2;0;366;48035;36940;18485;357;0;4098;4097;4098;4098;4097;4099;4097;4099;4098;0;0;0;29
$1;1;5169000;2;0;361;48039;36938;18486;357;0;4098;4097;4098;4097;4097;4098;4097;4099;4098;0;0;0;21
$1;128;5169000;318;97;13;10;10;11;8;11;11;12;11;0;0;0;19
$1;1;5170000;2;0;362;48039;36939;18487;357;0;4098;4097;4098;4098;4097;4098;4097;4098;4098;0;0;0;16
$1;1;5171000;2;0;368;48035;36941;18489;357;0;4098;4097;4098;4098;4097;4099;4097;4098;4098;0;0;0;23
$1;1;5172000;2;0;365;48037;36940;18490;357;0;4098;4098;4098;4098;4097;4098;4097;4098;4098;0;0;0;28
$1;1;5173000;2;0;367;48035;36941;18491;357;0;4098;4097;4098;4098;4097;4098;4097;4099;4098;0;0;0;19
$1;1;5174000;2;0;363;48039;36940;18492;357;0;4099;4098;4098;4098;4097;4099;4097;4099;4098;0;0;0;17
$1;1;5175000;2;0;359;48042;36939;18493;357;0;4098;4098;4098;4098;4097;4098;4097;4098;4098;0;0;0;27
$1;1;5176000;2;0;363;48038;36940;18494;358;0;4099;4098;4098;4098;4097;4098;4097;4098;4098;0;0;0;27
$1;1;5177000;2;0;356;48043;36938;18495;358;0;4098;4097;4098;4098;4097;4098;4097;4098;4098;0;0;0;16
$1;1;5178000;2;0;357;48043;36937;18496;358;0;4098;4098;4098;4098;4097;4098;4097;4098;4098;0;0;0;29
$1;1;5179000;2;0;367;48037;36941;18497;358;0;4099;4098;4098;4098;4097;4099;4097;4098;4098;0;0;0;28
$1;1;5180000;2;0;354;48044;36937;18498;358;0;4098;4098;4098;4098;4097;4098;4097;4098;4098;0;0;0;16
$1;1;5181000;2;0;352;48047;36937;18499;358;0;4098;4098;4098;4098;4097;4098;4097;4098;4098;0;0;0;21
$1;1;5182000;2;0;371;48034;36942;18500;359;0;4099;4098;4098;4098;4097;4098;4097;4099;4098;0;0;0;17
$1;1;5183000;2;0;356;48042;36937;18501;359;0;4098;4098;4098;4098;4097;4098;4097;4098;4098;0;0;0;23
$1;1;5184000;2;0;365;48035;36940;18502;359;0;4098;4098;4098;4098;4097;4098;4097;4099;4098;0;0;0;18
$1;1;5185000;2;0;363;48037;36940;18503;360;0;4099;4098;4098;4098;4097;4099;4097;4099;4098;0;0;0;28
$1;1;5186000;2;0;351;48045;36937;18504;360;0;4098;4097;4098;4098;4097;4099;4097;4098;4098;0;0;0;19
$1;1;5187000;2;0;346;48048;36935;18505;360;0;4098;4097;4098;4098;4097;4098;4097;4098;4098;0;0;0;27
$1;1;5188000;2;0;355;48043;36938;18506;360;0;4098;4097;4098;4098;4097;4098;4097;4098;4098;0;0;0;19
$1;1;5189000;2;0;340;48052;36934;18507;360;0;4098;4097;4098;4098;4097;4098;4097;4098;4098;0;0;0;27
$1;1;5190000;2;0;365;48037;36941;18508;360;0;4099;4098;4098;4098;4097;4099;4097;4099;4098;0;0;0;20
$1;1;5191000;2;0;344;48050;36935;18509;361;0;4098;4097;4098;4098;4097;4098;4097;4098;4098;0;0;0;26
$1;1;5192000;2;0;363;48039;36941;18510;360;0;4099;4098;4098;4098;4097;4098;4097;4098;4098;0;0;0;23
$1;1;5193000;2;0;367;48036;36942;18511;361;0;4099;4098;4098;4098;4097;4099;4097;4099;4098;0;0;0;30
$1;1;5194000;2;0;349;48047;36936;18512;361;0;4098;4098;4098;4098;4097;4099;4097;4099;4098;0;0;0;18
$1;1;5195000;2;0;357;48043;36939;18513;361;0;4099;4098;4098;4098;4097;4099;4097;4098;4098;0;0;0;22
$1;1;5196000;2;0;357;48043;36939;18514;361;0;4099;4098;4098;4098;4097;4099;4097;4098;4098;0;0;0;18
$1;1;5197000;2;0;352;48046;36937;18515;361;0;4098;4097;4098;4098;4097;4098;4097;4098;4098;0;0;0;19
$1;1;5198000;2;0;356;48043;36939;18516;361;0;4099;4098;4098;4098;4097;4099;4097;4098;4098;0;0;0;31
$1;1;5199000;2;0;356;48044;36939;18517;361;0;4099;4098;4098;4098;4097;4099;4097;4098;4098;0;0;0;24
$1;1;5200000;2;0;359;48041;36940;18518;361;0;4099;4098;4098;4098;4097;4099;4097;4099;4098;0;0;0;17
$1;1;5201000;2;0;344;48051;36935;18519;362;0;4098;4097;4098;4098;4097;4098;4097;4098;4098;0;0;0;19
$1;1;5202000;2;0;366;48038;36942;18520;362;0;4099;4098;4098;4098;4097;4098;4097;4099;4098;0;0;0;26
$1;1;5203000;2;0;341;48053;36935;18521;362;0;4098;4097;4098;4098;4097;4098;4097;4099;4098;0;0;0;28
$1;1;5204000;2;0;358;48043;36940;18522;362;0;4099;4098;4098;4098;4097;4098;4097;4099;4098;0;0;0;29
$1;1;5205000;2;0;354;48046;36939;18523;362;0;4099;4098;4098;4098;4097;4099;4097;4098;4098;0;0;0;26
$1;1;5206000;2;0;341;48053;36935;18524;362;0;4098;4098;4098;4098;4097;4098;4097;4098;4098;0;0;0;18
$1;1;5207000;2;0;349;48048;36937;18525;363;0;4098;4098;4098;4098;4097;4098;4097;4098;4098;0;0;0;19
$1;1;5208000;2;0;356;48043;36939;18525;364;0;4099;4098;4098;4098;4097;4098;4097;4098;4098;0;0;0;17
$1;1;5209000;2;0;366;48037;36942;18526;364;0;4099;4098;4098;4098;4097;4099;4098;4099;4098;0;0;0;16
$1;1;5210000;2;0;356;48043;36940;18527;364;0;4099;4098;4098;4098;4097;4098;4098;4099;4098;0;0;0;26
$1;1;5211000;2;0;367;48037;36943;18529;364;0;4099;4098;4098;4098;4097;4099;4098;4099;4098;0;0;0;22
$1;1;5212000;2;0;360;48041;36940;18529;364;0;4099;4098;4098;4098;4097;4098;4098;4099;4098;0;0;0;17
$1;1;5213000;2;0;364;48038;36942;18531;365;0;4099;4098;4098;4098;4097;4099;4098;4099;4098;0;0;0;17
$1;1;5214000;2;0;340;48053;36935;18531;365;0;4098;4098;4098;4098;4097;4098;4097;4099;4098;0;0;0;18
$1;1;5215000;2;0;341;48052;36936;18532;365;0;4098;4097;4098;4098;4097;4098;4098;4099;4098;0;0;0;19
$1;1;5216000;2;0;337;48056;36934;18533;365;0;4098;4097;4098;4098;4097;4098;4098;4098;4098;0;0;0;23
$1;1;5217000;2;0;337;48056;36935;18534;366;0;4098;4098;4098;4098;4097;4099;4098;4099;4098;0;0;0;28
$1;1;5218000;2;0;333;48059;36934;18535;366;0;4098;4097;4098;4098;4097;4099;4097;4098;4098;0;0;0;25
$1;1;5219000;2;0;339;48055;36935;18536;366;0;4098;4098;4098;4098;4097;4099;4097;4099;4098;0;0;0;18
$1;1;5220000;2;0;355;48046;36939;18537;366;0;4099;4098;4098;4098;4097;4099;4097;4099;4098;0;0;0;28
$1;1;5221000;2;0;356;48045;36939;18538;366;0;4099;4098;4098;4098;4097;4098;4097;4099;4098;0;0;0;19
$1;1;5222000;2;0;350;48049;36938;18539;367;0;4098;4098;4098;4098;4097;4099;4097;4099;4098;0;0;0;27
$1;1;5223000;2;0;342;48054;36936;18540;367;0;4098;4098;4098;4098;4097;4098;4097;4099;4098;0;0;0;20
$1;1;5224000;2;0;344;48053;36936;18541;367;0;4098;4098;4098;4098;4097;4098;4098;4099;4098;0;0;0;28
$1;1;5225000;2;0;346;48052;36937;18542;367;0;4098;4098;4098;4098;4097;4099;4098;4099;4098;0;0;0;29
$1;1;5226000;2;0;337;48059;36935;18543;368;0;4098;4098;4098;4098;4097;4098;4098;4099;4098;0;0;0;30
$1;1;5227000;2;0;349;48051;36938;18544;368;0;4099;4098;4098;4098;4097;4098;4098;4099;4098;0;0;0;21
$1;1;5228000;2;0;349;48051;36939;18545;368;0;4099;4098;4098;4098;4097;4099;4098;4099;4098;0;0;0;27
$1;1;5229000;2;0;336;48059;36934;18546;368;0;4098;4097;4098;4098;4097;4099;4097;4098;4098;0;0;0;20
$1;128;5229000;331;97;13;10;10;11;8;11;11;12;11;0;0;0;31
$1;1;5230000;2;0;337;48059;36934;18547;368;0;4098;4098;4098;4098;4097;4099;4097;4098;4098;0;0;0;19
$1;1;5231000;2;0;351;48048;36939;18548;369;0;4098;4098;4098;4098;4097;4099;4098;4099;4098;0;0;0;31
$1;1;5232000;2;0;343;48053;36936;18549;370;0;4098;4097;4098;4098;4097;4099;4098;4099;4098;0;0;0;28
$1;1;5233000;2;0;346;48052;36937;18550;370;0;4098;4098;4098;4098;4097;4098;4098;4098;4098;0;0;0;31
$1;1;5234000;2;0;351;48049;36938;18551;370;0;4099;4098;4098;4098;4097;4099;4098;4099;4098;0;0;0;27
$1;1;5235000;2;0;339;48055;36935;18552;371;0;4098;4098;4098;4098;4097;4099;4098;4099;4098;0;0;0;23
$1;1;5236000;2;0;340;48055;36936;18553;371;0;4098;4098;4098;4098;4097;4099;4098;4099;4098;0;0;0;24
$1;1;5237000;2;0;335;48059;36934;18554;371;0;4098;4097;4098;4098;4097;4099;4098;4099;4098;0;0;0;29
$1;1;5238000;2;0;337;48057;36934;18555;371;0;4098;4097;4098;4098;4097;4098;4098;4099;4098;0;0;0;30
$1;1;5239000;2;0;330;48060;36933;18555;371;0;4098;4098;4098;4098;4097;4098;4097;4098;4098;0;0;0;26
$1;1;5240000;2;0;345;48052;36937;18556;371;0;4098;4098;4098;4098;4097;4098;4098;4099;4098;0;0;0;30
$1;1;5241000;2;0;334;48059;36934;18557;372;0;4098;4098;4098;4098;4097;4098;4098;4099;4098;0;0;0;19
$1;1;5242000;2;0;330;48061;36934;18558;372;0;4098;4098;4098;4098;4097;4098;4098;4098;4098;0;0;0;17
$1;1;5243000;2;0;332;48061;36934;18559;372;0;4098;4098;4098;4098;4096;4098;4098;4099;4098;0;0;0;19
$1;1;5244000;2;0;326;48065;36932;18560;372;0;4098;4098;4098;4098;4096;4099;4097;4098;4098;0;0;0;22
$1;1;5245000;2;0;334;48060;36935;18561;372;0;4098;4098;4098;4098;4097;4099;4098;4099;4098;0;0;0;24
$1;1;5246000;2;0;338;48058;36935;18562;373;0;4098;4098;4098;4098;4097;4099;4098;4098;4098;0;0;0;31
$1;1;5247000;2;0;334;48061;36934;18563;373;0;4098;4098;4098;4098;4097;4099;4098;4099;4098;0;0;0;25
$1;1;5248000;2;0;334;48061;36934;18564;373;0;4098;4098;4098;4098;4097;4098;4098;4099;4098;0;0;0;16
$1;1;5249000;2;0;337;48060;36935;18565;373;0;4098;4098;4098;4098;4097;4099;4098;4099;4098;0;0;0;18
$1;1;5250000;2;0;332;48063;36934;18566;373;0;4098;4098;4098;4098;4097;4098;4098;4099;4098;0;0;0;31
$1;1;5251000;2;0;337;48059;36935;18567;373;0;4098;4098;4098;4098;4097;4098;4098;4099;4098;0;0;0;18
$1;1;5252000;2;0;327;48066;36933;18568;373;0;4098;4098;4098;4098;4097;4098;4098;4099;4098;0;0;0;21
$1;1;5253000;2;0;323;48066;36932;18568;374;0;4098;4098;4098;4098;4097;4098;4098;4098;4098;0;0;0;23
$1;1;5254000;2;0;326;48065;36933;18569;375;0;4098;4098;4098;4098;4097;4099;4098;4099;4098;0;0;0;23
$1;1;5255000;2;0;324;48066;36932;18570;375;0;4098;4098;4098;4098;4097;4098;4098;4098;4098;0;0;0;30
$1;1;5256000;2;0;321;48067;36932;18571;375;0;4098;4098;4098;4098;4096;4098;4098;4098;4098;0;0;0;25
$1;1;5257000;2;0;333;48061;36935;18572;376;0;4098;4098;4098;4099;4097;4099;4098;4099;4098;0;0;0;26
$1;1;5258000;2;0;324;48066;36933;18573;376;0;4098;4098;4098;4098;4097;4098;4098;4098;4098;0;0;0;18
$1;1;5259000;2;0;331;48062;36934;18574;376;0;4098;4098;4098;4098;4097;4098;4098;4099;4098;0;0;0;18
$1;1;5260000;2;0;333;48062;36934;18575;376;0;4098;4098;4098;4098;4097;4099;4098;4099;4098;0;0;0;26
$1;1;5261000;2;0;329;48063;36934;18576;376;0;4098;4098;4098;4098;4097;4098;4098;4099;4098;0;0;0;19
$1;1;5262000;2;0;323;48067;36932;18577;377;0;4098;4098;4098;4098;4097;4098;4098;4098;4098;0;0;0;25
$1;1;5263000;2;0;331;48063;36934;18578;377;0;4098;4098;4098;4098;4097;4099;4098;4099;4098;0;0;0;22
$1;1;5264000;2;0;329;48065;36934;18579;377;0;4098;4098;4098;4099;4097;4099;4098;4099;4098;0;0;0;30
$1;1;5265000;2;0;327;48066;36934;18580;377;0;4098;4098;4098;4098;4097;4098;4098;4099;4098;0;0;0;20
$1;1;5266000;2;0;328;48066;36934;18580;377;0;4098;4098;4098;4098;4097;4098;4098;4099;4098;0;0;0;24
$1;1;5267000;2;0;324;48069;36933;18581;378;0;4098;4098;4098;4098;4097;4098;4098;4099;4098;0;0;0;19
$1;1;5268000;2;0;322;48070;36932;18582;378;0;4098;4098;4098;4098;4097;4099;4098;4098;4098;0;0;0;16
$1;1;5269000;2;0;319;48072;36931;18583;378;0;4098;4098;4098;4098;4097;4099;4098;4098;4098;0;0;0;25
$1;1;5270000;2;0;320;48072;36932;18584;378;0;4098;4098;4098;4098;4097;4098;4098;4098;4098;0;0;0;30
$1;1;5271000;2;0;310;48078;36928;18585;378;0;4098;4098;4098;4098;4096;4098;4098;4098;4098;0;0;0;29
$1;1;5272000;2;0;325;48070;36933;18586;379;0;4098;4098;4098;4098;4097;4099;4098;4098;4098;0;0;0;24
$1;1;5273000;2;0;309;48077;36928;18587;379;0;4098;4098;4098;4098;4097;4098;4098;4098;4098;0;0;0;26
$1;1;5274000;2;0;319;48070;36931;18587;380;0;4098;4098;4098;4098;4097;4098;4098;4098;4098;0;0;0;21
$1;1;5275000;2;0;323;48068;36932;18588;381;0;4098;4098;4098;4098;4097;4099;4098;4098;4098;0;0;0;24
$1;1;5276000;2;0;321;48070;36931;18589;381;0;4098;4098;4098;4098;4097;4098;4098;4098;4098;0;0;0;19
$1;1;5277000;2;0;326;48067;36933;18590;381;0;4098;4098;4098;4098;4097;4099;4098;4098;4098;0;0;0;24
$1;1;5278000;2;0;309;48077;36928;18591;381;0;4098;4098;4098;4098;4096;4098;4098;4098;4098;0;0;0;16
$1;1;5279000;2;0;325;48066;36933;18592;382;0;4098;4098;4098;4098;4097;4099;4098;4098;4098;0;0;0;21
$1;1;5280000;2;0;308;48078;36928;18593;382;0;4098;4098;4098;4098;4096;4099;4098;4098;4098;0;0;0;25
$1;1;5281000;2;0;305;48081;36927;18594;382;0;4098;4098;4098;4098;4097;4098;4098;4098;4098;0;0;0;27
$1;1;5282000;2;0;325;48069;36932;18595;383;0;4098;4098;4098;4098;4097;4099;4098;4098;4098;0;0;0;25
$1;1;5283000;2;0;323;48070;36932;18596;383;0;4098;4098;4098;4098;4097;4098;4098;4098;4098;0;0;0;20
$1;1;5284000;2;0;325;48069;36933;18597;383;0;4098;4098;4098;4099;4097;4098;4098;4098;4098;0;0;0;28
$1;1;5285000;2;0;310;48079;36928;18597;383;0;4098;4098;4098;4098;4097;4098;4098;4098;4098;0;0;0;17
$1;1;5286000;2;0;317;48074;36930;18598;384;0;4098;4098;4098;4098;4097;4099;4098;4098;4098;0;0;0;24
$1;1;5287000;2;0;301;48084;36925;18599;384;0;4098;4097;4098;4098;4096;4098;4098;4098;4097;0;0;0;20
$1;1;5288000;2;0;321;48073;36931;18600;384;0;4098;4098;4098;4098;4096;4099;4098;4098;4098;0;0;0;22
$1;1;5289000;2;0;319;48074;36931;18601;384;0;4098;4098;4098;4098;4097;4098;4098;4098;4098;0;0;0;26
$1;128;5289000;330;97;13;10;10;11;8;11;11;12;11;0;0;0;20
$1;1;5290000;2;0;314;48078;36930;18602;385;0;4098;4098;4098;4098;4096;4099;4098;4098;4098;0;0;0;16
$1;1;5291000;2;0;316;48077;36930;18603;385;0;4098;4098;4098;4098;4097;4098;4098;4098;4098;0;0;0;29
$1;1;5292000;2;0;322;48074;36932;18603;385;0;4098;4098;4098;4098;4097;4099;4098;4098;4098;0;0;0;25
$1;1;5293000;2;0;327;48069;36934;18604;386;0;4099;4098;4098;4098;4097;4099;4098;4099;4098;0;0;0;19
$1;1;5294000;2;0;329;48067;36934;18605;386;0;4099;4098;4098;4099;4096;4099;4098;4099;4098;0;0;0;21
$1;1;5295000;2;0;326;48070;36934;18606;387;0;4099;4098;4098;4098;4097;4099;4098;4098;4098;0;0;0;30
$1;1;5296000;2;0;326;48069;36934;18607;387;0;4098;4098;4098;4098;4097;4099;4098;4098;4098;0;0;0;21
$1;1;5297000;2;0;316;48075;36931;18608;387;0;4099;4098;4098;4098;4097;4099;4098;4098;4098;0;0;0;17
$1;1;5298000;2;0;324;48071;36932;18609;387;0;4098;4098;4098;4098;4097;4099;4098;4098;4098;0;0;0;24
$1;1;5299000;2;0;320;48073;36931;18610;388;0;4098;4098;4098;4098;4096;4099;4098;4098;4098;0;0;0;26
$1;1;5300000;2;0;315;48076;36931;18611;388;0;4098;4098;4098;4098;4096;4099;4098;4098;4098;0;0;0;25
$1;1;5301000;2;0;300;48086;36927;18611;388;0;4098;4098;4098;4099;4096;4098;4098;4098;4098;0;0;0;20
$1;1;5302000;2;0;317;48076;36932;18612;389;0;4098;4098;4098;4099;4097;4098;4098;4098;4098;0;0;0;25
$1;1;5303000;2;0;311;48080;36929;18613;389;0;4098;4098;4098;4098;4096;4099;4098;4098;4098;0;0;0;29
$1;1;5304000;2;0;311;48080;36929;18614;389;0;4098;4098;4098;4098;4097;4098;4098;4098;4098;0;0;0;29
$1;1;5305000;2;0;304;48085;36928;18615;389;0;4098;4098;4098;4098;4096;4099;4098;4098;4098;0;0;0;29
$1;1;5306000;2;0;300;48088;36926;18616;389;0;4098;4098;4098;4098;4096;4098;4098;4098;4098;0;0;0;27
$1;1;5307000;2;0;300;48088;36927;18617;390;0;4098;4098;4098;4098;4096;4098;4098;4098;4098;0;0;0;18
$1;1;5308000;2;0;292;48094;36924;18618;390;0;4098;4098;4098;4099;4096;4098;4098;4098;4098;0;0;0;23
$1;1;5309000;2;0;310;48082;36929;18618;390;0;4098;4098;4098;4098;4096;4099;4098;4098;4098;0;0;0;23
$1;1;5310000;2;0;322;48074;36932;18619;391;0;4098;4098;4098;4098;4097;4098;4098;4099;4098;0;0;0;28
$1;1;5311000;2;0;316;48076;36930;18620;392;0;4098;4098;4098;4098;4096;4099;4098;4098;4098;0;0;0;18
$1;1;5312000;2;0;307;48082;36928;18621;392;0;4098;4098;4098;4098;4096;4099;4098;4098;4098;0;0;0;18
$1;1;5313000;2;0;308;48082;36928;18622;393;0;4098;4098;4098;4098;4096;4099;4098;4098;4098;0;0;0;30
$1;1;5314000;2;0;312;48079;36930;18623;393;0;4098;4098;4098;4098;4097;4099;4098;4098;4098;0;0;0;31
$1;1;5315000;2;0;305;48085;36928;18624;393;0;4098;4098;4098;4098;4097;4098;4098;4098;4098;0;0;0;20
$1;1;5316000;2;0;296;48090;36926;18624;394;0;4098;4098;4098;4098;4096;4098;4098;4098;4098;0;0;0;16
$1;1;5317000;2;0;296;48090;36926;18625;394;0;4098;4098;4098;4099;4096;4098;4098;4098;4098;0;0;0;17
$1;1;5318000;2;0;316;48079;36931;18626;394;0;4098;4098;4098;4099;4096;4099;4098;4099;4098;0;0;0;21
$1;1;5319000;2;0;302;48087;36928;18627;394;0;4098;4098;4098;4099;4096;4099;4098;4099;4098;0;0;0;25
$1;1;5320000;2;0;299;48089;36927;18628;394;0;4098;4098;4098;4098;4096;4099;4098;4098;4098;0;0;0;30
$1;1;5321000;2;0;304;48086;36928;18629;395;0;4098;4098;4098;4099;4096;4099;4099;4098;4098;0;0;0;26
$1;1;5322000;2;0;294;48092;36926;18629;395;0;4098;4098;4098;4099;4096;4099;4098;4098;4098;0;0;0;27
$1;1;5323000;2;0;287;48097;36924;18630;395;0;4098;4098;4098;4099;4096;4099;4098;4098;4098;0;0;0;23
$1;1;5324000;2;0;294;48094;36926;18631;395;0;4098;4098;4098;4099;4096;4099;4098;4098;4098;0;0;0;18
$1;1;5325000;2;0;291;48095;36925;18632;395;0;4098;4098;4098;4099;4096;4099;4098;4098;4098;0;0;0;23
$1;1;5326000;2;0;289;48098;36924;18633;396;0;4098;4098;4098;4098;4096;4098;4098;4098;4098;0;0;0;19
$1;1;5327000;2;0;291;48097;36925;18633;396;0;4098;4098;4098;4099;4096;4099;4098;4098;4098;0;0;0;21
$1;1;5328000;2;0;298;48090;36927;18634;397;0;4098;4098;4098;4099;4096;4099;4098;4098;4098;0;0;0;16
$1;1;5329000;2;0;296;48090;36926;18635;397;0;4098;4098;4098;4099;4096;4099;4098;4098;4098;0;0;0;31
$1;1;5330000;2;0;298;48090;36927;18636;398;0;4098;4098;4098;4099;4096;4099;4099;4099;4098;0;0;0;20
$1;1;5331000;2;0;305;48085;36929;18637;398;0;4098;4098;4098;4099;4097;4099;4099;4098;4098;0;0;0;27
$1;1;5332000;2;0;295;48092;36927;18638;398;0;4098;4098;4098;4099;4096;4099;4098;4098;4098;0;0;0;23
$1;1;5333000;2;0;294;48092;36926;18638;399;0;4098;4098;4098;4099;4096;4099;4098;4098;4098;0;0;0;23
$1;1;5334000;2;0;295;48092;36926;18639;399;0;4098;4098;4098;4099;4096;4099;4098;4098;4097;0;0;0;31
$1;1;5335000;2;0;292;48094;36925;18640;399;0;4098;4097;4098;4099;4096;4098;4099;4098;4098;0;0;0;18
$1;1;5336000;2;0;290;48097;36924;18641;399;0;4098;4098;4097;4098;4096;4099;4098;4098;4098;0;0;0;17
$1;1;5337000;2;0;291;48095;36926;18642;399;0;4098;4098;4098;4099;4096;4098;4099;4098;4098;0;0;0;28
$1;1;5338000;2;0;287;48097;36924;18642;400;0;4098;4098;4098;4099;4096;4098;4098;4098;4098;0;0;0;18
$1;1;5339000;2;0;293;48094;36926;18643;400;0;4098;4098;4098;4099;4096;4099;4099;4098;4098;0;0;0;22
$1;1;5340000;2;0;295;48092;36926;18644;400;0;4098;4098;4098;4099;4096;4099;4098;4098;4098;0;0;0;30
$1;1;5341000;2;0;288;48097;36924;18645;400;0;4098;4098;4098;4099;4096;4098;4098;4098;4098;0;0;0;20
$1;1;5342000;2;0;290;48097;36924;18646;400;0;4098;4098;4098;4099;4096;4099;4098;4098;4098;0;0;0;28
$1;1;5343000;2;0;297;48093;36926;18647;400;0;4098;4098;4098;4099;4096;4099;4098;4098;4098;0;0;0;29
$1;1;5344000;2;0;288;48098;36924;18647;400;0;4098;4098;4098;4099;4096;4098;4098;4098;4098;0;0;0;28
$1;1;5345000;2;0;288;48096;36924;18648;401;0;4098;4098;4098;4099;4096;4099;4098;4098;4098;0;0;0;28
$1;1;5346000;2;0;285;48097;36923;18649;402;0;4098;4098;4097;4098;4096;4098;4098;4098;4098;0;0;0;25
$1;1;5347000;2;0;291;48094;36925;18650;402;0;4098;4098;4098;4099;4096;4099;4098;4098;4098;0;0;0;31
$1;1;5348000;2;0;297;48090;36927;18651;402;0;4098;4097;4098;4099;4096;4098;4098;4098;4098;0;0;0;31
$1;1;5349000;2;0;294;48092;36926;18651;402;0;4098;4098;4098;4099;4096;4098;4098;4098;4098;0;0;0;17
$1;128;5349000;327;97;13;10;10;11;8;11;11;12;11;0;0;0;31
$1;1;5350000;2;0;288;48097;36925;18652;402;0;4098;4098;4098;4098;4096;4098;4098;4098;4098;0;0;0;16
$1;1;5351000;2;0;284;48099;36923;18653;403;0;4098;4098;4097;4098;4096;4099;4098;4098;4098;0;0;0;27
$1;1;5352000;2;0;291;48095;36926;18654;402;0;4098;4098;4098;4099;4096;4099;4099;4098;4098;0;0;0;28
$1;1;5353000;2;0;288;48098;36925;18655;402;0;4098;4098;4098;4099;4096;4098;4098;4098;4098;0;0;0;26
$1;1;5354000;2;0;292;48095;36926;18655;402;0;4098;4098;4098;4099;4096;4098;4098;4098;4098;0;0;0;24
$1;1;5355000;2;0;284;48099;36923;18656;402;0;4098;4098;4098;4099;4096;4099;4098;4098;4098;0;0;0;21
$1;1;5356000;2;0;303;48090;36928;18657;402;0;4098;4098;4098;4099;4096;4099;4098;4099;4098;0;0;0;26
$1;1;5357000;2;0;291;48096;36926;18658;402;0;4098;4098;4098;4098;4097;4099;4098;4098;4098;0;0;0;23
$1;1;5358000;2;0;289;48098;36925;18659;402;0;4098;4098;4098;4099;4097;4098;4098;4098;4098;0;0;0;29
$1;1;5359000;2;0;294;48095;36927;18659;402;0;4098;4097;4098;4099;4097;4099;4098;4098;4098;0;0;0;17
$1;1;5360000;2;0;297;48094;36927;18660;402;0;4098;4098;4098;4098;4097;4099;4098;4098;4098;0;0;0;29
$1;1;5361000;2;0;296;48092;36927;18661;402;0;4098;4098;4098;4098;4097;4099;4098;4098;4098;0;0;0;26
$1;1;5362000;2;0;295;48092;36927;18662;402;0;4098;4097;4098;4099;4097;4099;4098;4098;4098;0;0;0;23
$1;1;5363000;2;0;293;48093;36926;18663;402;0;4098;4098;4098;4098;4096;4098;4098;4098;4098;0;0;0;31
$1;1;5364000;2;0;292;48094;36926;18663;402;0;4098;4098;4098;4099;4096;4099;4098;4098;4098;0;0;0;30
$1;1;5365000;2;0;294;48092;36926;18664;402;0;4098;4098;4098;4099;4096;4099;4098;4098;4098;0;0;0;24
$1;1;5366000;2;0;284;48098;36924;18665;401;0;4098;4098;4098;4098;4096;4099;4098;4098;4098;0;0;0;17
$1;1;5367000;2;0;291;48094;36926;18666;401;0;4098;4098;4098;4099;4097;4098;4098;4098;4098;0;0;0;24
$1;1;5368000;2;0;291;48095;36926;18666;401;0;4098;4097;4098;4098;4096;4099;4098;4098;4098;0;0;0;24
$1;1;5369000;2;0;298;48090;36928;18667;400;0;4098;4098;4098;4098;4097;4098;4098;4098;4098;0;0;0;20
$1;1;5370000;2;0;293;48093;36927;18668;400;0;4098;4098;4098;4098;4097;4098;4098;4098;4098;0;0;0;20
$1;1;5371000;2;0;286;48098;36925;18669;400;0;4098;4097;4098;4098;4097;4099;4098;4098;4098;0;0;0;23
$1;1;5372000;2;0;289;48096;36926;18670;399;0;4098;4098;4098;4098;4097;4099;4098;4098;4098;0;0;0;22
$1;1;5373000;2;0;291;48095;36927;18670;399;0;4098;4098;4098;4098;4097;4099;4098;4098;4098;0;0;0;28
$1;1;5374000;2;0;300;48090;36928;18671;398;0;4098;4098;4098;4098;4097;4099;4098;4098;4098;0;0;0;24
$1;1;5375000;2;0;288;48098;36926;18672;398;0;4098;4098;4098;4098;4097;4099;4098;4098;4098;0;0;0;29
$1;1;5376000;2;0;289;48098;36926;18673;397;0;4098;4098;4098;4098;4097;4099;4098;4098;4098;0;0;0;17
$1;1;5377000;2;0;290;48097;36926;18674;397;0;4098;4097;4098;4098;4097;4098;4098;4098;4098;0;0;0;30
$1;1;5378000;2;0;305;48085;36930;18674;397;0;4098;4098;4098;4099;4097;4099;4098;4098;4098;0;0;0;23
$1;1;5379000;2;0;313;48080;36932;18675;397;0;4098;4098;4098;4098;4097;4099;4098;4099;4098;0;0;0;23
$1;1;5380000;2;0;292;48092;36927;18676;396;0;4098;4098;4098;4098;4097;4099;4098;4098;4098;0;0;0;29
$1;1;5381000;2;0;295;48090;36927;18677;396;0;4098;4098;4098;4098;4097;4099;4098;4098;4098;0;0;0;24
$1;1;5382000;2;0;301;48086;36928;18678;395;0;4098;4098;4098;4098;4097;4099;4098;4098;4098;0;0;0;19
$1;1;5383000;2;0;294;48090;36927;18679;395;0;4098;4097;4098;4098;4097;4099;4098;4098;4098;0;0;0;25
$1;1;5384000;2;0;291;48093;36926;18679;394;0;4098;4098;4098;4098;4097;4099;4098;4098;4098;0;0;0;23
$1;1;5385000;2;0;299;48089;36928;18680;393;0;4098;4098;4098;4098;4097;4099;4098;4098;4098;0;0;0;26
$1;1;5386000;2;0;311;48082;36932;18681;393;0;4099;4098;4098;4098;4097;4099;4098;4099;4098;0;0;0;25
$1;1;5387000;2;0;288;48095;36926;18682;392;0;4098;4098;4098;4098;4097;4098;4098;4098;4098;0;0;0;25
$1;1;5388000;2;0;293;48092;36927;18683;392;0;4098;4098;4098;4098;4097;4099;4098;4099;4098;0;0;0;27
$1;1;5389000;2;0;292;48092;36927;18684;391;0;4098;4098;4098;4098;4097;4098;4098;4098;4098;0;0;0;31
$1;1;5390000;2;0;301;48088;36929;18684;391;0;4099;4098;4098;4098;4097;4099;4098;4099;4098;0;0;0;24
$1;1;5391000;2;0;287;48096;36926;18685;390;0;4098;4097;4098;4098;4097;4099;4098;4098;4098;0;0;0;25
$1;1;5392000;2;0;289;48095;36926;18686;389;0;4098;4097;4098;4098;4097;4099;4098;4098;4098;0;0;0;28
$1;1;5393000;2;0;291;48094;36926;18687;389;0;4098;4098;4098;4098;4097;4098;4098;4098;4098;0;0;0;26
$1;1;5394000;2;0;292;48093;36927;18688;388;0;4098;4098;4098;4098;4097;4098;4097;4098;4098;0;0;0;25
$1;1;5395000;2;0;292;48092;36926;18688;388;0;4098;4098;4098;4098;4097;4098;4097;4098;4098;0;0;0;24
$1;1;5396000;2;0;292;48090;36926;18689;388;0;4098;4097;4098;4098;4097;4099;4097;4098;4098;0;0;0;22
$1;1;5397000;2;0;297;48087;36928;18690;388;0;4098;4098;4098;4098;4097;4098;4098;4098;4098;0;0;0;19
$1;1;5398000;2;0;300;48086;36929;18691;387;0;4098;4098;4098;4098;4097;4099;4098;4098;4098;0;0;0;28
$1;1;5399000;2;0;294;48090;36928;18692;387;0;4098;4098;4098;4098;4097;4099;4097;4098;4098;0;0;0;27
$1;1;5400000;2;0;307;48082;36931;18693;386;0;4098;4098;4098;4098;4097;4099;4098;4098;4098;0;0;0;19
$1;1;5401000;2;0;304;48084;36930;18694;386;0;4098;4098;4098;4098;4097;4099;4098;4098;4098;0;0;0;17
$1;1;5402000;2;0;304;48083;36930;18694;385;0;4099;4098;4098;4098;4097;4099;4098;4098;4098;0;0;0;23
$1;1;5403000;2;0;294;48090;36927;18695;385;0;4098;4098;4098;4098;4097;4098;4098;4098;4098;0;0;0;27
$1;1;5404000;2;0;296;48088;36928;18696;385;0;4098;4098;4098;4098;4097;4099;4097;4098;4098;0;0;0;21
$1;1;5405000;2;0;300;48085;36930;18697;384;0;4098;4098;4098;4098;4097;4099;4097;4098;4098;0;0;0;30
$1;1;5406000;2;0;298;48087;36929;18698;383;0;4098;4098;4098;4098;4097;4098;4098;4098;4098;0;0;0;17
$1;1;5407000;2;0;306;48082;36931;18698;383;0;4098;4098;4098;4098;4097;4099;4097;4099;4098;0;0;0;21
$1;1;5408000;2;0;306;48082;36930;18699;382;0;4098;4098;4098;4098;4097;4099;4097;4098;4098;0;0;0;26
$1;1;5409000;2;0;303;48084;36930;18700;382;0;4098;4098;4098;4098;4097;4098;4097;4098;4098;0;0;0;24
$1;128;5409000;330;97;13;10;10;11;8;11;11;12;11;0;0;0;26
$1;1;5410000;2;0;296;48089;36928;18701;381;0;4098;4098;4098;4098;4097;4098;4098;4098;4098;0;0;0;20
$1;1;5411000;2;0;291;48090;36927;18702;380;0;4098;4098;4098;4098;4097;4098;4097;4098;4098;0;0;0;24
$1;1;5412000;2;0;297;48089;36928;18703;380;0;4098;4098;4098;4098;4098;4099;4097;4098;4098;0;0;0;21
$1;1;5413000;2;0;294;48090;36928;18703;379;0;4098;4098;4098;4098;4097;4099;4097;4098;4098;0;0;0;22
$1;1;5414000;2;0;292;48091;36927;18704;378;0;4098;4098;4098;4098;4097;4099;4097;4098;4098;0;0;0;31
$1;1;5415000;2;0;293;48089;36927;18705;379;0;4098;4098;4098;4098;4097;4098;4097;4098;4098;0;0;0;23
$1;1;5416000;2;0;297;48085;36928;18706;378;0;4098;4098;4098;4098;4097;4098;4097;4098;4098;0;0;0;17
$1;1;5417000;2;0;297;48086;36928;18707;378;0;4098;4098;4098;4098;4097;4098;4097;4098;4098;0;0;0;18
$1;1;5418000;2;0;300;48084;36929;18708;378;0;4098;4098;4098;4098;4098;4098;4097;4098;4098;0;0;0;17
$1;1;5419000;2;0;301;48083;36930;18708;377;0;4098;4098;4098;4098;4098;4099;4097;4098;4098;0;0;0;16
$1;1;5420000;2;0;304;48082;36930;18709;377;0;4098;4098;4098;4098;4097;4099;4097;4098;4098;0;0;0;16
$1;1;5421000;2;0;305;48081;36930;18710;377;0;4098;4098;4098;4098;4097;4099;4097;4098;4098;0;0;0;27
$1;1;5422000;2;0;298;48085;36929;18711;376;0;4098;4098;4098;4098;4097;4099;4097;4098;4098;0;0;0;17
$1;1;5423000;2;0;289;48090;36927;18712;376;0;4098;4098;4098;4098;4097;4098;4097;4098;4098;0;0;0;24
$1;1;5424000;2;0;297;48086;36929;18713;375;0;4098;4098;4098;4098;4097;4098;4097;4098;4098;0;0;0;27
$1;1;5425000;2;0;285;48092;36926;18713;375;0;4098;4098;4098;4098;4097;4099;4097;4098;4098;0;0;0;18
$1;1;5426000;2;0;291;48090;36927;18714;374;0;4098;4098;4098;4098;4097;4098;4097;4098;4098;0;0;0;16
$1;1;5427000;2;0;302;48082;36930;18715;374;0;4098;4098;4098;4098;4097;4099;4097;4098;4098;0;0;0;31
$1;1;5428000;2;0;294;48088;36928;18716;374;0;4098;4098;4098;4098;4097;4099;4097;4098;4098;0;0;0;30
$1;1;5429000;2;0;298;48086;36929;18717;373;0;4098;4098;4098;4098;4097;4099;4097;4098;4098;0;0;0;26
$1;1;5430000;2;0;304;48082;36930;18718;373;0;4098;4098;4098;4098;4098;4098;4097;4098;4098;0;0;0;27
$1;1;5431000;2;0;294;48088;36928;18718;372;0;4098;4098;4098;4098;4097;4098;4097;4098;4098;0;0;0;31
$1;1;5432000;2;0;286;48093;36925;18719;372;0;4098;4098;4098;4098;4097;4098;4097;4098;4098;0;0;0;25
$1;1;5433000;2;0;299;48086;36929;18720;371;0;4098;4098;4098;4098;4097;4099;4097;4098;4098;0;0;0;22
$1;1;5434000;2;0;291;48090;36927;18721;371;0;4098;4098;4098;4098;4097;4099;4097;4098;4098;0;0;0;17
$1;1;5435000;2;0;295;48088;36928;18722;371;0;4098;4098;4098;4098;4097;4099;4097;4098;4098;0;0;0;17
$1;1;5436000;2;0;294;48086;36927;18722;371;0;4098;4097;4098;4098;4097;4099;4097;4098;4098;0;0;0;29
$1;1;5437000;2;0;288;48090;36925;18723;371;0;4098;4098;4097;4098;4097;4098;4097;4098;4098;0;0;0;20
$1;1;5438000;2;0;289;48090;36925;18724;371;0;4098;4098;4098;4098;4097;4099;4097;4098;4098;0;0;0;19
$1;1;5439000;2;0;296;48085;36928;18725;371;0;4098;4098;4098;4098;4098;4098;4097;4098;4098;0;0;0;26
$1;1;5440000;2;0;296;48085;36928;18726;370;0;4098;4098;4098;4098;4097;4099;4097;4098;4098;0;0;0;24
$1;1;5441000;2;0;297;48083;36928;18727;370;0;4098;4098;4098;4098;4097;4098;4097;4098;4098;0;0;0;30
$1;1;5442000;2;0;294;48086;36928;18727;370;0;4098;4098;4098;4098;4097;4098;4097;4098;4098;0;0;0;27
$1;1;5443000;2;0;297;48084;36928;18728;369;0;4098;4098;4098;4098;4098;4098;4097;4098;4098;0;0;0;19
$1;1;5444000;2;0;297;48084;36928;18729;369;0;4098;4098;4098;4098;4097;4099;4097;4098;4098;0;0;0;27
$1;1;5445000;2;0;290;48088;36927;18730;369;0;4098;4098;4098;4098;4098;4098;4097;4098;4098;0;0;0;24
$1;1;5446000;2;0;290;48090;36927;18731;368;0;4098;4098;4098;4098;4097;4098;4097;4098;4098;0;0;0;29
$1;1;5447000;2;0;286;48091;36925;18732;368;0;4098;4098;4098;4098;4098;4098;4097;4098;4098;0;0;0;20
$1;1;5448000;2;0;288;48090;36926;18732;368;0;4098;4098;4098;4098;4098;4098;4097;4098;4098;0;0;0;23
$1;1;5449000;2;0;294;48087;36928;18733;367;0;4098;4098;4098;4098;4098;4098;4097;4098;4098;0;0;0;29
$1;1;5450000;2;0;299;48083;36929;18734;367;0;4098;4098;4098;4098;4098;4098;4097;4098;4098;0;0;0;26
$1;1;5451000;2;0;286;48091;36926;18735;367;0;4098;4098;4098;4098;4097;4098;4097;4098;4098;0;0;0;23
$1;1;5452000;2;0;295;48086;36928;18736;367;0;4098;4098;4098;4098;4098;4098;4097;4098;4098;0;0;0;18
$1;1;5453000;2;0;302;48082;36930;18737;366;0;4098;4098;4098;4098;4097;4099;4097;4098;4098;0;0;0;31
$1;1;5454000;2;0;296;48085;36929;18737;366;0;4098;4098;4098;4098;4098;4098;4097;4098;4098;0;0;0;21
$1;1;5455000;2;0;297;48085;36929;18738;366;0;4098;4098;4098;4098;4098;4099;4097;4098;4098;0;0;0;27
$1;1;5456000;2;0;289;48090;36927;18739;365;0;4098;4098;4098;4098;4098;4099;4097;4098;4098;0;0;0;31
$1;1;5457000;2;0;283;48093;36925;18740;365;0;4098;4098;4097;4098;4098;4099;4097;4098;4098;0;0;0;20
$1;1;5458000;2;0;292;48086;36928;18741;365;0;4098;4097;4098;4098;4098;4098;4097;4098;4098;0;0;0;18
$1;1;5459000;2;0;283;48091;36925;18741;365;0;4098;4098;4098;4098;4097;4098;4097;4098;4098;0;0;0;24
$1;1;5460000;2;0;283;48091;36924;18742;365;0;4098;4097;4098;4098;4097;4098;4097;4098;4098;0;0;0;31
$1;1;5461000;2;0;295;48084;36928;18743;365;0;4098;4097;4098;4098;4097;4098;4097;4098;4098;0;0;0;16
$1;1;5462000;2;0;289;48089;36926;18744;365;0;4098;4098;4098;4098;4098;4098;4097;4098;4098;0;0;0;26
$1;1;5463000;2;0;302;48080;36930;18745;365;0;4098;4098;4098;4098;4098;4099;4097;4098;4098;0;0;0;23
$1;1;5464000;2;0;303;48079;36931;18746;365;0;4098;4098;4098;4098;4098;4098;4097;4098;4098;0;0;0;20
$1;1;5465000;2;0;287;48090;36926;18746;364;0;4098;4098;4098;4098;4098;4099;4097;4098;4098;0;0;0;25
$1;1;5466000;2;0;295;48085;36928;18747;364;0;4098;4098;4098;4098;4098;4098;4097;4098;4098;0;0;0;19
$1;1;5467000;2;0;297;48083;36929;18748;364;0;4098;4098;4098;4098;4098;4098;4097;4098;4098;0;0;0;24
$1;1;5468000;2;0;283;48092;36925;18749;364;0;4098;4097;4098;4098;4097;4098;4097;4098;4098;0;0;0;31
$1;1;5469000;2;0;280;48094;36924;18750;363;0;4098;4097;4098;4098;4097;4098;4097;4098;4098;0;0;0;21
$1;128;5469000;319;97;13;10;10;11;8;11;11;12;11;0;0;0;23
$1;1;5470000;2;0;298;48083;36930;18750;363;0;4098;4098;4098;4098;4098;4099;4097;4098;4098;0;0;0;22
$1;1;5471000;2;0;286;48090;36926;18751;363;0;4098;4098;4098;4098;4098;4098;4097;4098;4098;0;0;0;29
$1;1;5472000;2;0;300;48082;36930;18752;363;0;4098;4098;4098;4098;4098;4099;4097;4098;4098;0;0;0;23
$1;1;5473000;2;0;295;48086;36928;18753;362;0;4098;4098;4098;4098;4098;4098;4097;4098;4098;0;0;0;23
$1;1;5474000;2;0;301;48082;36931;18754;362;0;4099;4098;4098;4098;4098;4099;4097;4099;4098;0;0;0;22
$1;1;5475000;2;0;299;48083;36930;18755;362;0;4098;4098;4098;4098;4098;4099;4097;4098;4098;0;0;0;22
$1;1;5476000;2;0;289;48089;36927;18755;361;0;4098;4097;4098;4097;4098;4098;4097;4098;4098;0;0;0;26
$1;1;5477000;2;0;286;48091;36926;18756;361;0;4098;4097;4098;4098;4098;4098;4097;4098;4098;0;0;0;16
$1;1;5478000;2;0;295;48086;36929;18757;361;0;4098;4097;4098;4098;4098;4098;4097;4098;4098;0;0;0;21
$1;1;5479000;2;0;284;48091;36925;18758;361;0;4098;4097;4098;4098;4098;4098;4097;4098;4098;0;0;0;17
$1;1;5480000;2;0;288;48090;36927;18759;360;0;4098;4098;4098;4098;4098;4098;4097;4098;4098;0;0;0;23
$1;1;5481000;2;0;295;48083;36929;18759;361;0;4098;4098;4098;4098;4098;4099;4097;4098;4098;0;0;0;22
$1;1;5482000;2;0;280;48091;36924;18760;361;0;4098;4098;4098;4098;4097;4098;4097;4098;4098;0;0;0;27
$1;1;5483000;2;0;293;48084;36927;18761;361;0;4098;4098;4098;4098;4098;4098;4097;4098;4098;0;0;0;17
$1;1;5484000;2;0;292;48085;36927;18762;361;0;4098;4098;4098;4098;4098;4099;4097;4098;4098;0;0;0;20
$1;1;5485000;2;0;292;48086;36928;18763;360;0;4098;4098;4098;4098;4098;4099;4097;4098;4098;0;0;0;25
$1;1;5486000;2;0;273;48096;36922;18763;360;0;4098;4097;4097;4097;4098;4098;4097;4098;4098;0;0;0;16
$1;1;5487000;2;0;290;48088;36927;18764;360;0;4098;4098;4098;4097;4097;4099;4097;4098;4098;0;0;0;31
$1;1;5488000;2;0;290;48088;36927;18765;360;0;4098;4098;4098;4098;4098;4098;4097;4098;4098;0;0;0;16
$1;1;5489000;2;0;292;48086;36928;18766;360;0;4098;4098;4098;4098;4098;4099;4097;4098;4098;0;0;0;16
$1;1;5490000;2;0;293;48085;36928;18767;360;0;4098;4098;4098;4098;4098;4098;4097;4098;4098;0;0;0;26
$1;1;5491000;2;0;291;48086;36928;18768;359;0;4098;4098;4098;4098;4098;4099;4097;4098;4098;0;0;0;30
$1;1;5492000;2;0;296;48084;36929;18768;359;0;4098;4098;4098;4098;4098;4098;4097;4098;4098;0;0;0;24
$1;1;5493000;2;0;279;48094;36924;18769;359;0;4098;4098;4097;4098;4097;4098;4096;4098;4098;0;0;0;20
$1;1;5494000;2;0;304;48080;36932;18770;359;0;4098;4098;4098;4098;4098;4099;4097;4099;4098;0;0;0;19
$1;1;5495000;2;0;295;48086;36929;18771;359;0;4098;4098;4098;4098;4098;4099;4097;4098;4098;0;0;0;23
$1;1;5496000;2;0;295;48087;36928;18772;359;0;4098;4098;4098;4098;4097;4099;4097;4098;4098;0;0;0;24
$1;1;5497000;2;0;290;48090;36927;18772;359;0;4098;4098;4098;4098;4098;4098;4097;4098;4098;0;0;0;27
$1;1;5498000;2;0;295;48086;36928;18773;359;0;4098;4098;4098;4098;4098;4099;4097;4098;4098;0;0;0;25
$1;1;5499000;2;0;289;48090;36927;18774;359;0;4098;4098;4098;4098;4097;4098;4097;4098;4098;0;0;0;20
$1;1;5500000;2;0;287;48090;36926;18775;359;0;4098;4098;4098;4098;4097;4098;4097;4098;4098;0;0;0;27
$1;1;5501000;2;0;290;48090;36926;18776;360;0;4098;4098;4098;4098;4098;4098;4097;4098;4098;0;0;0;26
$1;1;5502000;2;0;288;48091;36927;18776;360;0;4098;4098;4098;4098;4097;4098;4097;4098;4098;0;0;0;31
$1;1;5503000;2;0;287;48092;36927;18777;360;0;4098;4098;4098;4098;4098;4098;4097;4098;4098;0;0;0;28
$1;1;5504000;2;0;286;48092;36926;18778;361;0;4098;4098;4098;4098;4097;4099;4097;4099;4098;0;0;0;26
$1;1;5505000;2;0;289;48090;36927;18779;361;0;4098;4098;4098;4098;4098;4099;4097;4098;4098;0;0;0;24
$1;1;5506000;2;0;279;48095;36924;18780;362;0;4098;4097;4098;4098;4097;4098;4097;4098;4098;0;0;0;22
$1;1;5507000;2;0;293;48088;36928;18780;363;0;4098;4098;4098;4098;4098;4098;4097;4099;4098;0;0;0;19
$1;1;5508000;2;0;292;48088;36928;18781;363;0;4098;4098;4098;4098;4097;4099;4097;4099;4098;0;0;0;18
$1;1;5509000;2;0;278;48096;36924;18782;364;0;4098;4097;4098;4098;4097;4098;4097;4098;4098;0;0;0;31
$1;1;5510000;2;0;281;48094;36925;18783;364;0;4098;4097;4098;4098;4097;4098;4097;4098;4098;0;0;0;19
$1;1;5511000;2;0;290;48090;36928;18783;364;0;4098;4098;4098;4098;4098;4099;4097;4099;4098;0;0;0;27
$1;1;5512000;2;0;293;48088;36928;18784;364;0;4099;4098;4098;4098;4098;4099;4097;4099;4098;0;0;0;20
$1;1;5513000;2;0;283;48094;36926;18785;365;0;4098;4097;4098;4098;4098;4099;4097;4098;4098;0;0;0;24
$1;1;5514000;2;0;271;48100;36923;18786;365;0;4098;4097;4098;4098;4098;4099;4097;4098;4098;0;0;0;24
$1;1;5515000;2;0;277;48097;36924;18786;366;0;4098;4097;4097;4098;4097;4099;4097;4098;4098;0;0;0;20
$1;1;5516000;2;0;276;48097;36925;18787;366;0;4098;4097;4098;4098;4098;4099;4097;4099;4098;0;0;0;23
$1;1;5517000;2;0;287;48092;36928;18788;366;0;4098;4098;4098;4098;4098;4099;4097;4099;4098;0;0;0;16
$1;1;5518000;2;0;289;48090;36928;18789;366;0;4098;4098;4098;4098;4098;4099;4097;4099;4098;0;0;0;18
$1;1;5519000;2;0;276;48097;36925;18790;367;0;4098;4097;4098;4098;4097;4099;4097;4098;4098;0;0;0;17
$1;1;5520000;2;0;282;48095;36927;18790;367;0;4098;4098;4098;4098;4097;4099;4097;4099;4098;0;0;0;30
$1;1;5521000;2;0;283;48095;36927;18791;367;0;4098;4098;4098;4098;4098;4099;4098;4099;4098;0;0;0;31
$1;1;5522000;2;0;290;48090;36929;18792;367;0;4098;4098;4098;4098;4098;4099;4097;4099;4098;0;0;0;25
$1;1;5523000;2;0;276;48098;36925;18793;368;0;4098;4097;4098;4098;4097;4099;4097;4099;4098;0;0;0;26
$1;1;5524000;2;0;275;48098;36925;18793;368;0;4098;4098;4098;4098;4097;4099;4097;4098;4098;0;0;0;16
$1;1;5525000;2;0;276;48099;36925;18794;368;0;4098;4097;4098;4098;4097;4098;4097;4098;4098;0;0;0;26
$1;1;5526000;2;0;280;48097;36926;18795;368;0;4098;4097;4098;4098;4097;4099;4097;4098;4098;0;0;0;29
$1;1;5527000;2;0;282;48098;36927;18796;368;0;4098;4098;4098;4098;4097;4099;4097;4099;4098;0;0;0;29
$1;1;5528000;2;0;272;48102;36925;18797;369;0;4098;4097;4098;4098;4097;4099;4097;4099;4098;0;0;0;18
$1;1;5529000;2;0;278;48098;36926;18797;369;0;4098;4098;4098;4098;4097;4099;4098;4099;4098;0;0;0;24
$1;128;5529000;325;97;13;10;10;11;8;11;11;12;11;0;0;0;29
$1;1;5530000;2;0;275;48098;36925;18798;370;0;4098;4097;4098;4098;4097;4099;4097;4099;4098;0;0;0;25
$1;1;5531000;2;0;285;48094;36927;18799;370;0;4098;4098;4098;4098;4097;4099;4098;4099;4098;0;0;0;24
$1;1;5532000;2;0;275;48099;36925;18800;370;0;4098;4098;4098;4098;4097;4099;4097;4098;4098;0;0;0;26
$1;1;5533000;2;0;278;48097;36927;18800;371;0;4098;4098;4098;4098;4097;4099;4098;4099;4098;0;0;0;21
$1;1;5534000;2;0;274;48100;36925;18801;371;0;4098;4097;4098;4098;4097;4099;4097;4099;4098;0;0;0;18
$1;1;5535000;2;0;274;48100;36925;18802;371;0;4098;4097;4098;4098;4097;4099;4098;4098;4098;0;0;0;30
$1;1;5536000;2;0;268;48104;36923;18803;371;0;4098;4097;4098;4098;4097;4099;4097;4099;4098;0;0;0;29
$1;1;5537000;2;0;268;48104;36923;18803;371;0;4098;4097;4098;4098;4097;4099;4097;4098;4098;0;0;0;29
$1;1;5538000;2;0;278;48098;36926;18804;371;0;4098;4098;4098;4098;4097;4099;4097;4099;4098;0;0;0;27
$1;1;5539000;2;0;282;48096;36927;18805;371;0;4098;4098;4098;4098;4097;4099;4098;4099;4098;0;0;0;30
$1;1;5540000;2;0;267;48105;36922;18806;372;0;4098;4097;4098;4098;4097;4099;4097;4098;4098;0;0;0;20
$1;1;5541000;2;0;270;48104;36924;18807;372;0;4098;4098;4098;4098;4097;4099;4098;4099;4098;0;0;0;20
$1;1;5542000;2;0;279;48098;36927;18807;372;0;4098;4098;4098;4098;4097;4099;4098;4099;4098;0;0;0;25
$1;1;5543000;2;0;283;48097;36928;18808;372;0;4098;4098;4098;4098;4097;4099;4098;4099;4098;0;0;0;18
$1;1;5544000;2;0;254;48113;36920;18809;372;0;4098;4097;4098;4098;4097;4098;4097;4098;4098;0;0;0;27
$1;1;5545000;2;0;269;48105;36924;18810;372;0;4098;4098;4098;4098;4097;4099;4098;4099;4098;0;0;0;31
$1;1;5546000;2;0;274;48101;36926;18810;372;0;4098;4098;4098;4098;4097;4099;4098;4099;4098;0;0;0;22
$1;1;5547000;2;0;258;48112;36921;18811;372;0;4098;4097;4098;4098;4097;4098;4098;4098;4098;0;0;0;18
$1;1;5548000;2;0;273;48103;36924;18812;372;0;4098;4098;4098;4098;4097;4099;4098;4098;4098;0;0;0;28
$1;1;5549000;2;0;271;48104;36926;18813;372;0;4098;4098;4098;4098;4097;4099;4098;4099;4098;0;0;0;26
$1;1;5550000;2;0;279;48099;36927;18813;372;0;4098;4098;4098;4098;4097;4099;4098;4099;4098;0;0;0;30
$1;1;5551000;2;0;273;48100;36925;18814;373;0;4098;4098;4098;4098;4097;4099;4098;4099;4098;0;0;0;16
$1;1;5552000;2;0;273;48100;36926;18815;374;0;4098;4098;4098;4098;4097;4099;4098;4098;4098;0;0;0;23
$1;1;5553000;2;0;274;48100;36926;18816;374;0;4098;4098;4098;4098;4097;4099;4098;4099;4098;0;0;0;19
$1;1;5554000;2;0;273;48100;36926;18816;374;0;4098;4098;4098;4099;4097;4099;4098;4099;4098;0;0;0;18
$1;1;5555000;2;0;262;48108;36922;18817;374;0;4098;4098;4098;4098;4097;4099;4098;4098;4098;0;0;0;30
$1;1;5556000;2;0;269;48105;36925;18818;375;0;4098;4098;4098;4098;4097;4099;4098;4099;4098;0;0;0;19
$1;1;5557000;2;0;270;48104;36925;18819;375;0;4098;4098;4098;4098;4097;4099;4098;4099;4098;0;0;0;26
$1;1;5558000;2;0;264;48107;36923;18819;375;0;4098;4098;4098;4098;4097;4099;4098;4099;4098;0;0;0;21
$1;1;5559000;2;0;263;48108;36923;18820;375;0;4098;4097;4098;4098;4097;4098;4098;4099;4098;0;0;0;24
$1;1;5560000;2;0;260;48110;36922;18820;375;0;4098;4098;4098;4098;4097;4099;4098;4098;4098;0;0;0;22
$1;1;5561000;2;0;267;48106;36925;18821;376;0;4098;4098;4098;4098;4097;4099;4098;4099;4098;0;0;0;19
$1;1;5562000;2;0;267;48106;36924;18822;376;0;4098;4098;4098;4099;4097;4099;4098;4099;4098;0;0;0;19
$1;1;5563000;2;0;264;48109;36923;18823;376;0;4098;4098;4098;4098;4097;4098;4098;4099;4098;0;0;0;24
$1;1;5564000;2;0;254;48115;36921;18824;376;0;4098;4098;4098;4098;4097;4098;4098;4098;4098;0;0;0;21
$1;1;5565000;2;0;260;48112;36922;18824;376;0;4098;4098;4098;4098;4097;4098;4098;4099;4098;0;0;0;22
$1;1;5566000;2;0;258;48114;36922;18825;376;0;4098;4098;4098;4098;4097;4098;4098;4098;4098;0;0;0;24
$1;1;5567000;2;0;262;48111;36923;18826;376;0;4098;4098;4098;4098;4097;4098;4098;4098;4098;0;0;0;23
$1;1;5568000;2;0;261;48112;36923;18826;376;0;4098;4098;4098;4098;4097;4098;4098;4099;4098;0;0;0;25
$1;1;5569000;2;0;264;48110;36923;18827;377;0;4098;4098;4098;4098;4097;4098;4098;4099;4098;0;0;0;31
$1;1;5570000;2;0;273;48105;36926;18828;377;0;4098;4098;4098;4098;4098;4098;4098;4099;4098;0;0;0;16
$1;1;5571000;2;0;244;48122;36918;18828;377;0;4098;4098;4098;4098;4097;4098;4098;4098;4098;0;0;0;19
$1;1;5572000;2;0;256;48114;36921;18829;378;0;4098;4098;4098;4098;4097;4098;4098;4098;4098;0;0;0;18
$1;1;5573000;2;0;273;48104;36926;18830;378;0;4098;4098;4098;4098;4097;4099;4098;4099;4098;0;0;0;26
$1;1;5574000;2;0;277;48101;36927;18831;379;0;4098;4098;4098;4099;4097;4099;4098;4099;4098;0;0;0;28
$1;1;5575000;2;0;278;48101;36927;18831;379;0;4098;4098;4098;4099;4097;4099;4098;4099;4098;0;0;0;18
$1;1;5576000;2;0;259;48112;36922;18832;380;0;4098;4098;4098;4098;4097;4098;4098;4098;4098;0;0;0;17
$1;1;5577000;2;0;258;48114;36922;18833;380;0;4098;4098;4098;4098;4097;4098;4098;4099;4098;0;0;0;23
$1;1;5578000;2;0;263;48110;36923;18834;380;0;4098;4098;4098;4098;4097;4099;4098;4099;4098;0;0;0;19
$1;1;5579000;2;0;267;48107;36924;18834;380;0;4098;4098;4098;4098;4097;4099;4098;4099;4098;0;0;0;23
$1;1;5580000;2;0;270;48105;36926;18835;380;0;4098;4098;4098;4099;4097;4099;4098;4099;4098;0;0;0;23
$1;1;5581000;2;0;265;48109;36923;18836;381;0;4098;4098;4098;4098;4097;4098;4098;4099;4098;0;0;0;25
$1;1;5582000;2;0;263;48111;36923;18837;381;0;4098;4098;4098;4098;4097;4098;4098;4099;4098;0;0;0;20
$1;1;5583000;2;0;265;48111;36923;18837;381;0;4098;4098;4098;4098;4097;4098;4098;4099;4098;0;0;0;19
$1;1;5584000;2;0;263;48112;36923;18838;381;0;4098;4098;4098;4098;4097;4098;4098;4099;4098;0;0;0;30
$1;1;5585000;2;0;262;48113;36922;18839;381;0;4098;4098;4098;4098;4097;4098;4098;4099;4098;0;0;0;31
$1;1;5586000;2;0;251;48120;36920;18840;382;0;4098;4098;4098;4098;4097;4099;4098;4099;4098;0;0;0;18
$1;1;5587000;2;0;259;48114;36922;18840;382;0;4098;4098;4098;4099;4097;4098;4098;4099;4098;0;0;0;30
$1;1;5588000;2;0;261;48114;36922;18841;382;0;4098;4098;4098;4098;4097;4098;4098;4099;4098;0;0;0;26
$1;1;5589000;2;0;254;48118;36920;18842;382;0;4098;4098;4098;4098;4097;4098;4098;4099;4098;0;0;0;16
$1;128;5589000;335;97;13;10;10;11;8;11;11;12;11;0;0;0;22
$1;1;5590000;2;0;258;48116;36922;18842;383;0;4098;4098;4098;4098;4097;4098;4098;4099;4098;0;0;0;25
$1;1;5591000;2;0;253;48120;36920;18843;383;0;4098;4098;4098;4098;4097;4098;4098;4099;4098;0;0;0;21
$1;1;5592000;2;0;252;48118;36920;18844;383;0;4098;4098;4098;4098;4097;4098;4098;4098;4098;0;0;0;26
$1;1;5593000;2;0;262;48112;36923;18845;384;0;4098;4098;4098;4099;4097;4098;4098;4099;4098;0;0;0;23
$1;1;5594000;2;0;267;48109;36924;18845;385;0;4098;4098;4098;4098;4097;4099;4098;4099;4098;0;0;0;25
$1;1;5595000;2;0;253;48118;36921;18846;385;0;4098;4098;4098;4098;4097;4098;4098;4099;4098;0;0;0;24
$1;1;5596000;2;0;265;48111;36923;18847;385;0;4098;4098;4098;4098;4097;4098;4098;4099;4098;0;0;0;20
$1;1;5597000;2;0;249;48121;36919;18847;386;0;4098;4098;4098;4099;4097;4098;4098;4099;4098;0;0;0;19
$1;1;5598000;2;0;249;48121;36919;18848;386;0;4098;4098;4098;4098;4097;4098;4098;4099;4098;0;0;0;18
$1;1;5599000;2;0;257;48116;36922;18849;386;0;4098;4098;4098;4098;4097;4098;4098;4099;4098;0;0;0;17
$1;1;5600000;2;0;262;48114;36923;18849;386;0;4098;4098;4098;4098;4097;4099;4099;4099;4098;0;0;0;23
$1;130;5600000;18686;18701;18682;18529;18802;18633;18726;18791;18796;0;0;0;273;47
